month,source,block,kind,from_alg,to_alg,n_delegations,scale
2009-08,ripe,143.79.in-addr.arpa,rollover,5,7,16,bulk
2009-08,ripe,17.217.in-addr.arpa,sign,,5,1,single delegation
2009-08,ripe,193.193.in-addr.arpa,sign,,5,7,bulk
2009-08,ripe,205.62.in-addr.arpa,sign,,5,1,single delegation
2009-08,ripe,30.193.in-addr.arpa,rollover,5,7,4,small group
2009-08,ripe,7.6.0.1.0.a.2.ip6.arpa,rollover,5,7,1,single delegation
2009-12,ripe,6.5.0.1.0.a.2.ip6.arpa,sign,,7,1,single delegation
2009-12,ripe,98.79.in-addr.arpa,sign,,7,8,bulk
2010-02,ripe,205.62.in-addr.arpa,sign,,5,2,small group
2010-02,ripe,54.212.in-addr.arpa,sign,,5,2,small group
2010-02,ripe,f.0.0.c.7.6.0.1.0.0.2.ip6.arpa,sign,,5,1,single delegation
2010-03,ripe,0.0.0.8.7.6.0.1.0.0.2.ip6.arpa,sign,,5,2,small group
2010-03,ripe,0.194.in-addr.arpa,sign,,5,3,small group
2010-03,ripe,1.0.0.8.7.6.0.1.0.0.2.ip6.arpa,sign,,5,2,small group
2010-03,ripe,216.195.in-addr.arpa,sign,,5,1,single delegation
2010-03,ripe,29.193.in-addr.arpa,sign,,5,1,single delegation
2010-03,ripe,31.217.in-addr.arpa,sign,,5,5,bulk
2010-03,ripe,8.4.1.1.0.0.2.ip6.arpa,sign,,5,1,single delegation
2010-04,ripe,105.193.in-addr.arpa,sign,,5,1,single delegation
2010-04,ripe,182.213.in-addr.arpa,sign,,5,31,bulk
2010-04,ripe,e.4.1.1.0.0.2.ip6.arpa,sign,,8,1,single delegation
2010-05,ripe,124.94.in-addr.arpa,sign,,5,1,single delegation
2010-05,ripe,138.193.in-addr.arpa,sign,,5,1,single delegation
2010-05,ripe,17.193.in-addr.arpa,sign,,5,1,single delegation
2010-05,ripe,191.195.in-addr.arpa,sign,,5,2,small group
2010-05,ripe,194.91.in-addr.arpa,sign,,5,1,single delegation
2010-05,ripe,23.178.in-addr.arpa,sign,,5,1,single delegation
2010-05,ripe,7.3.e164.arpa,sign,,5,1,single delegation
2010-06,ripe,124.94.in-addr.arpa,sign,,5,2,small group
2010-06,ripe,19.178.in-addr.arpa,sign,,5,16,bulk
2010-07,ripe,2.4.e164.arpa,rollover,5,8,1,single delegation
2010-08,ripe,0.d.4.1.0.0.2.ip6.arpa,sign,,5,1,single delegation
2010-08,ripe,1.2.0.c.7.6.0.1.0.0.2.ip6.arpa,sign,,5,1,single delegation
2010-08,ripe,109.78.in-addr.arpa,sign,,5,16,bulk
2010-08,ripe,111.89.in-addr.arpa,unsign,5,,1,single delegation
2010-08,ripe,185.93.in-addr.arpa,sign,,5,16,bulk
2010-08,ripe,250.195.in-addr.arpa,sign,,5,29,bulk
2010-08,ripe,251.178.in-addr.arpa,sign,,5,1,single delegation
2010-08,ripe,43.195.in-addr.arpa,sign,,5,2,small group
2010-08,ripe,6.7.1.2.0.a.2.ip6.arpa,sign,,5,1,single delegation
2010-08,ripe,68.109.in-addr.arpa,sign,,5,8,bulk
2010-08,ripe,89.62.in-addr.arpa,sign,,5,32,bulk
2010-08,ripe,a.5.1.0.0.a.2.ip6.arpa,sign,,7,1,single delegation
2010-08,ripe,a.c.4.1.0.0.2.ip6.arpa,sign,,10,1,single delegation
2010-08,ripe,f.a.1.1.0.0.2.ip6.arpa,unsign,5,,1,single delegation
2010-09,ripe,7.3.e164.arpa,sign,,7,1,single delegation
2010-10,ripe,0.0.0.5.0.0.0.8.7.a.0.1.0.0.2.ip6.arpa,sign,,5,2,small group
2010-10,ripe,0.193.in-addr.arpa,sign,,5,5,bulk
2010-10,ripe,111.89.in-addr.arpa,unsign,5,,1,single delegation
2010-10,ripe,214.195.in-addr.arpa,unsign,5,,1,single delegation
2010-10,ripe,229.94.in-addr.arpa,sign,,7,2,small group
2010-10,ripe,e.0.0.c.7.6.0.1.0.0.2.ip6.arpa,sign,,5,1,single delegation
2010-10,ripe,f.7.0.1.0.0.2.ip6.arpa,sign,,5,1,single delegation
2010-11,ripe,111.89.in-addr.arpa,unsign,5,,10,bulk
2010-11,ripe,137.83.in-addr.arpa,sign,,5,1,single delegation
2010-11,ripe,141.82.in-addr.arpa,sign,,5,1,single delegation
2010-11,ripe,38.195.in-addr.arpa,sign,,5,1,single delegation
2010-11,ripe,72.212.in-addr.arpa,sign,,5,14,bulk
2011-05,arin,10800,sign,,5,1,single delegation
2011-05,arin,128.in-addr.arpa,sign,,5,1,single delegation
2011-05,arin,149.in-addr.arpa,sign,,5,1,single delegation
2011-05,arin,152.204.in-addr.arpa,sign,,5,7,bulk
2011-05,arin,17.204.in-addr.arpa,sign,,5,1,single delegation
2011-05,arin,49.198.in-addr.arpa,sign,,5,1,single delegation
2011-05,arin,5.192.in-addr.arpa,sign,,5,2,small group
2011-05,arin,6.199.in-addr.arpa,sign,,5,15,bulk
2011-05,arin,7.199.in-addr.arpa,sign,,5,1,single delegation
2011-05,arin,83.192.in-addr.arpa,sign,,5,1,single delegation
2011-05,arin,86400,sign,,"5,7,8",1,single delegation
2011-05,ripe,0.0.0.8.5.b.0.1.0.0.2.ip6.arpa,sign,,5,1,single delegation
2011-05,ripe,0.194.in-addr.arpa,sign,,8,1,single delegation
2011-05,ripe,0.e.9.1.0.a.2.ip6.arpa,sign,,5,1,single delegation
2011-05,ripe,1.0.0.8.7.6.0.1.0.0.2.ip6.arpa,sign,,8,1,single delegation
2011-05,ripe,1.a.0.1.0.0.2.ip6.arpa,sign,,8,1,single delegation
2011-05,ripe,108.192.in-addr.arpa,sign,,5,1,single delegation
2011-05,ripe,124.94.in-addr.arpa,unsign,5,,3,small group
2011-05,ripe,131.192.in-addr.arpa,sign,,7,1,single delegation
2011-05,ripe,131.in-addr.arpa,sign,,5,1,single delegation
2011-05,ripe,137.83.in-addr.arpa,rollover,5,7,1,single delegation
2011-05,ripe,137.83.in-addr.arpa,sign,,7,1,single delegation
2011-05,ripe,138.193.in-addr.arpa,rollover,5,8,1,single delegation
2011-05,ripe,149.46.in-addr.arpa,sign,,5,3,small group
2011-05,ripe,153.192.in-addr.arpa,sign,,5,1,single delegation
2011-05,ripe,158.in-addr.arpa,sign,,8,1,single delegation
2011-05,ripe,168.193.in-addr.arpa,sign,,8,2,small group
2011-05,ripe,17.193.in-addr.arpa,rollover,5,8,1,single delegation
2011-05,ripe,170.195.in-addr.arpa,unsign,5,,1,single delegation
2011-05,ripe,181.62.in-addr.arpa,sign,,5,1,single delegation
2011-05,ripe,187.194.in-addr.arpa,sign,,8,4,small group
2011-05,ripe,190.93.in-addr.arpa,sign,,5,1,single delegation
2011-05,ripe,195.in-addr.arpa,unsign,5,,1,single delegation
2011-05,ripe,198.217.in-addr.arpa,sign,,7,4,small group
2011-05,ripe,2.6.0.1.0.0.2.ip6.arpa,unsign,5,,1,single delegation
2011-05,ripe,205.62.in-addr.arpa,unsign,5,,1,single delegation
2011-05,ripe,210.91.in-addr.arpa,sign,,5,1,single delegation
2011-05,ripe,212.91.in-addr.arpa,sign,,7,1,single delegation
2011-05,ripe,227.46.in-addr.arpa,sign,,5,8,bulk
2011-05,ripe,23.178.in-addr.arpa,unsign,5,,1,single delegation
2011-05,ripe,3.e164.arpa,sign,,8,1,single delegation
2011-05,ripe,31.31.in-addr.arpa,sign,,8,1,single delegation
2011-05,ripe,4.0.2.c.7.6.0.1.0.0.2.ip6.arpa,sign,,5,1,single delegation
2011-05,ripe,49.195.in-addr.arpa,sign,,8,4,small group
2011-05,ripe,5.1.0.2.0.a.2.ip6.arpa,sign,,8,1,single delegation
2011-05,ripe,54.192.in-addr.arpa,sign,,7,1,single delegation
2011-05,ripe,6.2.0.1.0.a.2.ip6.arpa,sign,,7,1,single delegation
2011-05,ripe,72.212.in-addr.arpa,unsign,5,,8,bulk
2011-05,ripe,73.213.in-addr.arpa,sign,,5,1,single delegation
2011-05,ripe,84.192.in-addr.arpa,sign,,5,1,single delegation
2011-05,ripe,9.3.0.c.7.6.0.1.0.0.2.ip6.arpa,sign,,5,1,single delegation
2011-05,ripe,9.6.1.2.0.a.2.ip6.arpa,sign,,7,1,single delegation
2011-05,ripe,94.93.in-addr.arpa,sign,,8,8,bulk
2011-05,ripe,a.9.0.2.0.a.2.ip6.arpa,sign,,5,1,single delegation
2011-05,ripe,e.2.0.c.7.6.0.1.0.0.2.ip6.arpa,sign,,5,1,single delegation
2011-05,ripe,f.4.2.2.0.a.2.ip6.arpa,sign,,8,1,single delegation
2011-06,apnic,103.in-addr.arpa,sign,,5,1,single delegation
2011-06,apnic,125.202.in-addr.arpa,sign,,5,1,single delegation
2011-06,arin,134.in-addr.arpa,sign,,5,1,single delegation
2011-06,arin,175.192.in-addr.arpa,sign,,8,1,single delegation
2011-06,arin,182.216.in-addr.arpa,sign,,5,16,bulk
2011-06,arin,59.64.in-addr.arpa,sign,,5,32,bulk
2011-06,ripe,0.0.0.1.0.0.0.8.6.9.0.2.0.a.2.ip6.arpa,sign,,5,2,small group
2011-06,ripe,130.188.in-addr.arpa,sign,,5,1,single delegation
2011-06,ripe,15.31.in-addr.arpa,sign,,5,1,single delegation
2011-06,ripe,160.213.in-addr.arpa,sign,,10,1,single delegation
2011-06,ripe,17.193.in-addr.arpa,unsign,8,,1,single delegation
2011-06,ripe,24.62.in-addr.arpa,sign,,10,1,single delegation
2011-06,ripe,3.b.2.2.0.a.2.ip6.arpa,sign,,8,1,single delegation
2011-06,ripe,5.0.0.2.0.0.0.0.c.9.1.0.0.a.2.ip6.arpa,sign,,10,1,single delegation
2011-06,ripe,6.4.1.1.0.0.2.ip6.arpa,sign,,5,1,single delegation
2011-07,arin,12.192.in-addr.arpa,sign,,5,1,single delegation
2011-07,arin,128.in-addr.arpa,sign,,5,3,small group
2011-07,ripe,182.213.in-addr.arpa,sign,,5,1,single delegation
2011-07,ripe,5.192.in-addr.arpa,sign,,8,1,single delegation
2011-08,arin,102.192.in-addr.arpa,sign,,7,1,single delegation
2011-08,arin,10800,rollover,5,"5,7,8",1,single delegation
2011-08,arin,152.in-addr.arpa,sign,,7,10,bulk
2011-08,arin,164.in-addr.arpa,sign,,7,1,single delegation
2011-08,arin,207.192.in-addr.arpa,sign,,7,1,single delegation
2011-08,arin,62.204.in-addr.arpa,sign,,7,1,single delegation
2011-08,ripe,250.195.in-addr.arpa,sign,,5,2,small group
2011-08,ripe,31.217.in-addr.arpa,sign,,5,1,single delegation
2011-08,ripe,80.95.in-addr.arpa,sign,,5,1,single delegation
2011-08,ripe,84.in-addr.arpa,unsign,5,,1,single delegation
2011-09,apnic,101.121.in-addr.arpa,sign,,5,1,single delegation
2011-09,apnic,119.203.in-addr.arpa,sign,,5,2,small group
2011-09,apnic,14.203.in-addr.arpa,sign,,5,1,single delegation
2011-09,arin,151.in-addr.arpa,sign,,8,1,single delegation
2011-09,ripe,130.in-addr.arpa,sign,,8,1,single delegation
2011-09,ripe,137.83.in-addr.arpa,sign,,7,1,single delegation
2011-09,ripe,142.193.in-addr.arpa,unsign,5,,1,single delegation
2011-09,ripe,151.in-addr.arpa,sign,,8,1,single delegation
2011-09,ripe,195.in-addr.arpa,sign,,8,1,single delegation
2011-09,ripe,2.6.0.1.0.0.2.ip6.arpa,sign,,8,1,single delegation
2011-10,apnic,14.203.in-addr.arpa,sign,,5,1,single delegation
2011-10,ripe,0.0.0.1.0.0.0.8.6.9.0.2.0.a.2.ip6.arpa,sign,,5,5,bulk
2011-10,ripe,0.193.in-addr.arpa,sign,,5,1,single delegation
2011-10,ripe,137.83.in-addr.arpa,sign,,7,1,single delegation
2011-10,ripe,221.193.in-addr.arpa,sign,,5,1,single delegation
2011-11,apnic,101.121.in-addr.arpa,unsign,5,,1,single delegation
2011-11,arin,134.in-addr.arpa,sign,,8,1,single delegation
2011-11,arin,96.66.in-addr.arpa,sign,,7,1,single delegation
2011-11,ripe,0.0.0.0.0.0.1.8.6.9.0.2.0.a.2.ip6.arpa,sign,,8,3,small group
2011-11,ripe,0.0.0.1.0.0.0.8.6.9.0.2.0.a.2.ip6.arpa,rollover,5,8,7,bulk
2011-11,ripe,158.85.in-addr.arpa,sign,,7,8,bulk
2011-11,ripe,233.109.in-addr.arpa,sign,,7,7,bulk
2011-11,ripe,234.46.in-addr.arpa,sign,,7,32,bulk
2011-11,ripe,6.2.0.1.0.a.2.ip6.arpa,rollover,7,10,1,single delegation
2011-11,ripe,70.192.in-addr.arpa,sign,,5,1,single delegation
2011-11,ripe,72.212.in-addr.arpa,rollover,5,8,6,bulk
2011-11,ripe,72.212.in-addr.arpa,sign,,8,9,bulk
2011-11,ripe,94.81.in-addr.arpa,sign,,7,16,bulk
2011-12,apnic,103.in-addr.arpa,unsign,5,,1,single delegation
2011-12,apnic,119.203.in-addr.arpa,sign,,5,3,small group
2011-12,ripe,5.3.e164.arpa,sign,,5,1,single delegation
2012-01,apnic,0.0.0.8.d.d.0.1.0.0.2.ip6.arpa,sign,,5,8,bulk
2012-01,apnic,119.203.in-addr.arpa,sign,,5,22,bulk
2012-01,apnic,12.202.in-addr.arpa,sign,,5,3,small group
2012-01,apnic,176.203.in-addr.arpa,sign,,5,1,single delegation
2012-01,apnic,c.d.0.1.0.0.2.ip6.arpa,sign,,5,1,single delegation
2012-01,arin,159.205.in-addr.arpa,sign,,5,1,single delegation
2012-01,ripe,131.in-addr.arpa,sign,,7,1,single delegation
2012-01,ripe,143.79.in-addr.arpa,unsign,7,,1,single delegation
2012-01,ripe,4.e164.arpa,unsign,5,,1,single delegation
2012-01,ripe,68.192.in-addr.arpa,sign,,7,5,bulk
2012-01,ripe,80.95.in-addr.arpa,sign,,5,63,bulk
2012-02,apnic,0.4.e.4.0.4.2.ip6.arpa,sign,,8,1,single delegation
2012-02,apnic,125.202.in-addr.arpa,unsign,5,,1,single delegation
2012-02,apnic,126.115.in-addr.arpa,sign,,8,31,bulk
2012-02,apnic,2.103.in-addr.arpa,sign,,8,4,small group
2012-02,arin,134.in-addr.arpa,sign,,5,1,single delegation
2012-02,arin,6.66.in-addr.arpa,sign,,5,16,bulk
2012-02,arin,86400,rollover,"5,7,8","5,7,8,10",1,single delegation
2012-02,ripe,134.in-addr.arpa,sign,,7,1,single delegation
2012-02,ripe,146.192.in-addr.arpa,sign,,10,1,single delegation
2012-02,ripe,160.213.in-addr.arpa,unsign,10,,1,single delegation
2012-02,ripe,2.b.4.1.0.0.2.ip6.arpa,sign,,7,1,single delegation
2012-02,ripe,24.62.in-addr.arpa,unsign,10,,1,single delegation
2012-02,ripe,60.37.in-addr.arpa,sign,,7,8,bulk
2012-02,ripe,7.7.0.1.0.0.2.ip6.arpa,sign,,8,1,single delegation
2012-03,arin,204.in-addr.arpa,sign,,5,1,single delegation
2012-03,arin,49.198.in-addr.arpa,rollover,5,8,1,single delegation
2012-03,arin,83.192.in-addr.arpa,rollover,5,8,1,single delegation
2012-03,ripe,18.192.in-addr.arpa,sign,,5,1,single delegation
2012-03,ripe,194.217.in-addr.arpa,sign,,7,2,small group
2012-03,ripe,34.193.in-addr.arpa,sign,,8,2,small group
2012-03,ripe,4.e164.arpa,sign,,8,1,single delegation
2012-03,ripe,83.88.in-addr.arpa,sign,,7,1,single delegation
2012-03,ripe,90.81.in-addr.arpa,sign,,7,1,single delegation
2012-03,ripe,b.6.2.c.7.6.0.1.0.0.2.ip6.arpa,sign,,10,1,single delegation
2012-04,arin,128.in-addr.arpa,rollover,5,8,1,single delegation
2012-04,arin,128.in-addr.arpa,sign,,5,1,single delegation
2012-04,arin,151.205.in-addr.arpa,sign,,5,1,single delegation
2012-04,arin,236.205.in-addr.arpa,sign,,5,2,small group
2012-04,ripe,129.in-addr.arpa,sign,,10,1,single delegation
2012-04,ripe,141.in-addr.arpa,sign,,10,1,single delegation
2012-04,ripe,234.91.in-addr.arpa,sign,,8,1,single delegation
2012-04,ripe,73.213.in-addr.arpa,unsign,5,,1,single delegation
2012-05,arin,147.in-addr.arpa,sign,,8,1,single delegation
2012-05,ripe,0.0.0.0.4.d.0.2.0.a.2.ip6.arpa,sign,,8,1,single delegation
2012-05,ripe,178.193.in-addr.arpa,sign,,5,4,small group
2012-06,afrinic,160.in-addr.arpa,sign,,8,1,single delegation
2012-06,afrinic,216.196.in-addr.arpa,sign,,8,1,single delegation
2012-06,afrinic,94.192.in-addr.arpa,sign,,8,1,single delegation
2012-06,afrinic,96.192.in-addr.arpa,sign,,8,9,bulk
2012-06,afrinic,a.2.4.1.0.0.2.ip6.arpa,sign,,8,1,single delegation
2012-06,apnic,46.202.in-addr.arpa,sign,,8,11,bulk
2012-06,apnic,c.d.0.1.0.0.2.ip6.arpa,sign,,8,1,single delegation
2012-06,arin,133.198.in-addr.arpa,sign,,8,1,single delegation
2012-06,arin,180.198.in-addr.arpa,sign,,8,4,small group
2012-06,arin,47.199.in-addr.arpa,sign,,5,1,single delegation
2012-06,arin,83.192.in-addr.arpa,sign,,8,1,single delegation
2012-06,ripe,0.194.in-addr.arpa,sign,,8,1,single delegation
2012-06,ripe,30.193.in-addr.arpa,sign,,10,1,single delegation
2012-06,ripe,6.0.0.8.7.6.0.1.0.0.2.ip6.arpa,sign,,8,1,single delegation
2012-08,afrinic,216.196.in-addr.arpa,sign,,5,1,single delegation
2012-08,afrinic,79.41.in-addr.arpa,sign,,5,1,single delegation
2012-08,apnic,45.61.in-addr.arpa,sign,,5,4,small group
2012-08,arin,151.in-addr.arpa,sign,,7,1,single delegation
2012-08,arin,188.192.in-addr.arpa,sign,,5,1,single delegation
2012-08,arin,216.in-addr.arpa,sign,,5,1,single delegation
2012-08,ripe,0.0.0.0.4.d.0.2.0.a.2.ip6.arpa,unsign,8,,1,single delegation
2012-08,ripe,116.62.in-addr.arpa,unsign,5,,1,single delegation
2012-08,ripe,151.in-addr.arpa,sign,,7,1,single delegation
2012-08,ripe,213.91.in-addr.arpa,sign,,8,1,single delegation
2012-08,ripe,33.194.in-addr.arpa,sign,,8,1,single delegation
2012-08,ripe,35.194.in-addr.arpa,sign,,8,1,single delegation
2012-08,ripe,7.1.4.1.0.0.2.ip6.arpa,unsign,5,,1,single delegation
2012-08,ripe,8.0.2.c.7.6.0.1.0.0.2.ip6.arpa,sign,,8,1,single delegation
2012-08,ripe,8.9.2.c.7.6.0.1.0.0.2.ip6.arpa,sign,,8,1,single delegation
2012-09,ripe,0.0.0.0.4.d.0.2.0.a.2.ip6.arpa,sign,,8,1,single delegation
2012-09,ripe,138.193.in-addr.arpa,unsign,8,,1,single delegation
2012-09,ripe,216.91.in-addr.arpa,sign,,8,1,single delegation
2012-09,ripe,44.192.in-addr.arpa,sign,,5,1,single delegation
2012-10,afrinic,216.196.in-addr.arpa,unsign,8,,1,single delegation
2012-10,arin,192.in-addr.arpa,sign,,5,1,single delegation
2012-10,ripe,5.2.2.c.7.6.0.1.0.0.2.ip6.arpa,sign,,8,1,single delegation
2012-10,ripe,62.in-addr.arpa,sign,,5,1,single delegation
2012-11,afrinic,216.196.in-addr.arpa,unsign,5,,1,single delegation
2012-11,arin,134.in-addr.arpa,rollover,5,7,1,single delegation
2012-11,arin,201.64.in-addr.arpa,sign,,8,16,bulk
2012-11,arin,91.199.in-addr.arpa,sign,,8,8,bulk
2012-11,ripe,0.0.0.1.0.0.0.8.6.9.0.2.0.a.2.ip6.arpa,sign,,8,1,single delegation
2012-11,ripe,102.5.in-addr.arpa,sign,,5,1,single delegation
2012-11,ripe,131.192.in-addr.arpa,unsign,7,,1,single delegation
2012-11,ripe,141.82.in-addr.arpa,rollover,5,8,1,single delegation
2012-11,ripe,158.5.in-addr.arpa,sign,,8,8,bulk
2012-11,ripe,168.193.in-addr.arpa,sign,,8,1,single delegation
2012-11,ripe,168.193.in-addr.arpa,unsign,8,,1,single delegation
2012-11,ripe,199.91.in-addr.arpa,sign,,8,1,single delegation
2012-11,ripe,238.91.in-addr.arpa,sign,,8,1,single delegation
2012-11,ripe,5.185.in-addr.arpa,sign,,8,4,small group
2012-11,ripe,7.6.0.1.0.a.2.ip6.arpa,sign,,7,7,bulk
2012-11,ripe,72.212.in-addr.arpa,sign,,8,6,bulk
2012-11,ripe,c.d.c.2.0.a.2.ip6.arpa,sign,,8,1,single delegation
2012-12,apnic,0.f.d.1.0.4.2.ip6.arpa,sign,,5,1,single delegation
2012-12,arin,128.in-addr.arpa,unsign,5,,4,small group
2012-12,arin,128.in-addr.arpa,unsign,8,,1,single delegation
2012-12,arin,133.198.in-addr.arpa,unsign,8,,1,single delegation
2012-12,arin,139.192.in-addr.arpa,sign,,5,1,single delegation
2012-12,arin,152.in-addr.arpa,unsign,7,,10,bulk
2012-12,arin,180.198.in-addr.arpa,unsign,8,,4,small group
2012-12,arin,47.199.in-addr.arpa,unsign,5,,1,single delegation
2012-12,arin,49.198.in-addr.arpa,unsign,8,,1,single delegation
2012-12,arin,6.199.in-addr.arpa,unsign,5,,15,bulk
2012-12,arin,7.199.in-addr.arpa,unsign,5,,1,single delegation
2012-12,arin,91.199.in-addr.arpa,unsign,8,,8,bulk
2012-12,arin,94.192.in-addr.arpa,sign,,5,1,single delegation
2012-12,ripe,0.193.in-addr.arpa,sign,,5,8,bulk
2012-12,ripe,1.8.2.c.7.6.0.1.0.0.2.ip6.arpa,sign,,8,1,single delegation
2012-12,ripe,145.5.in-addr.arpa,sign,,8,8,bulk
2012-12,ripe,15.31.in-addr.arpa,sign,,5,7,bulk
2012-12,ripe,236.91.in-addr.arpa,sign,,7,1,single delegation
2012-12,ripe,251.178.in-addr.arpa,unsign,5,,1,single delegation
2012-12,ripe,3.7.2.c.7.6.0.1.0.0.2.ip6.arpa,sign,,7,1,single delegation
2012-12,ripe,6.0.0.c.7.6.0.1.0.0.2.ip6.arpa,sign,,5,1,single delegation
2012-12,ripe,8.0.0.c.7.6.0.1.0.0.2.ip6.arpa,sign,,8,1,single delegation
2012-12,ripe,8.46.in-addr.arpa,sign,,8,32,bulk
2012-12,ripe,c.3.6.3.0.a.2.ip6.arpa,sign,,7,1,single delegation
2013-01,arin,128.in-addr.arpa,sign,,5,4,small group
2013-01,arin,128.in-addr.arpa,sign,,8,1,single delegation
2013-01,arin,133.198.in-addr.arpa,sign,,8,1,single delegation
2013-01,arin,147.205.in-addr.arpa,sign,,5,2,small group
2013-01,arin,152.in-addr.arpa,sign,,7,10,bulk
2013-01,arin,180.198.in-addr.arpa,sign,,8,4,small group
2013-01,arin,47.199.in-addr.arpa,sign,,5,1,single delegation
2013-01,arin,49.198.in-addr.arpa,sign,,8,1,single delegation
2013-01,arin,6.199.in-addr.arpa,sign,,5,15,bulk
2013-01,arin,7.199.in-addr.arpa,sign,,5,1,single delegation
2013-01,arin,91.199.in-addr.arpa,sign,,8,8,bulk
2013-01,ripe,12.185.in-addr.arpa,sign,,10,4,small group
2013-01,ripe,12.185.in-addr.arpa,sign,,5,4,small group
2013-01,ripe,130.188.in-addr.arpa,rollover,5,10,1,single delegation
2013-01,ripe,130.188.in-addr.arpa,sign,,"7,12",2,small group
2013-01,ripe,188.93.in-addr.arpa,sign,,8,8,bulk
2013-01,ripe,4.6.8.0.0.a.2.ip6.arpa,sign,,5,1,single delegation
2013-01,ripe,6.4.1.1.0.0.2.ip6.arpa,rollover,5,10,1,single delegation
2013-01,ripe,6.5.0.1.0.a.2.ip6.arpa,rollover,7,8,1,single delegation
2013-01,ripe,6.5.0.1.0.a.2.ip6.arpa,sign,,8,7,bulk
2013-01,ripe,77.37.in-addr.arpa,sign,,5,8,bulk
2013-01,ripe,8.a.4.3.0.a.2.ip6.arpa,sign,,8,1,single delegation
2013-01,ripe,98.79.in-addr.arpa,rollover,7,8,8,bulk
2013-01,ripe,a.0.f.2.0.a.2.ip6.arpa,sign,,10,4,small group
2013-01,ripe,c.6.1.c.7.6.0.1.0.0.2.ip6.arpa,sign,,"7,12",1,single delegation
2013-02,apnic,45.61.in-addr.arpa,unsign,5,,1,single delegation
2013-02,arin,150.192.in-addr.arpa,sign,,5,1,single delegation
2013-02,arin,22.198.in-addr.arpa,sign,,5,1,single delegation
2013-02,ripe,130.188.in-addr.arpa,rollover,"7,12","8,12",2,small group
2013-02,ripe,2.0.0.a.0.0.0.0.8.1.0.2.0.a.2.ip6.arpa,sign,,5,1,single delegation
2013-02,ripe,216.151.in-addr.arpa,sign,,8,64,bulk
2013-02,ripe,233.109.in-addr.arpa,sign,,7,1,single delegation
2013-02,ripe,68.80.in-addr.arpa,sign,,10,6,bulk
2013-02,ripe,c.6.1.c.7.6.0.1.0.0.2.ip6.arpa,unsign,"7,12",,1,single delegation
2013-03,apnic,100.218.in-addr.arpa,sign,,5,1,single delegation
2013-03,apnic,45.61.in-addr.arpa,sign,,5,1,single delegation
2013-03,arin,181.198.in-addr.arpa,sign,,8,1,single delegation
2013-03,arin,22.198.in-addr.arpa,sign,,5,4,small group
2013-03,arin,72.206.in-addr.arpa,sign,,8,1,single delegation
2013-03,arin,94.192.in-addr.arpa,sign,,7,1,single delegation
2013-03,ripe,216.151.in-addr.arpa,unsign,8,,64,bulk
2013-04,arin,167.205.in-addr.arpa,sign,,5,2,small group
2013-04,arin,51.198.in-addr.arpa,sign,,5,1,single delegation
2013-04,arin,91.199.in-addr.arpa,sign,,5,1,single delegation
2013-05,apnic,14.203.in-addr.arpa,rollover,5,8,1,single delegation
2013-05,ripe,0.0.0.0.4.8.b.3.0.a.2.ip6.arpa,sign,,8,1,single delegation
2013-05,ripe,14.185.in-addr.arpa,sign,,8,2,small group
2013-05,ripe,143.in-addr.arpa,sign,,8,1,single delegation
2013-05,ripe,18.185.in-addr.arpa,sign,,7,3,small group
2013-05,ripe,195.192.in-addr.arpa,sign,,5,1,single delegation
2013-05,ripe,74.77.in-addr.arpa,sign,,8,1,single delegation
2013-05,ripe,98.195.in-addr.arpa,sign,,8,1,single delegation
2013-06,arin,116.199.in-addr.arpa,sign,,8,8,bulk
2013-06,ripe,10.185.in-addr.arpa,sign,,5,1,single delegation
2013-06,ripe,151.193.in-addr.arpa,sign,,8,1,single delegation
2013-06,ripe,207.91.in-addr.arpa,sign,,7,2,small group
2013-06,ripe,c.d.d.3.0.a.2.ip6.arpa,sign,,8,1,single delegation
2013-07,apnic,38.202.in-addr.arpa,sign,,5,1,single delegation
2013-07,arin,130.in-addr.arpa,sign,,8,1,single delegation
2013-07,arin,134.in-addr.arpa,sign,,8,1,single delegation
2013-07,arin,140.in-addr.arpa,sign,,8,1,single delegation
2013-07,arin,152.in-addr.arpa,rollover,7,8,1,single delegation
2013-07,arin,160.in-addr.arpa,sign,,8,1,single delegation
2013-07,ripe,110.194.in-addr.arpa,sign,,8,1,single delegation
2013-07,ripe,118.85.in-addr.arpa,sign,,8,8,bulk
2013-07,ripe,151.193.in-addr.arpa,sign,,8,3,small group
2013-07,ripe,16.185.in-addr.arpa,sign,,8,4,small group
2013-07,ripe,185.93.in-addr.arpa,unsign,5,,4,small group
2013-07,ripe,226.193.in-addr.arpa,sign,,8,1,single delegation
2013-07,ripe,25.81.in-addr.arpa,sign,,5,8,bulk
2013-07,ripe,68.217.in-addr.arpa,sign,,5,3,small group
2013-08,arin,128.in-addr.arpa,sign,,8,1,single delegation
2013-08,arin,134.in-addr.arpa,sign,,8,2,small group
2013-08,arin,141.in-addr.arpa,sign,,8,1,single delegation
2013-08,arin,169.in-addr.arpa,sign,,8,1,single delegation
2013-08,arin,33.199.in-addr.arpa,sign,,8,2,small group
2013-08,ripe,141.in-addr.arpa,sign,,8,1,single delegation
2013-08,ripe,143.79.in-addr.arpa,rollover,7,8,15,bulk
2013-08,ripe,30.193.in-addr.arpa,rollover,7,8,4,small group
2013-08,ripe,60.37.in-addr.arpa,rollover,7,8,8,bulk
2013-08,ripe,68.217.in-addr.arpa,sign,,5,12,bulk
2013-08,ripe,7.6.0.1.0.a.2.ip6.arpa,rollover,7,8,8,bulk
2013-08,ripe,76.192.in-addr.arpa,sign,,5,1,single delegation
2013-09,arin,130.in-addr.arpa,unsign,8,,1,single delegation
2013-09,arin,137.in-addr.arpa,sign,,8,1,single delegation
2013-09,arin,155.192.in-addr.arpa,sign,,7,3,small group
2013-09,arin,167.in-addr.arpa,sign,,8,1,single delegation
2013-09,arin,211.162.in-addr.arpa,sign,,8,4,small group
2013-09,ripe,193.in-addr.arpa,sign,,8,2,small group
2013-09,ripe,198.91.in-addr.arpa,sign,,8,1,single delegation
2013-09,ripe,236.46.in-addr.arpa,sign,,7,1,single delegation
2013-09,ripe,238.195.in-addr.arpa,sign,,8,2,small group
2013-09,ripe,5.7.1.c.7.6.0.1.0.0.2.ip6.arpa,sign,,7,1,single delegation
2013-09,ripe,57.212.in-addr.arpa,sign,,8,6,bulk
2013-09,ripe,73.77.in-addr.arpa,sign,,8,6,bulk
2013-09,ripe,78.in-addr.arpa,sign,,8,1,single delegation
2013-10,afrinic,79.41.in-addr.arpa,unsign,5,,1,single delegation
2013-10,apnic,0.d.9.1.0.4.2.ip6.arpa,sign,,7,1,single delegation
2013-10,arin,130.in-addr.arpa,sign,,8,1,single delegation
2013-10,arin,199.in-addr.arpa,sign,,8,1,single delegation
2013-10,ripe,0.0.0.0.0.2.7.2.0.a.2.ip6.arpa,sign,,8,1,single delegation
2013-10,ripe,122.176.in-addr.arpa,sign,,7,7,bulk
2013-10,ripe,138.164.in-addr.arpa,sign,,8,4,small group
2013-10,ripe,14.185.in-addr.arpa,sign,,8,2,small group
2013-10,ripe,181.62.in-addr.arpa,unsign,5,,1,single delegation
2013-10,ripe,191.195.in-addr.arpa,sign,,8,2,small group
2013-10,ripe,24.193.in-addr.arpa,sign,,5,4,small group
2013-10,ripe,30.217.in-addr.arpa,sign,,8,2,small group
2013-10,ripe,69.195.in-addr.arpa,sign,,5,4,small group
2013-10,ripe,90.91.in-addr.arpa,unsign,5,,8,bulk
2013-11,apnic,10.103.in-addr.arpa,sign,,8,1,single delegation
2013-11,arin,147.192.in-addr.arpa,sign,,5,1,single delegation
2013-11,ripe,0.7.0.1.0.0.2.ip6.arpa,sign,,8,1,single delegation
2013-11,ripe,0.8.e.b.1.0.a.2.ip6.arpa,sign,,7,1,single delegation
2013-11,ripe,195.85.in-addr.arpa,sign,,8,2,small group
2013-11,ripe,198.82.in-addr.arpa,sign,,8,4,small group
2013-11,ripe,25.185.in-addr.arpa,sign,,8,2,small group
2013-11,ripe,57.212.in-addr.arpa,sign,,8,2,small group
2013-11,ripe,73.77.in-addr.arpa,sign,,8,2,small group
2013-11,ripe,83.5.in-addr.arpa,sign,,8,1,single delegation
2013-11,ripe,9.8.1.c.7.6.0.1.0.0.2.ip6.arpa,sign,,5,1,single delegation
2013-11,ripe,94.77.in-addr.arpa,sign,,8,3,small group
2013-11,ripe,c.d.c.2.0.a.2.ip6.arpa,sign,,8,7,bulk
2013-12,afrinic,223.196.in-addr.arpa,sign,,8,8,bulk
2013-12,afrinic,d.0.0.8.f.3.4.1.0.0.2.ip6.arpa,sign,,8,1,single delegation
2013-12,arin,130.in-addr.arpa,sign,,8,1,single delegation
2013-12,arin,147.192.in-addr.arpa,rollover,5,8,1,single delegation
2013-12,arin,148.192.in-addr.arpa,sign,,8,1,single delegation
2013-12,arin,151.in-addr.arpa,sign,,8,1,single delegation
2013-12,arin,160.in-addr.arpa,sign,,8,1,single delegation
2013-12,arin,162.in-addr.arpa,sign,,8,1,single delegation
2013-12,arin,163.198.in-addr.arpa,sign,,8,1,single delegation
2013-12,arin,165.in-addr.arpa,sign,,8,1,single delegation
2013-12,arin,166.in-addr.arpa,sign,,8,6,bulk
2013-12,arin,168.in-addr.arpa,sign,,8,1,single delegation
2013-12,arin,170.in-addr.arpa,sign,,8,1,single delegation
2013-12,arin,179.198.in-addr.arpa,sign,,8,1,single delegation
2013-12,arin,73.192.in-addr.arpa,sign,,8,1,single delegation
2013-12,ripe,0.a.2.0.6.4.e.0.0.a.2.ip6.arpa,sign,,"8,12",1,single delegation
2013-12,ripe,1.8.2.c.7.6.0.1.0.0.2.ip6.arpa,unsign,8,,1,single delegation
2013-12,ripe,151.in-addr.arpa,sign,,8,1,single delegation
2013-12,ripe,199.91.in-addr.arpa,unsign,8,,1,single delegation
2013-12,ripe,238.91.in-addr.arpa,unsign,8,,1,single delegation
2013-12,ripe,35.185.in-addr.arpa,sign,,"8,12",2,small group
2013-12,ripe,68.193.in-addr.arpa,sign,,5,179,bulk
2013-12,ripe,8.0.0.c.7.6.0.1.0.0.2.ip6.arpa,unsign,8,,1,single delegation
2014-01,afrinic,223.196.in-addr.arpa,unsign,8,,8,bulk
2014-01,afrinic,d.0.0.8.f.3.4.1.0.0.2.ip6.arpa,unsign,8,,1,single delegation
2014-01,apnic,150.in-addr.arpa,sign,,8,3,small group
2014-01,arin,12.192.in-addr.arpa,sign,,8,1,single delegation
2014-01,arin,150.in-addr.arpa,sign,,8,3,small group
2014-01,arin,167.in-addr.arpa,rollover,8,"7,8",1,single delegation
2014-01,arin,186.198.in-addr.arpa,sign,,8,1,single delegation
2014-01,arin,199.in-addr.arpa,sign,,8,31,bulk
2014-01,arin,249.162.in-addr.arpa,sign,,8,1,single delegation
2014-01,arin,67.192.in-addr.arpa,sign,,8,1,single delegation
2014-01,arin,76.204.in-addr.arpa,sign,,8,1,single delegation
2014-01,ripe,198.82.in-addr.arpa,sign,,8,1,single delegation
2014-02,apnic,65.58.in-addr.arpa,sign,,8,3,small group
2014-02,arin,223.162.in-addr.arpa,sign,,8,4,small group
2014-02,ripe,0.0.0.5.0.0.0.8.7.a.0.1.0.0.2.ip6.arpa,rollover,5,8,2,small group
2014-02,ripe,10.195.in-addr.arpa,sign,,8,1,single delegation
2014-02,ripe,128.in-addr.arpa,sign,,5,1,single delegation
2014-02,ripe,130.188.in-addr.arpa,unsign,"8,12",,2,small group
2014-02,ripe,142.91.in-addr.arpa,sign,,8,16,bulk
2014-02,ripe,153.5.in-addr.arpa,sign,,8,1,single delegation
2014-02,ripe,177.195.in-addr.arpa,sign,,5,2,small group
2014-02,ripe,26.195.in-addr.arpa,unsign,3,,4,small group
2014-02,ripe,4.2.1.c.7.6.0.1.0.0.2.ip6.arpa,sign,,5,1,single delegation
2014-02,ripe,4.b.1.c.7.6.0.1.0.0.2.ip6.arpa,sign,,5,4,small group
2014-02,ripe,47.193.in-addr.arpa,sign,,5,1,single delegation
2014-03,apnic,226.103.in-addr.arpa,sign,,8,4,small group
2014-03,apnic,65.58.in-addr.arpa,sign,,8,3,small group
2014-03,ripe,0.0.0.0.0.0.1.8.6.9.0.2.0.a.2.ip6.arpa,unsign,8,,3,small group
2014-03,ripe,0.0.0.0.0.c.a.4.0.a.2.ip6.arpa,sign,,8,1,single delegation
2014-03,ripe,0.0.0.1.0.0.0.8.6.9.0.2.0.a.2.ip6.arpa,unsign,8,,8,bulk
2014-03,ripe,130.82.in-addr.arpa,sign,,8,64,bulk
2014-03,ripe,139.37.in-addr.arpa,sign,,8,7,bulk
2014-03,ripe,173.46.in-addr.arpa,sign,,8,16,bulk
2014-03,ripe,250.195.in-addr.arpa,unsign,5,,4,small group
2014-03,ripe,28.193.in-addr.arpa,sign,,8,1,single delegation
2014-03,ripe,67.176.in-addr.arpa,sign,,8,3,small group
2014-03,ripe,72.212.in-addr.arpa,unsign,8,,21,bulk
2014-03,ripe,8.0.0.8.f.7.0.1.0.0.2.ip6.arpa,sign,,8,1,single delegation
2014-03,ripe,86.in-addr.arpa,sign,,8,1,single delegation
2014-03,ripe,b.7.1.0.0.a.2.ip6.arpa,sign,,8,1,single delegation
2014-03,ripe,c.9.8.0.0.a.2.ip6.arpa,sign,,8,1,single delegation
2014-04,apnic,123.27.in-addr.arpa,sign,,8,8,bulk
2014-04,apnic,124.27.in-addr.arpa,sign,,8,16,bulk
2014-04,apnic,170.203.in-addr.arpa,sign,,8,6,bulk
2014-04,apnic,250.103.in-addr.arpa,sign,,8,4,small group
2014-04,apnic,254.103.in-addr.arpa,sign,,8,4,small group
2014-04,apnic,54.27.in-addr.arpa,sign,,8,16,bulk
2014-04,ripe,0.9.b.4.0.a.2.ip6.arpa,sign,,8,8,bulk
2014-04,ripe,141.82.in-addr.arpa,unsign,8,,1,single delegation
2014-04,ripe,24.193.in-addr.arpa,unsign,5,,4,small group
2014-04,ripe,49.185.in-addr.arpa,sign,,8,4,small group
2014-04,ripe,69.195.in-addr.arpa,unsign,5,,4,small group
2014-05,apnic,1.103.in-addr.arpa,sign,,5,4,small group
2014-05,apnic,250.103.in-addr.arpa,sign,,8,4,small group
2014-05,arin,247.162.in-addr.arpa,sign,,8,4,small group
2014-05,arin,250.162.in-addr.arpa,sign,,8,4,small group
2014-05,ripe,0.0.0.0.0.c.a.4.0.a.2.ip6.arpa,unsign,8,,1,single delegation
2014-05,ripe,0.c.a.4.0.a.2.ip6.arpa,sign,,8,1,single delegation
2014-05,ripe,26.185.in-addr.arpa,sign,,5,1,single delegation
2014-05,ripe,31.217.in-addr.arpa,sign,,5,1,single delegation
2014-05,ripe,47.185.in-addr.arpa,sign,,8,4,small group
2014-05,ripe,68.217.in-addr.arpa,sign,,5,1,single delegation
2014-06,apnic,47.163.in-addr.arpa,sign,,8,4,small group
2014-06,arin,130.in-addr.arpa,unsign,8,,1,single delegation
2014-06,arin,155.192.in-addr.arpa,unsign,7,,3,small group
2014-06,arin,47.199.in-addr.arpa,unsign,5,,1,single delegation
2014-06,ripe,0.c.a.4.0.a.2.ip6.arpa,sign,,8,1,single delegation
2014-06,ripe,110.109.in-addr.arpa,sign,,5,1,single delegation
2014-06,ripe,214.91.in-addr.arpa,sign,,5,4,small group
2014-06,ripe,54.212.in-addr.arpa,unsign,5,,1,single delegation
2014-06,ripe,6.2.0.c.7.6.0.1.0.0.2.ip6.arpa,sign,,5,1,single delegation
2014-06,ripe,90.81.in-addr.arpa,unsign,7,,1,single delegation
2014-07,afrinic,73.154.in-addr.arpa,sign,,8,8,bulk
2014-07,apnic,170.203.in-addr.arpa,sign,,8,2,small group
2014-07,arin,12.192.in-addr.arpa,sign,,5,1,single delegation
2014-07,arin,209.205.in-addr.arpa,sign,,8,1,single delegation
2014-07,ripe,190.93.in-addr.arpa,sign,,5,7,bulk
2014-07,ripe,203.193.in-addr.arpa,sign,,8,2,small group
2014-07,ripe,21.178.in-addr.arpa,sign,,8,8,bulk
2014-07,ripe,210.91.in-addr.arpa,sign,,5,3,small group
2014-07,ripe,30.193.in-addr.arpa,unsign,10,,1,single delegation
2014-07,ripe,59.185.in-addr.arpa,sign,,8,4,small group
2014-07,ripe,e.d.1.0.0.a.2.ip6.arpa,sign,,8,1,single delegation
2014-08,arin,100.192.in-addr.arpa,sign,,7,1,single delegation
2014-08,arin,10800,rollover,"5,7,8","5,7,8,10",1,single delegation
2014-08,arin,121.74.in-addr.arpa,sign,,5,8,bulk
2014-08,arin,128.in-addr.arpa,sign,,10,1,single delegation
2014-08,arin,152.204.in-addr.arpa,sign,,7,2,small group
2014-08,arin,154.192.in-addr.arpa,sign,,7,3,small group
2014-08,arin,169.in-addr.arpa,sign,,10,1,single delegation
2014-08,arin,5.69.in-addr.arpa,sign,,8,2,small group
2014-08,arin,51.198.in-addr.arpa,sign,,5,1,single delegation
2014-08,ripe,227.188.in-addr.arpa,sign,,5,4,small group
2014-08,ripe,236.46.in-addr.arpa,rollover,7,8,1,single delegation
2014-08,ripe,35.37.in-addr.arpa,sign,,8,3,small group
2014-08,ripe,5.7.1.c.7.6.0.1.0.0.2.ip6.arpa,rollover,7,8,1,single delegation
2014-09,arin,113.64.in-addr.arpa,sign,,8,32,bulk
2014-09,arin,129.in-addr.arpa,sign,,8,1,single delegation
2014-09,arin,136.192.in-addr.arpa,sign,,5,1,single delegation
2014-09,arin,149.192.in-addr.arpa,sign,,5,1,single delegation
2014-09,arin,165.in-addr.arpa,sign,,7,1,single delegation
2014-09,arin,180.199.in-addr.arpa,sign,,5,1,single delegation
2014-09,arin,188.192.in-addr.arpa,sign,,8,5,bulk
2014-09,arin,211.205.in-addr.arpa,sign,,5,1,single delegation
2014-09,arin,212.199.in-addr.arpa,sign,,5,1,single delegation
2014-09,arin,237.205.in-addr.arpa,sign,,8,16,bulk
2014-09,arin,245.192.in-addr.arpa,sign,,8,1,single delegation
2014-09,arin,253.199.in-addr.arpa,sign,,5,1,single delegation
2014-09,arin,35.198.in-addr.arpa,sign,,5,2,small group
2014-09,arin,43.199.in-addr.arpa,sign,,5,1,single delegation
2014-09,arin,71.199.in-addr.arpa,sign,,5,1,single delegation
2014-09,ripe,0.194.in-addr.arpa,sign,,8,3,small group
2014-09,ripe,1.0.0.8.7.6.0.1.0.0.2.ip6.arpa,sign,,8,1,single delegation
2014-09,ripe,128.in-addr.arpa,sign,,8,1,single delegation
2014-09,ripe,130.95.in-addr.arpa,sign,,8,8,bulk
2014-09,ripe,130.in-addr.arpa,sign,,8,1,single delegation
2014-09,ripe,137.83.in-addr.arpa,sign,,7,3,small group
2014-09,ripe,138.193.in-addr.arpa,sign,,8,1,single delegation
2014-09,ripe,142.79.in-addr.arpa,sign,,5,9,bulk
2014-09,ripe,17.193.in-addr.arpa,sign,,8,1,single delegation
2014-09,ripe,227.193.in-addr.arpa,sign,,8,2,small group
2014-09,ripe,26.185.in-addr.arpa,sign,,8,1,single delegation
2014-09,ripe,3.6.0.1.0.a.2.ip6.arpa,sign,,8,1,single delegation
2014-09,ripe,51.185.in-addr.arpa,sign,,5,1,single delegation
2014-09,ripe,54.185.in-addr.arpa,sign,,5,1,single delegation
2014-09,ripe,7.0.0.8.7.6.0.1.0.0.2.ip6.arpa,sign,,8,2,small group
2014-09,ripe,c.4.2.2.0.a.2.ip6.arpa,sign,,5,1,single delegation
2014-10,afrinic,197.in-addr.arpa,sign,,8,28,bulk
2014-10,afrinic,41.in-addr.arpa,sign,,8,8,bulk
2014-10,afrinic,5.3.4.1.0.0.2.ip6.arpa,sign,,8,1,single delegation
2014-10,apnic,243.43.in-addr.arpa,sign,,8,4,small group
2014-10,arin,0.0.0.0.0.5.0.1.0.0.2.ip6.arpa,sign,,5,2,small group
2014-10,arin,0.0.0.0.2.0.0.0.2.6.2.ip6.arpa,sign,,8,1,single delegation
2014-10,arin,0.0.4.9.1.0.0.0.2.6.2.ip6.arpa,sign,,8,1,single delegation
2014-10,arin,0.0.8.f.0.0.0.0.2.6.2.ip6.arpa,sign,,8,1,single delegation
2014-10,arin,0.0.b.0.5.0.6.2.ip6.arpa,sign,,7,1,single delegation
2014-10,arin,0.0.c.a.3.0.0.0.2.6.2.ip6.arpa,sign,,7,1,single delegation
2014-10,arin,0.0.f.0.0.0.0.2.6.2.ip6.arpa,sign,,8,1,single delegation
2014-10,arin,0.1.4.7.0.6.2.ip6.arpa,sign,,8,1,single delegation
2014-10,arin,0.9.d.6.0.6.2.ip6.arpa,sign,,5,1,single delegation
2014-10,arin,0.b.9.0.1.0.0.2.6.2.ip6.arpa,sign,,5,1,single delegation
2014-10,arin,1.0.0.0.0.5.0.1.0.0.2.ip6.arpa,sign,,5,1,single delegation
2014-10,arin,108.192.in-addr.arpa,sign,,5,1,single delegation
2014-10,arin,10800,unsign,"5,7,8,10",,1,single delegation
2014-10,arin,110.65.in-addr.arpa,sign,,8,32,bulk
2014-10,arin,128.in-addr.arpa,sign,,5,1,single delegation
2014-10,arin,128.in-addr.arpa,sign,,8,1,single delegation
2014-10,arin,129.in-addr.arpa,sign,,10,1,single delegation
2014-10,arin,130.in-addr.arpa,sign,,8,2,small group
2014-10,arin,131.in-addr.arpa,sign,,5,1,single delegation
2014-10,arin,131.in-addr.arpa,sign,,7,1,single delegation
2014-10,arin,134.in-addr.arpa,sign,,7,1,single delegation
2014-10,arin,138.164.in-addr.arpa,sign,,8,4,small group
2014-10,arin,143.in-addr.arpa,sign,,8,1,single delegation
2014-10,arin,146.192.in-addr.arpa,sign,,10,1,single delegation
2014-10,arin,148.in-addr.arpa,sign,,8,1,single delegation
2014-10,arin,150.192.in-addr.arpa,unsign,5,,1,single delegation
2014-10,arin,153.192.in-addr.arpa,sign,,5,1,single delegation
2014-10,arin,158.in-addr.arpa,sign,,8,2,small group
2014-10,arin,160.in-addr.arpa,sign,,8,1,single delegation
2014-10,arin,18.192.in-addr.arpa,sign,,5,1,single delegation
2014-10,arin,195.192.in-addr.arpa,sign,,5,1,single delegation
2014-10,arin,197.206.in-addr.arpa,sign,,5,1,single delegation
2014-10,arin,2.0.0.0.1.6.2.ip6.arpa,sign,,7,1,single delegation
2014-10,arin,2.0.0.4.0.5.0.1.0.0.2.ip6.arpa,sign,,8,1,single delegation
2014-10,arin,22.198.in-addr.arpa,unsign,5,,5,bulk
2014-10,arin,223.162.in-addr.arpa,unsign,8,,4,small group
2014-10,arin,3.0.0.0.0.5.0.1.0.0.2.ip6.arpa,sign,,5,2,small group
2014-10,arin,3.0.0.0.1.6.2.ip6.arpa,sign,,7,1,single delegation
2014-10,arin,3.0.0.4.0.5.0.1.0.0.2.ip6.arpa,sign,,8,1,single delegation
2014-10,arin,3.f.f.7.0.6.2.ip6.arpa,sign,,5,1,single delegation
2014-10,arin,41.206.in-addr.arpa,sign,,8,1,single delegation
2014-10,arin,44.192.in-addr.arpa,sign,,5,1,single delegation
2014-10,arin,5.192.in-addr.arpa,sign,,8,1,single delegation
2014-10,arin,5.2.f.7.0.6.2.ip6.arpa,sign,,7,1,single delegation
2014-10,arin,5.5.f.7.0.6.2.ip6.arpa,sign,,8,1,single delegation
2014-10,arin,5.e.0.0.0.0.0.0.2.6.2.ip6.arpa,sign,,8,1,single delegation
2014-10,arin,54.192.in-addr.arpa,sign,,7,1,single delegation
2014-10,arin,68.192.in-addr.arpa,sign,,7,5,bulk
2014-10,arin,70.192.in-addr.arpa,sign,,5,1,single delegation
2014-10,arin,76.192.in-addr.arpa,sign,,5,1,single delegation
2014-10,arin,8.b.b.4.0.6.2.ip6.arpa,sign,,7,1,single delegation
2014-10,arin,83.208.in-addr.arpa,sign,,5,8,bulk
2014-10,arin,84.192.in-addr.arpa,sign,,5,1,single delegation
2014-10,arin,86400,unsign,"5,7,8,10",,1,single delegation
2014-10,arin,89.204.in-addr.arpa,sign,,5,1,single delegation
2014-10,arin,9.0.0.0.0.5.0.1.0.0.2.ip6.arpa,sign,,5,1,single delegation
2014-10,arin,94.192.in-addr.arpa,sign,,8,1,single delegation
2014-10,arin,96.192.in-addr.arpa,sign,,8,9,bulk
2014-10,arin,e.5.0.1.0.0.2.ip6.arpa,sign,,5,1,single delegation
2014-10,arin,e.d.0.0.0.0.0.0.2.6.2.ip6.arpa,sign,,8,1,single delegation
2014-10,arin,f.0.0.0.0.5.0.1.0.0.2.ip6.arpa,sign,,5,1,single delegation
2014-10,arin,f.4.0.1.0.0.2.ip6.arpa,sign,,5,1,single delegation
2014-10,arin,f.5.f.7.0.6.2.ip6.arpa,sign,,10,1,single delegation
2014-10,ripe,0.0.0.0.a.9.9.0.0.a.2.ip6.arpa,sign,,8,1,single delegation
2014-10,ripe,0.a.1.2.0.0.b.1.4.1.0.0.2.ip6.arpa,sign,,8,1,single delegation
2014-10,ripe,112.62.in-addr.arpa,sign,,5,2,small group
2014-10,ripe,130.31.in-addr.arpa,sign,,10,8,bulk
2014-10,ripe,148.in-addr.arpa,sign,,8,1,single delegation
2014-10,ripe,158.in-addr.arpa,sign,,8,1,single delegation
2014-10,ripe,194.91.in-addr.arpa,sign,,8,2,small group
2014-10,ripe,239.91.in-addr.arpa,sign,,8,2,small group
2014-10,ripe,34.185.in-addr.arpa,sign,,8,4,small group
2014-10,ripe,5.0.0.a.0.0.0.0.8.1.0.2.0.a.2.ip6.arpa,sign,,8,1,single delegation
2014-10,ripe,54.185.in-addr.arpa,sign,,5,3,small group
2014-10,ripe,56.193.in-addr.arpa,sign,,8,1,single delegation
2014-10,ripe,72.212.in-addr.arpa,sign,,8,2,small group
2014-10,ripe,8.2.0.c.7.6.0.1.0.0.2.ip6.arpa,sign,,8,1,single delegation
2014-10,ripe,c.5.7.1.0.a.2.ip6.arpa,sign,,5,1,single delegation
2014-10,ripe,e.7.2.c.7.6.0.1.0.0.2.ip6.arpa,sign,,8,1,single delegation
2014-11,afrinic,150.213.in-addr.arpa,sign,,8,29,bulk
2014-11,afrinic,95.193.in-addr.arpa,sign,,8,110,bulk
2014-11,apnic,119.203.in-addr.arpa,sign,,5,1,single delegation
2014-11,arin,129.in-addr.arpa,sign,,8,1,single delegation
2014-11,arin,138.in-addr.arpa,sign,,8,1,single delegation
2014-11,arin,48.192.in-addr.arpa,sign,,5,2,small group
2014-11,arin,51.198.in-addr.arpa,sign,,7,1,single delegation
2014-11,ripe,0.0.0.1.0.0.0.8.6.9.0.2.0.a.2.ip6.arpa,sign,,8,4,small group
2014-11,ripe,0.1.0.1.0.0.0.8.6.9.0.2.0.a.2.ip6.arpa,sign,,8,1,single delegation
2014-11,ripe,0.4.1.1.0.0.2.ip6.arpa,sign,,10,8,bulk
2014-11,ripe,1.0.0.8.f.7.0.1.0.0.2.ip6.arpa,sign,,5,1,single delegation
2014-11,ripe,129.in-addr.arpa,sign,,8,1,single delegation
2014-11,ripe,138.in-addr.arpa,sign,,8,1,single delegation
2014-11,ripe,140.195.in-addr.arpa,sign,,5,4,small group
2014-11,ripe,150.213.in-addr.arpa,sign,,8,29,bulk
2014-11,ripe,193.in-addr.arpa,sign,,10,1,single delegation
2014-11,ripe,195.in-addr.arpa,sign,,5,1,single delegation
2014-11,ripe,5.7.0.c.7.6.0.1.0.0.2.ip6.arpa,sign,,8,1,single delegation
2014-11,ripe,72.212.in-addr.arpa,sign,,8,1,single delegation
2014-11,ripe,74.185.in-addr.arpa,sign,,7,4,small group
2014-11,ripe,8.5.1.c.7.6.0.1.0.0.2.ip6.arpa,sign,,5,1,single delegation
2014-11,ripe,95.193.in-addr.arpa,sign,,8,110,bulk
2014-11,ripe,b.2.0.c.7.6.0.1.0.0.2.ip6.arpa,sign,,5,1,single delegation
2014-12,apnic,15.103.in-addr.arpa,sign,,5,4,small group
2014-12,apnic,250.43.in-addr.arpa,sign,,8,4,small group
2014-12,arin,126.149.in-addr.arpa,sign,,8,1,single delegation
2014-12,arin,219.104.in-addr.arpa,sign,,7,4,small group
2014-12,ripe,0.0.0.8.7.6.0.1.0.0.2.ip6.arpa,sign,,8,1,single delegation
2014-12,ripe,0.194.in-addr.arpa,sign,,8,4,small group
2014-12,ripe,119.217.in-addr.arpa,sign,,8,16,bulk
2014-12,ripe,126.149.in-addr.arpa,sign,,8,1,single delegation
2014-12,ripe,127.188.in-addr.arpa,sign,,8,32,bulk
2014-12,ripe,134.79.in-addr.arpa,sign,,8,32,bulk
2014-12,ripe,139.37.in-addr.arpa,sign,,8,7,bulk
2014-12,ripe,197.217.in-addr.arpa,sign,,7,8,bulk
2014-12,ripe,2.6.5.3.0.a.2.ip6.arpa,sign,,5,1,single delegation
2014-12,ripe,2.b.4.1.0.0.2.ip6.arpa,sign,,7,7,bulk
2014-12,ripe,206.91.in-addr.arpa,rollover,5,"5,8",2,small group
2014-12,ripe,208.91.in-addr.arpa,rollover,5,"5,8",1,single delegation
2014-12,ripe,246.77.in-addr.arpa,sign,,8,16,bulk
2014-12,ripe,248.80.in-addr.arpa,sign,,8,16,bulk
2014-12,ripe,38.185.in-addr.arpa,sign,,8,1,single delegation
2014-12,ripe,47.195.in-addr.arpa,rollover,5,"5,8",1,single delegation
2014-12,ripe,6.0.0.8.7.6.0.1.0.0.2.ip6.arpa,sign,,8,3,small group
2014-12,ripe,7.c.2.c.7.6.0.1.0.0.2.ip6.arpa,sign,,10,3,small group
2014-12,ripe,77.185.in-addr.arpa,sign,,5,4,small group
2014-12,ripe,8.5.0.3.0.a.2.ip6.arpa,sign,,7,1,single delegation
2014-12,ripe,9.1.1.0.0.a.2.ip6.arpa,sign,,8,1,single delegation
2014-12,ripe,9.185.in-addr.arpa,sign,,8,4,small group
2014-12,ripe,9.3.0.c.7.6.0.1.0.0.2.ip6.arpa,rollover,5,"5,8",1,single delegation
2014-12,ripe,e.6.0.2.0.a.2.ip6.arpa,sign,,8,1,single delegation
2014-12,ripe,e.b.f.0.0.a.2.ip6.arpa,sign,,8,1,single delegation
2015-01,apnic,123.27.in-addr.arpa,unsign,8,,1,single delegation
2015-01,arin,105.198.in-addr.arpa,sign,,5,8,bulk
2015-01,arin,2.0.0.0.1.6.2.ip6.arpa,rollover,7,"7,8",1,single delegation
2015-01,arin,210.162.in-addr.arpa,sign,,5,4,small group
2015-01,ripe,0.0.0.0.c.9.1.5.0.a.2.ip6.arpa,sign,,5,4,small group
2015-01,ripe,145.in-addr.arpa,sign,,5,1,single delegation
2015-01,ripe,6.0.0.a.0.0.0.0.8.1.0.2.0.a.2.ip6.arpa,sign,,8,1,single delegation
2015-01,ripe,67.185.in-addr.arpa,sign,,8,3,small group
2015-01,ripe,68.185.in-addr.arpa,sign,,5,4,small group
2015-01,ripe,a.c.4.1.0.0.2.ip6.arpa,rollover,10,"8,10",1,single delegation
2015-01,ripe,e.2.2.3.0.a.2.ip6.arpa,sign,,8,1,single delegation
2015-02,arin,0.1.4.7.0.6.2.ip6.arpa,unsign,8,,1,single delegation
2015-02,arin,67.192.in-addr.arpa,sign,,10,1,single delegation
2015-02,ripe,10.185.in-addr.arpa,sign,,7,4,small group
2015-02,ripe,104.194.in-addr.arpa,sign,,8,1,single delegation
2015-02,ripe,112.62.in-addr.arpa,sign,,5,1,single delegation
2015-02,ripe,67.192.in-addr.arpa,sign,,10,1,single delegation
2015-02,ripe,73.213.in-addr.arpa,sign,,10,1,single delegation
2015-03,arin,0.0.4.8.9.0.0.0.2.6.2.ip6.arpa,sign,,8,1,single delegation
2015-03,arin,128.in-addr.arpa,unsign,10,,1,single delegation
2015-03,arin,141.in-addr.arpa,sign,,5,1,single delegation
2015-03,arin,169.in-addr.arpa,unsign,10,,1,single delegation
2015-03,arin,241.66.in-addr.arpa,sign,,8,1,single delegation
2015-03,arin,5.2.f.7.0.6.2.ip6.arpa,rollover,7,"7,8",1,single delegation
2015-03,arin,61.69.in-addr.arpa,sign,,8,1,single delegation
2015-03,arin,65.in-addr.arpa,sign,,7,1,single delegation
2015-03,arin,67.192.in-addr.arpa,sign,,8,1,single delegation
2015-03,arin,87.209.in-addr.arpa,sign,,5,1,single delegation
2015-03,ripe,141.in-addr.arpa,sign,,5,1,single delegation
2015-03,ripe,201.81.in-addr.arpa,sign,,10,1,single delegation
2015-03,ripe,59.185.in-addr.arpa,sign,,7,4,small group
2015-03,ripe,9.4.0.1.0.a.2.ip6.arpa,sign,,10,1,single delegation
2015-03,ripe,a.6.6.2.0.a.2.ip6.arpa,sign,,7,1,single delegation
2015-04,afrinic,95.80.in-addr.arpa,sign,,8,4,small group
2015-04,apnic,119.203.in-addr.arpa,sign,,8,2,small group
2015-04,apnic,126.115.in-addr.arpa,sign,,8,1,single delegation
2015-04,apnic,14.203.in-addr.arpa,rollover,5,8,1,single delegation
2015-04,apnic,161.119.in-addr.arpa,sign,,8,16,bulk
2015-04,apnic,17.203.in-addr.arpa,sign,,8,1,single delegation
2015-04,apnic,18.203.in-addr.arpa,sign,,8,1,single delegation
2015-04,apnic,29.120.in-addr.arpa,sign,,8,8,bulk
2015-04,apnic,47.163.in-addr.arpa,sign,,8,4,small group
2015-04,apnic,65.202.in-addr.arpa,sign,,8,4,small group
2015-04,apnic,c.d.0.1.0.0.2.ip6.arpa,sign,,8,1,single delegation
2015-04,arin,158.in-addr.arpa,sign,,8,1,single delegation
2015-04,arin,201.64.in-addr.arpa,unsign,8,,16,bulk
2015-04,arin,212.199.in-addr.arpa,sign,,5,4,small group
2015-04,arin,220.216.in-addr.arpa,sign,,8,32,bulk
2015-04,arin,233.205.in-addr.arpa,sign,,5,10,bulk
2015-04,arin,255.104.in-addr.arpa,sign,,8,1,single delegation
2015-04,arin,5.2.f.7.0.6.2.ip6.arpa,rollover,"7,8",8,1,single delegation
2015-04,arin,81.192.in-addr.arpa,sign,,8,1,single delegation
2015-04,arin,f.5.f.7.0.6.2.ip6.arpa,unsign,10,,1,single delegation
2015-04,ripe,0.0.0.0.0.0.1.8.6.9.0.2.0.a.2.ip6.arpa,sign,,8,3,small group
2015-04,ripe,0.0.0.1.0.0.0.8.6.9.0.2.0.a.2.ip6.arpa,sign,,8,4,small group
2015-04,ripe,0.8.0.1.0.0.0.8.6.9.0.2.0.a.2.ip6.arpa,sign,,8,1,single delegation
2015-04,ripe,105.193.in-addr.arpa,unsign,5,,1,single delegation
2015-04,ripe,130.31.in-addr.arpa,sign,,8,1,single delegation
2015-04,ripe,154.213.in-addr.arpa,unsign,5,,1,single delegation
2015-04,ripe,158.in-addr.arpa,sign,,8,1,single delegation
2015-04,ripe,188.93.in-addr.arpa,unsign,8,,8,bulk
2015-04,ripe,19.185.in-addr.arpa,sign,,8,4,small group
2015-04,ripe,195.91.in-addr.arpa,sign,,10,2,small group
2015-04,ripe,206.91.in-addr.arpa,rollover,"5,8",8,2,small group
2015-04,ripe,208.91.in-addr.arpa,rollover,"5,8",8,1,single delegation
2015-04,ripe,209.37.in-addr.arpa,sign,,8,8,bulk
2015-04,ripe,216.195.in-addr.arpa,unsign,5,,1,single delegation
2015-04,ripe,237.91.in-addr.arpa,sign,,8,2,small group
2015-04,ripe,30.194.in-addr.arpa,sign,,5,1,single delegation
2015-04,ripe,4.0.1.4.0.a.2.ip6.arpa,sign,,8,2,small group
2015-04,ripe,47.195.in-addr.arpa,rollover,"5,8",8,1,single delegation
2015-04,ripe,65.185.in-addr.arpa,sign,,5,4,small group
2015-04,ripe,66.195.in-addr.arpa,unsign,5,,1,single delegation
2015-04,ripe,7.7.0.1.0.0.2.ip6.arpa,unsign,8,,1,single delegation
2015-04,ripe,72.212.in-addr.arpa,sign,,8,5,bulk
2015-04,ripe,8.46.in-addr.arpa,unsign,8,,21,bulk
2015-04,ripe,9.0.0.8.f.7.0.1.0.0.2.ip6.arpa,sign,,5,1,single delegation
2015-04,ripe,9.3.0.c.7.6.0.1.0.0.2.ip6.arpa,rollover,"5,8",8,1,single delegation
2015-04,ripe,95.80.in-addr.arpa,sign,,8,4,small group
2015-04,ripe,98.195.in-addr.arpa,unsign,8,,1,single delegation
2015-04,ripe,a.c.4.1.0.0.2.ip6.arpa,rollover,"8,10",8,1,single delegation
2015-04,ripe,f.0.0.c.7.6.0.1.0.0.2.ip6.arpa,unsign,5,,1,single delegation
2015-04,ripe,f.b.2.c.7.6.0.1.0.0.2.ip6.arpa,sign,,8,1,single delegation
2015-05,apnic,14.203.in-addr.arpa,unsign,8,,2,small group
2015-05,apnic,165.163.in-addr.arpa,sign,,5,2,small group
2015-05,arin,0.0.8.f.d.0.0.0.2.6.2.ip6.arpa,sign,,8,1,single delegation
2015-05,arin,0.72.in-addr.arpa,sign,,5,2,small group
2015-05,arin,0.9.b.7.0.6.2.ip6.arpa,sign,,5,1,single delegation
2015-05,arin,122.74.in-addr.arpa,sign,,5,4,small group
2015-05,arin,163.192.in-addr.arpa,sign,,5,1,single delegation
2015-05,arin,195.199.in-addr.arpa,sign,,5,4,small group
2015-05,arin,219.104.in-addr.arpa,unsign,7,,4,small group
2015-05,arin,91.199.in-addr.arpa,sign,,5,4,small group
2015-05,ripe,0.c.d.6.1.0.a.2.ip6.arpa,sign,,5,2,small group
2015-05,ripe,109.78.in-addr.arpa,unsign,5,,16,bulk
2015-05,ripe,110.195.in-addr.arpa,sign,,10,1,single delegation
2015-05,ripe,111.89.in-addr.arpa,unsign,5,,1,single delegation
2015-05,ripe,160.193.in-addr.arpa,sign,,8,1,single delegation
2015-05,ripe,165.163.in-addr.arpa,sign,,5,2,small group
2015-05,ripe,175.93.in-addr.arpa,sign,,5,1,single delegation
2015-05,ripe,18.217.in-addr.arpa,sign,,8,16,bulk
2015-05,ripe,185.93.in-addr.arpa,unsign,5,,12,bulk
2015-05,ripe,198.109.in-addr.arpa,sign,,5,3,small group
2015-05,ripe,234.91.in-addr.arpa,unsign,8,,1,single delegation
2015-05,ripe,255.178.in-addr.arpa,sign,,8,8,bulk
2015-05,ripe,6.e164.arpa,sign,,8,1,single delegation
2015-05,ripe,68.109.in-addr.arpa,unsign,5,,1,single delegation
2015-05,ripe,7.d.2.c.7.6.0.1.0.0.2.ip6.arpa,sign,,5,1,single delegation
2015-05,ripe,89.62.in-addr.arpa,unsign,5,,32,bulk
2015-05,ripe,f.6.2.c.7.6.0.1.0.0.2.ip6.arpa,sign,,8,1,single delegation
2015-06,apnic,56.103.in-addr.arpa,sign,,5,4,small group
2015-06,arin,128.in-addr.arpa,sign,,10,1,single delegation
2015-06,arin,163.192.in-addr.arpa,unsign,5,,1,single delegation
2015-06,arin,169.in-addr.arpa,sign,,10,1,single delegation
2015-06,arin,241.66.in-addr.arpa,sign,,8,7,bulk
2015-06,arin,89.208.in-addr.arpa,sign,,7,4,small group
2015-06,arin,f.5.f.7.0.6.2.ip6.arpa,sign,,10,1,single delegation
2015-06,ripe,0.0.0.0.0.0.a.0.0.a.2.ip6.arpa,sign,,7,1,single delegation
2015-06,ripe,0.c.d.6.1.0.a.2.ip6.arpa,sign,,5,14,bulk
2015-06,ripe,108.78.in-addr.arpa,sign,,10,1,single delegation
2015-06,ripe,111.89.in-addr.arpa,unsign,5,,4,small group
2015-06,ripe,195.91.in-addr.arpa,sign,,5,2,small group
2015-06,ripe,198.109.in-addr.arpa,sign,,5,29,bulk
2015-06,ripe,235.37.in-addr.arpa,sign,,7,8,bulk
2015-06,ripe,236.87.in-addr.arpa,sign,,7,8,bulk
2015-06,ripe,24.78.in-addr.arpa,sign,,5,8,bulk
2015-06,ripe,242.77.in-addr.arpa,sign,,7,16,bulk
2015-06,ripe,39.92.in-addr.arpa,sign,,5,16,bulk
2015-06,ripe,92.188.in-addr.arpa,sign,,7,8,bulk
2015-06,ripe,94.188.in-addr.arpa,sign,,5,8,bulk
2015-07,arin,171.104.in-addr.arpa,sign,,5,16,bulk
2015-07,arin,249.199.in-addr.arpa,sign,,8,1,single delegation
2015-07,arin,55.192.in-addr.arpa,sign,,7,2,small group
2015-07,ripe,117.194.in-addr.arpa,sign,,8,2,small group
2015-07,ripe,158.85.in-addr.arpa,unsign,7,,8,bulk
2015-07,ripe,2.b.4.1.0.0.2.ip6.arpa,unsign,7,,8,bulk
2015-07,ripe,223.91.in-addr.arpa,sign,,8,1,single delegation
2015-07,ripe,233.109.in-addr.arpa,unsign,7,,8,bulk
2015-07,ripe,234.46.in-addr.arpa,unsign,7,,32,bulk
2015-07,ripe,31.217.in-addr.arpa,sign,,10,1,single delegation
2015-07,ripe,35.185.in-addr.arpa,sign,,5,4,small group
2015-07,ripe,45.212.in-addr.arpa,sign,,5,1,single delegation
2015-07,ripe,5.0.2.c.7.6.0.1.0.0.2.ip6.arpa,sign,,5,1,single delegation
2015-07,ripe,6.7.1.2.0.a.2.ip6.arpa,unsign,5,,1,single delegation
2015-07,ripe,8.5.d.5.0.a.2.ip6.arpa,sign,,8,1,single delegation
2015-07,ripe,89.185.in-addr.arpa,sign,,8,4,small group
2015-07,ripe,94.81.in-addr.arpa,unsign,7,,16,bulk
2015-07,ripe,e.f.4.4.0.a.2.ip6.arpa,sign,,5,4,small group
2015-08,afrinic,192.196.in-addr.arpa,sign,,8,1,single delegation
2015-08,afrinic,9.0.0.8.f.3.4.1.0.0.2.ip6.arpa,sign,,8,1,single delegation
2015-08,apnic,0.c.e.5.0.4.2.ip6.arpa,sign,,8,1,single delegation
2015-08,apnic,103.118.in-addr.arpa,sign,,8,8,bulk
2015-08,apnic,29.103.in-addr.arpa,sign,,8,1,single delegation
2015-08,arin,0.0.4.8.9.0.0.0.2.6.2.ip6.arpa,unsign,8,,1,single delegation
2015-08,arin,188.207.in-addr.arpa,sign,,7,1,single delegation
2015-08,arin,202.198.in-addr.arpa,sign,,7,1,single delegation
2015-08,arin,252.162.in-addr.arpa,sign,,8,4,small group
2015-08,arin,b.f.0.1.0.0.2.6.2.ip6.arpa,sign,,7,1,single delegation
2015-08,ripe,0.0.0.0.2.0.4.0.0.a.2.ip6.arpa,sign,,5,1,single delegation
2015-08,ripe,0.0.0.0.2.8.4.0.0.a.2.ip6.arpa,sign,,5,1,single delegation
2015-08,ripe,107.185.in-addr.arpa,sign,,5,8,bulk
2015-08,ripe,108.185.in-addr.arpa,sign,,5,12,bulk
2015-08,ripe,109.185.in-addr.arpa,sign,,5,16,bulk
2015-08,ripe,158.85.in-addr.arpa,sign,,8,8,bulk
2015-08,ripe,198.94.in-addr.arpa,sign,,8,1,single delegation
2015-08,ripe,2.b.4.1.0.0.2.ip6.arpa,sign,,8,8,bulk
2015-08,ripe,222.176.in-addr.arpa,sign,,8,8,bulk
2015-08,ripe,232.91.in-addr.arpa,sign,,8,1,single delegation
2015-08,ripe,233.109.in-addr.arpa,sign,,8,8,bulk
2015-08,ripe,234.46.in-addr.arpa,sign,,8,32,bulk
2015-08,ripe,4.5.9.3.0.a.2.ip6.arpa,sign,,8,1,single delegation
2015-08,ripe,47.185.in-addr.arpa,sign,,8,1,single delegation
2015-08,ripe,50.185.in-addr.arpa,sign,,8,1,single delegation
2015-08,ripe,62.in-addr.arpa,unsign,5,,1,single delegation
2015-08,ripe,68.109.in-addr.arpa,sign,,5,1,single delegation
2015-08,ripe,94.81.in-addr.arpa,sign,,8,16,bulk
2015-08,ripe,95.195.in-addr.arpa,sign,,8,1,single delegation
2015-08,ripe,96.185.in-addr.arpa,sign,,5,8,bulk
2015-09,arin,0.4.8.9.0.0.0.2.6.2.ip6.arpa,sign,,8,1,single delegation
2015-09,arin,0.9.0.2.1.0.0.2.6.2.ip6.arpa,sign,,5,1,single delegation
2015-09,arin,110.192.in-addr.arpa,sign,,7,1,single delegation
2015-09,arin,148.198.in-addr.arpa,sign,,8,2,small group
2015-09,arin,186.198.in-addr.arpa,sign,,8,1,single delegation
2015-09,arin,195.192.in-addr.arpa,sign,,8,1,single delegation
2015-09,arin,27.216.in-addr.arpa,sign,,5,3,small group
2015-09,arin,5.f.1.1.0.0.2.6.2.ip6.arpa,sign,,5,1,single delegation
2015-09,ripe,106.193.in-addr.arpa,sign,,5,4,small group
2015-09,ripe,237.91.in-addr.arpa,sign,,5,4,small group
2015-09,ripe,33.194.in-addr.arpa,unsign,8,,1,single delegation
2015-09,ripe,4.0.1.4.0.a.2.ip6.arpa,sign,,8,1,single delegation
2015-09,ripe,43.195.in-addr.arpa,sign,,8,1,single delegation
2015-09,ripe,7.2.0.c.7.6.0.1.0.0.2.ip6.arpa,sign,,8,1,single delegation
2015-09,ripe,99.185.in-addr.arpa,sign,,8,1,single delegation
2015-10,afrinic,192.196.in-addr.arpa,unsign,8,,1,single delegation
2015-10,afrinic,255.169.in-addr.arpa,sign,,8,1,single delegation
2015-10,afrinic,42.192.in-addr.arpa,sign,,8,1,single delegation
2015-10,afrinic,9.0.0.8.f.3.4.1.0.0.2.ip6.arpa,unsign,8,,1,single delegation
2015-10,arin,102.192.in-addr.arpa,rollover,7,8,1,single delegation
2015-10,arin,126.216.in-addr.arpa,sign,,5,1,single delegation
2015-10,arin,164.in-addr.arpa,rollover,7,8,1,single delegation
2015-10,arin,17.204.in-addr.arpa,rollover,5,"7,8",1,single delegation
2015-10,arin,207.192.in-addr.arpa,rollover,7,8,1,single delegation
2015-10,arin,255.169.in-addr.arpa,sign,,8,1,single delegation
2015-10,arin,42.192.in-addr.arpa,sign,,8,1,single delegation
2015-10,ripe,0.0.0.0.0.0.1.8.6.9.0.2.0.a.2.ip6.arpa,unsign,8,,3,small group
2015-10,ripe,0.0.0.0.0.0.a.0.0.a.2.ip6.arpa,unsign,7,,1,single delegation
2015-10,ripe,0.0.0.0.0.2.7.2.0.a.2.ip6.arpa,unsign,8,,1,single delegation
2015-10,ripe,0.0.0.0.2.0.4.0.0.a.2.ip6.arpa,unsign,5,,1,single delegation
2015-10,ripe,0.0.0.0.2.8.4.0.0.a.2.ip6.arpa,unsign,5,,1,single delegation
2015-10,ripe,0.0.0.0.4.8.b.3.0.a.2.ip6.arpa,unsign,8,,1,single delegation
2015-10,ripe,0.0.0.0.4.d.0.2.0.a.2.ip6.arpa,unsign,8,,1,single delegation
2015-10,ripe,0.0.0.0.a.9.9.0.0.a.2.ip6.arpa,unsign,8,,1,single delegation
2015-10,ripe,0.0.0.0.c.9.1.5.0.a.2.ip6.arpa,unsign,5,,4,small group
2015-10,ripe,0.0.0.1.0.0.0.8.6.9.0.2.0.a.2.ip6.arpa,unsign,8,,8,bulk
2015-10,ripe,0.0.0.5.0.0.0.8.7.a.0.1.0.0.2.ip6.arpa,unsign,8,,2,small group
2015-10,ripe,0.0.0.8.5.b.0.1.0.0.2.ip6.arpa,unsign,5,,1,single delegation
2015-10,ripe,0.0.0.8.7.6.0.1.0.0.2.ip6.arpa,unsign,5,,2,small group
2015-10,ripe,0.0.0.8.7.6.0.1.0.0.2.ip6.arpa,unsign,8,,1,single delegation
2015-10,ripe,0.1.0.1.0.0.0.8.6.9.0.2.0.a.2.ip6.arpa,unsign,8,,1,single delegation
2015-10,ripe,0.193.in-addr.arpa,unsign,5,,30,bulk
2015-10,ripe,0.194.in-addr.arpa,unsign,5,,3,small group
2015-10,ripe,0.194.in-addr.arpa,unsign,8,,9,bulk
2015-10,ripe,0.4.1.1.0.0.2.ip6.arpa,unsign,10,,8,bulk
2015-10,ripe,0.7.0.1.0.0.2.ip6.arpa,unsign,8,,1,single delegation
2015-10,ripe,0.8.0.1.0.0.0.8.6.9.0.2.0.a.2.ip6.arpa,unsign,8,,1,single delegation
2015-10,ripe,0.8.e.b.1.0.a.2.ip6.arpa,unsign,7,,1,single delegation
2015-10,ripe,0.9.b.4.0.a.2.ip6.arpa,unsign,8,,8,bulk
2015-10,ripe,0.a.1.2.0.0.b.1.4.1.0.0.2.ip6.arpa,unsign,8,,1,single delegation
2015-10,ripe,0.a.2.0.6.4.e.0.0.a.2.ip6.arpa,unsign,"8,12",,1,single delegation
2015-10,ripe,0.c.a.4.0.a.2.ip6.arpa,unsign,8,,2,small group
2015-10,ripe,0.c.d.6.1.0.a.2.ip6.arpa,unsign,5,,16,bulk
2015-10,ripe,0.d.4.1.0.0.2.ip6.arpa,unsign,5,,1,single delegation
2015-10,ripe,0.e.9.1.0.a.2.ip6.arpa,unsign,5,,1,single delegation
2015-10,ripe,1.0.0.8.7.6.0.1.0.0.2.ip6.arpa,unsign,5,,2,small group
2015-10,ripe,1.0.0.8.7.6.0.1.0.0.2.ip6.arpa,unsign,8,,2,small group
2015-10,ripe,1.0.0.8.f.7.0.1.0.0.2.ip6.arpa,unsign,5,,2,small group
2015-10,ripe,1.2.0.c.7.6.0.1.0.0.2.ip6.arpa,unsign,5,,1,single delegation
2015-10,ripe,1.a.0.1.0.0.2.ip6.arpa,unsign,8,,1,single delegation
2015-10,ripe,10.185.in-addr.arpa,unsign,5,,1,single delegation
2015-10,ripe,10.185.in-addr.arpa,unsign,7,,4,small group
2015-10,ripe,10.195.in-addr.arpa,unsign,8,,1,single delegation
2015-10,ripe,102.5.in-addr.arpa,unsign,5,,1,single delegation
2015-10,ripe,104.194.in-addr.arpa,unsign,8,,1,single delegation
2015-10,ripe,106.193.in-addr.arpa,unsign,5,,4,small group
2015-10,ripe,107.185.in-addr.arpa,unsign,5,,8,bulk
2015-10,ripe,108.185.in-addr.arpa,unsign,5,,12,bulk
2015-10,ripe,108.78.in-addr.arpa,unsign,10,,1,single delegation
2015-10,ripe,109.185.in-addr.arpa,unsign,5,,16,bulk
2015-10,ripe,110.109.in-addr.arpa,unsign,5,,1,single delegation
2015-10,ripe,110.193.in-addr.arpa,unsign,5,,1,single delegation
2015-10,ripe,110.194.in-addr.arpa,unsign,8,,1,single delegation
2015-10,ripe,110.195.in-addr.arpa,unsign,10,,1,single delegation
2015-10,ripe,111.193.in-addr.arpa,unsign,5,,1,single delegation
2015-10,ripe,111.89.in-addr.arpa,unsign,5,,21,bulk
2015-10,ripe,112.62.in-addr.arpa,unsign,5,,3,small group
2015-10,ripe,117.194.in-addr.arpa,unsign,8,,2,small group
2015-10,ripe,118.85.in-addr.arpa,unsign,8,,8,bulk
2015-10,ripe,119.217.in-addr.arpa,unsign,8,,16,bulk
2015-10,ripe,12.185.in-addr.arpa,unsign,10,,4,small group
2015-10,ripe,12.185.in-addr.arpa,unsign,5,,4,small group
2015-10,ripe,122.176.in-addr.arpa,unsign,7,,7,bulk
2015-10,ripe,127.188.in-addr.arpa,unsign,8,,32,bulk
2015-10,ripe,130.188.in-addr.arpa,unsign,10,,1,single delegation
2015-10,ripe,130.31.in-addr.arpa,unsign,10,,8,bulk
2015-10,ripe,130.31.in-addr.arpa,unsign,8,,1,single delegation
2015-10,ripe,130.82.in-addr.arpa,unsign,8,,64,bulk
2015-10,ripe,130.95.in-addr.arpa,unsign,8,,8,bulk
2015-10,ripe,134.79.in-addr.arpa,unsign,8,,32,bulk
2015-10,ripe,137.83.in-addr.arpa,unsign,7,,7,bulk
2015-10,ripe,138.193.in-addr.arpa,unsign,8,,1,single delegation
2015-10,ripe,139.37.in-addr.arpa,unsign,8,,14,bulk
2015-10,ripe,14.185.in-addr.arpa,unsign,8,,4,small group
2015-10,ripe,140.195.in-addr.arpa,unsign,5,,4,small group
2015-10,ripe,141.in-addr.arpa,unsign,10,,1,single delegation
2015-10,ripe,141.in-addr.arpa,unsign,5,,1,single delegation
2015-10,ripe,141.in-addr.arpa,unsign,8,,1,single delegation
2015-10,ripe,142.79.in-addr.arpa,unsign,5,,9,bulk
2015-10,ripe,142.91.in-addr.arpa,unsign,8,,16,bulk
2015-10,ripe,143.79.in-addr.arpa,unsign,8,,15,bulk
2015-10,ripe,145.5.in-addr.arpa,unsign,8,,8,bulk
2015-10,ripe,145.in-addr.arpa,unsign,5,,1,single delegation
2015-10,ripe,149.46.in-addr.arpa,unsign,5,,3,small group
2015-10,ripe,15.31.in-addr.arpa,unsign,5,,8,bulk
2015-10,ripe,150.213.in-addr.arpa,unsign,8,,29,bulk
2015-10,ripe,151.193.in-addr.arpa,unsign,8,,4,small group
2015-10,ripe,151.in-addr.arpa,unsign,7,,1,single delegation
2015-10,ripe,151.in-addr.arpa,unsign,8,,2,small group
2015-10,ripe,153.5.in-addr.arpa,unsign,8,,1,single delegation
2015-10,ripe,158.5.in-addr.arpa,unsign,8,,8,bulk
2015-10,ripe,158.85.in-addr.arpa,unsign,8,,8,bulk
2015-10,ripe,16.185.in-addr.arpa,unsign,8,,4,small group
2015-10,ripe,160.193.in-addr.arpa,unsign,8,,1,single delegation
2015-10,ripe,168.193.in-addr.arpa,unsign,8,,2,small group
2015-10,ripe,17.193.in-addr.arpa,unsign,8,,1,single delegation
2015-10,ripe,17.217.in-addr.arpa,unsign,5,,15,bulk
2015-10,ripe,173.46.in-addr.arpa,unsign,8,,16,bulk
2015-10,ripe,174.79.in-addr.arpa,unsign,5,,16,bulk
2015-10,ripe,175.93.in-addr.arpa,unsign,5,,1,single delegation
2015-10,ripe,177.195.in-addr.arpa,unsign,5,,2,small group
2015-10,ripe,178.193.in-addr.arpa,unsign,5,,4,small group
2015-10,ripe,18.185.in-addr.arpa,unsign,7,,3,small group
2015-10,ripe,18.217.in-addr.arpa,unsign,8,,16,bulk
2015-10,ripe,182.213.in-addr.arpa,unsign,5,,32,bulk
2015-10,ripe,187.194.in-addr.arpa,unsign,8,,4,small group
2015-10,ripe,189.91.in-addr.arpa,unsign,5,,2,small group
2015-10,ripe,19.178.in-addr.arpa,unsign,5,,16,bulk
2015-10,ripe,19.185.in-addr.arpa,unsign,8,,4,small group
2015-10,ripe,190.93.in-addr.arpa,unsign,5,,8,bulk
2015-10,ripe,191.195.in-addr.arpa,unsign,5,,2,small group
2015-10,ripe,191.195.in-addr.arpa,unsign,8,,2,small group
2015-10,ripe,193.193.in-addr.arpa,unsign,5,,7,bulk
2015-10,ripe,193.in-addr.arpa,unsign,10,,1,single delegation
2015-10,ripe,193.in-addr.arpa,unsign,8,,2,small group
2015-10,ripe,194.217.in-addr.arpa,unsign,7,,2,small group
2015-10,ripe,194.91.in-addr.arpa,unsign,5,,1,single delegation
2015-10,ripe,194.91.in-addr.arpa,unsign,8,,2,small group
2015-10,ripe,195.85.in-addr.arpa,unsign,8,,2,small group
2015-10,ripe,195.91.in-addr.arpa,unsign,10,,2,small group
2015-10,ripe,195.91.in-addr.arpa,unsign,5,,2,small group
2015-10,ripe,195.in-addr.arpa,unsign,5,,1,single delegation
2015-10,ripe,195.in-addr.arpa,unsign,8,,1,single delegation
2015-10,ripe,197.217.in-addr.arpa,unsign,7,,8,bulk
2015-10,ripe,198.109.in-addr.arpa,unsign,5,,32,bulk
2015-10,ripe,198.217.in-addr.arpa,unsign,7,,4,small group
2015-10,ripe,198.82.in-addr.arpa,unsign,8,,5,bulk
2015-10,ripe,198.91.in-addr.arpa,unsign,8,,1,single delegation
2015-10,ripe,198.94.in-addr.arpa,unsign,8,,1,single delegation
2015-10,ripe,2.0.0.a.0.0.0.0.8.1.0.2.0.a.2.ip6.arpa,unsign,5,,1,single delegation
2015-10,ripe,2.4.e164.arpa,unsign,8,,1,single delegation
2015-10,ripe,2.6.0.1.0.0.2.ip6.arpa,unsign,8,,1,single delegation
2015-10,ripe,2.6.5.3.0.a.2.ip6.arpa,unsign,5,,1,single delegation
2015-10,ripe,2.b.4.1.0.0.2.ip6.arpa,unsign,8,,8,bulk
2015-10,ripe,201.81.in-addr.arpa,unsign,10,,1,single delegation
2015-10,ripe,203.193.in-addr.arpa,unsign,8,,2,small group
2015-10,ripe,205.62.in-addr.arpa,unsign,5,,9,bulk
2015-10,ripe,206.91.in-addr.arpa,unsign,8,,2,small group
2015-10,ripe,207.91.in-addr.arpa,unsign,5,,2,small group
2015-10,ripe,207.91.in-addr.arpa,unsign,7,,2,small group
2015-10,ripe,208.91.in-addr.arpa,unsign,8,,1,single delegation
2015-10,ripe,209.37.in-addr.arpa,unsign,8,,8,bulk
2015-10,ripe,21.178.in-addr.arpa,unsign,8,,8,bulk
2015-10,ripe,210.91.in-addr.arpa,unsign,5,,4,small group
2015-10,ripe,212.91.in-addr.arpa,unsign,7,,1,single delegation
2015-10,ripe,213.91.in-addr.arpa,unsign,8,,1,single delegation
2015-10,ripe,214.195.in-addr.arpa,unsign,5,,7,bulk
2015-10,ripe,214.91.in-addr.arpa,unsign,5,,4,small group
2015-10,ripe,216.91.in-addr.arpa,unsign,8,,1,single delegation
2015-10,ripe,221.193.in-addr.arpa,unsign,5,,1,single delegation
2015-10,ripe,222.176.in-addr.arpa,unsign,8,,8,bulk
2015-10,ripe,223.91.in-addr.arpa,unsign,8,,1,single delegation
2015-10,ripe,226.193.in-addr.arpa,unsign,8,,1,single delegation
2015-10,ripe,227.188.in-addr.arpa,unsign,5,,4,small group
2015-10,ripe,227.193.in-addr.arpa,unsign,5,,1,single delegation
2015-10,ripe,227.193.in-addr.arpa,unsign,8,,2,small group
2015-10,ripe,227.46.in-addr.arpa,unsign,5,,8,bulk
2015-10,ripe,229.94.in-addr.arpa,unsign,7,,2,small group
2015-10,ripe,232.91.in-addr.arpa,unsign,8,,1,single delegation
2015-10,ripe,233.109.in-addr.arpa,unsign,8,,8,bulk
2015-10,ripe,234.46.in-addr.arpa,unsign,8,,32,bulk
2015-10,ripe,235.37.in-addr.arpa,unsign,7,,8,bulk
2015-10,ripe,236.46.in-addr.arpa,unsign,8,,1,single delegation
2015-10,ripe,236.87.in-addr.arpa,unsign,7,,8,bulk
2015-10,ripe,236.91.in-addr.arpa,unsign,7,,1,single delegation
2015-10,ripe,237.91.in-addr.arpa,unsign,5,,4,small group
2015-10,ripe,237.91.in-addr.arpa,unsign,8,,2,small group
2015-10,ripe,238.195.in-addr.arpa,unsign,8,,2,small group
2015-10,ripe,239.91.in-addr.arpa,unsign,8,,2,small group
2015-10,ripe,24.78.in-addr.arpa,unsign,5,,8,bulk
2015-10,ripe,242.77.in-addr.arpa,unsign,7,,16,bulk
2015-10,ripe,246.77.in-addr.arpa,unsign,8,,16,bulk
2015-10,ripe,248.80.in-addr.arpa,unsign,8,,16,bulk
2015-10,ripe,25.185.in-addr.arpa,unsign,8,,2,small group
2015-10,ripe,25.81.in-addr.arpa,unsign,5,,8,bulk
2015-10,ripe,250.195.in-addr.arpa,unsign,5,,27,bulk
2015-10,ripe,255.178.in-addr.arpa,unsign,8,,8,bulk
2015-10,ripe,26.185.in-addr.arpa,unsign,5,,1,single delegation
2015-10,ripe,26.185.in-addr.arpa,unsign,8,,1,single delegation
2015-10,ripe,28.193.in-addr.arpa,unsign,8,,1,single delegation
2015-10,ripe,29.193.in-addr.arpa,unsign,5,,1,single delegation
2015-10,ripe,3.0.0.2.0.a.2.ip6.arpa,unsign,5,,1,single delegation
2015-10,ripe,3.6.0.1.0.a.2.ip6.arpa,unsign,8,,1,single delegation
2015-10,ripe,3.7.2.c.7.6.0.1.0.0.2.ip6.arpa,unsign,7,,1,single delegation
2015-10,ripe,3.b.2.2.0.a.2.ip6.arpa,unsign,8,,1,single delegation
2015-10,ripe,3.e164.arpa,unsign,8,,1,single delegation
2015-10,ripe,30.193.in-addr.arpa,unsign,8,,4,small group
2015-10,ripe,30.194.in-addr.arpa,unsign,5,,1,single delegation
2015-10,ripe,30.217.in-addr.arpa,unsign,8,,2,small group
2015-10,ripe,31.217.in-addr.arpa,unsign,10,,1,single delegation
2015-10,ripe,31.217.in-addr.arpa,unsign,5,,7,bulk
2015-10,ripe,31.31.in-addr.arpa,unsign,8,,1,single delegation
2015-10,ripe,34.185.in-addr.arpa,unsign,8,,4,small group
2015-10,ripe,34.193.in-addr.arpa,unsign,8,,2,small group
2015-10,ripe,35.185.in-addr.arpa,unsign,5,,4,small group
2015-10,ripe,35.185.in-addr.arpa,unsign,"8,12",,2,small group
2015-10,ripe,35.194.in-addr.arpa,unsign,8,,1,single delegation
2015-10,ripe,35.37.in-addr.arpa,unsign,8,,3,small group
2015-10,ripe,38.185.in-addr.arpa,unsign,8,,1,single delegation
2015-10,ripe,38.195.in-addr.arpa,unsign,5,,1,single delegation
2015-10,ripe,39.92.in-addr.arpa,unsign,5,,16,bulk
2015-10,ripe,4.0.1.4.0.a.2.ip6.arpa,unsign,8,,3,small group
2015-10,ripe,4.0.2.c.7.6.0.1.0.0.2.ip6.arpa,unsign,5,,1,single delegation
2015-10,ripe,4.2.1.c.7.6.0.1.0.0.2.ip6.arpa,unsign,5,,1,single delegation
2015-10,ripe,4.5.9.3.0.a.2.ip6.arpa,unsign,8,,1,single delegation
2015-10,ripe,4.6.8.0.0.a.2.ip6.arpa,unsign,5,,1,single delegation
2015-10,ripe,4.b.1.c.7.6.0.1.0.0.2.ip6.arpa,unsign,5,,4,small group
2015-10,ripe,4.e164.arpa,unsign,8,,1,single delegation
2015-10,ripe,43.195.in-addr.arpa,unsign,5,,2,small group
2015-10,ripe,43.195.in-addr.arpa,unsign,8,,1,single delegation
2015-10,ripe,44.62.in-addr.arpa,unsign,5,,1,single delegation
2015-10,ripe,45.212.in-addr.arpa,unsign,5,,1,single delegation
2015-10,ripe,47.185.in-addr.arpa,unsign,8,,5,bulk
2015-10,ripe,47.193.in-addr.arpa,unsign,5,,1,single delegation
2015-10,ripe,47.195.in-addr.arpa,unsign,5,,1,single delegation
2015-10,ripe,47.195.in-addr.arpa,unsign,8,,1,single delegation
2015-10,ripe,49.185.in-addr.arpa,unsign,8,,4,small group
2015-10,ripe,49.195.in-addr.arpa,unsign,8,,4,small group
2015-10,ripe,5.0.0.2.0.0.0.0.c.9.1.0.0.a.2.ip6.arpa,unsign,10,,1,single delegation
2015-10,ripe,5.0.0.a.0.0.0.0.8.1.0.2.0.a.2.ip6.arpa,unsign,8,,1,single delegation
2015-10,ripe,5.0.2.c.7.6.0.1.0.0.2.ip6.arpa,unsign,5,,1,single delegation
2015-10,ripe,5.1.0.2.0.a.2.ip6.arpa,unsign,8,,1,single delegation
2015-10,ripe,5.185.in-addr.arpa,unsign,8,,4,small group
2015-10,ripe,5.2.2.c.7.6.0.1.0.0.2.ip6.arpa,unsign,8,,1,single delegation
2015-10,ripe,5.3.e164.arpa,unsign,5,,1,single delegation
2015-10,ripe,5.7.0.c.7.6.0.1.0.0.2.ip6.arpa,unsign,8,,1,single delegation
2015-10,ripe,5.7.1.c.7.6.0.1.0.0.2.ip6.arpa,unsign,8,,1,single delegation
2015-10,ripe,50.185.in-addr.arpa,unsign,8,,1,single delegation
2015-10,ripe,50.194.in-addr.arpa,unsign,5,,1,single delegation
2015-10,ripe,51.185.in-addr.arpa,unsign,5,,1,single delegation
2015-10,ripe,54.185.in-addr.arpa,unsign,5,,4,small group
2015-10,ripe,54.212.in-addr.arpa,unsign,5,,7,bulk
2015-10,ripe,56.193.in-addr.arpa,unsign,8,,1,single delegation
2015-10,ripe,57.212.in-addr.arpa,unsign,8,,8,bulk
2015-10,ripe,59.185.in-addr.arpa,unsign,7,,4,small group
2015-10,ripe,59.185.in-addr.arpa,unsign,8,,4,small group
2015-10,ripe,6.0.0.8.7.6.0.1.0.0.2.ip6.arpa,unsign,8,,4,small group
2015-10,ripe,6.0.0.a.0.0.0.0.8.1.0.2.0.a.2.ip6.arpa,unsign,8,,1,single delegation
2015-10,ripe,6.0.0.c.7.6.0.1.0.0.2.ip6.arpa,unsign,5,,1,single delegation
2015-10,ripe,6.2.0.1.0.a.2.ip6.arpa,unsign,10,,1,single delegation
2015-10,ripe,6.2.0.c.7.6.0.1.0.0.2.ip6.arpa,unsign,5,,1,single delegation
2015-10,ripe,6.4.1.1.0.0.2.ip6.arpa,unsign,10,,1,single delegation
2015-10,ripe,6.5.0.1.0.a.2.ip6.arpa,unsign,8,,8,bulk
2015-10,ripe,6.e164.arpa,unsign,8,,1,single delegation
2015-10,ripe,60.37.in-addr.arpa,unsign,8,,8,bulk
2015-10,ripe,65.185.in-addr.arpa,unsign,5,,4,small group
2015-10,ripe,67.176.in-addr.arpa,unsign,8,,3,small group
2015-10,ripe,67.185.in-addr.arpa,unsign,8,,3,small group
2015-10,ripe,68.109.in-addr.arpa,unsign,5,,8,bulk
2015-10,ripe,68.185.in-addr.arpa,unsign,5,,4,small group
2015-10,ripe,68.193.in-addr.arpa,unsign,5,,179,bulk
2015-10,ripe,68.217.in-addr.arpa,unsign,5,,16,bulk
2015-10,ripe,68.80.in-addr.arpa,unsign,10,,6,bulk
2015-10,ripe,7.0.0.8.7.6.0.1.0.0.2.ip6.arpa,unsign,8,,2,small group
2015-10,ripe,7.2.0.c.7.6.0.1.0.0.2.ip6.arpa,unsign,8,,1,single delegation
2015-10,ripe,7.3.e164.arpa,unsign,5,,1,single delegation
2015-10,ripe,7.3.e164.arpa,unsign,7,,1,single delegation
2015-10,ripe,7.6.0.1.0.a.2.ip6.arpa,unsign,8,,8,bulk
2015-10,ripe,7.c.2.c.7.6.0.1.0.0.2.ip6.arpa,unsign,10,,3,small group
2015-10,ripe,7.d.2.c.7.6.0.1.0.0.2.ip6.arpa,unsign,5,,1,single delegation
2015-10,ripe,72.212.in-addr.arpa,unsign,8,,8,bulk
2015-10,ripe,73.213.in-addr.arpa,unsign,10,,1,single delegation
2015-10,ripe,73.77.in-addr.arpa,unsign,8,,8,bulk
2015-10,ripe,74.185.in-addr.arpa,unsign,7,,4,small group
2015-10,ripe,74.212.in-addr.arpa,unsign,5,,2,small group
2015-10,ripe,74.77.in-addr.arpa,unsign,8,,1,single delegation
2015-10,ripe,77.185.in-addr.arpa,unsign,5,,4,small group
2015-10,ripe,77.37.in-addr.arpa,unsign,5,,8,bulk
2015-10,ripe,78.in-addr.arpa,unsign,8,,1,single delegation
2015-10,ripe,8.0.0.8.f.7.0.1.0.0.2.ip6.arpa,unsign,8,,1,single delegation
2015-10,ripe,8.0.2.c.7.6.0.1.0.0.2.ip6.arpa,unsign,8,,1,single delegation
2015-10,ripe,8.2.0.c.7.6.0.1.0.0.2.ip6.arpa,unsign,8,,1,single delegation
2015-10,ripe,8.4.1.1.0.0.2.ip6.arpa,unsign,5,,1,single delegation
2015-10,ripe,8.46.in-addr.arpa,unsign,8,,11,bulk
2015-10,ripe,8.5.0.3.0.a.2.ip6.arpa,unsign,7,,1,single delegation
2015-10,ripe,8.5.1.c.7.6.0.1.0.0.2.ip6.arpa,unsign,5,,1,single delegation
2015-10,ripe,8.5.d.5.0.a.2.ip6.arpa,unsign,8,,1,single delegation
2015-10,ripe,8.9.2.c.7.6.0.1.0.0.2.ip6.arpa,unsign,8,,1,single delegation
2015-10,ripe,8.a.4.3.0.a.2.ip6.arpa,unsign,8,,1,single delegation
2015-10,ripe,80.95.in-addr.arpa,unsign,5,,64,bulk
2015-10,ripe,83.5.in-addr.arpa,unsign,8,,1,single delegation
2015-10,ripe,83.88.in-addr.arpa,unsign,7,,1,single delegation
2015-10,ripe,86.in-addr.arpa,unsign,8,,1,single delegation
2015-10,ripe,89.185.in-addr.arpa,unsign,8,,4,small group
2015-10,ripe,9.0.0.8.f.7.0.1.0.0.2.ip6.arpa,unsign,5,,1,single delegation
2015-10,ripe,9.1.1.0.0.a.2.ip6.arpa,unsign,8,,1,single delegation
2015-10,ripe,9.185.in-addr.arpa,unsign,8,,4,small group
2015-10,ripe,9.3.0.c.7.6.0.1.0.0.2.ip6.arpa,unsign,8,,1,single delegation
2015-10,ripe,9.4.0.1.0.a.2.ip6.arpa,unsign,10,,1,single delegation
2015-10,ripe,9.6.1.2.0.a.2.ip6.arpa,unsign,7,,1,single delegation
2015-10,ripe,9.8.1.c.7.6.0.1.0.0.2.ip6.arpa,unsign,5,,1,single delegation
2015-10,ripe,92.188.in-addr.arpa,unsign,7,,8,bulk
2015-10,ripe,94.188.in-addr.arpa,unsign,5,,8,bulk
2015-10,ripe,94.77.in-addr.arpa,unsign,8,,3,small group
2015-10,ripe,94.81.in-addr.arpa,unsign,8,,16,bulk
2015-10,ripe,94.93.in-addr.arpa,unsign,8,,8,bulk
2015-10,ripe,95.193.in-addr.arpa,unsign,8,,110,bulk
2015-10,ripe,95.195.in-addr.arpa,unsign,8,,1,single delegation
2015-10,ripe,95.80.in-addr.arpa,unsign,8,,4,small group
2015-10,ripe,96.185.in-addr.arpa,unsign,5,,8,bulk
2015-10,ripe,98.79.in-addr.arpa,unsign,8,,8,bulk
2015-10,ripe,99.185.in-addr.arpa,unsign,8,,1,single delegation
2015-10,ripe,a.0.f.2.0.a.2.ip6.arpa,unsign,10,,4,small group
2015-10,ripe,a.5.1.0.0.a.2.ip6.arpa,unsign,7,,1,single delegation
2015-10,ripe,a.6.6.2.0.a.2.ip6.arpa,unsign,7,,1,single delegation
2015-10,ripe,a.9.0.2.0.a.2.ip6.arpa,unsign,5,,1,single delegation
2015-10,ripe,a.c.4.1.0.0.2.ip6.arpa,unsign,8,,1,single delegation
2015-10,ripe,b.2.0.c.7.6.0.1.0.0.2.ip6.arpa,unsign,5,,1,single delegation
2015-10,ripe,b.6.2.c.7.6.0.1.0.0.2.ip6.arpa,unsign,10,,1,single delegation
2015-10,ripe,b.7.1.0.0.a.2.ip6.arpa,unsign,8,,1,single delegation
2015-10,ripe,c.3.6.3.0.a.2.ip6.arpa,unsign,7,,1,single delegation
2015-10,ripe,c.4.2.2.0.a.2.ip6.arpa,unsign,5,,1,single delegation
2015-10,ripe,c.5.7.1.0.a.2.ip6.arpa,unsign,5,,1,single delegation
2015-10,ripe,c.9.8.0.0.a.2.ip6.arpa,unsign,8,,1,single delegation
2015-10,ripe,c.d.c.2.0.a.2.ip6.arpa,unsign,8,,8,bulk
2015-10,ripe,c.d.d.3.0.a.2.ip6.arpa,unsign,8,,1,single delegation
2015-10,ripe,c.e.0.0.0.a.2.ip6.arpa,unsign,5,,1,single delegation
2015-10,ripe,d.0.0.1.0.a.2.ip6.arpa,unsign,5,,1,single delegation
2015-10,ripe,d.b.4.1.0.0.2.ip6.arpa,unsign,5,,1,single delegation
2015-10,ripe,e.0.0.c.7.6.0.1.0.0.2.ip6.arpa,unsign,5,,1,single delegation
2015-10,ripe,e.2.0.c.7.6.0.1.0.0.2.ip6.arpa,unsign,5,,1,single delegation
2015-10,ripe,e.2.2.3.0.a.2.ip6.arpa,unsign,8,,1,single delegation
2015-10,ripe,e.4.1.1.0.0.2.ip6.arpa,unsign,8,,1,single delegation
2015-10,ripe,e.6.0.2.0.a.2.ip6.arpa,unsign,8,,1,single delegation
2015-10,ripe,e.7.2.c.7.6.0.1.0.0.2.ip6.arpa,unsign,8,,1,single delegation
2015-10,ripe,e.8.0.1.0.0.2.ip6.arpa,unsign,5,,1,single delegation
2015-10,ripe,e.b.f.0.0.a.2.ip6.arpa,unsign,8,,1,single delegation
2015-10,ripe,e.d.1.0.0.a.2.ip6.arpa,unsign,8,,1,single delegation
2015-10,ripe,e.f.4.4.0.a.2.ip6.arpa,unsign,5,,4,small group
2015-10,ripe,f.4.2.2.0.a.2.ip6.arpa,unsign,8,,1,single delegation
2015-10,ripe,f.6.2.c.7.6.0.1.0.0.2.ip6.arpa,unsign,8,,1,single delegation
2015-10,ripe,f.7.0.1.0.0.2.ip6.arpa,unsign,5,,1,single delegation
2015-10,ripe,f.b.2.c.7.6.0.1.0.0.2.ip6.arpa,unsign,8,,1,single delegation
2015-11,afrinic,146.in-addr.arpa,sign,,8,1,single delegation
2015-11,apnic,220.in-addr.arpa,sign,,8,1,single delegation
2015-11,arin,0.0.c.b.d.0.0.0.2.6.2.ip6.arpa,sign,,5,1,single delegation
2015-11,arin,1.0.0.6.2.ip6.arpa,sign,,8,1,single delegation
2015-11,arin,146.in-addr.arpa,sign,,8,1,single delegation
2015-11,arin,150.192.in-addr.arpa,sign,,8,1,single delegation
2015-11,arin,64.in-addr.arpa,sign,,5,2,small group
2015-12,afrinic,192.196.in-addr.arpa,sign,,8,1,single delegation
2015-12,afrinic,9.0.0.8.f.3.4.1.0.0.2.ip6.arpa,sign,,8,1,single delegation
2015-12,afrinic,95.80.in-addr.arpa,unsign,8,,1,single delegation
2015-12,apnic,1.202.in-addr.arpa,sign,,8,1,single delegation
2015-12,apnic,10.103.in-addr.arpa,unsign,8,,1,single delegation
2015-12,apnic,192.in-addr.arpa,sign,,8,3,small group
2015-12,apnic,202.in-addr.arpa,sign,,8,64,bulk
2015-12,apnic,203.in-addr.arpa,sign,,8,12,bulk
2015-12,apnic,210.in-addr.arpa,sign,,8,80,bulk
2015-12,apnic,211.in-addr.arpa,sign,,8,36,bulk
2015-12,apnic,218.in-addr.arpa,sign,,8,25,bulk
2015-12,apnic,219.in-addr.arpa,sign,,8,40,bulk
2015-12,apnic,220.in-addr.arpa,sign,,8,29,bulk
2015-12,apnic,221.in-addr.arpa,sign,,8,8,bulk
2015-12,apnic,230.103.in-addr.arpa,sign,,7,1,single delegation
2015-12,apnic,61.in-addr.arpa,sign,,8,40,bulk
2015-12,apnic,9.d.0.1.0.0.2.ip6.arpa,sign,,8,1,single delegation
2015-12,arin,0.d.e.0.1.0.0.2.6.2.ip6.arpa,sign,,13,1,single delegation
2015-12,arin,131.192.in-addr.arpa,sign,,13,1,single delegation
2015-12,arin,167.in-addr.arpa,rollover,"7,8",7,1,single delegation
2015-12,arin,192.in-addr.arpa,sign,,8,3,small group
2015-12,arin,33.199.in-addr.arpa,sign,,8,2,small group
2016-01,apnic,0.0.0.8.e.d.0.1.0.0.2.ip6.arpa,sign,,8,1,single delegation
2016-01,apnic,119.203.in-addr.arpa,rollover,5,8,3,small group
2016-01,apnic,90.202.in-addr.arpa,sign,,8,1,single delegation
2016-01,arin,0.7.3.2.1.0.0.2.6.2.ip6.arpa,sign,,8,1,single delegation
2016-01,arin,128.in-addr.arpa,sign,,7,1,single delegation
2016-01,arin,131.in-addr.arpa,sign,,7,1,single delegation
2016-01,arin,160.192.in-addr.arpa,sign,,8,1,single delegation
2016-01,arin,241.199.in-addr.arpa,sign,,8,8,bulk
2016-01,arin,33.199.in-addr.arpa,unsign,8,,2,small group
2016-01,arin,7.199.in-addr.arpa,rollover,5,8,1,single delegation
2016-02,apnic,1.202.in-addr.arpa,unsign,8,,1,single delegation
2016-02,apnic,202.103.in-addr.arpa,sign,,8,1,single delegation
2016-02,apnic,48.103.in-addr.arpa,sign,,8,1,single delegation
2016-02,apnic,8.d.b.3.0.4.2.ip6.arpa,sign,,8,1,single delegation
2016-02,apnic,9.d.0.1.0.0.2.ip6.arpa,unsign,8,,1,single delegation
2016-02,arin,138.204.in-addr.arpa,sign,,8,1,single delegation
2016-02,arin,147.205.in-addr.arpa,rollover,5,8,2,small group
2016-02,arin,91.199.in-addr.arpa,rollover,5,8,1,single delegation
2016-02,arin,91.199.in-addr.arpa,sign,,8,3,small group
2016-04,afrinic,196.in-addr.arpa,sign,,8,1,single delegation
2016-04,afrinic,197.in-addr.arpa,sign,,8,2,small group
2016-04,afrinic,95.193.in-addr.arpa,sign,,8,13,bulk
2016-04,apnic,13.160.in-addr.arpa,sign,,8,1,single delegation
2016-04,apnic,165.163.in-addr.arpa,unsign,5,,1,single delegation
2016-04,apnic,211.103.in-addr.arpa,sign,,5,1,single delegation
2016-04,apnic,247.103.in-addr.arpa,sign,,8,1,single delegation
2016-04,apnic,31.115.in-addr.arpa,sign,,8,1,single delegation
2016-04,apnic,45.61.in-addr.arpa,unsign,5,,1,single delegation
2016-04,apnic,69.115.in-addr.arpa,sign,,8,1,single delegation
2016-04,arin,102.192.in-addr.arpa,sign,,8,1,single delegation
2016-04,arin,103.192.in-addr.arpa,sign,,8,1,single delegation
2016-04,arin,12.192.in-addr.arpa,rollover,5,"5,8,14",1,single delegation
2016-04,arin,128.in-addr.arpa,rollover,5,"5,8,14",3,small group
2016-04,arin,13.160.in-addr.arpa,sign,,8,1,single delegation
2016-04,arin,160.in-addr.arpa,sign,,8,1,single delegation
2016-04,arin,233.68.in-addr.arpa,sign,,7,1,single delegation
2016-04,arin,247.162.in-addr.arpa,unsign,8,,1,single delegation
2016-04,arin,4.f.f.f.2.0.6.2.ip6.arpa,sign,,5,1,single delegation
2016-04,arin,8.1.4.6.0.6.2.ip6.arpa,sign,,8,1,single delegation
2016-04,ripe,133.198.in-addr.arpa,sign,,8,1,single delegation
2016-04,ripe,147.in-addr.arpa,sign,,8,1,single delegation
2016-04,ripe,165.163.in-addr.arpa,unsign,5,,1,single delegation
2016-04,ripe,180.198.in-addr.arpa,sign,,8,4,small group
2016-04,ripe,83.192.in-addr.arpa,sign,,8,1,single delegation
2016-05,apnic,0.0.0.8.d.d.0.1.0.0.2.ip6.arpa,sign,,5,1,single delegation
2016-05,apnic,0.c.3.7.f.d.0.1.0.0.2.ip6.arpa,sign,,7,1,single delegation
2016-05,apnic,119.203.in-addr.arpa,unsign,8,,3,small group
2016-05,apnic,234.103.in-addr.arpa,sign,,7,4,small group
2016-05,arin,12.192.in-addr.arpa,rollover,"5,8,14","8,14",1,single delegation
2016-05,arin,128.in-addr.arpa,rollover,"5,8,14","8,14",3,small group
2016-05,arin,7.199.in-addr.arpa,unsign,8,,1,single delegation
2016-06,apnic,211.103.in-addr.arpa,unsign,5,,1,single delegation
2016-06,apnic,45.61.in-addr.arpa,unsign,5,,1,single delegation
2016-06,arin,174.23.in-addr.arpa,sign,,10,1,single delegation
2016-06,arin,76.192.in-addr.arpa,rollover,5,"5,8",1,single delegation
2016-06,arin,77.192.in-addr.arpa,sign,,8,1,single delegation
2016-06,arin,8.7.e.6.0.6.2.ip6.arpa,sign,,10,1,single delegation
2016-06,ripe,76.192.in-addr.arpa,rollover,5,"5,8",1,single delegation
2016-07,apnic,210.103.in-addr.arpa,sign,,8,4,small group
2016-07,arin,158.in-addr.arpa,sign,,8,2,small group
2016-07,arin,51.198.in-addr.arpa,sign,,8,2,small group
2016-07,ripe,158.in-addr.arpa,sign,,8,2,small group
2016-08,afrinic,150.213.in-addr.arpa,unsign,8,,1,single delegation
2016-08,afrinic,95.193.in-addr.arpa,unsign,8,,1,single delegation
2016-08,apnic,176.203.in-addr.arpa,unsign,5,,1,single delegation
2016-08,apnic,2.103.in-addr.arpa,sign,,8,1,single delegation
2016-08,arin,0.4.f.8.0.0.0.2.6.2.ip6.arpa,sign,,8,1,single delegation
2016-08,arin,130.in-addr.arpa,rollover,8,13,1,single delegation
2016-08,arin,152.in-addr.arpa,rollover,7,8,9,bulk
2016-08,arin,170.in-addr.arpa,sign,,8,1,single delegation
2016-08,arin,3.0.0.0.1.6.2.ip6.arpa,rollover,7,8,1,single delegation
2016-08,arin,59.64.in-addr.arpa,unsign,5,,32,bulk
2016-08,arin,62.204.in-addr.arpa,rollover,7,8,1,single delegation
2016-08,arin,a.3.f.f.2.0.6.2.ip6.arpa,sign,,8,1,single delegation
2016-08,ripe,130.in-addr.arpa,rollover,8,13,1,single delegation
2016-09,apnic,0.0.0.d.d.d.0.1.0.0.2.ip6.arpa,sign,,5,1,single delegation
2016-09,apnic,1.0.0.8.d.d.0.1.0.0.2.ip6.arpa,sign,,5,1,single delegation
2016-09,apnic,119.203.in-addr.arpa,sign,,5,2,small group
2016-09,arin,1.1.0.0.0.5.0.1.0.0.2.ip6.arpa,sign,,5,1,single delegation
2016-09,arin,160.192.in-addr.arpa,unsign,8,,1,single delegation
2016-09,arin,51.198.in-addr.arpa,rollover,7,8,1,single delegation
2016-10,apnic,2.103.in-addr.arpa,sign,,8,1,single delegation
2016-10,apnic,69.115.in-addr.arpa,sign,,8,7,bulk
2016-10,arin,163.198.in-addr.arpa,unsign,8,,1,single delegation
2016-10,arin,179.198.in-addr.arpa,unsign,8,,1,single delegation
2016-10,arin,182.216.in-addr.arpa,rollover,5,8,16,bulk
2016-10,arin,255.162.in-addr.arpa,sign,,5,4,small group
2016-10,arin,5.69.in-addr.arpa,unsign,8,,2,small group
2016-10,arin,59.64.in-addr.arpa,sign,,8,32,bulk
2016-10,arin,78.170.in-addr.arpa,sign,,5,4,small group
2016-10,lacnic,78.170.in-addr.arpa,sign,,5,4,small group
2016-11,afrinic,157.197.in-addr.arpa,sign,,8,11,bulk
2016-11,afrinic,78.41.in-addr.arpa,sign,,8,4,small group
2016-11,afrinic,9.a.f.f.0.c.2.ip6.arpa,sign,,8,1,single delegation
2016-11,apnic,0.0.0.8.c.2.0.4.2.ip6.arpa,sign,,8,1,single delegation
2016-11,apnic,0.c.0.2.0.4.2.ip6.arpa,sign,,13,1,single delegation
2016-11,apnic,125.202.in-addr.arpa,sign,,7,2,small group
2016-11,apnic,176.175.in-addr.arpa,sign,,13,1,single delegation
2016-11,apnic,b.0.0.8.c.2.0.4.2.ip6.arpa,sign,,8,1,single delegation
2016-11,apnic,f.0.0.8.c.2.0.4.2.ip6.arpa,sign,,8,1,single delegation
2016-11,arin,0.0.b.0.5.0.6.2.ip6.arpa,unsign,7,,1,single delegation
2016-11,arin,147.192.in-addr.arpa,sign,,13,1,single delegation
2016-11,arin,165.23.in-addr.arpa,sign,,8,1,single delegation
2016-11,arin,233.68.in-addr.arpa,unsign,7,,1,single delegation
2016-11,arin,8.0.b.7.0.6.2.ip6.arpa,sign,,8,1,single delegation
2016-12,apnic,101.203.in-addr.arpa,sign,,8,32,bulk
2016-12,apnic,112.203.in-addr.arpa,sign,,8,32,bulk
2016-12,apnic,125.in-addr.arpa,sign,,8,3,small group
2016-12,apnic,126.202.in-addr.arpa,sign,,8,64,bulk
2016-12,apnic,127.202.in-addr.arpa,sign,,8,16,bulk
2016-12,apnic,128.202.in-addr.arpa,sign,,8,32,bulk
2016-12,apnic,134.in-addr.arpa,sign,,8,1,single delegation
2016-12,apnic,159.134.in-addr.arpa,sign,,8,1,single delegation
2016-12,apnic,176.210.in-addr.arpa,sign,,8,48,bulk
2016-12,apnic,190.203.in-addr.arpa,sign,,8,32,bulk
2016-12,apnic,211.in-addr.arpa,sign,,8,1,single delegation
2016-12,apnic,40.202.in-addr.arpa,sign,,8,4,small group
2016-12,apnic,41.202.in-addr.arpa,sign,,8,16,bulk
2016-12,apnic,47.202.in-addr.arpa,sign,,8,32,bulk
2016-12,apnic,57.210.in-addr.arpa,sign,,8,208,bulk
2016-12,apnic,79.202.in-addr.arpa,sign,,8,64,bulk
2016-12,apnic,84.202.in-addr.arpa,sign,,8,127,bulk
2016-12,arin,0.0.c.b.d.0.0.0.2.6.2.ip6.arpa,rollover,5,8,1,single delegation
2016-12,arin,134.in-addr.arpa,sign,,8,1,single delegation
2016-12,arin,147.in-addr.arpa,sign,,"7,8,10",1,single delegation
2016-12,arin,159.134.in-addr.arpa,sign,,8,1,single delegation
2016-12,arin,76.192.in-addr.arpa,rollover,"5,8",8,1,single delegation
2016-12,ripe,147.in-addr.arpa,sign,,"7,8,10",1,single delegation
2016-12,ripe,76.192.in-addr.arpa,rollover,"5,8",8,1,single delegation
2017-01,afrinic,157.197.in-addr.arpa,sign,,8,18,bulk
2017-01,apnic,0.0.0.b.e.d.0.1.0.0.2.ip6.arpa,sign,,8,1,single delegation
2017-01,apnic,1.in-addr.arpa,sign,,8,17,bulk
2017-01,apnic,110.in-addr.arpa,sign,,8,3,small group
2017-01,apnic,111.in-addr.arpa,sign,,8,2,small group
2017-01,apnic,112.in-addr.arpa,sign,,8,7,bulk
2017-01,apnic,115.in-addr.arpa,sign,,8,2,small group
2017-01,apnic,116.in-addr.arpa,sign,,8,6,bulk
2017-01,apnic,118.in-addr.arpa,sign,,8,17,bulk
2017-01,apnic,119.in-addr.arpa,sign,,8,16,bulk
2017-01,apnic,121.in-addr.arpa,sign,,8,1,single delegation
2017-01,apnic,123.27.in-addr.arpa,unsign,8,,7,bulk
2017-01,apnic,123.in-addr.arpa,sign,,8,17,bulk
2017-01,apnic,124.27.in-addr.arpa,unsign,8,,16,bulk
2017-01,apnic,124.in-addr.arpa,sign,,8,8,bulk
2017-01,apnic,125.in-addr.arpa,sign,,8,23,bulk
2017-01,apnic,14.in-addr.arpa,sign,,8,34,bulk
2017-01,apnic,159.203.in-addr.arpa,sign,,8,4,small group
2017-01,apnic,170.203.in-addr.arpa,unsign,8,,8,bulk
2017-01,apnic,175.in-addr.arpa,sign,,8,37,bulk
2017-01,apnic,180.in-addr.arpa,sign,,8,12,bulk
2017-01,apnic,182.in-addr.arpa,sign,,8,11,bulk
2017-01,apnic,183.in-addr.arpa,sign,,8,16,bulk
2017-01,apnic,203.in-addr.arpa,sign,,8,3,small group
2017-01,apnic,210.in-addr.arpa,sign,,8,2,small group
2017-01,apnic,211.in-addr.arpa,sign,,8,10,bulk
2017-01,apnic,219.in-addr.arpa,sign,,8,1,single delegation
2017-01,apnic,220.in-addr.arpa,sign,,8,4,small group
2017-01,apnic,221.in-addr.arpa,sign,,8,1,single delegation
2017-01,apnic,222.in-addr.arpa,sign,,8,1,single delegation
2017-01,apnic,223.in-addr.arpa,sign,,8,9,bulk
2017-01,apnic,226.103.in-addr.arpa,unsign,8,,4,small group
2017-01,apnic,243.43.in-addr.arpa,unsign,8,,4,small group
2017-01,apnic,250.103.in-addr.arpa,unsign,8,,4,small group
2017-01,apnic,250.43.in-addr.arpa,unsign,8,,4,small group
2017-01,apnic,254.103.in-addr.arpa,unsign,8,,4,small group
2017-01,apnic,27.in-addr.arpa,sign,,8,28,bulk
2017-01,apnic,47.163.in-addr.arpa,unsign,8,,4,small group
2017-01,apnic,49.in-addr.arpa,sign,,8,1,single delegation
2017-01,apnic,54.27.in-addr.arpa,unsign,8,,16,bulk
2017-01,apnic,58.in-addr.arpa,sign,,8,3,small group
2017-01,apnic,59.in-addr.arpa,sign,,8,1,single delegation
2017-01,apnic,60.in-addr.arpa,sign,,8,1,single delegation
2017-01,apnic,61.in-addr.arpa,sign,,8,2,small group
2017-01,arin,139.192.in-addr.arpa,sign,,10,1,single delegation
2017-01,arin,78.170.in-addr.arpa,unsign,5,,4,small group
2017-01,lacnic,78.170.in-addr.arpa,unsign,5,,4,small group
2017-02,apnic,0.0.3.0.0.4.2.ip6.arpa,sign,,8,1,single delegation
2017-02,apnic,210.103.in-addr.arpa,unsign,8,,4,small group
2017-02,apnic,61.103.in-addr.arpa,sign,,8,4,small group
2017-02,arin,1.8.f.7.0.6.2.ip6.arpa,sign,,8,1,single delegation
2017-02,arin,10.199.in-addr.arpa,sign,,8,5,bulk
2017-02,arin,114.199.in-addr.arpa,sign,,8,26,bulk
2017-02,arin,126.149.in-addr.arpa,sign,,8,3,small group
2017-02,arin,170.in-addr.arpa,sign,,8,1,single delegation
2017-02,lacnic,170.in-addr.arpa,sign,,8,1,single delegation
2017-02,ripe,126.149.in-addr.arpa,sign,,8,3,small group
2017-03,afrinic,235.105.in-addr.arpa,sign,,7,1,single delegation
2017-03,arin,146.192.in-addr.arpa,rollover,10,"10,13",1,single delegation
2017-03,arin,249.199.in-addr.arpa,unsign,8,,1,single delegation
2017-03,arin,5.e.0.0.0.0.0.0.2.6.2.ip6.arpa,unsign,8,,1,single delegation
2017-03,arin,94.192.in-addr.arpa,sign,,8,1,single delegation
2017-03,arin,e.0.0.0.0.0.0.2.6.2.ip6.arpa,sign,,8,1,single delegation
2017-03,ripe,146.192.in-addr.arpa,rollover,10,"10,13",1,single delegation
2017-04,afrinic,b.a.f.f.0.c.2.ip6.arpa,sign,,8,1,single delegation
2017-04,apnic,0.c.3.7.f.d.0.1.0.0.2.ip6.arpa,unsign,7,,1,single delegation
2017-04,apnic,234.103.in-addr.arpa,unsign,7,,4,small group
2017-04,arin,0.c.1.6.0.6.2.ip6.arpa,sign,,7,1,single delegation
2017-04,arin,102.192.in-addr.arpa,unsign,8,,1,single delegation
2017-04,arin,110.65.in-addr.arpa,rollover,8,5,32,bulk
2017-04,arin,113.64.in-addr.arpa,rollover,8,5,32,bulk
2017-04,arin,12.192.in-addr.arpa,sign,,5,1,single delegation
2017-04,arin,128.in-addr.arpa,sign,,5,1,single delegation
2017-04,arin,129.in-addr.arpa,rollover,8,5,1,single delegation
2017-04,arin,134.in-addr.arpa,rollover,7,8,1,single delegation
2017-04,arin,181.198.in-addr.arpa,sign,,5,1,single delegation
2017-04,arin,188.192.in-addr.arpa,rollover,8,5,5,bulk
2017-04,arin,201.199.in-addr.arpa,sign,,8,1,single delegation
2017-04,arin,237.205.in-addr.arpa,rollover,8,5,16,bulk
2017-04,arin,245.192.in-addr.arpa,rollover,8,5,1,single delegation
2017-04,arin,6.f.0.1.0.0.2.6.2.ip6.arpa,sign,,5,1,single delegation
2017-04,arin,82.208.in-addr.arpa,sign,,8,4,small group
2017-05,afrinic,11.196.in-addr.arpa,sign,,8,1,single delegation
2017-05,afrinic,216.196.in-addr.arpa,sign,,8,1,single delegation
2017-05,apnic,2.103.in-addr.arpa,sign,,8,2,small group
2017-05,apnic,230.103.in-addr.arpa,unsign,7,,1,single delegation
2017-05,apnic,56.103.in-addr.arpa,unsign,5,,4,small group
2017-05,arin,0.0.0.0.0.5.0.1.0.0.2.ip6.arpa,sign,,8,1,single delegation
2017-05,arin,0.192.in-addr.arpa,sign,,8,16,bulk
2017-05,arin,146.in-addr.arpa,sign,,8,1,single delegation
2017-05,arin,253.199.in-addr.arpa,sign,,8,2,small group
2017-05,arin,3.8.2.0.0.0.0.0.2.6.2.ip6.arpa,sign,,8,1,single delegation
2017-05,arin,4.199.in-addr.arpa,sign,,8,5,bulk
2017-05,arin,43.199.in-addr.arpa,sign,,8,4,small group
2017-05,arin,7.199.in-addr.arpa,sign,,8,4,small group
2017-05,arin,77.208.in-addr.arpa,sign,,8,4,small group
2017-05,arin,8.0.0.0.0.5.0.1.0.0.2.ip6.arpa,sign,,8,4,small group
2017-05,arin,b.2.2.0.0.0.0.0.2.6.2.ip6.arpa,sign,,8,1,single delegation
2017-05,arin,d.2.0.0.0.0.0.0.2.6.2.ip6.arpa,sign,,8,1,single delegation
2017-05,arin,d.e.2.0.0.0.0.0.2.6.2.ip6.arpa,sign,,8,1,single delegation
2017-05,arin,e.e.2.0.0.0.0.0.2.6.2.ip6.arpa,sign,,8,1,single delegation
2017-05,ripe,146.in-addr.arpa,sign,,8,1,single delegation
2017-06,apnic,176.203.in-addr.arpa,sign,,5,1,single delegation
2017-06,arin,0.c.1.6.0.6.2.ip6.arpa,rollover,7,8,1,single delegation
2017-06,arin,110.65.in-addr.arpa,rollover,5,7,32,bulk
2017-06,arin,113.64.in-addr.arpa,rollover,5,7,32,bulk
2017-06,arin,129.in-addr.arpa,rollover,5,7,1,single delegation
2017-06,arin,188.192.in-addr.arpa,rollover,5,7,5,bulk
2017-06,arin,237.205.in-addr.arpa,rollover,5,7,16,bulk
2017-06,arin,245.192.in-addr.arpa,rollover,5,7,1,single delegation
2017-07,afrinic,90.165.in-addr.arpa,sign,,7,1,single delegation
2017-07,apnic,0.e.6.7.0.4.2.ip6.arpa,sign,,8,1,single delegation
2017-07,arin,0.0.0.3.0.1.0.0.2.6.2.ip6.arpa,sign,,7,8,bulk
2017-07,arin,107.97.in-addr.arpa,sign,,10,4,small group
2017-07,arin,147.205.in-addr.arpa,unsign,8,,1,single delegation
2017-07,arin,155.192.in-addr.arpa,sign,,7,60,bulk
2017-07,arin,170.in-addr.arpa,unsign,8,,1,single delegation
2017-07,arin,220.206.in-addr.arpa,sign,,10,4,small group
2017-07,arin,44.192.in-addr.arpa,unsign,5,,1,single delegation
2017-07,arin,5.2.f.f.2.0.6.2.ip6.arpa,sign,,10,1,single delegation
2017-07,arin,71.198.in-addr.arpa,sign,,7,12,bulk
2017-07,arin,90.165.in-addr.arpa,sign,,7,1,single delegation
2017-07,arin,c.e.4.4.0.6.2.ip6.arpa,sign,,8,1,single delegation
2017-07,lacnic,170.in-addr.arpa,unsign,8,,1,single delegation
2017-07,ripe,44.192.in-addr.arpa,unsign,5,,1,single delegation
2017-08,apnic,22.202.in-addr.arpa,sign,,8,1,single delegation
2017-08,apnic,241.43.in-addr.arpa,sign,,8,4,small group
2017-08,apnic,29.103.in-addr.arpa,sign,,8,3,small group
2017-08,arin,0.4.8.9.0.0.0.2.6.2.ip6.arpa,unsign,8,,1,single delegation
2017-08,arin,131.23.in-addr.arpa,sign,,8,1,single delegation
2017-08,arin,184.64.in-addr.arpa,sign,,13,1,single delegation
2017-08,arin,195.192.in-addr.arpa,unsign,8,,1,single delegation
2017-08,arin,215.205.in-addr.arpa,sign,,8,1,single delegation
2017-08,arin,4.f.f.f.2.0.6.2.ip6.arpa,unsign,5,,1,single delegation
2017-08,arin,60.139.in-addr.arpa,sign,,8,4,small group
2017-08,arin,67.192.in-addr.arpa,unsign,8,,1,single delegation
2017-08,arin,84.192.in-addr.arpa,sign,,8,1,single delegation
2017-08,arin,c.5.5.4.0.6.2.ip6.arpa,sign,,13,1,single delegation
2017-08,arin,f.f.f.2.0.6.2.ip6.arpa,sign,,5,1,single delegation
2017-09,apnic,0.4.e.2.f.d.0.1.0.0.2.ip6.arpa,sign,,13,1,single delegation
2017-09,apnic,0.9.a.6.0.4.2.ip6.arpa,sign,,5,1,single delegation
2017-09,apnic,0.c.4.7.0.4.2.ip6.arpa,sign,,13,1,single delegation
2017-09,apnic,0.f.3.5.0.4.2.ip6.arpa,sign,,13,2,small group
2017-09,apnic,123.27.in-addr.arpa,sign,,13,8,bulk
2017-09,apnic,124.27.in-addr.arpa,sign,,13,16,bulk
2017-09,apnic,170.203.in-addr.arpa,sign,,13,8,bulk
2017-09,apnic,20.103.in-addr.arpa,sign,,13,4,small group
2017-09,apnic,201.122.in-addr.arpa,sign,,13,63,bulk
2017-09,apnic,226.103.in-addr.arpa,sign,,13,4,small group
2017-09,apnic,24.103.in-addr.arpa,sign,,5,4,small group
2017-09,apnic,243.43.in-addr.arpa,sign,,13,4,small group
2017-09,apnic,250.103.in-addr.arpa,sign,,13,4,small group
2017-09,apnic,250.43.in-addr.arpa,sign,,13,4,small group
2017-09,apnic,254.103.in-addr.arpa,sign,,13,4,small group
2017-09,apnic,4.2.8.0.0.4.2.ip6.arpa,sign,,13,1,single delegation
2017-09,apnic,47.163.in-addr.arpa,sign,,13,4,small group
2017-09,apnic,52.103.in-addr.arpa,sign,,13,1,single delegation
2017-09,apnic,54.27.in-addr.arpa,sign,,13,16,bulk
2017-09,apnic,67.103.in-addr.arpa,sign,,13,3,small group
2017-09,apnic,68.103.in-addr.arpa,sign,,13,4,small group
2017-09,apnic,8.2.8.4.0.4.2.ip6.arpa,sign,,13,1,single delegation
2017-09,apnic,8.d.6.0.0.4.2.ip6.arpa,sign,,13,1,single delegation
2017-09,apnic,8.f.d.5.0.4.2.ip6.arpa,sign,,13,1,single delegation
2017-09,arin,103.199.in-addr.arpa,sign,,8,4,small group
2017-09,arin,123.74.in-addr.arpa,sign,,8,8,bulk
2017-09,arin,129.23.in-addr.arpa,sign,,8,1,single delegation
2017-09,arin,153.204.in-addr.arpa,sign,,7,4,small group
2017-09,arin,165.23.in-addr.arpa,unsign,8,,1,single delegation
2017-09,arin,170.in-addr.arpa,sign,,8,1,single delegation
2017-09,arin,191.64.in-addr.arpa,sign,,7,4,small group
2017-09,arin,5.199.in-addr.arpa,sign,,5,1,single delegation
2017-09,arin,72.76.in-addr.arpa,sign,,8,16,bulk
2017-09,arin,8.0.b.7.0.6.2.ip6.arpa,unsign,8,,1,single delegation
2017-09,arin,8.2.3.6.0.6.2.ip6.arpa,sign,,7,1,single delegation
2017-09,arin,a.0.0.0.0.5.0.1.0.0.2.ip6.arpa,sign,,5,1,single delegation
2017-09,arin,c.8.1.0.0.2.6.2.ip6.arpa,sign,,8,1,single delegation
2017-10,afrinic,160.164.in-addr.arpa,sign,,7,2,small group
2017-10,apnic,156.203.in-addr.arpa,sign,,13,1,single delegation
2017-10,arin,160.164.in-addr.arpa,sign,,7,2,small group
2017-10,lacnic,170.in-addr.arpa,sign,,8,1,single delegation
2017-11,apnic,176.203.in-addr.arpa,unsign,5,,1,single delegation
2017-11,apnic,201.122.in-addr.arpa,sign,,13,1,single delegation
2017-11,arin,107.192.in-addr.arpa,sign,,7,1,single delegation
2017-11,arin,134.23.in-addr.arpa,sign,,13,1,single delegation
2017-11,arin,174.23.in-addr.arpa,unsign,10,,1,single delegation
2017-11,arin,59.148.in-addr.arpa,sign,,7,1,single delegation
2017-11,arin,c.1.f.f.2.0.6.2.ip6.arpa,sign,,7,1,single delegation
2017-12,afrinic,160.in-addr.arpa,unsign,8,,1,single delegation
2017-12,apnic,0.116.in-addr.arpa,sign,,13,8,bulk
2017-12,arin,0.0.e.7.3.0.0.0.2.6.2.ip6.arpa,sign,,5,1,single delegation
2017-12,arin,159.in-addr.arpa,sign,,8,1,single delegation
2017-12,arin,160.in-addr.arpa,unsign,8,,1,single delegation
2017-12,arin,180.199.in-addr.arpa,sign,,5,1,single delegation
2017-12,arin,83.192.in-addr.arpa,rollover,8,13,1,single delegation
2017-12,ripe,159.in-addr.arpa,sign,,8,1,single delegation
2018-01,afrinic,160.164.in-addr.arpa,sign,,7,1,single delegation
2018-01,apnic,0.0.0.8.e.d.0.1.0.0.2.ip6.arpa,unsign,8,,1,single delegation
2018-01,apnic,0.0.3.0.0.4.2.ip6.arpa,unsign,8,,1,single delegation
2018-01,apnic,61.103.in-addr.arpa,unsign,8,,4,small group
2018-01,arin,0.0.6.d.3.0.0.0.2.6.2.ip6.arpa,sign,,8,1,single delegation
2018-01,arin,114.199.in-addr.arpa,unsign,8,,1,single delegation
2018-01,arin,137.198.in-addr.arpa,sign,,7,2,small group
2018-01,arin,156.192.in-addr.arpa,sign,,5,1,single delegation
2018-01,arin,160.164.in-addr.arpa,sign,,7,1,single delegation
2018-01,arin,160.23.in-addr.arpa,sign,,8,1,single delegation
2018-01,arin,229.45.in-addr.arpa,sign,,7,3,small group
2018-01,arin,54.198.in-addr.arpa,sign,,8,2,small group
2018-01,arin,6.a.e.f.2.0.6.2.ip6.arpa,sign,,8,1,single delegation
2018-01,lacnic,229.45.in-addr.arpa,sign,,7,3,small group
2018-02,afrinic,94.192.in-addr.arpa,unsign,8,,1,single delegation
2018-02,afrinic,96.192.in-addr.arpa,unsign,8,,7,bulk
2018-02,apnic,111.27.in-addr.arpa,sign,,13,11,bulk
2018-02,apnic,17.203.in-addr.arpa,sign,,13,1,single delegation
2018-02,apnic,22.203.in-addr.arpa,sign,,8,1,single delegation
2018-02,apnic,24.203.in-addr.arpa,sign,,8,1,single delegation
2018-02,apnic,26.203.in-addr.arpa,sign,,13,1,single delegation
2018-02,apnic,26.203.in-addr.arpa,sign,,8,2,small group
2018-02,apnic,28.203.in-addr.arpa,sign,,13,3,small group
2018-02,apnic,55.203.in-addr.arpa,sign,,8,2,small group
2018-02,apnic,90.202.in-addr.arpa,unsign,8,,1,single delegation
2018-02,arin,138.in-addr.arpa,sign,,8,1,single delegation
2018-02,arin,147.in-addr.arpa,rollover,"7,8,10",8,1,single delegation
2018-02,arin,229.45.in-addr.arpa,sign,,7,1,single delegation
2018-02,arin,229.45.in-addr.arpa,unsign,7,,2,small group
2018-02,arin,59.148.in-addr.arpa,sign,,8,2,small group
2018-02,arin,94.192.in-addr.arpa,unsign,8,,1,single delegation
2018-02,arin,96.192.in-addr.arpa,unsign,8,,7,bulk
2018-02,lacnic,229.45.in-addr.arpa,sign,,7,1,single delegation
2018-02,lacnic,229.45.in-addr.arpa,unsign,7,,2,small group
2018-02,ripe,138.in-addr.arpa,sign,,8,1,single delegation
2018-02,ripe,147.in-addr.arpa,rollover,"7,8,10",8,1,single delegation
2018-03,apnic,0.f.a.2.0.4.2.ip6.arpa,sign,,13,1,single delegation
2018-03,apnic,10.203.in-addr.arpa,sign,,13,4,small group
2018-03,apnic,146.202.in-addr.arpa,sign,,13,8,bulk
2018-03,apnic,28.103.in-addr.arpa,sign,,13,4,small group
2018-03,apnic,4.1.b.1.0.4.2.ip6.arpa,sign,,8,1,single delegation
2018-03,apnic,46.202.in-addr.arpa,unsign,8,,11,bulk
2018-03,apnic,79.202.in-addr.arpa,unsign,8,,32,bulk
2018-03,apnic,99.103.in-addr.arpa,sign,,8,4,small group
2018-03,apnic,c.d.0.1.0.0.2.ip6.arpa,unsign,8,,1,single delegation
2018-03,arin,114.199.in-addr.arpa,sign,,8,1,single delegation
2018-03,arin,166.205.in-addr.arpa,sign,,8,1,single delegation
2018-03,arin,207.in-addr.arpa,sign,,7,1,single delegation
2018-03,arin,229.45.in-addr.arpa,sign,,7,1,single delegation
2018-03,arin,229.45.in-addr.arpa,unsign,7,,1,single delegation
2018-03,arin,48.192.in-addr.arpa,rollover,5,8,2,small group
2018-03,arin,66.in-addr.arpa,sign,,7,1,single delegation
2018-03,arin,67.in-addr.arpa,sign,,7,1,single delegation
2018-03,lacnic,229.45.in-addr.arpa,sign,,7,2,small group
2018-03,lacnic,229.45.in-addr.arpa,unsign,7,,1,single delegation
2018-04,apnic,31.103.in-addr.arpa,sign,,7,2,small group
2018-04,apnic,8.8.9.2.0.4.2.ip6.arpa,sign,,7,1,single delegation
2018-04,arin,0.0.6.5.4.0.0.0.2.6.2.ip6.arpa,sign,,7,1,single delegation
2018-04,arin,128.23.in-addr.arpa,sign,,8,1,single delegation
2018-04,arin,207.in-addr.arpa,unsign,7,,1,single delegation
2018-04,arin,229.45.in-addr.arpa,sign,,7,1,single delegation
2018-04,arin,229.45.in-addr.arpa,unsign,7,,1,single delegation
2018-04,arin,3.d.e.f.2.0.6.2.ip6.arpa,sign,,8,1,single delegation
2018-04,arin,59.148.in-addr.arpa,rollover,7,8,1,single delegation
2018-04,arin,67.in-addr.arpa,unsign,7,,1,single delegation
2018-04,lacnic,229.45.in-addr.arpa,sign,,7,1,single delegation
2018-04,lacnic,229.45.in-addr.arpa,unsign,7,,1,single delegation
2018-05,afrinic,94.192.in-addr.arpa,sign,,8,1,single delegation
2018-05,afrinic,96.192.in-addr.arpa,sign,,8,7,bulk
2018-05,apnic,0.2.2.7.0.4.2.ip6.arpa,sign,,13,1,single delegation
2018-05,apnic,0.b.c.3.0.4.2.ip6.arpa,sign,,13,1,single delegation
2018-05,apnic,110.103.in-addr.arpa,sign,,8,3,small group
2018-05,apnic,113.103.in-addr.arpa,sign,,8,1,single delegation
2018-05,apnic,119.203.in-addr.arpa,unsign,5,,2,small group
2018-05,apnic,4.b.c.2.0.4.2.ip6.arpa,sign,,13,1,single delegation
2018-05,apnic,79.202.in-addr.arpa,unsign,8,,32,bulk
2018-05,apnic,97.103.in-addr.arpa,sign,,13,1,single delegation
2018-05,apnic,99.103.in-addr.arpa,sign,,8,1,single delegation
2018-05,arin,107.192.in-addr.arpa,rollover,7,8,1,single delegation
2018-05,arin,128.23.in-addr.arpa,rollover,8,13,1,single delegation
2018-05,arin,131.23.in-addr.arpa,sign,,8,1,single delegation
2018-05,arin,149.in-addr.arpa,unsign,5,,1,single delegation
2018-05,arin,20.149.in-addr.arpa,sign,,5,8,bulk
2018-05,arin,229.45.in-addr.arpa,sign,,7,2,small group
2018-05,arin,229.45.in-addr.arpa,unsign,7,,1,single delegation
2018-05,arin,3.d.e.f.2.0.6.2.ip6.arpa,rollover,8,13,1,single delegation
2018-05,arin,4.c.b.4.0.6.2.ip6.arpa,sign,,7,1,single delegation
2018-05,arin,55.192.in-addr.arpa,unsign,7,,1,single delegation
2018-05,arin,85.66.in-addr.arpa,sign,,8,1,single delegation
2018-05,arin,94.192.in-addr.arpa,sign,,8,1,single delegation
2018-05,arin,96.192.in-addr.arpa,sign,,8,7,bulk
2018-05,arin,f.6.f.f.2.0.6.2.ip6.arpa,sign,,8,1,single delegation
2018-05,lacnic,229.45.in-addr.arpa,sign,,7,1,single delegation
2018-05,lacnic,229.45.in-addr.arpa,unsign,7,,1,single delegation
2018-06,afrinic,95.193.in-addr.arpa,unsign,8,,1,single delegation
2018-06,apnic,0.8.5.3.0.4.2.ip6.arpa,sign,,13,1,single delegation
2018-06,apnic,100.101.in-addr.arpa,sign,,13,64,bulk
2018-06,apnic,11.103.in-addr.arpa,sign,,13,4,small group
2018-06,apnic,142.202.in-addr.arpa,sign,,13,3,small group
2018-06,apnic,15.103.in-addr.arpa,sign,,13,4,small group
2018-06,apnic,150.180.in-addr.arpa,sign,,13,3,small group
2018-06,apnic,153.202.in-addr.arpa,sign,,13,1,single delegation
2018-06,apnic,200.121.in-addr.arpa,sign,,13,1,single delegation
2018-06,apnic,235.111.in-addr.arpa,sign,,13,4,small group
2018-06,apnic,245.103.in-addr.arpa,sign,,13,4,small group
2018-06,apnic,245.43.in-addr.arpa,sign,,13,12,bulk
2018-06,apnic,245.61.in-addr.arpa,sign,,13,6,bulk
2018-06,apnic,31.119.in-addr.arpa,sign,,13,8,bulk
2018-06,apnic,9.103.in-addr.arpa,sign,,13,4,small group
2018-06,arin,0.d.c.4.0.6.2.ip6.arpa,sign,,8,1,single delegation
2018-06,arin,235.23.in-addr.arpa,sign,,13,16,bulk
2018-06,arin,8.2.e.7.0.6.2.ip6.arpa,sign,,13,1,single delegation
2018-06,arin,89.208.in-addr.arpa,sign,,8,1,single delegation
2018-07,apnic,0.9.a.6.0.4.2.ip6.arpa,unsign,5,,1,single delegation
2018-07,apnic,24.103.in-addr.arpa,unsign,5,,4,small group
2018-07,apnic,c.7.b.2.0.4.2.ip6.arpa,sign,,8,1,single delegation
2018-07,arin,0.5.9.3.1.0.0.2.6.2.ip6.arpa,sign,,13,1,single delegation
2018-07,arin,0.f.9.6.0.6.2.ip6.arpa,sign,,7,1,single delegation
2018-07,arin,103.199.in-addr.arpa,unsign,8,,4,small group
2018-07,arin,11.204.in-addr.arpa,sign,,7,8,bulk
2018-07,arin,119.66.in-addr.arpa,sign,,7,4,small group
2018-07,arin,123.74.in-addr.arpa,unsign,8,,8,bulk
2018-07,arin,131.in-addr.arpa,sign,,8,1,single delegation
2018-07,arin,150.192.in-addr.arpa,sign,,7,1,single delegation
2018-07,arin,165.in-addr.arpa,sign,,8,1,single delegation
2018-07,arin,169.192.in-addr.arpa,sign,,7,4,small group
2018-07,arin,199.in-addr.arpa,sign,,8,4,small group
2018-07,arin,253.162.in-addr.arpa,sign,,7,4,small group
2018-07,arin,4.7.3.1.0.0.2.6.2.ip6.arpa,sign,,8,1,single delegation
2018-07,arin,65.208.in-addr.arpa,sign,,7,4,small group
2018-07,arin,65.68.in-addr.arpa,sign,,7,4,small group
2018-07,arin,72.76.in-addr.arpa,unsign,8,,16,bulk
2018-07,arin,74.208.in-addr.arpa,sign,,7,8,bulk
2018-07,arin,8.8.0.7.0.6.2.ip6.arpa,sign,,13,1,single delegation
2018-07,arin,84.135.in-addr.arpa,sign,,7,6,bulk
2018-08,apnic,110.103.in-addr.arpa,unsign,8,,3,small group
2018-08,apnic,99.103.in-addr.arpa,unsign,8,,1,single delegation
2018-08,arin,128.in-addr.arpa,sign,,8,1,single delegation
2018-08,arin,188.192.in-addr.arpa,sign,,14,1,single delegation
2018-08,arin,198.in-addr.arpa,sign,,14,4,small group
2018-09,apnic,0.4.e.2.f.d.0.1.0.0.2.ip6.arpa,unsign,13,,1,single delegation
2018-09,apnic,35.103.in-addr.arpa,sign,,13,4,small group
2018-09,apnic,8.f.c.2.0.4.2.ip6.arpa,sign,,13,1,single delegation
2018-09,arin,119.64.in-addr.arpa,sign,,7,16,bulk
2018-09,arin,133.198.in-addr.arpa,unsign,8,,1,single delegation
2018-09,arin,135.192.in-addr.arpa,sign,,13,1,single delegation
2018-09,arin,147.192.in-addr.arpa,sign,,7,1,single delegation
2018-09,arin,198.in-addr.arpa,sign,,14,4,small group
2018-09,arin,211.162.in-addr.arpa,sign,,7,4,small group
2018-09,arin,212.67.in-addr.arpa,sign,,7,16,bulk
2018-09,arin,26.199.in-addr.arpa,sign,,13,8,bulk
2018-09,arin,4.d.4.0.0.0.2.6.2.ip6.arpa,sign,,13,1,single delegation
2018-09,arin,85.66.in-addr.arpa,sign,,7,1,single delegation
2018-09,arin,88.192.in-addr.arpa,sign,,7,1,single delegation
2018-09,ripe,133.198.in-addr.arpa,unsign,8,,1,single delegation
2018-10,apnic,114.103.in-addr.arpa,sign,,8,1,single delegation
2018-10,apnic,47.163.in-addr.arpa,rollover,8,13,4,small group
2018-10,arin,0.5.9.3.1.0.0.2.6.2.ip6.arpa,unsign,13,,1,single delegation
2018-10,arin,215.205.in-addr.arpa,rollover,8,13,1,single delegation
2018-10,arin,252.162.in-addr.arpa,unsign,8,,4,small group
2018-10,arin,34.199.in-addr.arpa,sign,,13,4,small group
2018-10,arin,76.192.in-addr.arpa,sign,,7,1,single delegation
2018-10,arin,a.3.f.f.2.0.6.2.ip6.arpa,unsign,8,,1,single delegation
2018-10,arin,c.0.c.4.0.6.2.ip6.arpa,sign,,13,1,single delegation
2018-11,afrinic,118.154.in-addr.arpa,sign,,7,4,small group
2018-11,afrinic,140.197.in-addr.arpa,sign,,5,1,single delegation
2018-11,afrinic,140.197.in-addr.arpa,sign,,8,2,small group
2018-11,afrinic,159.169.in-addr.arpa,sign,,7,32,bulk
2018-11,afrinic,160.164.in-addr.arpa,sign,,8,1,single delegation
2018-11,afrinic,216.196.in-addr.arpa,sign,,8,1,single delegation
2018-11,afrinic,29.196.in-addr.arpa,sign,,5,2,small group
2018-11,afrinic,29.196.in-addr.arpa,sign,,7,30,bulk
2018-11,afrinic,41.196.in-addr.arpa,sign,,5,18,bulk
2018-11,afrinic,8.b.7.f.f.0.c.2.ip6.arpa,sign,,7,16,bulk
2018-11,afrinic,e.0.0.8.f.3.4.1.0.0.2.ip6.arpa,sign,,7,1,single delegation
2018-11,apnic,114.163.in-addr.arpa,sign,,13,1,single delegation
2018-11,apnic,119.103.in-addr.arpa,sign,,14,1,single delegation
2018-11,apnic,97.103.in-addr.arpa,unsign,13,,1,single delegation
2018-11,arin,128.204.in-addr.arpa,sign,,14,1,single delegation
2018-11,arin,134.in-addr.arpa,sign,,10,1,single delegation
2018-11,arin,159.169.in-addr.arpa,sign,,7,32,bulk
2018-11,arin,160.164.in-addr.arpa,sign,,8,1,single delegation
2018-11,arin,180.199.in-addr.arpa,sign,,5,2,small group
2018-11,arin,185.23.in-addr.arpa,sign,,8,1,single delegation
2018-11,arin,87.209.in-addr.arpa,sign,,8,1,single delegation
2018-11,ripe,114.163.in-addr.arpa,sign,,13,1,single delegation
2018-11,ripe,134.in-addr.arpa,sign,,10,1,single delegation
2018-12,afrinic,157.197.in-addr.arpa,sign,,8,3,small group
2018-12,afrinic,41.196.in-addr.arpa,sign,,5,1,single delegation
2018-12,apnic,0.4.e.4.0.4.2.ip6.arpa,unsign,8,,1,single delegation
2018-12,apnic,0.8.5.3.0.4.2.ip6.arpa,unsign,13,,1,single delegation
2018-12,apnic,1.in-addr.arpa,sign,,8,8,bulk
2018-12,apnic,101.in-addr.arpa,sign,,8,1,single delegation
2018-12,apnic,106.in-addr.arpa,sign,,8,1,single delegation
2018-12,apnic,110.in-addr.arpa,sign,,8,1,single delegation
2018-12,apnic,112.in-addr.arpa,sign,,8,9,bulk
2018-12,apnic,113.in-addr.arpa,sign,,8,3,small group
2018-12,apnic,114.in-addr.arpa,sign,,8,4,small group
2018-12,apnic,115.in-addr.arpa,sign,,8,21,bulk
2018-12,apnic,116.103.in-addr.arpa,sign,,13,4,small group
2018-12,apnic,116.in-addr.arpa,sign,,8,5,bulk
2018-12,apnic,117.in-addr.arpa,sign,,8,3,small group
2018-12,apnic,118.in-addr.arpa,sign,,8,1,single delegation
2018-12,apnic,119.in-addr.arpa,sign,,8,4,small group
2018-12,apnic,120.in-addr.arpa,sign,,8,2,small group
2018-12,apnic,121.in-addr.arpa,sign,,8,4,small group
2018-12,apnic,122.in-addr.arpa,sign,,8,8,bulk
2018-12,apnic,123.in-addr.arpa,sign,,8,4,small group
2018-12,apnic,124.in-addr.arpa,sign,,8,9,bulk
2018-12,apnic,125.in-addr.arpa,sign,,8,10,bulk
2018-12,apnic,126.115.in-addr.arpa,unsign,8,,32,bulk
2018-12,apnic,14.in-addr.arpa,sign,,8,7,bulk
2018-12,apnic,175.in-addr.arpa,sign,,8,3,small group
2018-12,apnic,180.in-addr.arpa,sign,,8,2,small group
2018-12,apnic,182.in-addr.arpa,sign,,8,3,small group
2018-12,apnic,2.103.in-addr.arpa,unsign,8,,4,small group
2018-12,apnic,203.in-addr.arpa,sign,,8,23,bulk
2018-12,apnic,210.in-addr.arpa,sign,,8,34,bulk
2018-12,apnic,211.in-addr.arpa,sign,,8,50,bulk
2018-12,apnic,218.in-addr.arpa,sign,,8,12,bulk
2018-12,apnic,219.in-addr.arpa,sign,,8,3,small group
2018-12,apnic,220.in-addr.arpa,sign,,8,17,bulk
2018-12,apnic,221.in-addr.arpa,sign,,8,12,bulk
2018-12,apnic,222.in-addr.arpa,sign,,8,4,small group
2018-12,apnic,223.in-addr.arpa,sign,,8,3,small group
2018-12,apnic,27.in-addr.arpa,sign,,8,5,bulk
2018-12,apnic,49.in-addr.arpa,sign,,8,1,single delegation
2018-12,apnic,58.in-addr.arpa,sign,,8,12,bulk
2018-12,apnic,59.in-addr.arpa,sign,,8,3,small group
2018-12,apnic,60.in-addr.arpa,sign,,8,1,single delegation
2018-12,apnic,61.in-addr.arpa,sign,,8,7,bulk
2018-12,apnic,c.4.f.2.0.4.2.ip6.arpa,sign,,13,1,single delegation
2018-12,arin,0.0.e.5.0.0.0.0.2.6.2.ip6.arpa,sign,,13,1,single delegation
2018-12,arin,0.2.e.5.0.6.2.ip6.arpa,sign,,13,1,single delegation
2018-12,arin,0.d.e.0.1.0.0.2.6.2.ip6.arpa,unsign,13,,1,single delegation
2018-12,arin,128.23.in-addr.arpa,rollover,13,8,1,single delegation
2018-12,arin,128.23.in-addr.arpa,sign,,8,1,single delegation
2018-12,arin,134.in-addr.arpa,sign,,8,1,single delegation
2018-12,arin,152.in-addr.arpa,sign,,10,1,single delegation
2018-12,arin,3.d.e.f.2.0.6.2.ip6.arpa,rollover,13,8,1,single delegation
2018-12,arin,34.174.in-addr.arpa,sign,,13,4,small group
2018-12,arin,4.c.b.4.0.6.2.ip6.arpa,unsign,7,,1,single delegation
2018-12,arin,51.198.in-addr.arpa,sign,,13,1,single delegation
2018-12,arin,59.67.in-addr.arpa,sign,,13,16,bulk
2018-12,arin,87.199.in-addr.arpa,sign,,13,2,small group
2018-12,arin,d.e.0.1.0.0.2.6.2.ip6.arpa,sign,,13,1,single delegation
2018-12,ripe,134.in-addr.arpa,sign,,8,1,single delegation
2019-01,afrinic,0.156.in-addr.arpa,sign,,13,32,bulk
2019-01,afrinic,220.45.in-addr.arpa,sign,,13,8,bulk
2019-01,apnic,0.4.e.4.0.4.2.ip6.arpa,sign,,13,1,single delegation
2019-01,apnic,114.163.in-addr.arpa,sign,,13,63,bulk
2019-01,apnic,126.115.in-addr.arpa,sign,,13,32,bulk
2019-01,apnic,2.103.in-addr.arpa,sign,,13,4,small group
2019-01,arin,0.156.in-addr.arpa,sign,,13,32,bulk
2019-01,arin,220.45.in-addr.arpa,sign,,13,8,bulk
2019-01,arin,41.198.in-addr.arpa,sign,,5,1,single delegation
2019-01,arin,51.198.in-addr.arpa,sign,,13,2,small group
2019-01,arin,81.208.in-addr.arpa,sign,,13,8,bulk
2019-01,arin,87.199.in-addr.arpa,sign,,13,5,bulk
2019-01,ripe,114.163.in-addr.arpa,sign,,13,63,bulk
2019-02,afrinic,41.196.in-addr.arpa,rollover,5,8,2,small group
2019-02,afrinic,95.193.in-addr.arpa,unsign,8,,1,single delegation
2019-02,apnic,1.in-addr.arpa,sign,,8,3,small group
2019-02,apnic,106.in-addr.arpa,sign,,8,3,small group
2019-02,apnic,112.in-addr.arpa,sign,,8,7,bulk
2019-02,apnic,113.in-addr.arpa,sign,,8,1,single delegation
2019-02,apnic,115.in-addr.arpa,sign,,8,9,bulk
2019-02,apnic,116.in-addr.arpa,sign,,8,8,bulk
2019-02,apnic,118.in-addr.arpa,sign,,8,1,single delegation
2019-02,apnic,119.in-addr.arpa,sign,,8,3,small group
2019-02,apnic,121.in-addr.arpa,sign,,8,16,bulk
2019-02,apnic,122.in-addr.arpa,sign,,8,5,bulk
2019-02,apnic,123.in-addr.arpa,sign,,8,2,small group
2019-02,apnic,124.in-addr.arpa,sign,,8,10,bulk
2019-02,apnic,125.in-addr.arpa,sign,,8,14,bulk
2019-02,apnic,14.in-addr.arpa,sign,,8,3,small group
2019-02,apnic,175.in-addr.arpa,sign,,8,2,small group
2019-02,apnic,180.in-addr.arpa,sign,,8,7,bulk
2019-02,apnic,182.in-addr.arpa,sign,,8,16,bulk
2019-02,apnic,203.in-addr.arpa,sign,,8,2,small group
2019-02,apnic,210.in-addr.arpa,sign,,8,8,bulk
2019-02,apnic,211.in-addr.arpa,sign,,8,50,bulk
2019-02,apnic,218.in-addr.arpa,sign,,8,21,bulk
2019-02,apnic,219.in-addr.arpa,sign,,8,6,bulk
2019-02,apnic,220.in-addr.arpa,sign,,8,23,bulk
2019-02,apnic,221.in-addr.arpa,sign,,8,15,bulk
2019-02,apnic,222.in-addr.arpa,sign,,8,24,bulk
2019-02,apnic,27.in-addr.arpa,sign,,8,2,small group
2019-02,apnic,58.in-addr.arpa,sign,,8,18,bulk
2019-02,apnic,59.in-addr.arpa,sign,,8,7,bulk
2019-02,apnic,61.in-addr.arpa,sign,,8,14,bulk
2019-02,arin,185.23.in-addr.arpa,unsign,8,,1,single delegation
2019-02,arin,233.199.in-addr.arpa,sign,,8,1,single delegation
2019-02,arin,238.216.in-addr.arpa,sign,,7,4,small group
2019-02,arin,251.192.in-addr.arpa,sign,,8,1,single delegation
2019-02,arin,55.192.in-addr.arpa,unsign,7,,1,single delegation
2019-03,afrinic,0.0.0.0.9.6.f.f.0.c.2.ip6.arpa,sign,,7,1,single delegation
2019-03,afrinic,140.197.in-addr.arpa,rollover,5,8,1,single delegation
2019-03,afrinic,235.105.in-addr.arpa,sign,,7,7,bulk
2019-03,afrinic,41.196.in-addr.arpa,rollover,5,8,14,bulk
2019-03,afrinic,73.154.in-addr.arpa,sign,,7,4,small group
2019-03,afrinic,79.41.in-addr.arpa,sign,,7,4,small group
2019-03,apnic,119.203.in-addr.arpa,unsign,8,,1,single delegation
2019-03,apnic,127.103.in-addr.arpa,sign,,13,4,small group
2019-03,apnic,26.203.in-addr.arpa,unsign,8,,1,single delegation
2019-03,apnic,33.171.in-addr.arpa,sign,,13,8,bulk
2019-03,apnic,c.e.1.4.0.4.2.ip6.arpa,sign,,13,1,single delegation
2019-03,arin,0.0.a.7.6.0.0.0.2.6.2.ip6.arpa,sign,,7,1,single delegation
2019-03,arin,0.0.c.b.d.0.0.0.2.6.2.ip6.arpa,unsign,8,,1,single delegation
2019-03,arin,0.5.4.5.0.6.2.ip6.arpa,sign,,8,1,single delegation
2019-03,arin,1.198.in-addr.arpa,sign,,8,4,small group
2019-03,arin,119.199.in-addr.arpa,sign,,13,4,small group
2019-03,arin,156.192.in-addr.arpa,unsign,5,,1,single delegation
2019-03,arin,164.in-addr.arpa,sign,,8,1,single delegation
2019-03,arin,193.130.in-addr.arpa,sign,,13,8,bulk
2019-03,arin,35.70.in-addr.arpa,sign,,13,16,bulk
2019-03,arin,6.2.0.0.6.2.ip6.arpa,sign,,13,1,single delegation
2019-03,arin,7.199.in-addr.arpa,sign,,8,1,single delegation
2019-03,arin,7.3.f.f.2.0.6.2.ip6.arpa,sign,,8,1,single delegation
2019-03,arin,8.0.0.0.0.5.0.1.0.0.2.ip6.arpa,sign,,8,4,small group
2019-03,arin,89.152.in-addr.arpa,sign,,8,4,small group
2019-03,arin,89.69.in-addr.arpa,sign,,13,16,bulk
2019-03,arin,9.0.0.0.0.5.0.1.0.0.2.ip6.arpa,sign,,8,4,small group
2019-03,ripe,193.130.in-addr.arpa,sign,,13,8,bulk
2019-03,ripe,33.171.in-addr.arpa,sign,,13,8,bulk
2019-03,ripe,89.152.in-addr.arpa,sign,,8,4,small group
2019-04,afrinic,223.196.in-addr.arpa,sign,,13,2,small group
2019-04,apnic,26.203.in-addr.arpa,unsign,8,,1,single delegation
2019-04,apnic,31.203.in-addr.arpa,sign,,8,1,single delegation
2019-04,apnic,97.103.in-addr.arpa,sign,,13,2,small group
2019-04,arin,128.in-addr.arpa,sign,,8,1,single delegation
2019-04,arin,137.in-addr.arpa,sign,,8,3,small group
2019-04,arin,138.192.in-addr.arpa,sign,,8,2,small group
2019-04,arin,159.192.in-addr.arpa,sign,,8,14,bulk
2019-04,arin,160.23.in-addr.arpa,rollover,8,13,1,single delegation
2019-04,arin,167.205.in-addr.arpa,sign,,"5,8,10",1,single delegation
2019-04,arin,6.a.e.f.2.0.6.2.ip6.arpa,rollover,8,13,1,single delegation
2019-05,afrinic,10.196.in-addr.arpa,sign,,13,4,small group
2019-05,afrinic,223.196.in-addr.arpa,sign,,13,4,small group
2019-05,afrinic,73.154.in-addr.arpa,unsign,8,,2,small group
2019-05,afrinic,95.80.in-addr.arpa,unsign,8,,3,small group
2019-05,afrinic,f.1.0.8.f.3.4.1.0.0.2.ip6.arpa,sign,,13,6,bulk
2019-05,apnic,113.103.in-addr.arpa,sign,,8,3,small group
2019-05,apnic,4.1.b.1.0.4.2.ip6.arpa,unsign,8,,1,single delegation
2019-05,apnic,99.103.in-addr.arpa,unsign,8,,4,small group
2019-05,arin,100.192.in-addr.arpa,sign,,8,1,single delegation
2019-05,arin,132.in-addr.arpa,sign,,8,1,single delegation
2019-05,arin,165.in-addr.arpa,sign,,7,1,single delegation
2019-05,arin,229.45.in-addr.arpa,unsign,7,,1,single delegation
2019-05,arin,250.167.in-addr.arpa,sign,,"8,13",2,small group
2019-05,arin,58.158.in-addr.arpa,sign,,14,1,single delegation
2019-05,arin,c.1.f.f.2.0.6.2.ip6.arpa,rollover,7,8,1,single delegation
2019-05,lacnic,229.45.in-addr.arpa,unsign,7,,1,single delegation
2019-05,lacnic,250.167.in-addr.arpa,sign,,"8,13",2,small group
2019-05,ripe,58.158.in-addr.arpa,sign,,14,1,single delegation
2019-06,afrinic,140.197.in-addr.arpa,sign,,8,1,single delegation
2019-06,apnic,127.103.in-addr.arpa,sign,,5,3,small group
2019-06,apnic,134.in-addr.arpa,unsign,8,,1,single delegation
2019-06,apnic,159.134.in-addr.arpa,sign,,8,251,bulk
2019-06,apnic,38.202.in-addr.arpa,unsign,5,,1,single delegation
2019-06,apnic,c.f.1.4.0.4.2.ip6.arpa,sign,,5,1,single delegation
2019-06,arin,0.0.0.0.0.5.0.1.0.0.2.ip6.arpa,rollover,5,13,1,single delegation
2019-06,arin,0.c.2.4.0.6.2.ip6.arpa,sign,,8,1,single delegation
2019-06,arin,120.74.in-addr.arpa,sign,,13,8,bulk
2019-06,arin,123.74.in-addr.arpa,sign,,13,4,small group
2019-06,arin,130.204.in-addr.arpa,sign,,13,1,single delegation
2019-06,arin,134.in-addr.arpa,unsign,8,,1,single delegation
2019-06,arin,136.192.in-addr.arpa,sign,,13,1,single delegation
2019-06,arin,159.134.in-addr.arpa,sign,,8,251,bulk
2019-06,arin,160.in-addr.arpa,sign,,14,2,small group
2019-06,arin,17.204.in-addr.arpa,sign,,13,1,single delegation
2019-06,arin,192.104.in-addr.arpa,sign,,13,4,small group
2019-06,arin,229.45.in-addr.arpa,sign,,7,1,single delegation
2019-06,arin,246.162.in-addr.arpa,sign,,13,4,small group
2019-06,arin,255.64.in-addr.arpa,sign,,13,16,bulk
2019-06,arin,33.209.in-addr.arpa,sign,,13,62,bulk
2019-06,arin,33.209.in-addr.arpa,sign,,8,2,small group
2019-06,arin,34.70.in-addr.arpa,sign,,13,16,bulk
2019-06,arin,4.5.2.4.0.6.2.ip6.arpa,sign,,13,1,single delegation
2019-06,arin,52.204.in-addr.arpa,sign,,13,1,single delegation
2019-06,arin,53.206.in-addr.arpa,sign,,13,1,single delegation
2019-06,arin,57.64.in-addr.arpa,sign,,8,16,bulk
2019-06,arin,59.148.in-addr.arpa,sign,,13,2,small group
2019-06,arin,6.0.0.4.0.5.0.1.0.0.2.ip6.arpa,sign,,13,1,single delegation
2019-06,arin,66.199.in-addr.arpa,sign,,13,4,small group
2019-06,arin,88.208.in-addr.arpa,sign,,13,4,small group
2019-06,arin,c.b.b.4.0.6.2.ip6.arpa,sign,,10,1,single delegation
2019-06,lacnic,229.45.in-addr.arpa,sign,,7,1,single delegation
2019-06,ripe,160.in-addr.arpa,sign,,14,2,small group
2019-07,apnic,1.in-addr.arpa,sign,,8,29,bulk
2019-07,apnic,106.in-addr.arpa,sign,,8,3,small group
2019-07,apnic,110.in-addr.arpa,sign,,8,7,bulk
2019-07,apnic,112.in-addr.arpa,sign,,8,14,bulk
2019-07,apnic,114.in-addr.arpa,sign,,8,5,bulk
2019-07,apnic,115.in-addr.arpa,sign,,8,8,bulk
2019-07,apnic,116.in-addr.arpa,sign,,8,8,bulk
2019-07,apnic,117.in-addr.arpa,sign,,8,1,single delegation
2019-07,apnic,118.in-addr.arpa,sign,,8,22,bulk
2019-07,apnic,119.in-addr.arpa,sign,,8,14,bulk
2019-07,apnic,121.in-addr.arpa,sign,,8,49,bulk
2019-07,apnic,122.in-addr.arpa,sign,,8,5,bulk
2019-07,apnic,123.in-addr.arpa,sign,,8,8,bulk
2019-07,apnic,124.in-addr.arpa,sign,,8,1,single delegation
2019-07,apnic,125.in-addr.arpa,sign,,8,11,bulk
2019-07,apnic,14.in-addr.arpa,sign,,8,10,bulk
2019-07,apnic,175.in-addr.arpa,sign,,8,15,bulk
2019-07,apnic,180.in-addr.arpa,sign,,8,7,bulk
2019-07,apnic,182.in-addr.arpa,sign,,8,3,small group
2019-07,apnic,183.in-addr.arpa,sign,,8,1,single delegation
2019-07,apnic,202.in-addr.arpa,sign,,8,2,small group
2019-07,apnic,203.in-addr.arpa,sign,,8,1,single delegation
2019-07,apnic,210.in-addr.arpa,sign,,8,4,small group
2019-07,apnic,211.in-addr.arpa,sign,,8,9,bulk
2019-07,apnic,218.in-addr.arpa,sign,,8,3,small group
2019-07,apnic,22.171.in-addr.arpa,sign,,13,4,small group
2019-07,apnic,220.in-addr.arpa,sign,,8,3,small group
2019-07,apnic,221.in-addr.arpa,sign,,8,3,small group
2019-07,apnic,222.in-addr.arpa,sign,,8,5,bulk
2019-07,apnic,24.203.in-addr.arpa,unsign,8,,1,single delegation
2019-07,apnic,39.in-addr.arpa,sign,,8,2,small group
2019-07,apnic,42.in-addr.arpa,sign,,8,1,single delegation
2019-07,apnic,49.in-addr.arpa,sign,,8,1,single delegation
2019-07,apnic,55.203.in-addr.arpa,unsign,8,,2,small group
2019-07,apnic,58.in-addr.arpa,sign,,8,10,bulk
2019-07,apnic,59.in-addr.arpa,sign,,8,23,bulk
2019-07,apnic,61.in-addr.arpa,sign,,8,12,bulk
2019-07,arin,0.9.0.5.0.6.2.ip6.arpa,sign,,13,1,single delegation
2019-07,arin,130.in-addr.arpa,sign,,8,1,single delegation
2019-07,arin,137.23.in-addr.arpa,sign,,13,1,single delegation
2019-07,arin,140.in-addr.arpa,sign,,13,2,small group
2019-07,arin,148.192.in-addr.arpa,sign,,8,7,bulk
2019-07,arin,158.in-addr.arpa,sign,,8,1,single delegation
2019-07,arin,165.45.in-addr.arpa,sign,,13,4,small group
2019-07,arin,176.23.in-addr.arpa,sign,,13,1,single delegation
2019-07,arin,177.45.in-addr.arpa,sign,,13,4,small group
2019-07,arin,183.198.in-addr.arpa,sign,,13,1,single delegation
2019-07,arin,186.198.in-addr.arpa,unsign,8,,1,single delegation
2019-07,arin,187.192.in-addr.arpa,sign,,8,2,small group
2019-07,arin,193.141.in-addr.arpa,sign,,13,2,small group
2019-07,arin,36.104.in-addr.arpa,sign,,13,4,small group
2019-07,arin,4.2.f.7.0.6.2.ip6.arpa,sign,,8,1,single delegation
2019-07,arin,47.199.in-addr.arpa,sign,,13,1,single delegation
2019-07,arin,8.c.d.f.2.0.6.2.ip6.arpa,sign,,13,1,single delegation
2019-07,arin,80.204.in-addr.arpa,sign,,8,1,single delegation
2019-07,arin,82.206.in-addr.arpa,sign,,13,8,bulk
2019-07,arin,83.137.in-addr.arpa,sign,,8,2,small group
2019-07,arin,86.45.in-addr.arpa,sign,,13,4,small group
2019-07,arin,89.45.in-addr.arpa,sign,,14,4,small group
2019-07,lacnic,165.45.in-addr.arpa,sign,,13,4,small group
2019-07,lacnic,177.45.in-addr.arpa,sign,,13,4,small group
2019-07,ripe,130.in-addr.arpa,sign,,8,1,single delegation
2019-07,ripe,148.192.in-addr.arpa,sign,,8,7,bulk
2019-07,ripe,158.in-addr.arpa,sign,,8,1,single delegation
2019-07,ripe,187.192.in-addr.arpa,sign,,8,2,small group
2019-07,ripe,22.171.in-addr.arpa,sign,,13,4,small group
2019-07,ripe,86.45.in-addr.arpa,sign,,13,4,small group
2019-07,ripe,89.45.in-addr.arpa,sign,,14,4,small group
2019-08,apnic,0.0.0.8.d.d.0.1.0.0.2.ip6.arpa,rollover,5,13,9,bulk
2019-08,apnic,0.0.0.d.d.d.0.1.0.0.2.ip6.arpa,rollover,5,13,1,single delegation
2019-08,apnic,1.0.0.8.d.d.0.1.0.0.2.ip6.arpa,rollover,5,13,1,single delegation
2019-08,apnic,119.203.in-addr.arpa,rollover,5,13,23,bulk
2019-08,apnic,12.202.in-addr.arpa,rollover,5,13,3,small group
2019-08,apnic,c.d.0.1.0.0.2.ip6.arpa,rollover,5,13,1,single delegation
2019-08,apnic,e.7.0.4.f.0.5.0.4.2.ip6.arpa,sign,,13,1,single delegation
2019-08,arin,0.8.0.2.1.0.0.2.6.2.ip6.arpa,sign,,7,1,single delegation
2019-08,arin,124.192.in-addr.arpa,sign,,13,1,single delegation
2019-08,arin,131.192.in-addr.arpa,unsign,13,,1,single delegation
2019-08,arin,139.23.in-addr.arpa,sign,,8,1,single delegation
2019-08,arin,160.192.in-addr.arpa,sign,,7,1,single delegation
2019-08,arin,165.23.in-addr.arpa,sign,,8,2,small group
2019-08,arin,212.209.in-addr.arpa,sign,,8,16,bulk
2019-08,arin,26.192.in-addr.arpa,sign,,8,1,single delegation
2019-08,arin,5.f.1.1.0.0.2.6.2.ip6.arpa,unsign,5,,1,single delegation
2019-08,arin,77.192.in-addr.arpa,sign,,8,1,single delegation
2019-08,arin,84.172.in-addr.arpa,sign,,13,4,small group
2019-08,arin,9.1.e.f.2.0.6.2.ip6.arpa,sign,,8,1,single delegation
2019-08,arin,c.f.9.4.0.6.2.ip6.arpa,sign,,8,1,single delegation
2019-08,arin,d.e.0.1.0.0.2.6.2.ip6.arpa,unsign,13,,1,single delegation
2019-08,ripe,124.192.in-addr.arpa,sign,,13,1,single delegation
2019-09,afrinic,119.160.in-addr.arpa,sign,,13,1,single delegation
2019-09,afrinic,140.197.in-addr.arpa,sign,,8,2,small group
2019-09,afrinic,41.196.in-addr.arpa,sign,,8,2,small group
2019-09,afrinic,6.d.0.8.f.3.4.1.0.0.2.ip6.arpa,sign,,13,1,single delegation
2019-09,afrinic,a.2.4.1.0.0.2.ip6.arpa,rollover,8,13,1,single delegation
2019-09,apnic,119.203.in-addr.arpa,unsign,13,,4,small group
2019-09,apnic,129.103.in-addr.arpa,sign,,13,4,small group
2019-09,arin,0.d.1.2.1.0.0.2.6.2.ip6.arpa,sign,,14,1,single delegation
2019-09,arin,119.160.in-addr.arpa,sign,,13,1,single delegation
2019-09,arin,138.45.in-addr.arpa,sign,,10,1,single delegation
2019-09,arin,163.198.in-addr.arpa,sign,,14,1,single delegation
2019-09,arin,177.198.in-addr.arpa,sign,,8,1,single delegation
2019-09,arin,199.170.in-addr.arpa,sign,,10,8,bulk
2019-09,arin,37.104.in-addr.arpa,sign,,13,7,bulk
2019-09,arin,76.204.in-addr.arpa,unsign,8,,1,single delegation
2019-09,arin,83.192.in-addr.arpa,sign,,13,1,single delegation
2019-09,arin,91.45.in-addr.arpa,sign,,8,1,single delegation
2019-09,ripe,138.45.in-addr.arpa,sign,,10,1,single delegation
2019-09,ripe,37.104.in-addr.arpa,sign,,13,7,bulk
2019-09,ripe,91.45.in-addr.arpa,sign,,8,1,single delegation
2019-10,afrinic,140.197.in-addr.arpa,sign,,8,1,single delegation
2019-10,afrinic,41.196.in-addr.arpa,sign,,8,1,single delegation
2019-10,apnic,1.103.in-addr.arpa,unsign,5,,4,small group
2019-10,arin,0.0.6.d.3.0.0.0.2.6.2.ip6.arpa,rollover,8,13,1,single delegation
2019-10,arin,0.0.a.e.6.0.0.0.2.6.2.ip6.arpa,sign,,13,1,single delegation
2019-10,arin,129.161.in-addr.arpa,sign,,13,2,small group
2019-10,arin,146.in-addr.arpa,sign,,13,1,single delegation
2019-10,arin,150.45.in-addr.arpa,sign,,13,4,small group
2019-10,arin,154.45.in-addr.arpa,sign,,13,1,single delegation
2019-10,arin,154.45.in-addr.arpa,sign,,14,1,single delegation
2019-10,arin,162.192.in-addr.arpa,sign,,13,4,small group
2019-10,arin,180.66.in-addr.arpa,sign,,13,16,bulk
2019-10,arin,19.72.in-addr.arpa,sign,,13,4,small group
2019-10,arin,197.192.in-addr.arpa,sign,,13,1,single delegation
2019-10,arin,54.198.in-addr.arpa,unsign,8,,2,small group
2019-10,arin,59.69.in-addr.arpa,sign,,13,1,single delegation
2019-10,arin,68.208.in-addr.arpa,sign,,13,1,single delegation
2019-10,arin,87.45.in-addr.arpa,sign,,13,4,small group
2019-10,arin,94.192.in-addr.arpa,rollover,8,"8,14",1,single delegation
2019-10,ripe,146.in-addr.arpa,sign,,13,1,single delegation
2019-10,ripe,150.45.in-addr.arpa,sign,,13,4,small group
2019-10,ripe,154.45.in-addr.arpa,sign,,13,1,single delegation
2019-10,ripe,154.45.in-addr.arpa,sign,,14,1,single delegation
2019-10,ripe,162.192.in-addr.arpa,sign,,13,4,small group
2019-10,ripe,87.45.in-addr.arpa,sign,,13,4,small group
2019-11,arin,0.0.2.3.5.0.0.0.2.6.2.ip6.arpa,sign,,7,1,single delegation
2019-11,arin,0.0.6.6.7.0.0.0.2.6.2.ip6.arpa,sign,,13,1,single delegation
2019-11,arin,0.a.1.0.8.0.2.0.6.2.ip6.arpa,sign,,8,1,single delegation
2019-11,arin,12.192.in-addr.arpa,rollover,"8,14",14,1,single delegation
2019-11,arin,128.in-addr.arpa,rollover,"8,14",14,3,small group
2019-11,arin,130.45.in-addr.arpa,sign,,13,4,small group
2019-11,arin,131.in-addr.arpa,sign,,13,1,single delegation
2019-11,arin,143.23.in-addr.arpa,sign,,8,1,single delegation
2019-11,arin,143.in-addr.arpa,sign,,13,2,small group
2019-11,arin,15.45.in-addr.arpa,sign,,13,1,single delegation
2019-11,arin,154.45.in-addr.arpa,rollover,14,10,1,single delegation
2019-11,arin,158.66.in-addr.arpa,sign,,8,1,single delegation
2019-11,arin,159.45.in-addr.arpa,sign,,13,4,small group
2019-11,arin,4.4.7.5.0.6.2.ip6.arpa,sign,,13,1,single delegation
2019-11,arin,4.7.5.0.0.0.2.6.2.ip6.arpa,sign,,8,1,single delegation
2019-11,arin,81.192.in-addr.arpa,unsign,8,,1,single delegation
2019-11,arin,99.204.in-addr.arpa,sign,,7,1,single delegation
2019-11,ripe,130.45.in-addr.arpa,sign,,13,4,small group
2019-11,ripe,15.45.in-addr.arpa,sign,,13,1,single delegation
2019-11,ripe,154.45.in-addr.arpa,rollover,14,10,1,single delegation
2019-11,ripe,159.45.in-addr.arpa,sign,,13,4,small group
2019-12,afrinic,3.4.1.8.f.3.4.1.0.0.2.ip6.arpa,sign,,8,1,single delegation
2019-12,afrinic,36.102.in-addr.arpa,sign,,7,4,small group
2019-12,afrinic,41.196.in-addr.arpa,sign,,8,1,single delegation
2019-12,afrinic,7.0.8.f.3.4.1.0.0.2.ip6.arpa,sign,,8,1,single delegation
2019-12,afrinic,94.192.in-addr.arpa,rollover,8,13,1,single delegation
2019-12,afrinic,96.192.in-addr.arpa,rollover,8,13,8,bulk
2019-12,arin,0.142.in-addr.arpa,sign,,13,16,bulk
2019-12,arin,0.a.1.0.8.0.2.0.6.2.ip6.arpa,unsign,8,,1,single delegation
2019-12,arin,127.199.in-addr.arpa,sign,,13,8,bulk
2019-12,arin,129.161.in-addr.arpa,sign,,8,1,single delegation
2019-12,arin,13.45.in-addr.arpa,sign,,8,1,single delegation
2019-12,arin,130.23.in-addr.arpa,sign,,5,1,single delegation
2019-12,arin,143.23.in-addr.arpa,unsign,8,,1,single delegation
2019-12,arin,15.45.in-addr.arpa,sign,,13,4,small group
2019-12,arin,18.192.in-addr.arpa,rollover,5,13,1,single delegation
2019-12,arin,2.f.d.f.2.0.6.2.ip6.arpa,sign,,5,1,single delegation
2019-12,arin,251.162.in-addr.arpa,sign,,13,4,small group
2019-12,arin,5.c.e.f.2.0.6.2.ip6.arpa,sign,,13,1,single delegation
2019-12,arin,68.208.in-addr.arpa,sign,,13,1,single delegation
2019-12,arin,94.192.in-addr.arpa,rollover,8,13,1,single delegation
2019-12,arin,96.192.in-addr.arpa,rollover,8,13,8,bulk
2019-12,ripe,13.45.in-addr.arpa,sign,,8,1,single delegation
2019-12,ripe,15.45.in-addr.arpa,sign,,13,4,small group
2019-12,ripe,18.192.in-addr.arpa,rollover,5,13,1,single delegation
2020-01,afrinic,154.in-addr.arpa,sign,,8,1,single delegation
2020-01,afrinic,96.192.in-addr.arpa,rollover,8,13,1,single delegation
2020-01,apnic,1.in-addr.arpa,sign,,8,15,bulk
2020-01,apnic,101.in-addr.arpa,sign,,8,3,small group
2020-01,apnic,106.in-addr.arpa,sign,,8,17,bulk
2020-01,apnic,110.in-addr.arpa,sign,,8,3,small group
2020-01,apnic,112.in-addr.arpa,sign,,8,26,bulk
2020-01,apnic,113.in-addr.arpa,sign,,8,1,single delegation
2020-01,apnic,114.in-addr.arpa,sign,,8,3,small group
2020-01,apnic,115.in-addr.arpa,sign,,8,8,bulk
2020-01,apnic,117.in-addr.arpa,sign,,8,2,small group
2020-01,apnic,118.in-addr.arpa,sign,,8,6,bulk
2020-01,apnic,119.in-addr.arpa,sign,,8,4,small group
2020-01,apnic,121.in-addr.arpa,sign,,8,6,bulk
2020-01,apnic,122.in-addr.arpa,sign,,8,1,single delegation
2020-01,apnic,124.in-addr.arpa,sign,,8,1,single delegation
2020-01,apnic,128.in-addr.arpa,sign,,8,1,single delegation
2020-01,apnic,139.in-addr.arpa,sign,,8,1,single delegation
2020-01,apnic,14.in-addr.arpa,sign,,8,17,bulk
2020-01,apnic,140.103.in-addr.arpa,sign,,13,2,small group
2020-01,apnic,152.in-addr.arpa,sign,,8,1,single delegation
2020-01,apnic,154.in-addr.arpa,sign,,8,1,single delegation
2020-01,apnic,157.in-addr.arpa,sign,,8,1,single delegation
2020-01,apnic,163.in-addr.arpa,sign,,8,4,small group
2020-01,apnic,165.in-addr.arpa,sign,,8,1,single delegation
2020-01,apnic,166.in-addr.arpa,sign,,8,1,single delegation
2020-01,apnic,168.in-addr.arpa,sign,,8,1,single delegation
2020-01,apnic,169.in-addr.arpa,sign,,8,17,bulk
2020-01,apnic,175.in-addr.arpa,sign,,8,23,bulk
2020-01,apnic,180.in-addr.arpa,sign,,8,1,single delegation
2020-01,apnic,182.in-addr.arpa,sign,,8,2,small group
2020-01,apnic,183.in-addr.arpa,sign,,8,15,bulk
2020-01,apnic,203.in-addr.arpa,sign,,8,3,small group
2020-01,apnic,210.in-addr.arpa,sign,,8,1,single delegation
2020-01,apnic,211.in-addr.arpa,sign,,8,3,small group
2020-01,apnic,218.in-addr.arpa,sign,,8,1,single delegation
2020-01,apnic,222.in-addr.arpa,sign,,8,1,single delegation
2020-01,apnic,223.in-addr.arpa,sign,,8,33,bulk
2020-01,apnic,27.in-addr.arpa,sign,,8,1,single delegation
2020-01,apnic,36.in-addr.arpa,sign,,8,2,small group
2020-01,apnic,39.in-addr.arpa,sign,,8,34,bulk
2020-01,apnic,42.in-addr.arpa,sign,,8,40,bulk
2020-01,apnic,49.in-addr.arpa,sign,,8,45,bulk
2020-01,apnic,58.in-addr.arpa,sign,,8,2,small group
2020-01,apnic,59.in-addr.arpa,sign,,8,1,single delegation
2020-01,apnic,61.in-addr.arpa,sign,,8,3,small group
2020-01,apnic,c.4.f.4.0.4.2.ip6.arpa,sign,,13,1,single delegation
2020-01,arin,128.in-addr.arpa,sign,,8,1,single delegation
2020-01,arin,139.in-addr.arpa,sign,,8,1,single delegation
2020-01,arin,144.216.in-addr.arpa,sign,,13,32,bulk
2020-01,arin,147.in-addr.arpa,sign,,13,1,single delegation
2020-01,arin,152.in-addr.arpa,sign,,8,1,single delegation
2020-01,arin,153.192.in-addr.arpa,rollover,5,13,1,single delegation
2020-01,arin,157.in-addr.arpa,sign,,8,1,single delegation
2020-01,arin,165.in-addr.arpa,sign,,8,1,single delegation
2020-01,arin,166.in-addr.arpa,sign,,8,1,single delegation
2020-01,arin,168.in-addr.arpa,sign,,8,1,single delegation
2020-01,arin,169.in-addr.arpa,sign,,8,17,bulk
2020-01,arin,83.45.in-addr.arpa,sign,,13,4,small group
2020-01,arin,84.192.in-addr.arpa,rollover,5,13,1,single delegation
2020-01,arin,87.45.in-addr.arpa,sign,,13,4,small group
2020-01,arin,91.45.in-addr.arpa,sign,,13,1,single delegation
2020-01,arin,96.192.in-addr.arpa,rollover,8,13,1,single delegation
2020-01,arin,b.2.0.8.0.2.0.6.2.ip6.arpa,sign,,8,1,single delegation
2020-01,ripe,147.in-addr.arpa,sign,,13,1,single delegation
2020-01,ripe,153.192.in-addr.arpa,rollover,5,13,1,single delegation
2020-01,ripe,83.45.in-addr.arpa,sign,,13,4,small group
2020-01,ripe,84.192.in-addr.arpa,rollover,5,13,1,single delegation
2020-01,ripe,87.45.in-addr.arpa,sign,,13,4,small group
2020-01,ripe,91.45.in-addr.arpa,sign,,13,1,single delegation
2020-02,afrinic,96.192.in-addr.arpa,unsign,13,,1,single delegation
2020-02,apnic,0.c.e.5.0.4.2.ip6.arpa,rollover,8,14,1,single delegation
2020-02,apnic,103.118.in-addr.arpa,rollover,8,14,8,bulk
2020-02,apnic,143.103.in-addr.arpa,sign,,5,2,small group
2020-02,apnic,158.124.in-addr.arpa,sign,,7,19,bulk
2020-02,apnic,241.43.in-addr.arpa,rollover,8,14,4,small group
2020-02,apnic,29.103.in-addr.arpa,rollover,8,14,4,small group
2020-02,apnic,47.103.in-addr.arpa,sign,,13,2,small group
2020-02,apnic,60.103.in-addr.arpa,sign,,8,1,single delegation
2020-02,arin,0.0.a.e.6.0.0.0.2.6.2.ip6.arpa,unsign,13,,1,single delegation
2020-02,arin,0.128.in-addr.arpa,sign,,13,1,single delegation
2020-02,arin,0.a.e.6.0.0.0.2.6.2.ip6.arpa,sign,,13,1,single delegation
2020-02,arin,104.24.in-addr.arpa,sign,,7,1,single delegation
2020-02,arin,128.in-addr.arpa,sign,,13,1,single delegation
2020-02,arin,129.23.in-addr.arpa,rollover,8,13,1,single delegation
2020-02,arin,129.45.in-addr.arpa,sign,,13,1,single delegation
2020-02,arin,130.in-addr.arpa,sign,,13,1,single delegation
2020-02,arin,131.in-addr.arpa,rollover,5,13,1,single delegation
2020-02,arin,137.45.in-addr.arpa,sign,,13,4,small group
2020-02,arin,158.in-addr.arpa,sign,,13,1,single delegation
2020-02,arin,165.in-addr.arpa,sign,,13,1,single delegation
2020-02,arin,245.104.in-addr.arpa,sign,,13,4,small group
2020-02,arin,251.162.in-addr.arpa,unsign,13,,4,small group
2020-02,arin,27.216.in-addr.arpa,rollover,5,13,3,small group
2020-02,arin,27.216.in-addr.arpa,sign,,13,13,bulk
2020-02,arin,47.103.in-addr.arpa,sign,,13,2,small group
2020-02,arin,5.192.in-addr.arpa,sign,,13,1,single delegation
2020-02,arin,5.5.0.1.0.0.2.ip6.arpa,sign,,5,1,single delegation
2020-02,arin,5.c.e.f.2.0.6.2.ip6.arpa,unsign,13,,1,single delegation
2020-02,arin,7.4.f.7.0.6.2.ip6.arpa,sign,,13,1,single delegation
2020-02,arin,8.6.d.5.0.6.2.ip6.arpa,sign,,13,1,single delegation
2020-02,arin,84.192.in-addr.arpa,sign,,13,1,single delegation
2020-02,arin,9.1.e.f.2.0.6.2.ip6.arpa,unsign,8,,1,single delegation
2020-02,arin,96.192.in-addr.arpa,unsign,13,,1,single delegation
2020-02,arin,c.8.1.0.0.2.6.2.ip6.arpa,rollover,8,13,1,single delegation
2020-02,arin,e.d.0.0.0.0.0.0.2.6.2.ip6.arpa,unsign,8,,1,single delegation
2020-02,ripe,0.128.in-addr.arpa,sign,,13,1,single delegation
2020-02,ripe,129.45.in-addr.arpa,sign,,13,1,single delegation
2020-02,ripe,131.in-addr.arpa,rollover,5,13,1,single delegation
2020-02,ripe,137.45.in-addr.arpa,sign,,13,4,small group
2020-03,afrinic,140.197.in-addr.arpa,sign,,8,1,single delegation
2020-03,afrinic,223.102.in-addr.arpa,sign,,8,2,small group
2020-03,arin,0.6.7.3.1.0.0.2.6.2.ip6.arpa,sign,,13,1,single delegation
2020-03,arin,0.7.3.0.8.0.2.0.6.2.ip6.arpa,sign,,10,1,single delegation
2020-03,arin,0.b.3.0.8.0.2.0.6.2.ip6.arpa,sign,,10,1,single delegation
2020-03,arin,124.209.in-addr.arpa,sign,,13,3,small group
2020-03,arin,131.in-addr.arpa,sign,,8,1,single delegation
2020-03,arin,148.in-addr.arpa,rollover,8,13,1,single delegation
2020-03,arin,149.23.in-addr.arpa,sign,,13,1,single delegation
2020-03,arin,160.209.in-addr.arpa,sign,,13,1,single delegation
2020-03,arin,20.149.in-addr.arpa,sign,,13,2,small group
2020-03,arin,202.142.in-addr.arpa,sign,,10,1,single delegation
2020-03,arin,229.45.in-addr.arpa,unsign,7,,1,single delegation
2020-03,arin,248.66.in-addr.arpa,sign,,10,1,single delegation
2020-03,arin,51.158.in-addr.arpa,sign,,10,1,single delegation
2020-03,arin,66.199.in-addr.arpa,sign,,13,4,small group
2020-03,arin,86.45.in-addr.arpa,unsign,13,,1,single delegation
2020-03,ripe,148.in-addr.arpa,rollover,8,13,1,single delegation
2020-03,ripe,86.45.in-addr.arpa,unsign,13,,1,single delegation
2020-04,apnic,144.103.in-addr.arpa,sign,,13,2,small group
2020-04,apnic,149.103.in-addr.arpa,sign,,13,2,small group
2020-04,arin,0.4.8.9.0.0.0.2.6.2.ip6.arpa,sign,,13,1,single delegation
2020-04,arin,128.204.in-addr.arpa,unsign,14,,1,single delegation
2020-04,arin,184.199.in-addr.arpa,sign,,8,1,single delegation
2020-04,arin,195.192.in-addr.arpa,sign,,13,1,single delegation
2020-04,arin,204.in-addr.arpa,unsign,5,,1,single delegation
2020-04,arin,229.45.in-addr.arpa,sign,,7,1,single delegation
2020-04,arin,33.192.in-addr.arpa,sign,,7,1,single delegation
2020-04,arin,67.192.in-addr.arpa,sign,,13,1,single delegation
2020-05,afrinic,0.154.in-addr.arpa,sign,,7,1,single delegation
2020-05,apnic,106.103.in-addr.arpa,sign,,8,2,small group
2020-05,apnic,119.203.in-addr.arpa,unsign,13,,2,small group
2020-05,apnic,4.e.3.2.0.4.2.ip6.arpa,sign,,8,1,single delegation
2020-05,apnic,8.d.b.1.f.d.0.1.0.0.2.ip6.arpa,sign,,13,1,single delegation
2020-05,arin,128.23.in-addr.arpa,rollover,8,13,2,small group
2020-05,arin,129.45.in-addr.arpa,sign,,8,4,small group
2020-05,arin,137.45.in-addr.arpa,sign,,14,4,small group
2020-05,arin,141.23.in-addr.arpa,sign,,13,1,single delegation
2020-05,arin,143.23.in-addr.arpa,sign,,8,1,single delegation
2020-05,arin,146.66.in-addr.arpa,sign,,5,4,small group
2020-05,arin,150.23.in-addr.arpa,sign,,13,1,single delegation
2020-05,arin,152.104.in-addr.arpa,sign,,13,4,small group
2020-05,arin,154.23.in-addr.arpa,sign,,13,1,single delegation
2020-05,arin,167.205.in-addr.arpa,rollover,"5,8,10","5,8",1,single delegation
2020-05,arin,193.141.in-addr.arpa,sign,,8,1,single delegation
2020-05,arin,229.45.in-addr.arpa,sign,,7,1,single delegation
2020-05,arin,3.d.e.f.2.0.6.2.ip6.arpa,rollover,8,13,1,single delegation
2020-05,arin,64.192.in-addr.arpa,sign,,13,4,small group
2020-05,arin,67.45.in-addr.arpa,sign,,13,1,single delegation
2020-05,arin,68.208.in-addr.arpa,sign,,13,1,single delegation
2020-05,arin,85.66.in-addr.arpa,sign,,13,1,single delegation
2020-05,arin,96.199.in-addr.arpa,sign,,13,8,bulk
2020-05,arin,a.d.e.f.2.0.6.2.ip6.arpa,sign,,8,1,single delegation
2020-05,arin,d.a.d.f.2.0.6.2.ip6.arpa,sign,,13,1,single delegation
2020-05,arin,f.5.d.f.2.0.6.2.ip6.arpa,sign,,13,1,single delegation
2020-05,lacnic,229.45.in-addr.arpa,sign,,7,1,single delegation
2020-05,ripe,129.45.in-addr.arpa,sign,,8,4,small group
2020-05,ripe,137.45.in-addr.arpa,sign,,14,4,small group
2020-05,ripe,67.45.in-addr.arpa,sign,,13,1,single delegation
2020-06,apnic,158.124.in-addr.arpa,unsign,7,,19,bulk
2020-06,apnic,158.in-addr.arpa,sign,,8,1,single delegation
2020-06,apnic,22.171.in-addr.arpa,sign,,7,4,small group
2020-06,arin,0.128.in-addr.arpa,unsign,13,,1,single delegation
2020-06,arin,11.66.in-addr.arpa,sign,,8,3,small group
2020-06,arin,128.45.in-addr.arpa,sign,,13,4,small group
2020-06,arin,158.in-addr.arpa,sign,,8,1,single delegation
2020-06,arin,233.24.in-addr.arpa,sign,,7,1,single delegation
2020-06,arin,3.5.d.f.2.0.6.2.ip6.arpa,sign,,13,1,single delegation
2020-06,arin,43.45.in-addr.arpa,sign,,8,3,small group
2020-06,arin,61.45.in-addr.arpa,sign,,13,1,single delegation
2020-06,arin,64.in-addr.arpa,unsign,5,,1,single delegation
2020-06,arin,67.45.in-addr.arpa,sign,,13,1,single delegation
2020-06,arin,85.45.in-addr.arpa,sign,,8,4,small group
2020-06,arin,86.172.in-addr.arpa,sign,,13,1,single delegation
2020-06,arin,86.45.in-addr.arpa,unsign,13,,1,single delegation
2020-06,arin,96.64.in-addr.arpa,sign,,5,256,bulk
2020-06,ripe,0.128.in-addr.arpa,unsign,13,,1,single delegation
2020-06,ripe,128.45.in-addr.arpa,sign,,13,4,small group
2020-06,ripe,22.171.in-addr.arpa,sign,,7,4,small group
2020-06,ripe,67.45.in-addr.arpa,sign,,13,1,single delegation
2020-06,ripe,85.45.in-addr.arpa,sign,,8,4,small group
2020-06,ripe,86.45.in-addr.arpa,unsign,13,,1,single delegation
2020-07,apnic,0.1.3.6.0.4.2.ip6.arpa,sign,,8,1,single delegation
2020-07,apnic,239.117.in-addr.arpa,sign,,7,1,single delegation
2020-07,arin,11.66.in-addr.arpa,sign,,8,2,small group
2020-07,arin,133.45.in-addr.arpa,sign,,8,1,single delegation
2020-07,arin,152.204.in-addr.arpa,unsign,5,,6,bulk
2020-07,arin,158.45.in-addr.arpa,sign,,13,4,small group
2020-07,arin,181.198.in-addr.arpa,rollover,8,13,1,single delegation
2020-07,arin,2.0.0.4.0.5.0.1.0.0.2.ip6.arpa,rollover,8,10,1,single delegation
2020-07,arin,248.66.in-addr.arpa,unsign,10,,1,single delegation
2020-07,arin,3.4.d.f.2.0.6.2.ip6.arpa,sign,,5,1,single delegation
2020-07,arin,34.199.in-addr.arpa,unsign,13,,4,small group
2020-07,arin,6.199.in-addr.arpa,unsign,5,,6,bulk
2020-07,arin,64.139.in-addr.arpa,sign,,7,1,single delegation
2020-07,arin,72.206.in-addr.arpa,rollover,8,10,1,single delegation
2020-07,arin,84.45.in-addr.arpa,sign,,7,1,single delegation
2020-07,arin,92.45.in-addr.arpa,sign,,8,4,small group
2020-07,arin,96.64.in-addr.arpa,rollover,5,7,13,bulk
2020-07,arin,96.64.in-addr.arpa,unsign,5,,131,bulk
2020-07,arin,c.0.c.4.0.6.2.ip6.arpa,unsign,13,,1,single delegation
2020-07,ripe,133.45.in-addr.arpa,sign,,8,1,single delegation
2020-07,ripe,158.45.in-addr.arpa,sign,,13,4,small group
2020-07,ripe,84.45.in-addr.arpa,sign,,7,1,single delegation
2020-07,ripe,92.45.in-addr.arpa,sign,,8,4,small group
2020-08,afrinic,95.193.in-addr.arpa,unsign,8,,1,single delegation
2020-08,apnic,116.103.in-addr.arpa,unsign,13,,4,small group
2020-08,apnic,119.203.in-addr.arpa,unsign,5,,2,small group
2020-08,apnic,c.4.f.2.0.4.2.ip6.arpa,unsign,13,,1,single delegation
2020-08,arin,0.0.0.0.2.0.0.0.2.6.2.ip6.arpa,unsign,8,,1,single delegation
2020-08,arin,0.4.8.9.0.0.0.2.6.2.ip6.arpa,unsign,13,,1,single delegation
2020-08,arin,116.199.in-addr.arpa,rollover,8,"8,13",1,single delegation
2020-08,arin,116.199.in-addr.arpa,unsign,8,,7,bulk
2020-08,arin,149.23.in-addr.arpa,unsign,13,,1,single delegation
2020-08,arin,195.134.in-addr.arpa,sign,,8,3,small group
2020-08,arin,195.192.in-addr.arpa,unsign,13,,1,single delegation
2020-08,arin,226.131.in-addr.arpa,sign,,13,16,bulk
2020-08,arin,229.45.in-addr.arpa,unsign,7,,1,single delegation
2020-08,arin,4.0.e.5.0.6.2.ip6.arpa,sign,,13,1,single delegation
2020-08,arin,4.d.d.5.0.6.2.ip6.arpa,sign,,14,1,single delegation
2020-08,arin,59.69.in-addr.arpa,sign,,13,1,single delegation
2020-08,arin,64.in-addr.arpa,unsign,5,,1,single delegation
2020-08,arin,67.192.in-addr.arpa,unsign,13,,1,single delegation
2020-08,arin,96.64.in-addr.arpa,unsign,5,,112,bulk
2020-08,lacnic,229.45.in-addr.arpa,unsign,7,,1,single delegation
2020-09,afrinic,96.192.in-addr.arpa,sign,,13,1,single delegation
2020-09,apnic,144.192.in-addr.arpa,sign,,13,4,small group
2020-09,apnic,149.103.in-addr.arpa,unsign,13,,1,single delegation
2020-09,apnic,238.160.in-addr.arpa,sign,,13,4,small group
2020-09,apnic,74.103.in-addr.arpa,sign,,13,4,small group
2020-09,apnic,75.103.in-addr.arpa,sign,,13,4,small group
2020-09,apnic,76.103.in-addr.arpa,sign,,13,4,small group
2020-09,arin,139.23.in-addr.arpa,unsign,8,,1,single delegation
2020-09,arin,144.192.in-addr.arpa,sign,,13,4,small group
2020-09,arin,151.45.in-addr.arpa,sign,,8,1,single delegation
2020-09,arin,162.23.in-addr.arpa,sign,,14,1,single delegation
2020-09,arin,165.23.in-addr.arpa,unsign,8,,2,small group
2020-09,arin,199.161.in-addr.arpa,sign,,13,1,single delegation
2020-09,arin,229.45.in-addr.arpa,sign,,7,1,single delegation
2020-09,arin,238.160.in-addr.arpa,sign,,13,4,small group
2020-09,arin,7.2.d.f.2.0.6.2.ip6.arpa,sign,,8,1,single delegation
2020-09,arin,86.45.in-addr.arpa,sign,,7,4,small group
2020-09,arin,91.45.in-addr.arpa,rollover,8,13,1,single delegation
2020-09,arin,96.192.in-addr.arpa,sign,,13,1,single delegation
2020-09,lacnic,229.45.in-addr.arpa,sign,,7,1,single delegation
2020-09,ripe,151.45.in-addr.arpa,sign,,8,1,single delegation
2020-09,ripe,86.45.in-addr.arpa,sign,,7,4,small group
2020-09,ripe,91.45.in-addr.arpa,rollover,8,13,1,single delegation
2020-10,afrinic,29.196.in-addr.arpa,unsign,5,,2,small group
2020-10,afrinic,29.196.in-addr.arpa,unsign,7,,30,bulk
2020-10,afrinic,41.196.in-addr.arpa,sign,,8,1,single delegation
2020-10,apnic,102.192.in-addr.arpa,sign,,8,1,single delegation
2020-10,apnic,142.114.in-addr.arpa,sign,,13,4,small group
2020-10,apnic,29.103.in-addr.arpa,sign,,13,2,small group
2020-10,apnic,31.114.in-addr.arpa,sign,,8,1,single delegation
2020-10,apnic,42.103.in-addr.arpa,sign,,13,2,small group
2020-10,apnic,47.103.in-addr.arpa,unsign,13,,2,small group
2020-10,apnic,c.4.f.4.0.4.2.ip6.arpa,unsign,13,,1,single delegation
2020-10,arin,0.1.d.f.2.0.6.2.ip6.arpa,sign,,8,1,single delegation
2020-10,arin,0.a.6.0.8.0.2.0.6.2.ip6.arpa,sign,,13,1,single delegation
2020-10,arin,102.192.in-addr.arpa,sign,,8,1,single delegation
2020-10,arin,134.23.in-addr.arpa,sign,,8,2,small group
2020-10,arin,137.45.in-addr.arpa,sign,,13,4,small group
2020-10,arin,150.23.in-addr.arpa,sign,,7,1,single delegation
2020-10,arin,156.45.in-addr.arpa,sign,,13,4,small group
2020-10,arin,161.23.in-addr.arpa,sign,,13,1,single delegation
2020-10,arin,164.23.in-addr.arpa,sign,,8,3,small group
2020-10,arin,252.23.in-addr.arpa,sign,,13,1,single delegation
2020-10,arin,255.162.in-addr.arpa,rollover,5,7,4,small group
2020-10,arin,47.103.in-addr.arpa,unsign,13,,2,small group
2020-10,arin,64.139.in-addr.arpa,sign,,8,1,single delegation
2020-10,arin,78.147.in-addr.arpa,sign,,13,4,small group
2020-10,arin,84.135.in-addr.arpa,sign,,7,2,small group
2020-10,ripe,137.45.in-addr.arpa,sign,,13,4,small group
2020-10,ripe,156.45.in-addr.arpa,sign,,13,4,small group
2020-10,ripe,252.23.in-addr.arpa,sign,,13,1,single delegation
2020-10,ripe,78.147.in-addr.arpa,sign,,13,4,small group
2020-11,apnic,0.8.2.1.0.4.2.ip6.arpa,sign,,8,1,single delegation
2020-11,apnic,157.103.in-addr.arpa,sign,,8,2,small group
2020-11,apnic,31.114.in-addr.arpa,sign,,8,7,bulk
2020-11,apnic,44.202.in-addr.arpa,sign,,8,1,single delegation
2020-11,apnic,c.d.9.6.0.4.2.ip6.arpa,sign,,8,1,single delegation
2020-11,arin,0.4.8.9.0.0.0.2.6.2.ip6.arpa,sign,,13,1,single delegation
2020-11,arin,0.b.9.5.0.6.2.ip6.arpa,sign,,7,1,single delegation
2020-11,arin,1.0.d.f.2.0.6.2.ip6.arpa,sign,,13,1,single delegation
2020-11,arin,128.45.in-addr.arpa,sign,,13,4,small group
2020-11,arin,130.206.in-addr.arpa,sign,,13,2,small group
2020-11,arin,152.104.in-addr.arpa,sign,,13,4,small group
2020-11,arin,154.45.in-addr.arpa,rollover,10,8,1,single delegation
2020-11,arin,164.23.in-addr.arpa,unsign,8,,1,single delegation
2020-11,arin,167.205.in-addr.arpa,unsign,"5,8",,1,single delegation
2020-11,arin,167.45.in-addr.arpa,sign,,13,1,single delegation
2020-11,arin,195.134.in-addr.arpa,sign,,13,1,single delegation
2020-11,arin,195.192.in-addr.arpa,sign,,13,1,single delegation
2020-11,arin,233.24.in-addr.arpa,sign,,7,4,small group
2020-11,arin,238.192.in-addr.arpa,sign,,13,1,single delegation
2020-11,arin,249.167.in-addr.arpa,sign,,8,3,small group
2020-11,arin,250.216.in-addr.arpa,sign,,13,4,small group
2020-11,arin,251.162.in-addr.arpa,sign,,13,4,small group
2020-11,arin,37.64.in-addr.arpa,sign,,13,16,bulk
2020-11,arin,5.c.e.f.2.0.6.2.ip6.arpa,sign,,13,1,single delegation
2020-11,arin,50.207.in-addr.arpa,sign,,13,16,bulk
2020-11,arin,51.198.in-addr.arpa,unsign,5,,1,single delegation
2020-11,arin,65.208.in-addr.arpa,sign,,13,4,small group
2020-11,arin,66.208.in-addr.arpa,sign,,13,8,bulk
2020-11,arin,67.192.in-addr.arpa,sign,,13,1,single delegation
2020-11,arin,8.9.5.6.0.6.2.ip6.arpa,sign,,13,1,single delegation
2020-11,arin,83.216.in-addr.arpa,sign,,13,13,bulk
2020-11,lacnic,167.45.in-addr.arpa,sign,,13,1,single delegation
2020-11,lacnic,249.167.in-addr.arpa,sign,,8,3,small group
2020-11,ripe,128.45.in-addr.arpa,sign,,13,4,small group
2020-11,ripe,154.45.in-addr.arpa,rollover,10,8,1,single delegation
2020-12,apnic,1.2.0.0.f.d.0.1.0.0.2.ip6.arpa,sign,,14,1,single delegation
2020-12,apnic,106.103.in-addr.arpa,unsign,8,,2,small group
2020-12,apnic,151.103.in-addr.arpa,sign,,13,1,single delegation
2020-12,apnic,157.103.in-addr.arpa,sign,,13,1,single delegation
2020-12,apnic,157.103.in-addr.arpa,unsign,8,,2,small group
2020-12,apnic,30.203.in-addr.arpa,sign,,14,1,single delegation
2020-12,apnic,4.e.3.2.0.4.2.ip6.arpa,unsign,8,,1,single delegation
2020-12,apnic,c.d.9.6.0.4.2.ip6.arpa,unsign,8,,1,single delegation
2020-12,apnic,c.d.a.6.0.4.2.ip6.arpa,sign,,13,1,single delegation
2020-12,arin,0.4.8.0.8.0.2.0.6.2.ip6.arpa,sign,,14,1,single delegation
2020-12,arin,133.45.in-addr.arpa,unsign,8,,1,single delegation
2020-12,arin,134.45.in-addr.arpa,sign,,5,4,small group
2020-12,arin,142.in-addr.arpa,sign,,7,1,single delegation
2020-12,arin,147.in-addr.arpa,unsign,8,,1,single delegation
2020-12,arin,160.167.in-addr.arpa,sign,,13,1,single delegation
2020-12,arin,163.164.in-addr.arpa,sign,,8,1,single delegation
2020-12,arin,165.45.in-addr.arpa,sign,,8,4,small group
2020-12,arin,167.45.in-addr.arpa,unsign,13,,1,single delegation
2020-12,arin,168.23.in-addr.arpa,sign,,14,1,single delegation
2020-12,arin,195.134.in-addr.arpa,sign,,13,1,single delegation
2020-12,arin,195.134.in-addr.arpa,sign,,8,1,single delegation
2020-12,arin,28.147.in-addr.arpa,sign,,8,16,bulk
2020-12,arin,59.199.in-addr.arpa,sign,,7,2,small group
2020-12,arin,67.192.in-addr.arpa,unsign,8,,1,single delegation
2020-12,arin,85.69.in-addr.arpa,sign,,7,57,bulk
2020-12,lacnic,163.164.in-addr.arpa,sign,,8,1,single delegation
2020-12,lacnic,165.45.in-addr.arpa,sign,,8,4,small group
2020-12,lacnic,167.45.in-addr.arpa,unsign,13,,1,single delegation
2020-12,ripe,133.45.in-addr.arpa,unsign,8,,1,single delegation
2020-12,ripe,134.45.in-addr.arpa,sign,,5,4,small group
2020-12,ripe,147.in-addr.arpa,unsign,8,,1,single delegation
2020-12,ripe,160.167.in-addr.arpa,sign,,13,1,single delegation
2020-12,ripe,28.147.in-addr.arpa,sign,,8,16,bulk
2021-02,afrinic,119.154.in-addr.arpa,sign,,13,16,bulk
2021-02,afrinic,16.165.in-addr.arpa,sign,,13,32,bulk
2021-02,afrinic,41.196.in-addr.arpa,sign,,8,1,single delegation
2021-02,afrinic,79.41.in-addr.arpa,sign,,13,4,small group
2021-02,afrinic,a.1.f.f.0.c.2.ip6.arpa,sign,,13,1,single delegation
2021-02,apnic,123.163.in-addr.arpa,sign,,8,1,single delegation
2021-02,apnic,151.103.in-addr.arpa,sign,,8,1,single delegation
2021-02,apnic,152.103.in-addr.arpa,sign,,8,2,small group
2021-02,apnic,157.103.in-addr.arpa,sign,,13,2,small group
2021-02,apnic,159.103.in-addr.arpa,sign,,13,2,small group
2021-02,apnic,4.4.4.6.0.4.2.ip6.arpa,sign,,8,1,single delegation
2021-02,apnic,8.7.c.3.f.d.0.1.0.0.2.ip6.arpa,sign,,8,1,single delegation
2021-02,apnic,c.7.d.6.0.4.2.ip6.arpa,sign,,13,1,single delegation
2021-02,apnic,c.d.9.6.0.4.2.ip6.arpa,sign,,13,1,single delegation
2021-02,arin,0.0.2.8.3.0.0.0.2.6.2.ip6.arpa,sign,,5,1,single delegation
2021-02,arin,0.0.8.e.e.0.0.0.2.6.2.ip6.arpa,sign,,7,1,single delegation
2021-02,arin,0.9.0.0.8.0.2.0.6.2.ip6.arpa,sign,,8,1,single delegation
2021-02,arin,0.b.f.7.0.6.2.ip6.arpa,sign,,7,1,single delegation
2021-02,arin,0.d.7.0.8.0.2.0.6.2.ip6.arpa,sign,,13,1,single delegation
2021-02,arin,11.66.in-addr.arpa,unsign,8,,2,small group
2021-02,arin,123.163.in-addr.arpa,sign,,8,1,single delegation
2021-02,arin,129.23.in-addr.arpa,unsign,13,,1,single delegation
2021-02,arin,130.45.in-addr.arpa,unsign,13,,4,small group
2021-02,arin,131.45.in-addr.arpa,sign,,8,4,small group
2021-02,arin,143.23.in-addr.arpa,unsign,8,,1,single delegation
2021-02,arin,152.216.in-addr.arpa,sign,,8,4,small group
2021-02,arin,154.23.in-addr.arpa,unsign,13,,1,single delegation
2021-02,arin,16.165.in-addr.arpa,sign,,13,32,bulk
2021-02,arin,167.104.in-addr.arpa,sign,,7,3,small group
2021-02,arin,195.134.in-addr.arpa,sign,,8,1,single delegation
2021-02,arin,212.199.in-addr.arpa,sign,,7,1,single delegation
2021-02,arin,216.162.in-addr.arpa,sign,,7,4,small group
2021-02,arin,218.67.in-addr.arpa,sign,,13,1,single delegation
2021-02,arin,23.66.in-addr.arpa,sign,,8,2,small group
2021-02,arin,249.167.in-addr.arpa,sign,,8,1,single delegation
2021-02,arin,249.170.in-addr.arpa,sign,,7,64,bulk
2021-02,arin,37.104.in-addr.arpa,rollover,13,7,1,single delegation
2021-02,arin,4.4.f.5.0.6.2.ip6.arpa,sign,,7,1,single delegation
2021-02,arin,59.148.in-addr.arpa,sign,,13,1,single delegation
2021-02,arin,83.216.in-addr.arpa,sign,,13,3,small group
2021-02,arin,83.216.in-addr.arpa,unsign,13,,13,bulk
2021-02,arin,85.69.in-addr.arpa,sign,,7,2,small group
2021-02,arin,91.45.in-addr.arpa,unsign,13,,1,single delegation
2021-02,arin,99.172.in-addr.arpa,sign,,13,1,single delegation
2021-02,arin,99.172.in-addr.arpa,sign,,8,6,bulk
2021-02,arin,c.8.1.0.0.2.6.2.ip6.arpa,unsign,13,,1,single delegation
2021-02,lacnic,249.167.in-addr.arpa,sign,,8,1,single delegation
2021-02,ripe,130.45.in-addr.arpa,unsign,13,,4,small group
2021-02,ripe,131.45.in-addr.arpa,sign,,8,4,small group
2021-02,ripe,37.104.in-addr.arpa,rollover,13,7,1,single delegation
2021-02,ripe,91.45.in-addr.arpa,unsign,13,,1,single delegation
2021-03,apnic,114.45.in-addr.arpa,sign,,13,2,small group
2021-03,apnic,140.103.in-addr.arpa,unsign,13,,2,small group
2021-03,apnic,151.103.in-addr.arpa,unsign,8,,1,single delegation
2021-03,apnic,242.43.in-addr.arpa,sign,,13,4,small group
2021-03,apnic,74.103.in-addr.arpa,sign,,13,4,small group
2021-03,apnic,8.7.c.3.f.d.0.1.0.0.2.ip6.arpa,unsign,8,,1,single delegation
2021-03,arin,0.0.8.e.e.0.0.0.2.6.2.ip6.arpa,rollover,7,13,1,single delegation
2021-03,arin,0.0.c.9.7.0.0.0.2.6.2.ip6.arpa,sign,,13,1,single delegation
2021-03,arin,0.138.in-addr.arpa,sign,,13,4,small group
2021-03,arin,0.143.in-addr.arpa,sign,,13,4,small group
2021-03,arin,114.45.in-addr.arpa,sign,,13,2,small group
2021-03,arin,126.216.in-addr.arpa,sign,,8,2,small group
2021-03,arin,127.199.in-addr.arpa,unsign,13,,8,bulk
2021-03,arin,130.206.in-addr.arpa,sign,,13,2,small group
2021-03,arin,135.23.in-addr.arpa,sign,,13,1,single delegation
2021-03,arin,141.192.in-addr.arpa,sign,,13,4,small group
2021-03,arin,146.45.in-addr.arpa,sign,,13,1,single delegation
2021-03,arin,164.in-addr.arpa,unsign,8,,1,single delegation
2021-03,arin,174.23.in-addr.arpa,sign,,13,1,single delegation
2021-03,arin,176.23.in-addr.arpa,unsign,13,,1,single delegation
2021-03,arin,181.45.in-addr.arpa,sign,,13,4,small group
2021-03,arin,193.141.in-addr.arpa,unsign,13,,2,small group
2021-03,arin,212.199.in-addr.arpa,rollover,7,13,1,single delegation
2021-03,arin,233.205.in-addr.arpa,sign,,13,1,single delegation
2021-03,arin,238.204.in-addr.arpa,sign,,13,1,single delegation
2021-03,arin,239.45.in-addr.arpa,sign,,8,4,small group
2021-03,arin,255.132.in-addr.arpa,sign,,13,4,small group
2021-03,arin,36.104.in-addr.arpa,unsign,13,,4,small group
2021-03,arin,5.7.d.f.2.0.6.2.ip6.arpa,sign,,13,1,single delegation
2021-03,arin,59.45.in-addr.arpa,sign,,8,2,small group
2021-03,arin,62.198.in-addr.arpa,sign,,13,1,single delegation
2021-03,lacnic,0.138.in-addr.arpa,sign,,13,4,small group
2021-03,lacnic,0.143.in-addr.arpa,sign,,13,4,small group
2021-03,lacnic,141.192.in-addr.arpa,sign,,13,4,small group
2021-03,lacnic,181.45.in-addr.arpa,sign,,13,4,small group
2021-03,lacnic,239.45.in-addr.arpa,sign,,8,4,small group
2021-03,lacnic,255.132.in-addr.arpa,sign,,13,4,small group
2021-03,ripe,146.45.in-addr.arpa,sign,,13,1,single delegation
2021-04,afrinic,222.102.in-addr.arpa,sign,,8,4,small group
2021-04,afrinic,69.102.in-addr.arpa,sign,,13,12,bulk
2021-04,afrinic,76.41.in-addr.arpa,sign,,8,8,bulk
2021-04,apnic,123.163.in-addr.arpa,sign,,13,4,small group
2021-04,apnic,211.103.in-addr.arpa,sign,,13,4,small group
2021-04,apnic,249.45.in-addr.arpa,sign,,13,4,small group
2021-04,arin,0.c.b.f.4.0.6.2.ip6.arpa,sign,,13,1,single delegation
2021-04,arin,0.d.a.c.f.2.0.6.2.ip6.arpa,sign,,8,1,single delegation
2021-04,arin,1.e.d.f.2.0.6.2.ip6.arpa,sign,,8,1,single delegation
2021-04,arin,121.168.in-addr.arpa,sign,,13,4,small group
2021-04,arin,122.192.in-addr.arpa,sign,,8,8,bulk
2021-04,arin,123.163.in-addr.arpa,sign,,13,4,small group
2021-04,arin,129.161.in-addr.arpa,sign,,13,4,small group
2021-04,arin,130.45.in-addr.arpa,sign,,8,4,small group
2021-04,arin,130.in-addr.arpa,sign,,13,1,single delegation
2021-04,arin,148.45.in-addr.arpa,sign,,13,4,small group
2021-04,arin,149.45.in-addr.arpa,sign,,13,4,small group
2021-04,arin,154.23.in-addr.arpa,sign,,13,1,single delegation
2021-04,arin,166.23.in-addr.arpa,sign,,7,1,single delegation
2021-04,arin,17.204.in-addr.arpa,unsign,"7,8",,1,single delegation
2021-04,arin,175.23.in-addr.arpa,sign,,8,1,single delegation
2021-04,arin,175.45.in-addr.arpa,sign,,13,4,small group
2021-04,arin,177.45.in-addr.arpa,sign,,8,4,small group
2021-04,arin,178.45.in-addr.arpa,sign,,13,1,single delegation
2021-04,arin,193.141.in-addr.arpa,sign,,8,1,single delegation
2021-04,arin,2.a.0.8.0.2.0.6.2.ip6.arpa,sign,,8,1,single delegation
2021-04,arin,202.142.in-addr.arpa,sign,,13,4,small group
2021-04,arin,219.67.in-addr.arpa,sign,,8,2,small group
2021-04,arin,238.160.in-addr.arpa,sign,,13,4,small group
2021-04,arin,238.45.in-addr.arpa,sign,,13,4,small group
2021-04,arin,249.162.in-addr.arpa,sign,,8,4,small group
2021-04,arin,249.45.in-addr.arpa,sign,,13,4,small group
2021-04,arin,255.104.in-addr.arpa,sign,,8,1,single delegation
2021-04,arin,3.0.0.6.0.5.0.1.0.0.2.ip6.arpa,sign,,13,1,single delegation
2021-04,arin,3.d.c.f.2.0.6.2.ip6.arpa,sign,,13,1,single delegation
2021-04,arin,34.192.in-addr.arpa,sign,,13,4,small group
2021-04,arin,51.66.in-addr.arpa,sign,,13,1,single delegation
2021-04,arin,6.45.in-addr.arpa,sign,,8,4,small group
2021-04,arin,97.138.in-addr.arpa,sign,,8,4,small group
2021-04,arin,99.172.in-addr.arpa,sign,,13,2,small group
2021-04,arin,c.4.f.5.0.6.2.ip6.arpa,sign,,7,1,single delegation
2021-04,lacnic,121.168.in-addr.arpa,sign,,13,4,small group
2021-04,lacnic,175.45.in-addr.arpa,sign,,13,4,small group
2021-04,lacnic,177.45.in-addr.arpa,sign,,8,4,small group
2021-04,lacnic,178.45.in-addr.arpa,sign,,13,4,small group
2021-04,lacnic,238.160.in-addr.arpa,sign,,13,4,small group
2021-04,lacnic,238.45.in-addr.arpa,sign,,13,4,small group
2021-04,lacnic,6.45.in-addr.arpa,sign,,8,4,small group
2021-04,lacnic,97.138.in-addr.arpa,sign,,8,4,small group
2021-04,ripe,130.45.in-addr.arpa,sign,,8,4,small group
2021-04,ripe,148.45.in-addr.arpa,sign,,13,4,small group
2021-04,ripe,149.45.in-addr.arpa,sign,,13,4,small group
2021-05,afrinic,41.196.in-addr.arpa,unsign,5,,3,small group
2021-05,apnic,214.103.in-addr.arpa,sign,,13,4,small group
2021-05,apnic,48.144.in-addr.arpa,sign,,13,4,small group
2021-05,arin,137.143.in-addr.arpa,sign,,13,4,small group
2021-05,arin,138.in-addr.arpa,unsign,8,,1,single delegation
2021-05,arin,152.104.in-addr.arpa,sign,,8,1,single delegation
2021-05,arin,157.23.in-addr.arpa,sign,,8,1,single delegation
2021-05,arin,160.147.in-addr.arpa,sign,,8,1,single delegation
2021-05,arin,172.144.in-addr.arpa,sign,,8,2,small group
2021-05,arin,177.23.in-addr.arpa,sign,,8,1,single delegation
2021-05,arin,178.23.in-addr.arpa,sign,,8,1,single delegation
2021-05,arin,178.45.in-addr.arpa,sign,,13,3,small group
2021-05,arin,196.168.in-addr.arpa,sign,,13,4,small group
2021-05,arin,209.209.in-addr.arpa,sign,,13,1,single delegation
2021-05,arin,246.170.in-addr.arpa,sign,,5,4,small group
2021-05,arin,247.170.in-addr.arpa,sign,,8,4,small group
2021-05,arin,251.162.in-addr.arpa,unsign,13,,4,small group
2021-05,arin,255.162.in-addr.arpa,rollover,7,8,4,small group
2021-05,arin,28.72.in-addr.arpa,sign,,8,2,small group
2021-05,arin,48.144.in-addr.arpa,sign,,13,4,small group
2021-05,arin,5.c.e.f.2.0.6.2.ip6.arpa,unsign,13,,1,single delegation
2021-05,arin,6.a.c.f.2.0.6.2.ip6.arpa,sign,,"8,14",1,single delegation
2021-05,arin,61.45.in-addr.arpa,sign,,8,1,single delegation
2021-05,arin,82.172.in-addr.arpa,sign,,8,4,small group
2021-05,lacnic,137.143.in-addr.arpa,sign,,13,4,small group
2021-05,lacnic,196.168.in-addr.arpa,sign,,13,4,small group
2021-05,lacnic,246.170.in-addr.arpa,sign,,5,4,small group
2021-05,lacnic,247.170.in-addr.arpa,sign,,8,4,small group
2021-05,ripe,138.in-addr.arpa,unsign,8,,1,single delegation
2021-06,afrinic,223.41.in-addr.arpa,sign,,13,3,small group
2021-06,afrinic,255.169.in-addr.arpa,unsign,8,,1,single delegation
2021-06,apnic,123.163.in-addr.arpa,unsign,13,,4,small group
2021-06,arin,0.0.0.0.0.5.0.1.0.0.2.ip6.arpa,rollover,5,8,1,single delegation
2021-06,arin,0.0.2.8.3.0.0.0.2.6.2.ip6.arpa,rollover,5,8,1,single delegation
2021-06,arin,0.0.e.7.3.0.0.0.2.6.2.ip6.arpa,rollover,5,8,1,single delegation
2021-06,arin,0.c.b.f.4.0.6.2.ip6.arpa,unsign,13,,1,single delegation
2021-06,arin,1.0.0.0.0.5.0.1.0.0.2.ip6.arpa,rollover,5,8,1,single delegation
2021-06,arin,1.1.0.0.0.5.0.1.0.0.2.ip6.arpa,rollover,5,8,1,single delegation
2021-06,arin,123.163.in-addr.arpa,unsign,13,,4,small group
2021-06,arin,129.161.in-addr.arpa,unsign,13,,4,small group
2021-06,arin,134.23.in-addr.arpa,rollover,8,13,2,small group
2021-06,arin,134.45.in-addr.arpa,rollover,5,13,4,small group
2021-06,arin,136.192.in-addr.arpa,rollover,5,8,1,single delegation
2021-06,arin,149.192.in-addr.arpa,rollover,5,8,1,single delegation
2021-06,arin,151.168.in-addr.arpa,sign,,13,1,single delegation
2021-06,arin,162.23.in-addr.arpa,sign,,14,1,single delegation
2021-06,arin,168.23.in-addr.arpa,sign,,14,1,single delegation
2021-06,arin,173.45.in-addr.arpa,sign,,8,4,small group
2021-06,arin,175.23.in-addr.arpa,sign,,13,1,single delegation
2021-06,arin,180.199.in-addr.arpa,rollover,5,8,4,small group
2021-06,arin,189.147.in-addr.arpa,sign,,13,8,bulk
2021-06,arin,202.142.in-addr.arpa,unsign,13,,4,small group
2021-06,arin,212.199.in-addr.arpa,rollover,5,8,1,single delegation
2021-06,arin,219.67.in-addr.arpa,sign,,8,1,single delegation
2021-06,arin,229.45.in-addr.arpa,sign,,13,4,small group
2021-06,arin,229.45.in-addr.arpa,unsign,7,,4,small group
2021-06,arin,239.45.in-addr.arpa,unsign,8,,4,small group
2021-06,arin,253.199.in-addr.arpa,rollover,5,8,1,single delegation
2021-06,arin,254.155.in-addr.arpa,sign,,13,2,small group
2021-06,arin,255.169.in-addr.arpa,unsign,8,,1,single delegation
2021-06,arin,3.0.0.0.0.5.0.1.0.0.2.ip6.arpa,rollover,5,8,2,small group
2021-06,arin,3.0.0.6.0.5.0.1.0.0.2.ip6.arpa,unsign,13,,1,single delegation
2021-06,arin,34.192.in-addr.arpa,unsign,13,,4,small group
2021-06,arin,4.c.b.4.0.6.2.ip6.arpa,sign,,13,1,single delegation
2021-06,arin,43.199.in-addr.arpa,rollover,5,8,1,single delegation
2021-06,arin,5.199.in-addr.arpa,rollover,5,8,1,single delegation
2021-06,arin,71.199.in-addr.arpa,rollover,5,8,1,single delegation
2021-06,arin,8.6.d.6.0.6.2.ip6.arpa,sign,,13,1,single delegation
2021-06,arin,89.198.in-addr.arpa,sign,,13,2,small group
2021-06,arin,9.0.0.0.0.5.0.1.0.0.2.ip6.arpa,rollover,5,8,1,single delegation
2021-06,arin,95.45.in-addr.arpa,sign,,13,1,single delegation
2021-06,arin,99.172.in-addr.arpa,unsign,13,,1,single delegation
2021-06,arin,a.0.0.0.0.5.0.1.0.0.2.ip6.arpa,rollover,5,8,1,single delegation
2021-06,arin,f.0.0.0.0.5.0.1.0.0.2.ip6.arpa,rollover,5,8,1,single delegation
2021-06,lacnic,173.45.in-addr.arpa,sign,,8,4,small group
2021-06,lacnic,229.45.in-addr.arpa,sign,,13,4,small group
2021-06,lacnic,229.45.in-addr.arpa,unsign,7,,4,small group
2021-06,lacnic,239.45.in-addr.arpa,unsign,8,,4,small group
2021-06,ripe,134.45.in-addr.arpa,rollover,5,13,4,small group
2021-06,ripe,189.147.in-addr.arpa,sign,,13,8,bulk
2021-06,ripe,84.45.in-addr.arpa,unsign,7,,1,single delegation
2021-06,ripe,95.45.in-addr.arpa,sign,,13,1,single delegation
2021-07,apnic,0.0.0.b.e.d.0.1.0.0.2.ip6.arpa,rollover,8,13,1,single delegation
2021-07,apnic,159.203.in-addr.arpa,rollover,8,13,4,small group
2021-07,apnic,159.203.in-addr.arpa,sign,,13,2,small group
2021-07,arin,0.0.6.c.f.2.0.6.2.ip6.arpa,sign,,8,1,single delegation
2021-07,arin,0.0.a.7.5.0.0.0.2.6.2.ip6.arpa,sign,,13,1,single delegation
2021-07,arin,0.a.6.0.8.0.2.0.6.2.ip6.arpa,unsign,13,,1,single delegation
2021-07,arin,13.45.in-addr.arpa,unsign,8,,1,single delegation
2021-07,arin,144.192.in-addr.arpa,sign,,13,4,small group
2021-07,arin,157.23.in-addr.arpa,sign,,13,1,single delegation
2021-07,arin,179.45.in-addr.arpa,sign,,5,2,small group
2021-07,arin,3.d.c.f.2.0.6.2.ip6.arpa,unsign,13,,1,single delegation
2021-07,arin,84.45.in-addr.arpa,unsign,7,,1,single delegation
2021-07,arin,95.45.in-addr.arpa,unsign,13,,1,single delegation
2021-07,arin,a.6.0.8.0.2.0.6.2.ip6.arpa,sign,,13,1,single delegation
2021-07,lacnic,144.192.in-addr.arpa,sign,,13,4,small group
2021-07,lacnic,179.45.in-addr.arpa,sign,,5,2,small group
2021-07,ripe,13.45.in-addr.arpa,unsign,8,,1,single delegation
2021-07,ripe,95.45.in-addr.arpa,unsign,13,,1,single delegation
2021-08,afrinic,41.196.in-addr.arpa,unsign,8,,1,single delegation
2021-08,apnic,0.0.0.8.c.2.0.4.2.ip6.arpa,rollover,8,13,1,single delegation
2021-08,apnic,2.103.in-addr.arpa,rollover,8,13,4,small group
2021-08,apnic,42.119.in-addr.arpa,sign,,13,4,small group
2021-08,apnic,69.103.in-addr.arpa,sign,,13,4,small group
2021-08,apnic,69.115.in-addr.arpa,rollover,8,13,8,bulk
2021-08,apnic,b.0.0.8.c.2.0.4.2.ip6.arpa,rollover,8,13,1,single delegation
2021-08,apnic,e.7.0.4.f.0.5.0.4.2.ip6.arpa,unsign,13,,1,single delegation
2021-08,apnic,f.0.0.8.c.2.0.4.2.ip6.arpa,rollover,8,13,1,single delegation
2021-08,arin,0.143.in-addr.arpa,sign,,13,4,small group
2021-08,arin,0.d.a.c.f.2.0.6.2.ip6.arpa,rollover,8,13,1,single delegation
2021-08,arin,11.45.in-addr.arpa,sign,,14,4,small group
2021-08,arin,111.172.in-addr.arpa,sign,,8,4,small group
2021-08,arin,128.in-addr.arpa,sign,,13,1,single delegation
2021-08,arin,143.in-addr.arpa,sign,,13,1,single delegation
2021-08,arin,164.23.in-addr.arpa,sign,,8,1,single delegation
2021-08,arin,175.23.in-addr.arpa,rollover,8,13,1,single delegation
2021-08,arin,175.45.in-addr.arpa,unsign,13,,4,small group
2021-08,arin,180.45.in-addr.arpa,sign,,13,4,small group
2021-08,arin,183.23.in-addr.arpa,sign,,8,1,single delegation
2021-08,arin,188.45.in-addr.arpa,sign,,13,4,small group
2021-08,arin,199.161.in-addr.arpa,sign,,13,1,single delegation
2021-08,arin,224.104.in-addr.arpa,sign,,13,1,single delegation
2021-08,arin,228.168.in-addr.arpa,sign,,8,4,small group
2021-08,arin,228.45.in-addr.arpa,sign,,13,4,small group
2021-08,arin,231.45.in-addr.arpa,sign,,13,4,small group
2021-08,arin,238.45.in-addr.arpa,unsign,13,,4,small group
2021-08,arin,252.192.in-addr.arpa,sign,,8,16,bulk
2021-08,arin,28.139.in-addr.arpa,sign,,13,1,single delegation
2021-08,arin,3.d.c.f.2.0.6.2.ip6.arpa,sign,,13,1,single delegation
2021-08,arin,4.4.f.5.0.6.2.ip6.arpa,unsign,7,,1,single delegation
2021-08,arin,45.45.in-addr.arpa,sign,,13,1,single delegation
2021-08,arin,59.45.in-addr.arpa,sign,,14,1,single delegation
2021-08,arin,63.in-addr.arpa,sign,,7,1,single delegation
2021-08,arin,98.172.in-addr.arpa,sign,,13,1,single delegation
2021-08,arin,98.172.in-addr.arpa,sign,,8,1,single delegation
2021-08,arin,d.5.c.f.2.0.6.2.ip6.arpa,sign,,13,1,single delegation
2021-08,lacnic,0.143.in-addr.arpa,sign,,13,4,small group
2021-08,lacnic,175.45.in-addr.arpa,unsign,13,,4,small group
2021-08,lacnic,180.45.in-addr.arpa,sign,,13,4,small group
2021-08,lacnic,188.45.in-addr.arpa,sign,,13,4,small group
2021-08,lacnic,228.168.in-addr.arpa,sign,,8,4,small group
2021-08,lacnic,228.45.in-addr.arpa,sign,,13,4,small group
2021-08,lacnic,231.45.in-addr.arpa,sign,,13,4,small group
2021-08,lacnic,238.45.in-addr.arpa,unsign,13,,4,small group
2021-08,ripe,11.45.in-addr.arpa,sign,,14,4,small group
2021-08,ripe,28.139.in-addr.arpa,sign,,13,1,single delegation
2021-09,afrinic,226.160.in-addr.arpa,sign,,8,1,single delegation
2021-09,afrinic,226.160.in-addr.arpa,sign,,"8,13",1,single delegation
2021-09,afrinic,36.102.in-addr.arpa,rollover,7,13,3,small group
2021-09,apnic,109.112.in-addr.arpa,sign,,13,5,bulk
2021-09,apnic,138.103.in-addr.arpa,sign,,13,2,small group
2021-09,apnic,159.103.in-addr.arpa,sign,,13,2,small group
2021-09,apnic,174.202.in-addr.arpa,sign,,13,1,single delegation
2021-09,apnic,245.43.in-addr.arpa,sign,,13,4,small group
2021-09,apnic,253.103.in-addr.arpa,sign,,13,1,single delegation
2021-09,apnic,47.119.in-addr.arpa,sign,,13,10,bulk
2021-09,arin,0.0.6.5.4.0.0.0.2.6.2.ip6.arpa,unsign,7,,1,single delegation
2021-09,arin,0.131.in-addr.arpa,sign,,13,4,small group
2021-09,arin,0.143.in-addr.arpa,sign,,13,4,small group
2021-09,arin,0.170.in-addr.arpa,sign,,13,4,small group
2021-09,arin,12.45.in-addr.arpa,sign,,13,1,single delegation
2021-09,arin,121.168.in-addr.arpa,unsign,13,,4,small group
2021-09,arin,134.in-addr.arpa,sign,,8,1,single delegation
2021-09,arin,141.45.in-addr.arpa,sign,,13,1,single delegation
2021-09,arin,162.45.in-addr.arpa,sign,,13,4,small group
2021-09,arin,165.45.in-addr.arpa,sign,,13,4,small group
2021-09,arin,182.45.in-addr.arpa,sign,,13,4,small group
2021-09,arin,186.138.in-addr.arpa,sign,,13,4,small group
2021-09,arin,186.45.in-addr.arpa,sign,,8,4,small group
2021-09,arin,188.45.in-addr.arpa,unsign,13,,4,small group
2021-09,arin,189.45.in-addr.arpa,sign,,13,4,small group
2021-09,arin,201.128.in-addr.arpa,sign,,8,4,small group
2021-09,arin,226.160.in-addr.arpa,sign,,8,1,single delegation
2021-09,arin,226.160.in-addr.arpa,sign,,"8,13",1,single delegation
2021-09,arin,226.45.in-addr.arpa,sign,,8,4,small group
2021-09,arin,228.168.in-addr.arpa,unsign,8,,4,small group
2021-09,arin,245.170.in-addr.arpa,sign,,13,4,small group
2021-09,arin,250.104.in-addr.arpa,sign,,13,4,small group
2021-09,arin,250.167.in-addr.arpa,sign,,8,4,small group
2021-09,arin,65.208.in-addr.arpa,sign,,13,4,small group
2021-09,arin,7.4.c.f.2.0.6.2.ip6.arpa,sign,,13,1,single delegation
2021-09,arin,72.131.in-addr.arpa,sign,,13,4,small group
2021-09,arin,84.170.in-addr.arpa,sign,,13,4,small group
2021-09,arin,89.152.in-addr.arpa,unsign,8,,1,single delegation
2021-09,lacnic,0.131.in-addr.arpa,sign,,13,4,small group
2021-09,lacnic,0.143.in-addr.arpa,sign,,13,4,small group
2021-09,lacnic,0.170.in-addr.arpa,sign,,13,4,small group
2021-09,lacnic,121.168.in-addr.arpa,unsign,13,,4,small group
2021-09,lacnic,162.45.in-addr.arpa,sign,,13,4,small group
2021-09,lacnic,165.45.in-addr.arpa,sign,,13,4,small group
2021-09,lacnic,182.45.in-addr.arpa,sign,,13,4,small group
2021-09,lacnic,186.138.in-addr.arpa,sign,,13,4,small group
2021-09,lacnic,186.45.in-addr.arpa,sign,,8,4,small group
2021-09,lacnic,188.45.in-addr.arpa,unsign,13,,4,small group
2021-09,lacnic,189.45.in-addr.arpa,sign,,13,4,small group
2021-09,lacnic,201.128.in-addr.arpa,sign,,8,4,small group
2021-09,lacnic,226.45.in-addr.arpa,sign,,8,4,small group
2021-09,lacnic,228.168.in-addr.arpa,unsign,8,,4,small group
2021-09,lacnic,245.170.in-addr.arpa,sign,,13,4,small group
2021-09,lacnic,250.167.in-addr.arpa,sign,,8,4,small group
2021-09,lacnic,72.131.in-addr.arpa,sign,,13,4,small group
2021-09,lacnic,84.170.in-addr.arpa,sign,,13,4,small group
2021-09,ripe,12.45.in-addr.arpa,sign,,13,1,single delegation
2021-09,ripe,141.45.in-addr.arpa,sign,,13,1,single delegation
2021-09,ripe,89.152.in-addr.arpa,unsign,8,,1,single delegation
2021-10,apnic,134.in-addr.arpa,sign,,13,1,single delegation
2021-10,apnic,152.59.in-addr.arpa,sign,,13,4,small group
2021-10,apnic,172.103.in-addr.arpa,sign,,13,1,single delegation
2021-10,apnic,71.103.in-addr.arpa,sign,,14,4,small group
2021-10,apnic,c.4.5.2.0.4.2.ip6.arpa,sign,,13,1,single delegation
2021-10,arin,0.7.3.0.8.0.2.0.6.2.ip6.arpa,unsign,10,,1,single delegation
2021-10,arin,0.b.3.0.8.0.2.0.6.2.ip6.arpa,unsign,10,,1,single delegation
2021-10,arin,108.131.in-addr.arpa,sign,,13,4,small group
2021-10,arin,121.168.in-addr.arpa,sign,,13,3,small group
2021-10,arin,134.in-addr.arpa,sign,,13,1,single delegation
2021-10,arin,149.193.in-addr.arpa,sign,,13,2,small group
2021-10,arin,161.45.in-addr.arpa,sign,,8,4,small group
2021-10,arin,165.45.in-addr.arpa,unsign,8,,2,small group
2021-10,arin,185.138.in-addr.arpa,sign,,13,4,small group
2021-10,arin,188.23.in-addr.arpa,sign,,7,1,single delegation
2021-10,arin,196.168.in-addr.arpa,sign,,13,4,small group
2021-10,arin,199.170.in-addr.arpa,unsign,10,,8,bulk
2021-10,arin,202.142.in-addr.arpa,unsign,10,,1,single delegation
2021-10,arin,229.45.in-addr.arpa,sign,,14,4,small group
2021-10,arin,233.45.in-addr.arpa,sign,,13,4,small group
2021-10,arin,236.45.in-addr.arpa,sign,,8,4,small group
2021-10,arin,24.216.in-addr.arpa,sign,,13,1,single delegation
2021-10,arin,244.66.in-addr.arpa,sign,,13,1,single delegation
2021-10,arin,245.170.in-addr.arpa,sign,,8,1,single delegation
2021-10,arin,3.d.c.f.2.0.6.2.ip6.arpa,unsign,13,,1,single delegation
2021-10,arin,4.2.0.6.0.6.2.ip6.arpa,sign,,5,1,single delegation
2021-10,arin,51.158.in-addr.arpa,sign,,8,1,single delegation
2021-10,arin,51.158.in-addr.arpa,unsign,10,,1,single delegation
2021-10,arin,80.170.in-addr.arpa,sign,,8,4,small group
2021-10,arin,82.172.in-addr.arpa,sign,,8,1,single delegation
2021-10,arin,83.137.in-addr.arpa,sign,,8,1,single delegation
2021-10,arin,87.199.in-addr.arpa,sign,,13,1,single delegation
2021-10,arin,91.45.in-addr.arpa,sign,,13,2,small group
2021-10,arin,94.138.in-addr.arpa,sign,,13,4,small group
2021-10,arin,97.138.in-addr.arpa,sign,,8,4,small group
2021-10,arin,99.172.in-addr.arpa,unsign,13,,1,single delegation
2021-10,arin,a.d.e.f.2.0.6.2.ip6.arpa,unsign,8,,1,single delegation
2021-10,arin,c.b.b.4.0.6.2.ip6.arpa,unsign,10,,1,single delegation
2021-10,arin,d.2.c.f.2.0.6.2.ip6.arpa,sign,,13,1,single delegation
2021-10,arin,d.e.f.2.0.6.2.ip6.arpa,sign,,8,1,single delegation
2021-10,lacnic,108.131.in-addr.arpa,sign,,13,4,small group
2021-10,lacnic,121.168.in-addr.arpa,sign,,13,3,small group
2021-10,lacnic,161.45.in-addr.arpa,sign,,8,4,small group
2021-10,lacnic,165.45.in-addr.arpa,unsign,8,,2,small group
2021-10,lacnic,185.138.in-addr.arpa,sign,,13,4,small group
2021-10,lacnic,196.168.in-addr.arpa,sign,,13,4,small group
2021-10,lacnic,229.45.in-addr.arpa,sign,,14,4,small group
2021-10,lacnic,233.45.in-addr.arpa,sign,,13,4,small group
2021-10,lacnic,236.45.in-addr.arpa,sign,,8,4,small group
2021-10,lacnic,245.170.in-addr.arpa,sign,,8,1,single delegation
2021-10,lacnic,80.170.in-addr.arpa,sign,,8,4,small group
2021-10,lacnic,94.138.in-addr.arpa,sign,,13,4,small group
2021-10,lacnic,97.138.in-addr.arpa,sign,,8,4,small group
2021-10,ripe,91.45.in-addr.arpa,sign,,13,2,small group
2021-11,afrinic,219.102.in-addr.arpa,sign,,13,1,single delegation
2021-11,afrinic,95.193.in-addr.arpa,unsign,8,,1,single delegation
2021-11,apnic,8.c.1.5.f.d.0.1.0.0.2.ip6.arpa,sign,,13,1,single delegation
2021-11,arin,0.0.4.9.1.0.0.0.2.6.2.ip6.arpa,rollover,8,13,1,single delegation
2021-11,arin,0.168.in-addr.arpa,sign,,13,4,small group
2021-11,arin,0.6.9.0.8.0.2.0.6.2.ip6.arpa,sign,,13,1,single delegation
2021-11,arin,0.7.3.0.8.0.2.0.6.2.ip6.arpa,sign,,13,1,single delegation
2021-11,arin,0.b.3.0.8.0.2.0.6.2.ip6.arpa,sign,,13,1,single delegation
2021-11,arin,141.45.in-addr.arpa,unsign,13,,1,single delegation
2021-11,arin,143.45.in-addr.arpa,sign,,13,4,small group
2021-11,arin,150.23.in-addr.arpa,rollover,7,8,1,single delegation
2021-11,arin,153.45.in-addr.arpa,sign,,13,4,small group
2021-11,arin,153.45.in-addr.arpa,sign,,8,4,small group
2021-11,arin,157.45.in-addr.arpa,sign,,13,1,single delegation
2021-11,arin,161.45.in-addr.arpa,sign,,13,4,small group
2021-11,arin,165.45.in-addr.arpa,unsign,8,,2,small group
2021-11,arin,185.138.in-addr.arpa,sign,,13,4,small group
2021-11,arin,199.170.in-addr.arpa,sign,,10,8,bulk
2021-11,arin,2.0.0.4.0.5.0.1.0.0.2.ip6.arpa,rollover,10,13,1,single delegation
2021-11,arin,202.142.in-addr.arpa,sign,,13,1,single delegation
2021-11,arin,225.45.in-addr.arpa,sign,,13,4,small group
2021-11,arin,231.45.in-addr.arpa,sign,,13,4,small group
2021-11,arin,245.170.in-addr.arpa,sign,,13,4,small group
2021-11,arin,255.158.in-addr.arpa,sign,,8,1,single delegation
2021-11,arin,35.in-addr.arpa,sign,,8,1,single delegation
2021-11,arin,42.45.in-addr.arpa,sign,,13,2,small group
2021-11,arin,51.158.in-addr.arpa,sign,,13,1,single delegation
2021-11,arin,72.206.in-addr.arpa,rollover,10,14,1,single delegation
2021-11,arin,84.135.in-addr.arpa,rollover,7,8,2,small group
2021-11,arin,85.195.in-addr.arpa,sign,,13,1,single delegation
2021-11,arin,c.b.b.4.0.6.2.ip6.arpa,sign,,10,1,single delegation
2021-11,lacnic,0.168.in-addr.arpa,sign,,13,4,small group
2021-11,lacnic,161.45.in-addr.arpa,sign,,13,4,small group
2021-11,lacnic,165.45.in-addr.arpa,unsign,8,,2,small group
2021-11,lacnic,185.138.in-addr.arpa,sign,,13,4,small group
2021-11,lacnic,225.45.in-addr.arpa,sign,,13,4,small group
2021-11,lacnic,229.45.in-addr.arpa,unsign,14,,2,small group
2021-11,lacnic,231.45.in-addr.arpa,sign,,13,4,small group
2021-11,lacnic,245.170.in-addr.arpa,sign,,13,4,small group
2021-11,ripe,141.45.in-addr.arpa,unsign,13,,1,single delegation
2021-11,ripe,143.45.in-addr.arpa,sign,,13,4,small group
2021-11,ripe,153.45.in-addr.arpa,sign,,13,4,small group
2021-11,ripe,153.45.in-addr.arpa,sign,,8,4,small group
2021-11,ripe,157.45.in-addr.arpa,sign,,13,1,single delegation
2021-11,ripe,255.158.in-addr.arpa,sign,,8,1,single delegation
2021-12,afrinic,217.102.in-addr.arpa,sign,,8,4,small group
2021-12,afrinic,41.196.in-addr.arpa,sign,,8,2,small group
2021-12,apnic,0.0.9.0.4.2.ip6.arpa,sign,,10,1,single delegation
2021-12,apnic,144.103.in-addr.arpa,sign,,5,1,single delegation
2021-12,apnic,160.103.in-addr.arpa,sign,,5,1,single delegation
2021-12,apnic,73.103.in-addr.arpa,sign,,13,4,small group
2021-12,apnic,8.a.b.1.f.d.0.1.0.0.2.ip6.arpa,sign,,5,1,single delegation
2021-12,arin,0.0.6.8.1.0.0.0.2.6.2.ip6.arpa,sign,,13,1,single delegation
2021-12,arin,0.b.8.c.f.2.0.6.2.ip6.arpa,sign,,8,1,single delegation
2021-12,arin,10.45.in-addr.arpa,sign,,13,4,small group
2021-12,arin,110.65.in-addr.arpa,rollover,7,10,32,bulk
2021-12,arin,113.64.in-addr.arpa,rollover,7,10,32,bulk
2021-12,arin,121.168.in-addr.arpa,unsign,13,,3,small group
2021-12,arin,129.23.in-addr.arpa,sign,,13,1,single delegation
2021-12,arin,129.in-addr.arpa,rollover,7,10,1,single delegation
2021-12,arin,133.45.in-addr.arpa,sign,,13,4,small group
2021-12,arin,153.23.in-addr.arpa,sign,,13,1,single delegation
2021-12,arin,160.in-addr.arpa,sign,,8,1,single delegation
2021-12,arin,165.45.in-addr.arpa,sign,,5,4,small group
2021-12,arin,185.138.in-addr.arpa,sign,,13,4,small group
2021-12,arin,185.45.in-addr.arpa,sign,,8,4,small group
2021-12,arin,186.45.in-addr.arpa,sign,,8,4,small group
2021-12,arin,188.192.in-addr.arpa,rollover,7,10,5,bulk
2021-12,arin,195.168.in-addr.arpa,sign,,13,3,small group
2021-12,arin,197.168.in-addr.arpa,sign,,8,4,small group
2021-12,arin,199.161.in-addr.arpa,unsign,13,,1,single delegation
2021-12,arin,229.45.in-addr.arpa,unsign,14,,4,small group
2021-12,arin,232.168.in-addr.arpa,sign,,13,3,small group
2021-12,arin,237.205.in-addr.arpa,rollover,7,10,16,bulk
2021-12,arin,245.170.in-addr.arpa,unsign,8,,1,single delegation
2021-12,arin,245.192.in-addr.arpa,rollover,7,10,1,single delegation
2021-12,arin,247.23.in-addr.arpa,sign,,13,4,small group
2021-12,arin,255.134.in-addr.arpa,sign,,13,1,single delegation
2021-12,arin,4.0.e.5.0.6.2.ip6.arpa,unsign,13,,1,single delegation
2021-12,arin,73.192.in-addr.arpa,sign,,8,1,single delegation
2021-12,arin,81.170.in-addr.arpa,sign,,13,4,small group
2021-12,arin,89.152.in-addr.arpa,sign,,13,4,small group
2021-12,arin,91.45.in-addr.arpa,sign,,13,4,small group
2021-12,arin,94.167.in-addr.arpa,sign,,13,1,single delegation
2021-12,arin,97.138.in-addr.arpa,unsign,8,,2,small group
2021-12,lacnic,121.168.in-addr.arpa,unsign,13,,3,small group
2021-12,lacnic,165.45.in-addr.arpa,sign,,5,4,small group
2021-12,lacnic,185.138.in-addr.arpa,sign,,13,4,small group
2021-12,lacnic,185.45.in-addr.arpa,sign,,8,4,small group
2021-12,lacnic,186.45.in-addr.arpa,sign,,8,4,small group
2021-12,lacnic,195.168.in-addr.arpa,sign,,13,3,small group
2021-12,lacnic,197.168.in-addr.arpa,sign,,8,4,small group
2021-12,lacnic,229.45.in-addr.arpa,unsign,14,,2,small group
2021-12,lacnic,232.168.in-addr.arpa,sign,,13,3,small group
2021-12,lacnic,245.170.in-addr.arpa,unsign,8,,1,single delegation
2021-12,lacnic,81.170.in-addr.arpa,sign,,13,4,small group
2021-12,lacnic,97.138.in-addr.arpa,unsign,8,,2,small group
2021-12,ripe,10.45.in-addr.arpa,sign,,13,4,small group
2021-12,ripe,133.45.in-addr.arpa,sign,,13,4,small group
2021-12,ripe,255.134.in-addr.arpa,sign,,13,1,single delegation
2021-12,ripe,89.152.in-addr.arpa,sign,,13,4,small group
2021-12,ripe,91.45.in-addr.arpa,sign,,13,4,small group
2022-01,afrinic,217.102.in-addr.arpa,sign,,"8,13",4,small group
2022-01,afrinic,226.160.in-addr.arpa,rollover,8,"8,13",1,single delegation
2022-01,afrinic,226.160.in-addr.arpa,sign,,"8,13",14,bulk
2022-01,apnic,138.103.in-addr.arpa,sign,,13,2,small group
2022-01,apnic,176.103.in-addr.arpa,sign,,13,2,small group
2022-01,apnic,2.6.3.0.0.4.2.ip6.arpa,sign,,13,1,single delegation
2022-01,apnic,221.103.in-addr.arpa,sign,,13,4,small group
2022-01,apnic,252.45.in-addr.arpa,sign,,13,4,small group
2022-01,apnic,4.e.0.5.0.4.2.ip6.arpa,sign,,13,1,single delegation
2022-01,arin,0.d.a.c.f.2.0.6.2.ip6.arpa,unsign,13,,1,single delegation
2022-01,arin,107.192.in-addr.arpa,unsign,8,,1,single delegation
2022-01,arin,137.204.in-addr.arpa,sign,,13,1,single delegation
2022-01,arin,141.192.in-addr.arpa,sign,,5,5,bulk
2022-01,arin,153.45.in-addr.arpa,sign,,13,4,small group
2022-01,arin,181.168.in-addr.arpa,sign,,7,4,small group
2022-01,arin,186.138.in-addr.arpa,sign,,7,4,small group
2022-01,arin,189.45.in-addr.arpa,sign,,7,4,small group
2022-01,arin,19.146.in-addr.arpa,sign,,13,1,single delegation
2022-01,arin,190.45.in-addr.arpa,sign,,8,3,small group
2022-01,arin,199.161.in-addr.arpa,unsign,13,,1,single delegation
2022-01,arin,226.160.in-addr.arpa,rollover,8,"8,13",1,single delegation
2022-01,arin,226.160.in-addr.arpa,sign,,"8,13",14,bulk
2022-01,arin,247.104.in-addr.arpa,sign,,8,1,single delegation
2022-01,arin,252.45.in-addr.arpa,sign,,13,4,small group
2022-01,arin,4.0.e.5.0.6.2.ip6.arpa,sign,,13,1,single delegation
2022-01,arin,4.45.in-addr.arpa,sign,,7,4,small group
2022-01,arin,59.148.in-addr.arpa,unsign,8,,1,single delegation
2022-01,arin,81.45.in-addr.arpa,sign,,13,4,small group
2022-01,arin,82.45.in-addr.arpa,sign,,13,4,small group
2022-01,arin,85.45.in-addr.arpa,sign,,13,4,small group
2022-01,arin,94.167.in-addr.arpa,unsign,13,,1,single delegation
2022-01,arin,97.138.in-addr.arpa,unsign,8,,2,small group
2022-01,arin,99.208.in-addr.arpa,sign,,8,1,single delegation
2022-01,arin,c.1.f.f.2.0.6.2.ip6.arpa,unsign,8,,1,single delegation
2022-01,arin,d.a.c.f.2.0.6.2.ip6.arpa,sign,,13,1,single delegation
2022-01,lacnic,141.192.in-addr.arpa,sign,,5,5,bulk
2022-01,lacnic,181.168.in-addr.arpa,sign,,7,4,small group
2022-01,lacnic,186.138.in-addr.arpa,sign,,7,4,small group
2022-01,lacnic,189.45.in-addr.arpa,sign,,7,4,small group
2022-01,lacnic,190.45.in-addr.arpa,sign,,8,3,small group
2022-01,lacnic,4.45.in-addr.arpa,sign,,7,4,small group
2022-01,lacnic,97.138.in-addr.arpa,unsign,8,,2,small group
2022-01,ripe,153.45.in-addr.arpa,sign,,13,4,small group
2022-01,ripe,19.146.in-addr.arpa,sign,,13,1,single delegation
2022-01,ripe,81.45.in-addr.arpa,sign,,13,4,small group
2022-01,ripe,82.45.in-addr.arpa,sign,,13,4,small group
2022-01,ripe,85.45.in-addr.arpa,sign,,13,4,small group
2022-02,afrinic,226.160.in-addr.arpa,unsign,"8,13",,1,single delegation
2022-02,apnic,115.45.in-addr.arpa,sign,,13,4,small group
2022-02,apnic,206.116.in-addr.arpa,sign,,13,4,small group
2022-02,apnic,3.103.in-addr.arpa,sign,,13,4,small group
2022-02,apnic,30.203.in-addr.arpa,sign,,14,1,single delegation
2022-02,apnic,5.103.in-addr.arpa,sign,,14,4,small group
2022-02,apnic,55.103.in-addr.arpa,sign,,13,4,small group
2022-02,apnic,c.7.c.1.0.4.2.ip6.arpa,sign,,14,1,single delegation
2022-02,apnic,c.d.c.7.0.4.2.ip6.arpa,sign,,13,1,single delegation
2022-02,arin,0.b.8.c.f.2.0.6.2.ip6.arpa,unsign,8,,1,single delegation
2022-02,arin,0.d.f.1.1.0.0.2.6.2.ip6.arpa,sign,,13,1,single delegation
2022-02,arin,112.149.in-addr.arpa,sign,,14,1,single delegation
2022-02,arin,115.45.in-addr.arpa,sign,,13,4,small group
2022-02,arin,118.138.in-addr.arpa,sign,,13,4,small group
2022-02,arin,121.168.in-addr.arpa,sign,,13,4,small group
2022-02,arin,121.168.in-addr.arpa,sign,,8,4,small group
2022-02,arin,129.45.in-addr.arpa,sign,,14,1,single delegation
2022-02,arin,133.63.in-addr.arpa,sign,,13,4,small group
2022-02,arin,140.165.in-addr.arpa,sign,,14,1,single delegation
2022-02,arin,141.192.in-addr.arpa,unsign,5,,4,small group
2022-02,arin,15.204.in-addr.arpa,sign,,8,8,bulk
2022-02,arin,163.148.in-addr.arpa,sign,,13,1,single delegation
2022-02,arin,175.45.in-addr.arpa,sign,,8,4,small group
2022-02,arin,181.168.in-addr.arpa,rollover,7,13,4,small group
2022-02,arin,181.168.in-addr.arpa,sign,,13,4,small group
2022-02,arin,186.138.in-addr.arpa,rollover,7,13,4,small group
2022-02,arin,189.45.in-addr.arpa,rollover,7,13,4,small group
2022-02,arin,189.45.in-addr.arpa,unsign,13,,3,small group
2022-02,arin,190.45.in-addr.arpa,unsign,8,,3,small group
2022-02,arin,198.206.in-addr.arpa,sign,,13,3,small group
2022-02,arin,204.138.in-addr.arpa,sign,,13,4,small group
2022-02,arin,208.143.in-addr.arpa,sign,,13,4,small group
2022-02,arin,219.138.in-addr.arpa,sign,,8,4,small group
2022-02,arin,226.160.in-addr.arpa,unsign,"8,13",,1,single delegation
2022-02,arin,235.45.in-addr.arpa,sign,,8,4,small group
2022-02,arin,250.64.in-addr.arpa,sign,,13,16,bulk
2022-02,arin,255.131.in-addr.arpa,sign,,8,4,small group
2022-02,arin,29.198.in-addr.arpa,sign,,13,2,small group
2022-02,arin,3.2.c.f.2.0.6.2.ip6.arpa,sign,,14,1,single delegation
2022-02,arin,4.2.0.6.0.6.2.ip6.arpa,unsign,5,,1,single delegation
2022-02,arin,4.45.in-addr.arpa,unsign,7,,1,single delegation
2022-02,arin,4.b.0.8.0.2.0.6.2.ip6.arpa,sign,,13,1,single delegation
2022-02,arin,51.158.in-addr.arpa,unsign,8,,1,single delegation
2022-02,arin,51.198.in-addr.arpa,unsign,5,,1,single delegation
2022-02,arin,6.f.b.f.2.0.6.2.ip6.arpa,sign,,14,1,single delegation
2022-02,arin,8.0.1.5.0.6.2.ip6.arpa,sign,,13,1,single delegation
2022-02,arin,80.170.in-addr.arpa,sign,,8,4,small group
2022-02,arin,83.199.in-addr.arpa,sign,,8,4,small group
2022-02,arin,89.208.in-addr.arpa,sign,,8,7,bulk
2022-02,lacnic,118.138.in-addr.arpa,sign,,13,4,small group
2022-02,lacnic,121.168.in-addr.arpa,sign,,13,4,small group
2022-02,lacnic,121.168.in-addr.arpa,sign,,8,4,small group
2022-02,lacnic,141.192.in-addr.arpa,unsign,5,,4,small group
2022-02,lacnic,175.45.in-addr.arpa,sign,,8,4,small group
2022-02,lacnic,181.168.in-addr.arpa,rollover,7,13,4,small group
2022-02,lacnic,181.168.in-addr.arpa,sign,,13,4,small group
2022-02,lacnic,186.138.in-addr.arpa,rollover,7,13,4,small group
2022-02,lacnic,189.45.in-addr.arpa,rollover,7,13,4,small group
2022-02,lacnic,189.45.in-addr.arpa,unsign,13,,3,small group
2022-02,lacnic,190.45.in-addr.arpa,unsign,8,,2,small group
2022-02,lacnic,204.138.in-addr.arpa,sign,,13,4,small group
2022-02,lacnic,208.143.in-addr.arpa,sign,,13,4,small group
2022-02,lacnic,219.138.in-addr.arpa,sign,,8,4,small group
2022-02,lacnic,235.45.in-addr.arpa,sign,,8,4,small group
2022-02,lacnic,255.131.in-addr.arpa,sign,,8,4,small group
2022-02,lacnic,80.170.in-addr.arpa,sign,,8,4,small group
2022-02,ripe,129.45.in-addr.arpa,sign,,14,1,single delegation
2022-03,afrinic,140.197.in-addr.arpa,sign,,8,1,single delegation
2022-03,afrinic,160.164.in-addr.arpa,rollover,7,13,3,small group
2022-03,afrinic,160.164.in-addr.arpa,sign,,13,1,single delegation
2022-03,afrinic,216.102.in-addr.arpa,sign,,13,4,small group
2022-03,apnic,0.e.6.7.0.4.2.ip6.arpa,rollover,8,13,1,single delegation
2022-03,apnic,151.103.in-addr.arpa,unsign,13,,1,single delegation
2022-03,apnic,65.58.in-addr.arpa,rollover,8,13,6,bulk
2022-03,apnic,65.58.in-addr.arpa,sign,,13,1,single delegation
2022-03,arin,0.0.c.f.f.0.0.0.2.6.2.ip6.arpa,sign,,13,1,single delegation
2022-03,arin,134.23.in-addr.arpa,unsign,13,,2,small group
2022-03,arin,137.204.in-addr.arpa,sign,,13,1,single delegation
2022-03,arin,14.45.in-addr.arpa,sign,,13,4,small group
2022-03,arin,141.192.in-addr.arpa,sign,,5,4,small group
2022-03,arin,147.in-addr.arpa,sign,,13,2,small group
2022-03,arin,151.168.in-addr.arpa,unsign,13,,1,single delegation
2022-03,arin,160.164.in-addr.arpa,rollover,7,13,3,small group
2022-03,arin,160.164.in-addr.arpa,sign,,13,1,single delegation
2022-03,arin,175.45.in-addr.arpa,sign,,13,4,small group
2022-03,arin,185.147.in-addr.arpa,sign,,13,1,single delegation
2022-03,arin,187.66.in-addr.arpa,sign,,13,2,small group
2022-03,arin,189.45.in-addr.arpa,sign,,13,3,small group
2022-03,arin,190.45.in-addr.arpa,sign,,8,3,small group
2022-03,arin,191.64.in-addr.arpa,sign,,13,2,small group
2022-03,arin,2.a.0.8.0.2.0.6.2.ip6.arpa,unsign,8,,1,single delegation
2022-03,arin,239.170.in-addr.arpa,sign,,8,4,small group
2022-03,arin,245.170.in-addr.arpa,sign,,13,4,small group
2022-03,arin,254.170.in-addr.arpa,sign,,13,4,small group
2022-03,arin,4.45.in-addr.arpa,sign,,7,1,single delegation
2022-03,arin,4.c.b.4.0.6.2.ip6.arpa,unsign,13,,1,single delegation
2022-03,arin,59.138.in-addr.arpa,sign,,13,4,small group
2022-03,arin,61.45.in-addr.arpa,sign,,13,1,single delegation
2022-03,arin,70.45.in-addr.arpa,sign,,13,4,small group
2022-03,arin,80.170.in-addr.arpa,unsign,8,,2,small group
2022-03,arin,94.138.in-addr.arpa,sign,,13,4,small group
2022-03,arin,97.138.in-addr.arpa,rollover,8,13,4,small group
2022-03,arin,99.138.in-addr.arpa,sign,,13,4,small group
2022-03,arin,c.0.b.6.0.6.2.ip6.arpa,sign,,14,1,single delegation
2022-03,lacnic,141.192.in-addr.arpa,sign,,5,4,small group
2022-03,lacnic,175.45.in-addr.arpa,sign,,13,4,small group
2022-03,lacnic,189.45.in-addr.arpa,sign,,13,3,small group
2022-03,lacnic,190.45.in-addr.arpa,sign,,8,2,small group
2022-03,lacnic,239.170.in-addr.arpa,sign,,8,4,small group
2022-03,lacnic,245.170.in-addr.arpa,sign,,13,4,small group
2022-03,lacnic,254.170.in-addr.arpa,sign,,13,4,small group
2022-03,lacnic,255.143.in-addr.arpa,sign,,13,4,small group
2022-03,lacnic,4.45.in-addr.arpa,unsign,7,,1,single delegation
2022-03,lacnic,59.138.in-addr.arpa,sign,,13,4,small group
2022-03,lacnic,70.45.in-addr.arpa,sign,,13,4,small group
2022-03,lacnic,80.170.in-addr.arpa,unsign,8,,2,small group
2022-03,lacnic,94.138.in-addr.arpa,sign,,13,4,small group
2022-03,lacnic,97.138.in-addr.arpa,rollover,8,13,4,small group
2022-03,lacnic,99.138.in-addr.arpa,sign,,13,4,small group
2022-03,ripe,14.45.in-addr.arpa,sign,,13,4,small group
2022-03,ripe,147.in-addr.arpa,sign,,13,2,small group
2022-04,afrinic,217.102.in-addr.arpa,unsign,"8,13",,4,small group
2022-04,afrinic,218.102.in-addr.arpa,sign,,13,2,small group
2022-04,afrinic,219.102.in-addr.arpa,sign,,13,1,single delegation
2022-04,afrinic,220.102.in-addr.arpa,sign,,13,1,single delegation
2022-04,apnic,138.103.in-addr.arpa,unsign,13,,2,small group
2022-04,arin,100.192.in-addr.arpa,rollover,7,"7,8",1,single delegation
2022-04,arin,112.149.in-addr.arpa,unsign,14,,1,single delegation
2022-04,arin,120.216.in-addr.arpa,sign,,13,1,single delegation
2022-04,arin,121.138.in-addr.arpa,sign,,13,4,small group
2022-04,arin,129.192.in-addr.arpa,sign,,7,1,single delegation
2022-04,arin,130.in-addr.arpa,sign,,13,1,single delegation
2022-04,arin,133.23.in-addr.arpa,sign,,13,1,single delegation
2022-04,arin,135.198.in-addr.arpa,sign,,13,1,single delegation
2022-04,arin,140.165.in-addr.arpa,unsign,14,,1,single delegation
2022-04,arin,141.192.in-addr.arpa,unsign,5,,4,small group
2022-04,arin,147.192.in-addr.arpa,rollover,8,13,1,single delegation
2022-04,arin,152.204.in-addr.arpa,rollover,7,8,2,small group
2022-04,arin,154.192.in-addr.arpa,rollover,7,8,3,small group
2022-04,arin,165.45.in-addr.arpa,unsign,5,,1,single delegation
2022-04,arin,168.45.in-addr.arpa,sign,,13,4,small group
2022-04,arin,185.45.in-addr.arpa,unsign,8,,4,small group
2022-04,arin,188.209.in-addr.arpa,sign,,8,1,single delegation
2022-04,arin,206.67.in-addr.arpa,sign,,13,1,single delegation
2022-04,arin,227.45.in-addr.arpa,sign,,13,4,small group
2022-04,arin,232.45.in-addr.arpa,sign,,13,2,small group
2022-04,arin,233.170.in-addr.arpa,sign,,13,8,bulk
2022-04,arin,249.167.in-addr.arpa,unsign,8,,4,small group
2022-04,arin,255.143.in-addr.arpa,sign,,13,4,small group
2022-04,arin,3.2.c.f.2.0.6.2.ip6.arpa,unsign,14,,1,single delegation
2022-04,arin,45.45.in-addr.arpa,unsign,13,,1,single delegation
2022-04,arin,54.66.in-addr.arpa,sign,,13,2,small group
2022-04,arin,6.45.in-addr.arpa,rollover,8,13,4,small group
2022-04,arin,6.f.b.f.2.0.6.2.ip6.arpa,unsign,14,,1,single delegation
2022-04,arin,70.45.in-addr.arpa,sign,,8,2,small group
2022-04,arin,80.170.in-addr.arpa,sign,,8,2,small group
2022-04,arin,82.170.in-addr.arpa,sign,,13,4,small group
2022-04,arin,97.138.in-addr.arpa,sign,,13,4,small group
2022-04,arin,c.0.b.6.0.6.2.ip6.arpa,unsign,14,,1,single delegation
2022-04,arin,c.e.b.f.2.0.6.2.ip6.arpa,sign,,13,1,single delegation
2022-04,arin,d.5.c.f.2.0.6.2.ip6.arpa,unsign,13,,1,single delegation
2022-04,lacnic,121.138.in-addr.arpa,sign,,13,4,small group
2022-04,lacnic,141.192.in-addr.arpa,unsign,5,,4,small group
2022-04,lacnic,168.45.in-addr.arpa,sign,,13,4,small group
2022-04,lacnic,185.45.in-addr.arpa,unsign,8,,4,small group
2022-04,lacnic,227.45.in-addr.arpa,sign,,13,4,small group
2022-04,lacnic,232.45.in-addr.arpa,sign,,13,2,small group
2022-04,lacnic,233.170.in-addr.arpa,sign,,13,8,bulk
2022-04,lacnic,249.167.in-addr.arpa,unsign,8,,4,small group
2022-04,lacnic,4.45.in-addr.arpa,unsign,7,,1,single delegation
2022-04,lacnic,6.45.in-addr.arpa,rollover,8,13,4,small group
2022-04,lacnic,70.45.in-addr.arpa,sign,,8,2,small group
2022-04,lacnic,80.170.in-addr.arpa,sign,,8,2,small group
2022-04,lacnic,82.170.in-addr.arpa,sign,,13,4,small group
2022-04,lacnic,97.138.in-addr.arpa,sign,,13,4,small group
2022-05,apnic,f.0.c.4.f.4.0.4.2.ip6.arpa,sign,,13,1,single delegation
2022-05,arin,0.0.6.c.f.2.0.6.2.ip6.arpa,rollover,8,13,1,single delegation
2022-05,arin,0.142.in-addr.arpa,unsign,13,,4,small group
2022-05,arin,0.7.3.2.1.0.0.2.6.2.ip6.arpa,unsign,8,,1,single delegation
2022-05,arin,100.192.in-addr.arpa,rollover,8,"8,13",1,single delegation
2022-05,arin,103.209.in-addr.arpa,sign,,8,32,bulk
2022-05,arin,110.65.in-addr.arpa,rollover,10,"8,10",1,single delegation
2022-05,arin,112.149.in-addr.arpa,sign,,13,1,single delegation
2022-05,arin,121.138.in-addr.arpa,sign,,13,4,small group
2022-05,arin,128.in-addr.arpa,rollover,8,13,1,single delegation
2022-05,arin,129.in-addr.arpa,rollover,10,"8,10",1,single delegation
2022-05,arin,129.in-addr.arpa,sign,,8,1,single delegation
2022-05,arin,133.23.in-addr.arpa,sign,,13,3,small group
2022-05,arin,134.23.in-addr.arpa,sign,,13,3,small group
2022-05,arin,134.45.in-addr.arpa,unsign,13,,4,small group
2022-05,arin,140.165.in-addr.arpa,sign,,13,1,single delegation
2022-05,arin,144.204.in-addr.arpa,sign,,13,4,small group
2022-05,arin,146.216.in-addr.arpa,sign,,13,2,small group
2022-05,arin,150.170.in-addr.arpa,sign,,13,4,small group
2022-05,arin,158.in-addr.arpa,rollover,8,13,4,small group
2022-05,arin,164.23.in-addr.arpa,unsign,8,,1,single delegation
2022-05,arin,165.45.in-addr.arpa,sign,,5,1,single delegation
2022-05,arin,170.216.in-addr.arpa,sign,,13,4,small group
2022-05,arin,170.45.in-addr.arpa,sign,,13,2,small group
2022-05,arin,173.45.in-addr.arpa,sign,,13,1,single delegation
2022-05,arin,175.136.in-addr.arpa,sign,,13,1,single delegation
2022-05,arin,175.23.in-addr.arpa,sign,,13,1,single delegation
2022-05,arin,180.45.in-addr.arpa,sign,,13,1,single delegation
2022-05,arin,182.45.in-addr.arpa,sign,,7,1,single delegation
2022-05,arin,183.23.in-addr.arpa,rollover,8,13,1,single delegation
2022-05,arin,190.45.in-addr.arpa,sign,,13,1,single delegation
2022-05,arin,195.168.in-addr.arpa,sign,,13,4,small group
2022-05,arin,197.168.in-addr.arpa,unsign,8,,4,small group
2022-05,arin,2.207.in-addr.arpa,sign,,8,4,small group
2022-05,arin,2.e.b.f.2.0.6.2.ip6.arpa,sign,,8,1,single delegation
2022-05,arin,210.162.in-addr.arpa,sign,,8,8,bulk
2022-05,arin,212.198.in-addr.arpa,sign,,13,2,small group
2022-05,arin,228.45.in-addr.arpa,sign,,13,4,small group
2022-05,arin,233.24.in-addr.arpa,unsign,7,,5,bulk
2022-05,arin,241.199.in-addr.arpa,unsign,8,,8,bulk
2022-05,arin,245.192.in-addr.arpa,rollover,10,"8,10",1,single delegation
2022-05,arin,246.170.in-addr.arpa,sign,,13,4,small group
2022-05,arin,253.199.in-addr.arpa,sign,,8,4,small group
2022-05,arin,255.132.in-addr.arpa,sign,,13,4,small group
2022-05,arin,255.143.in-addr.arpa,unsign,13,,4,small group
2022-05,arin,3.2.c.f.2.0.6.2.ip6.arpa,sign,,13,1,single delegation
2022-05,arin,4.7.c.6.0.6.2.ip6.arpa,sign,,13,1,single delegation
2022-05,arin,54.45.in-addr.arpa,sign,,13,1,single delegation
2022-05,arin,58.199.in-addr.arpa,sign,,13,1,single delegation
2022-05,arin,59.138.in-addr.arpa,unsign,13,,4,small group
2022-05,arin,59.66.in-addr.arpa,sign,,13,3,small group
2022-05,arin,6.45.in-addr.arpa,sign,,8,4,small group
2022-05,arin,6.f.b.f.2.0.6.2.ip6.arpa,sign,,13,1,single delegation
2022-05,arin,7.64.in-addr.arpa,sign,,8,32,bulk
2022-05,arin,70.45.in-addr.arpa,sign,,13,4,small group
2022-05,arin,82.172.in-addr.arpa,rollover,8,13,3,small group
2022-05,arin,82.172.in-addr.arpa,unsign,8,,1,single delegation
2022-05,arin,9.9.b.f.2.0.6.2.ip6.arpa,sign,,13,1,single delegation
2022-05,arin,99.138.in-addr.arpa,sign,,13,2,small group
2022-05,arin,a.b.f.2.0.6.2.ip6.arpa,sign,,13,1,single delegation
2022-05,arin,b.d.c.f.2.0.6.2.ip6.arpa,sign,,13,1,single delegation
2022-05,arin,c.0.b.6.0.6.2.ip6.arpa,sign,,13,1,single delegation
2022-05,arin,d.4.1.0.0.2.6.2.ip6.arpa,sign,,8,1,single delegation
2022-05,arin,f.9.b.f.2.0.6.2.ip6.arpa,sign,,13,1,single delegation
2022-05,lacnic,121.138.in-addr.arpa,sign,,13,4,small group
2022-05,lacnic,150.170.in-addr.arpa,sign,,13,4,small group
2022-05,lacnic,170.45.in-addr.arpa,sign,,13,3,small group
2022-05,lacnic,173.45.in-addr.arpa,sign,,13,1,single delegation
2022-05,lacnic,180.45.in-addr.arpa,sign,,13,1,single delegation
2022-05,lacnic,182.45.in-addr.arpa,sign,,7,1,single delegation
2022-05,lacnic,190.45.in-addr.arpa,sign,,13,1,single delegation
2022-05,lacnic,195.168.in-addr.arpa,sign,,13,4,small group
2022-05,lacnic,197.168.in-addr.arpa,unsign,8,,4,small group
2022-05,lacnic,228.45.in-addr.arpa,sign,,13,4,small group
2022-05,lacnic,246.170.in-addr.arpa,sign,,13,4,small group
2022-05,lacnic,255.132.in-addr.arpa,sign,,13,4,small group
2022-05,lacnic,4.45.in-addr.arpa,sign,,7,2,small group
2022-05,lacnic,59.138.in-addr.arpa,unsign,13,,4,small group
2022-05,lacnic,6.45.in-addr.arpa,sign,,8,4,small group
2022-05,lacnic,70.45.in-addr.arpa,sign,,13,4,small group
2022-05,lacnic,81.170.in-addr.arpa,sign,,13,4,small group
2022-05,lacnic,99.138.in-addr.arpa,sign,,13,2,small group
2022-05,ripe,128.in-addr.arpa,rollover,8,13,1,single delegation
2022-05,ripe,134.45.in-addr.arpa,unsign,13,,4,small group
2022-05,ripe,158.in-addr.arpa,rollover,8,13,4,small group
2022-06,afrinic,218.102.in-addr.arpa,unsign,13,,2,small group
2022-06,afrinic,219.102.in-addr.arpa,sign,,13,3,small group
2022-06,afrinic,219.102.in-addr.arpa,unsign,13,,1,single delegation
2022-06,afrinic,220.102.in-addr.arpa,unsign,13,,1,single delegation
2022-06,afrinic,222.102.in-addr.arpa,sign,,13,4,small group
2022-06,apnic,171.103.in-addr.arpa,sign,,13,2,small group
2022-06,apnic,31.103.in-addr.arpa,sign,,7,1,single delegation
2022-06,arin,0.9.f.0.8.0.2.0.6.2.ip6.arpa,sign,,13,1,single delegation
2022-06,arin,0.e.9.b.f.2.0.6.2.ip6.arpa,sign,,13,1,single delegation
2022-06,arin,0.f.b.6.0.6.2.ip6.arpa,sign,,7,1,single delegation
2022-06,arin,111.172.in-addr.arpa,sign,,13,4,small group
2022-06,arin,116.74.in-addr.arpa,sign,,13,8,bulk
2022-06,arin,118.138.in-addr.arpa,sign,,13,8,bulk
2022-06,arin,129.161.in-addr.arpa,sign,,13,1,single delegation
2022-06,arin,132.23.in-addr.arpa,sign,,13,1,single delegation
2022-06,arin,133.23.in-addr.arpa,sign,,13,1,single delegation
2022-06,arin,170.45.in-addr.arpa,sign,,13,2,small group
2022-06,arin,182.45.in-addr.arpa,unsign,7,,1,single delegation
2022-06,arin,185.45.in-addr.arpa,sign,,8,4,small group
2022-06,arin,186.45.in-addr.arpa,sign,,13,8,bulk
2022-06,arin,188.207.in-addr.arpa,unsign,7,,1,single delegation
2022-06,arin,192.in-addr.arpa,sign,,13,5,bulk
2022-06,arin,202.104.in-addr.arpa,sign,,13,1,single delegation
2022-06,arin,202.143.in-addr.arpa,sign,,13,4,small group
2022-06,arin,211.216.in-addr.arpa,sign,,7,16,bulk
2022-06,arin,212.198.in-addr.arpa,sign,,13,1,single delegation
2022-06,arin,22.161.in-addr.arpa,sign,,13,3,small group
2022-06,arin,226.45.in-addr.arpa,unsign,8,,4,small group
2022-06,arin,231.45.in-addr.arpa,sign,,13,4,small group
2022-06,arin,236.45.in-addr.arpa,sign,,8,4,small group
2022-06,arin,237.205.in-addr.arpa,rollover,10,"8,10",1,single delegation
2022-06,arin,254.199.in-addr.arpa,sign,,7,4,small group
2022-06,arin,255.143.in-addr.arpa,sign,,13,4,small group
2022-06,arin,53.206.in-addr.arpa,sign,,13,1,single delegation
2022-06,arin,59.138.in-addr.arpa,sign,,13,4,small group
2022-06,arin,59.199.in-addr.arpa,sign,,7,4,small group
2022-06,arin,82.216.in-addr.arpa,sign,,13,1,single delegation
2022-06,arin,83.192.in-addr.arpa,sign,,7,1,single delegation
2022-06,arin,83.199.in-addr.arpa,sign,,13,4,small group
2022-06,arin,90.207.in-addr.arpa,sign,,13,4,small group
2022-06,arin,93.208.in-addr.arpa,sign,,7,8,bulk
2022-06,arin,99.138.in-addr.arpa,sign,,13,2,small group
2022-06,arin,99.208.in-addr.arpa,sign,,13,4,small group
2022-06,lacnic,118.138.in-addr.arpa,sign,,13,8,bulk
2022-06,lacnic,170.45.in-addr.arpa,sign,,13,1,single delegation
2022-06,lacnic,182.45.in-addr.arpa,unsign,7,,1,single delegation
2022-06,lacnic,185.45.in-addr.arpa,sign,,8,4,small group
2022-06,lacnic,186.45.in-addr.arpa,sign,,13,8,bulk
2022-06,lacnic,202.143.in-addr.arpa,sign,,13,4,small group
2022-06,lacnic,22.161.in-addr.arpa,sign,,13,3,small group
2022-06,lacnic,226.45.in-addr.arpa,unsign,8,,4,small group
2022-06,lacnic,231.45.in-addr.arpa,sign,,13,4,small group
2022-06,lacnic,236.45.in-addr.arpa,sign,,8,4,small group
2022-06,lacnic,59.138.in-addr.arpa,sign,,13,4,small group
2022-06,lacnic,81.170.in-addr.arpa,unsign,13,,4,small group
2022-06,lacnic,99.138.in-addr.arpa,sign,,13,2,small group
2022-06,ripe,192.in-addr.arpa,sign,,13,5,bulk
2022-07,afrinic,219.102.in-addr.arpa,unsign,13,,3,small group
2022-07,afrinic,222.102.in-addr.arpa,unsign,13,,4,small group
2022-07,apnic,128.202.in-addr.arpa,sign,,13,2,small group
2022-07,apnic,172.103.in-addr.arpa,sign,,13,2,small group
2022-07,arin,0.143.in-addr.arpa,sign,,13,4,small group
2022-07,arin,0.f.0.0.1.0.0.2.6.2.ip6.arpa,sign,,13,1,single delegation
2022-07,arin,108.131.in-addr.arpa,sign,,13,4,small group
2022-07,arin,126.149.in-addr.arpa,sign,,8,3,small group
2022-07,arin,146.216.in-addr.arpa,unsign,13,,1,single delegation
2022-07,arin,182.45.in-addr.arpa,sign,,7,1,single delegation
2022-07,arin,186.138.in-addr.arpa,sign,,13,4,small group
2022-07,arin,186.45.in-addr.arpa,unsign,8,,2,small group
2022-07,arin,190.45.in-addr.arpa,unsign,8,,1,single delegation
2022-07,arin,22.161.in-addr.arpa,unsign,13,,1,single delegation
2022-07,arin,221.131.in-addr.arpa,sign,,13,4,small group
2022-07,arin,245.170.in-addr.arpa,sign,,8,1,single delegation
2022-07,arin,249.167.in-addr.arpa,sign,,8,4,small group
2022-07,arin,255.138.in-addr.arpa,sign,,13,8,bulk
2022-07,arin,81.170.in-addr.arpa,sign,,13,4,small group
2022-07,arin,99.138.in-addr.arpa,sign,,13,4,small group
2022-07,arin,a.6.b.f.2.0.6.2.ip6.arpa,sign,,13,1,single delegation
2022-07,arin,c.2.6.6.0.6.2.ip6.arpa,sign,,13,1,single delegation
2022-07,lacnic,0.143.in-addr.arpa,sign,,13,4,small group
2022-07,lacnic,108.131.in-addr.arpa,sign,,13,4,small group
2022-07,lacnic,182.45.in-addr.arpa,sign,,7,1,single delegation
2022-07,lacnic,186.138.in-addr.arpa,sign,,13,3,small group
2022-07,lacnic,186.45.in-addr.arpa,unsign,8,,4,small group
2022-07,lacnic,22.161.in-addr.arpa,unsign,13,,1,single delegation
2022-07,lacnic,221.131.in-addr.arpa,sign,,13,4,small group
2022-07,lacnic,233.170.in-addr.arpa,unsign,13,,4,small group
2022-07,lacnic,245.170.in-addr.arpa,sign,,8,1,single delegation
2022-07,lacnic,249.167.in-addr.arpa,sign,,8,4,small group
2022-07,lacnic,255.138.in-addr.arpa,sign,,13,8,bulk
2022-07,lacnic,81.170.in-addr.arpa,sign,,13,4,small group
2022-07,lacnic,99.138.in-addr.arpa,sign,,13,4,small group
2022-07,lacnic,99.138.in-addr.arpa,unsign,13,,4,small group
2022-07,ripe,126.149.in-addr.arpa,sign,,8,3,small group
2022-08,apnic,12.103.in-addr.arpa,sign,,13,1,single delegation
2022-08,apnic,22.171.in-addr.arpa,unsign,13,,4,small group
2022-08,arin,0.6.4.b.f.2.0.6.2.ip6.arpa,sign,,13,1,single delegation
2022-08,arin,0.9.f.0.8.0.2.0.6.2.ip6.arpa,unsign,13,,1,single delegation
2022-08,arin,0.f.f.0.8.0.2.0.6.2.ip6.arpa,sign,,8,1,single delegation
2022-08,arin,100.192.in-addr.arpa,rollover,"7,8","8,13",1,single delegation
2022-08,arin,11.45.in-addr.arpa,sign,,13,4,small group
2022-08,arin,128.45.in-addr.arpa,unsign,13,,4,small group
2022-08,arin,131.192.in-addr.arpa,sign,,8,1,single delegation
2022-08,arin,135.207.in-addr.arpa,sign,,13,2,small group
2022-08,arin,137.23.in-addr.arpa,sign,,13,1,single delegation
2022-08,arin,137.23.in-addr.arpa,sign,,8,1,single delegation
2022-08,arin,138.23.in-addr.arpa,sign,,13,2,small group
2022-08,arin,139.192.in-addr.arpa,rollover,10,"7,10",1,single delegation
2022-08,arin,146.216.in-addr.arpa,unsign,13,,1,single delegation
2022-08,arin,147.in-addr.arpa,sign,,13,1,single delegation
2022-08,arin,15.45.in-addr.arpa,unsign,13,,4,small group
2022-08,arin,177.45.in-addr.arpa,sign,,8,4,small group
2022-08,arin,182.45.in-addr.arpa,sign,,7,3,small group
2022-08,arin,186.45.in-addr.arpa,sign,,8,1,single delegation
2022-08,arin,187.199.in-addr.arpa,sign,,8,8,bulk
2022-08,arin,19.146.in-addr.arpa,sign,,13,1,single delegation
2022-08,arin,190.45.in-addr.arpa,sign,,8,1,single delegation
2022-08,arin,194.168.in-addr.arpa,sign,,8,4,small group
2022-08,arin,195.134.in-addr.arpa,sign,,13,4,small group
2022-08,arin,22.161.in-addr.arpa,sign,,13,2,small group
2022-08,arin,231.45.in-addr.arpa,sign,,8,4,small group
2022-08,arin,236.45.in-addr.arpa,unsign,8,,1,single delegation
2022-08,arin,245.170.in-addr.arpa,unsign,8,,1,single delegation
2022-08,arin,245.192.in-addr.arpa,sign,,7,1,single delegation
2022-08,arin,252.192.in-addr.arpa,unsign,8,,16,bulk
2022-08,arin,253.199.in-addr.arpa,unsign,8,,1,single delegation
2022-08,arin,51.158.in-addr.arpa,sign,,13,2,small group
2022-08,arin,83.45.in-addr.arpa,unsign,13,,4,small group
2022-08,arin,87.45.in-addr.arpa,unsign,13,,4,small group
2022-08,lacnic,177.45.in-addr.arpa,sign,,8,4,small group
2022-08,lacnic,182.45.in-addr.arpa,sign,,7,3,small group
2022-08,lacnic,186.138.in-addr.arpa,sign,,13,1,single delegation
2022-08,lacnic,186.45.in-addr.arpa,sign,,8,3,small group
2022-08,lacnic,194.168.in-addr.arpa,sign,,8,4,small group
2022-08,lacnic,22.161.in-addr.arpa,sign,,13,2,small group
2022-08,lacnic,231.45.in-addr.arpa,sign,,8,4,small group
2022-08,lacnic,233.170.in-addr.arpa,sign,,13,4,small group
2022-08,lacnic,236.45.in-addr.arpa,unsign,8,,1,single delegation
2022-08,lacnic,99.138.in-addr.arpa,sign,,13,4,small group
2022-08,ripe,11.45.in-addr.arpa,sign,,13,4,small group
2022-08,ripe,128.45.in-addr.arpa,unsign,13,,4,small group
2022-08,ripe,131.192.in-addr.arpa,sign,,8,1,single delegation
2022-08,ripe,147.in-addr.arpa,sign,,13,1,single delegation
2022-08,ripe,15.45.in-addr.arpa,unsign,13,,4,small group
2022-08,ripe,19.146.in-addr.arpa,sign,,13,1,single delegation
2022-08,ripe,22.171.in-addr.arpa,unsign,13,,4,small group
2022-08,ripe,83.45.in-addr.arpa,unsign,13,,4,small group
2022-08,ripe,87.45.in-addr.arpa,unsign,13,,4,small group
2022-09,afrinic,119.160.in-addr.arpa,sign,,13,3,small group
2022-09,apnic,0.0.0.b.d.d.0.1.0.0.2.ip6.arpa,sign,,13,1,single delegation
2022-09,apnic,119.203.in-addr.arpa,sign,,13,3,small group
2022-09,apnic,4.5.7.1.0.4.2.ip6.arpa,sign,,13,1,single delegation
2022-09,arin,0.0.4.9.1.0.0.0.2.6.2.ip6.arpa,unsign,13,,1,single delegation
2022-09,arin,0.a.2.b.f.2.0.6.2.ip6.arpa,sign,,8,1,single delegation
2022-09,arin,0.f.3.b.f.2.0.6.2.ip6.arpa,sign,,13,1,single delegation
2022-09,arin,111.172.in-addr.arpa,unsign,8,,1,single delegation
2022-09,arin,119.160.in-addr.arpa,sign,,13,3,small group
2022-09,arin,12.45.in-addr.arpa,sign,,13,1,single delegation
2022-09,arin,121.138.in-addr.arpa,sign,,13,4,small group
2022-09,arin,133.23.in-addr.arpa,unsign,13,,2,small group
2022-09,arin,138.23.in-addr.arpa,sign,,13,1,single delegation
2022-09,arin,154.45.in-addr.arpa,rollover,8,15,1,single delegation
2022-09,arin,168.69.in-addr.arpa,sign,,13,15,bulk
2022-09,arin,168.69.in-addr.arpa,sign,,14,1,single delegation
2022-09,arin,182.45.in-addr.arpa,sign,,13,2,small group
2022-09,arin,182.45.in-addr.arpa,unsign,7,,3,small group
2022-09,arin,192.199.in-addr.arpa,sign,,8,2,small group
2022-09,arin,194.168.in-addr.arpa,unsign,8,,4,small group
2022-09,arin,227.168.in-addr.arpa,sign,,13,4,small group
2022-09,arin,228.168.in-addr.arpa,sign,,13,4,small group
2022-09,arin,231.199.in-addr.arpa,sign,,13,1,single delegation
2022-09,arin,250.167.in-addr.arpa,unsign,8,,4,small group
2022-09,arin,28.139.in-addr.arpa,sign,,13,3,small group
2022-09,arin,37.64.in-addr.arpa,sign,,8,1,single delegation
2022-09,arin,4.4.b.f.2.0.6.2.ip6.arpa,sign,,13,1,single delegation
2022-09,arin,4.45.in-addr.arpa,sign,,13,4,small group
2022-09,arin,88.208.in-addr.arpa,sign,,13,4,small group
2022-09,arin,97.138.in-addr.arpa,unsign,13,,4,small group
2022-09,lacnic,121.138.in-addr.arpa,sign,,13,4,small group
2022-09,lacnic,182.45.in-addr.arpa,sign,,13,2,small group
2022-09,lacnic,182.45.in-addr.arpa,unsign,7,,1,single delegation
2022-09,lacnic,194.168.in-addr.arpa,unsign,8,,4,small group
2022-09,lacnic,227.168.in-addr.arpa,sign,,13,4,small group
2022-09,lacnic,228.168.in-addr.arpa,sign,,13,4,small group
2022-09,lacnic,245.170.in-addr.arpa,unsign,8,,1,single delegation
2022-09,lacnic,250.167.in-addr.arpa,unsign,8,,4,small group
2022-09,lacnic,4.45.in-addr.arpa,sign,,13,4,small group
2022-09,lacnic,97.138.in-addr.arpa,rollover,13,8,4,small group
2022-09,ripe,12.45.in-addr.arpa,sign,,13,1,single delegation
2022-09,ripe,154.45.in-addr.arpa,rollover,8,15,1,single delegation
2022-09,ripe,231.199.in-addr.arpa,sign,,13,1,single delegation
2022-09,ripe,28.139.in-addr.arpa,sign,,13,3,small group
2022-09,ripe,88.208.in-addr.arpa,sign,,13,4,small group
2022-10,afrinic,23.102.in-addr.arpa,sign,,13,2,small group
2022-10,afrinic,36.102.in-addr.arpa,rollover,13,7,2,small group
2022-10,afrinic,60.196.in-addr.arpa,sign,,13,2,small group
2022-10,apnic,144.103.in-addr.arpa,unsign,5,,1,single delegation
2022-10,apnic,160.103.in-addr.arpa,unsign,5,,1,single delegation
2022-10,apnic,8.a.b.1.f.d.0.1.0.0.2.ip6.arpa,unsign,5,,1,single delegation
2022-10,arin,0.0.0.3.0.1.0.0.2.6.2.ip6.arpa,unsign,7,,8,bulk
2022-10,arin,0.9.0.2.1.0.0.2.6.2.ip6.arpa,rollover,5,"5,13",1,single delegation
2022-10,arin,0.f.6.b.f.2.0.6.2.ip6.arpa,sign,,13,1,single delegation
2022-10,arin,139.192.in-addr.arpa,rollover,5,13,1,single delegation
2022-10,arin,141.192.in-addr.arpa,sign,,5,4,small group
2022-10,arin,141.23.in-addr.arpa,sign,,13,1,single delegation
2022-10,arin,141.23.in-addr.arpa,unsign,13,,1,single delegation
2022-10,arin,155.192.in-addr.arpa,unsign,7,,60,bulk
2022-10,arin,163.164.in-addr.arpa,sign,,13,4,small group
2022-10,arin,177.45.in-addr.arpa,sign,,13,4,small group
2022-10,arin,179.45.in-addr.arpa,unsign,5,,2,small group
2022-10,arin,182.45.in-addr.arpa,sign,,7,3,small group
2022-10,arin,196.168.in-addr.arpa,sign,,13,4,small group
2022-10,arin,228.168.in-addr.arpa,sign,,8,4,small group
2022-10,arin,232.45.in-addr.arpa,sign,,13,4,small group
2022-10,arin,235.45.in-addr.arpa,sign,,13,4,small group
2022-10,arin,236.45.in-addr.arpa,sign,,13,4,small group
2022-10,arin,250.167.in-addr.arpa,sign,,8,4,small group
2022-10,arin,71.198.in-addr.arpa,unsign,7,,12,bulk
2022-10,arin,80.170.in-addr.arpa,unsign,8,,2,small group
2022-10,arin,97.138.in-addr.arpa,sign,,8,4,small group
2022-10,arin,99.138.in-addr.arpa,unsign,13,,4,small group
2022-10,arin,a.0.b.f.2.0.6.2.ip6.arpa,sign,,13,1,single delegation
2022-10,arin,d.a.d.f.2.0.6.2.ip6.arpa,unsign,13,,1,single delegation
2022-10,lacnic,141.192.in-addr.arpa,sign,,5,4,small group
2022-10,lacnic,163.164.in-addr.arpa,sign,,13,4,small group
2022-10,lacnic,177.45.in-addr.arpa,sign,,13,4,small group
2022-10,lacnic,179.45.in-addr.arpa,unsign,5,,2,small group
2022-10,lacnic,182.45.in-addr.arpa,sign,,7,1,single delegation
2022-10,lacnic,196.168.in-addr.arpa,sign,,13,4,small group
2022-10,lacnic,228.168.in-addr.arpa,sign,,8,4,small group
2022-10,lacnic,232.45.in-addr.arpa,sign,,13,4,small group
2022-10,lacnic,235.45.in-addr.arpa,sign,,13,4,small group
2022-10,lacnic,236.45.in-addr.arpa,sign,,13,4,small group
2022-10,lacnic,239.170.in-addr.arpa,unsign,8,,3,small group
2022-10,lacnic,250.167.in-addr.arpa,sign,,8,4,small group
2022-10,lacnic,80.170.in-addr.arpa,unsign,8,,2,small group
2022-10,lacnic,99.138.in-addr.arpa,unsign,13,,4,small group
2022-11,afrinic,0.2.4.1.0.0.2.ip6.arpa,sign,,8,1,single delegation
2022-11,afrinic,119.160.in-addr.arpa,sign,,13,4,small group
2022-11,afrinic,155.in-addr.arpa,sign,,8,1,single delegation
2022-11,afrinic,176.102.in-addr.arpa,sign,,13,16,bulk
2022-11,afrinic,196.in-addr.arpa,sign,,8,2,small group
2022-11,afrinic,223.41.in-addr.arpa,sign,,13,1,single delegation
2022-11,apnic,254.65.in-addr.arpa,sign,,13,4,small group
2022-11,arin,0.143.in-addr.arpa,unsign,13,,4,small group
2022-11,arin,108.131.in-addr.arpa,unsign,13,,4,small group
2022-11,arin,115.74.in-addr.arpa,sign,,13,8,bulk
2022-11,arin,118.138.in-addr.arpa,unsign,13,,1,single delegation
2022-11,arin,119.160.in-addr.arpa,sign,,13,4,small group
2022-11,arin,12.45.in-addr.arpa,unsign,13,,1,single delegation
2022-11,arin,127.199.in-addr.arpa,sign,,14,4,small group
2022-11,arin,142.23.in-addr.arpa,sign,,13,1,single delegation
2022-11,arin,144.204.in-addr.arpa,sign,,14,15,bulk
2022-11,arin,150.170.in-addr.arpa,unsign,13,,4,small group
2022-11,arin,155.in-addr.arpa,sign,,8,1,single delegation
2022-11,arin,167.104.in-addr.arpa,unsign,7,,1,single delegation
2022-11,arin,168.199.in-addr.arpa,sign,,13,4,small group
2022-11,arin,168.206.in-addr.arpa,sign,,14,7,bulk
2022-11,arin,173.45.in-addr.arpa,unsign,13,,1,single delegation
2022-11,arin,174.207.in-addr.arpa,sign,,14,20,bulk
2022-11,arin,180.45.in-addr.arpa,unsign,13,,2,small group
2022-11,arin,182.45.in-addr.arpa,unsign,13,,1,single delegation
2022-11,arin,185.45.in-addr.arpa,unsign,8,,4,small group
2022-11,arin,186.45.in-addr.arpa,unsign,8,,3,small group
2022-11,arin,189.199.in-addr.arpa,sign,,14,4,small group
2022-11,arin,190.45.in-addr.arpa,unsign,13,,1,single delegation
2022-11,arin,2.207.in-addr.arpa,unsign,8,,1,single delegation
2022-11,arin,2.a.0.8.0.2.0.6.2.ip6.arpa,sign,,13,1,single delegation
2022-11,arin,202.143.in-addr.arpa,unsign,13,,2,small group
2022-11,arin,215.205.in-addr.arpa,unsign,13,,1,single delegation
2022-11,arin,22.161.in-addr.arpa,unsign,13,,2,small group
2022-11,arin,225.45.in-addr.arpa,unsign,13,,1,single delegation
2022-11,arin,228.168.in-addr.arpa,unsign,13,,1,single delegation
2022-11,arin,228.168.in-addr.arpa,unsign,8,,3,small group
2022-11,arin,231.45.in-addr.arpa,unsign,13,,4,small group
2022-11,arin,232.45.in-addr.arpa,unsign,13,,4,small group
2022-11,arin,236.45.in-addr.arpa,unsign,8,,2,small group
2022-11,arin,254.170.in-addr.arpa,unsign,13,,4,small group
2022-11,arin,254.65.in-addr.arpa,sign,,13,4,small group
2022-11,arin,255.132.in-addr.arpa,unsign,13,,4,small group
2022-11,arin,37.104.in-addr.arpa,sign,,13,2,small group
2022-11,arin,4.6.0.4.0.6.2.ip6.arpa,sign,,"13,14",1,single delegation
2022-11,arin,4.c.0.6.0.6.2.ip6.arpa,sign,,13,1,single delegation
2022-11,arin,4.c.f.6.0.6.2.ip6.arpa,sign,,8,1,single delegation
2022-11,arin,45.199.in-addr.arpa,sign,,14,5,bulk
2022-11,arin,72.131.in-addr.arpa,unsign,13,,4,small group
2022-11,arin,79.170.in-addr.arpa,sign,,13,4,small group
2022-11,arin,80.170.in-addr.arpa,sign,,8,1,single delegation
2022-11,arin,81.170.in-addr.arpa,unsign,13,,4,small group
2022-11,arin,82.170.in-addr.arpa,unsign,13,,3,small group
2022-11,arin,83.206.in-addr.arpa,sign,,5,1,single delegation
2022-11,arin,90.45.in-addr.arpa,sign,,13,1,single delegation
2022-11,arin,94.138.in-addr.arpa,unsign,13,,2,small group
2022-11,arin,98.172.in-addr.arpa,unsign,8,,1,single delegation
2022-11,arin,b.f.0.1.0.0.2.6.2.ip6.arpa,rollover,7,13,1,single delegation
2022-11,lacnic,108.131.in-addr.arpa,unsign,13,,4,small group
2022-11,lacnic,180.45.in-addr.arpa,sign,,13,4,small group
2022-11,lacnic,185.45.in-addr.arpa,unsign,8,,4,small group
2022-11,lacnic,186.45.in-addr.arpa,unsign,8,,3,small group
2022-11,lacnic,202.143.in-addr.arpa,unsign,13,,1,single delegation
2022-11,lacnic,22.161.in-addr.arpa,unsign,13,,2,small group
2022-11,lacnic,236.45.in-addr.arpa,unsign,8,,2,small group
2022-11,lacnic,239.170.in-addr.arpa,sign,,8,3,small group
2022-11,lacnic,255.132.in-addr.arpa,unsign,13,,4,small group
2022-11,lacnic,72.131.in-addr.arpa,unsign,13,,4,small group
2022-11,lacnic,79.170.in-addr.arpa,sign,,13,4,small group
2022-11,lacnic,80.170.in-addr.arpa,sign,,8,1,single delegation
2022-11,lacnic,80.170.in-addr.arpa,unsign,8,,1,single delegation
2022-11,lacnic,81.170.in-addr.arpa,unsign,13,,4,small group
2022-11,lacnic,82.170.in-addr.arpa,unsign,13,,3,small group
2022-11,ripe,12.45.in-addr.arpa,unsign,13,,1,single delegation
2022-11,ripe,90.45.in-addr.arpa,sign,,13,1,single delegation
2022-12,afrinic,222.102.in-addr.arpa,sign,,13,1,single delegation
2022-12,afrinic,36.102.in-addr.arpa,rollover,7,13,3,small group
2022-12,apnic,123.163.in-addr.arpa,sign,,13,1,single delegation
2022-12,apnic,2.f.b.0.0.4.2.ip6.arpa,sign,,13,1,single delegation
2022-12,apnic,5.202.in-addr.arpa,sign,,13,3,small group
2022-12,arin,0.0.6.1.b.0.0.0.2.6.2.ip6.arpa,sign,,16,1,single delegation
2022-12,arin,0.131.in-addr.arpa,sign,,8,4,small group
2022-12,arin,0.143.in-addr.arpa,sign,,13,4,small group
2022-12,arin,0.6.2.c.f.2.0.6.2.ip6.arpa,sign,,13,1,single delegation
2022-12,arin,0.9.d.6.0.6.2.ip6.arpa,unsign,5,,1,single delegation
2022-12,arin,108.131.in-addr.arpa,sign,,13,4,small group
2022-12,arin,110.65.in-addr.arpa,rollover,10,"10,13",31,bulk
2022-12,arin,110.65.in-addr.arpa,rollover,"8,10","10,13",1,single delegation
2022-12,arin,113.64.in-addr.arpa,rollover,10,"10,13",32,bulk
2022-12,arin,118.138.in-addr.arpa,sign,,13,1,single delegation
2022-12,arin,120.216.in-addr.arpa,unsign,13,,1,single delegation
2022-12,arin,121.138.in-addr.arpa,unsign,13,,4,small group
2022-12,arin,123.163.in-addr.arpa,sign,,13,1,single delegation
2022-12,arin,128.104.in-addr.arpa,sign,,13,1,single delegation
2022-12,arin,129.in-addr.arpa,rollover,"8,10","10,13",1,single delegation
2022-12,arin,130.45.in-addr.arpa,sign,,13,2,small group
2022-12,arin,133.23.in-addr.arpa,unsign,13,,1,single delegation
2022-12,arin,137.198.in-addr.arpa,rollover,7,13,2,small group
2022-12,arin,138.23.in-addr.arpa,unsign,13,,1,single delegation
2022-12,arin,138.in-addr.arpa,sign,,8,1,single delegation
2022-12,arin,141.192.in-addr.arpa,unsign,5,,1,single delegation
2022-12,arin,142.23.in-addr.arpa,sign,,13,1,single delegation
2022-12,arin,143.23.in-addr.arpa,sign,,13,1,single delegation
2022-12,arin,145.23.in-addr.arpa,sign,,8,1,single delegation
2022-12,arin,146.216.in-addr.arpa,sign,,13,2,small group
2022-12,arin,163.164.in-addr.arpa,unsign,8,,1,single delegation
2022-12,arin,165.in-addr.arpa,unsign,7,,1,single delegation
2022-12,arin,167.104.in-addr.arpa,sign,,13,1,single delegation
2022-12,arin,168.206.in-addr.arpa,sign,,14,15,bulk
2022-12,arin,173.45.in-addr.arpa,sign,,13,1,single delegation
2022-12,arin,179.45.in-addr.arpa,sign,,5,2,small group
2022-12,arin,180.45.in-addr.arpa,sign,,13,6,bulk
2022-12,arin,181.168.in-addr.arpa,sign,,8,4,small group
2022-12,arin,182.45.in-addr.arpa,sign,,13,1,single delegation
2022-12,arin,184.45.in-addr.arpa,sign,,8,4,small group
2022-12,arin,185.138.in-addr.arpa,unsign,13,,4,small group
2022-12,arin,187.45.in-addr.arpa,sign,,8,3,small group
2022-12,arin,188.192.in-addr.arpa,rollover,10,"10,13",5,bulk
2022-12,arin,188.204.in-addr.arpa,sign,,14,16,bulk
2022-12,arin,190.45.in-addr.arpa,sign,,13,1,single delegation
2022-12,arin,190.45.in-addr.arpa,unsign,8,,3,small group
2022-12,arin,202.143.in-addr.arpa,sign,,13,2,small group
2022-12,arin,225.45.in-addr.arpa,sign,,13,1,single delegation
2022-12,arin,227.45.in-addr.arpa,sign,,13,4,small group
2022-12,arin,228.168.in-addr.arpa,sign,,13,1,single delegation
2022-12,arin,228.168.in-addr.arpa,unsign,8,,1,single delegation
2022-12,arin,23.66.in-addr.arpa,sign,,13,1,single delegation
2022-12,arin,231.45.in-addr.arpa,sign,,13,4,small group
2022-12,arin,232.168.in-addr.arpa,unsign,13,,3,small group
2022-12,arin,232.45.in-addr.arpa,sign,,13,4,small group
2022-12,arin,234.192.in-addr.arpa,sign,,8,1,single delegation
2022-12,arin,237.205.in-addr.arpa,rollover,10,"10,13",15,bulk
2022-12,arin,237.205.in-addr.arpa,rollover,"8,10","10,13",1,single delegation
2022-12,arin,245.192.in-addr.arpa,rollover,"8,10","10,13",1,single delegation
2022-12,arin,246.170.in-addr.arpa,unsign,13,,4,small group
2022-12,arin,250.167.in-addr.arpa,unsign,8,,4,small group
2022-12,arin,254.170.in-addr.arpa,sign,,13,4,small group
2022-12,arin,255.132.in-addr.arpa,sign,,13,4,small group
2022-12,arin,4.45.in-addr.arpa,sign,,13,4,small group
2022-12,arin,41.45.in-addr.arpa,sign,,13,1,single delegation
2022-12,arin,45.198.in-addr.arpa,sign,,8,2,small group
2022-12,arin,5.202.in-addr.arpa,sign,,13,3,small group
2022-12,arin,59.45.in-addr.arpa,sign,,13,1,single delegation
2022-12,arin,6.c.f.f.2.0.6.2.ip6.arpa,sign,,14,1,single delegation
2022-12,arin,6.f.b.f.2.0.6.2.ip6.arpa,unsign,13,,1,single delegation
2022-12,arin,7.f.f.2.0.6.2.ip6.arpa,sign,,8,1,single delegation
2022-12,arin,72.131.in-addr.arpa,sign,,13,4,small group
2022-12,arin,79.170.in-addr.arpa,sign,,8,4,small group
2022-12,arin,8.3.5.7.0.6.2.ip6.arpa,sign,,13,1,single delegation
2022-12,arin,80.170.in-addr.arpa,sign,,8,1,single delegation
2022-12,arin,82.170.in-addr.arpa,sign,,13,3,small group
2022-12,arin,94.138.in-addr.arpa,sign,,13,2,small group
2022-12,arin,97.138.in-addr.arpa,unsign,8,,2,small group
2022-12,arin,b.f.a.f.2.0.6.2.ip6.arpa,sign,,13,1,single delegation
2022-12,arin,f.3.c.f.2.0.6.2.ip6.arpa,sign,,13,1,single delegation
2022-12,lacnic,0.131.in-addr.arpa,sign,,8,4,small group
2022-12,lacnic,108.131.in-addr.arpa,sign,,13,4,small group
2022-12,lacnic,121.138.in-addr.arpa,unsign,13,,4,small group
2022-12,lacnic,141.192.in-addr.arpa,unsign,5,,1,single delegation
2022-12,lacnic,150.170.in-addr.arpa,unsign,13,,4,small group
2022-12,lacnic,163.164.in-addr.arpa,unsign,8,,1,single delegation
2022-12,lacnic,179.45.in-addr.arpa,sign,,5,2,small group
2022-12,lacnic,181.168.in-addr.arpa,sign,,8,4,small group
2022-12,lacnic,184.45.in-addr.arpa,sign,,8,4,small group
2022-12,lacnic,185.138.in-addr.arpa,unsign,13,,4,small group
2022-12,lacnic,187.45.in-addr.arpa,sign,,8,3,small group
2022-12,lacnic,202.143.in-addr.arpa,sign,,13,1,single delegation
2022-12,lacnic,227.45.in-addr.arpa,sign,,13,4,small group
2022-12,lacnic,228.168.in-addr.arpa,unsign,8,,4,small group
2022-12,lacnic,232.168.in-addr.arpa,unsign,13,,3,small group
2022-12,lacnic,246.170.in-addr.arpa,unsign,13,,4,small group
2022-12,lacnic,250.167.in-addr.arpa,unsign,8,,4,small group
2022-12,lacnic,255.132.in-addr.arpa,sign,,13,4,small group
2022-12,lacnic,4.45.in-addr.arpa,sign,,13,4,small group
2022-12,lacnic,72.131.in-addr.arpa,sign,,13,4,small group
2022-12,lacnic,79.170.in-addr.arpa,sign,,8,4,small group
2022-12,lacnic,80.170.in-addr.arpa,sign,,8,2,small group
2022-12,lacnic,82.170.in-addr.arpa,sign,,13,3,small group
2022-12,lacnic,97.138.in-addr.arpa,unsign,8,,2,small group
2022-12,ripe,130.45.in-addr.arpa,sign,,13,2,small group
2023-01,afrinic,140.197.in-addr.arpa,sign,,8,1,single delegation
2023-01,apnic,110.103.in-addr.arpa,sign,,8,1,single delegation
2023-01,apnic,153.103.in-addr.arpa,sign,,13,1,single delegation
2023-01,apnic,48.103.in-addr.arpa,sign,,13,1,single delegation
2023-01,apnic,8.4.3.4.f.d.0.1.0.0.2.ip6.arpa,sign,,13,1,single delegation
2023-01,apnic,c.0.a.1.f.d.0.1.0.0.2.ip6.arpa,sign,,13,2,small group
2023-01,arin,0.143.in-addr.arpa,unsign,13,,4,small group
2023-01,arin,0.9.2.b.f.2.0.6.2.ip6.arpa,sign,,13,1,single delegation
2023-01,arin,0.c.b.a.f.2.0.6.2.ip6.arpa,sign,,13,1,single delegation
2023-01,arin,100.192.in-addr.arpa,sign,,13,1,single delegation
2023-01,arin,141.192.in-addr.arpa,unsign,5,,3,small group
2023-01,arin,146.216.in-addr.arpa,unsign,13,,2,small group
2023-01,arin,153.45.in-addr.arpa,sign,,13,1,single delegation
2023-01,arin,155.45.in-addr.arpa,sign,,13,1,single delegation
2023-01,arin,170.216.in-addr.arpa,sign,,13,1,single delegation
2023-01,arin,181.147.in-addr.arpa,sign,,13,19,bulk
2023-01,arin,190.45.in-addr.arpa,sign,,8,1,single delegation
2023-01,arin,236.45.in-addr.arpa,unsign,8,,1,single delegation
2023-01,arin,247.162.in-addr.arpa,sign,,15,1,single delegation
2023-01,arin,249.23.in-addr.arpa,sign,,13,1,single delegation
2023-01,arin,255.131.in-addr.arpa,sign,,13,4,small group
2023-01,arin,255.159.in-addr.arpa,sign,,13,1,single delegation
2023-01,arin,4.45.in-addr.arpa,unsign,7,,1,single delegation
2023-01,arin,48.192.in-addr.arpa,unsign,8,,2,small group
2023-01,arin,6.8.d.f.2.0.6.2.ip6.arpa,sign,,13,1,single delegation
2023-01,arin,79.170.in-addr.arpa,unsign,8,,1,single delegation
2023-01,arin,80.170.in-addr.arpa,sign,,13,4,small group
2023-01,arin,87.45.in-addr.arpa,unsign,13,,4,small group
2023-01,arin,97.138.in-addr.arpa,sign,,8,2,small group
2023-01,arin,97.98.in-addr.arpa,sign,,15,1,single delegation
2023-01,arin,98.172.in-addr.arpa,unsign,13,,1,single delegation
2023-01,arin,98.216.in-addr.arpa,sign,,13,4,small group
2023-01,arin,c.6.1.7.0.6.2.ip6.arpa,sign,,13,1,single delegation
2023-01,lacnic,0.143.in-addr.arpa,unsign,13,,4,small group
2023-01,lacnic,100.192.in-addr.arpa,sign,,13,1,single delegation
2023-01,lacnic,141.192.in-addr.arpa,unsign,5,,3,small group
2023-01,lacnic,190.45.in-addr.arpa,unsign,8,,1,single delegation
2023-01,lacnic,236.45.in-addr.arpa,unsign,8,,1,single delegation
2023-01,lacnic,255.131.in-addr.arpa,sign,,13,4,small group
2023-01,lacnic,79.170.in-addr.arpa,unsign,8,,1,single delegation
2023-01,lacnic,80.170.in-addr.arpa,sign,,13,4,small group
2023-01,lacnic,97.138.in-addr.arpa,sign,,8,2,small group
2023-01,lacnic,98.216.in-addr.arpa,sign,,13,4,small group
2023-01,ripe,153.45.in-addr.arpa,sign,,13,1,single delegation
2023-01,ripe,155.45.in-addr.arpa,sign,,13,1,single delegation
2023-01,ripe,181.147.in-addr.arpa,sign,,13,19,bulk
2023-01,ripe,255.159.in-addr.arpa,sign,,13,1,single delegation
2023-01,ripe,87.45.in-addr.arpa,unsign,13,,4,small group
2023-02,apnic,129.103.in-addr.arpa,sign,,13,2,small group
2023-02,apnic,141.114.in-addr.arpa,sign,,13,8,bulk
2023-02,apnic,171.192.in-addr.arpa,sign,,13,8,bulk
2023-02,arin,0.0.6.a.a.0.0.0.2.6.2.ip6.arpa,sign,,8,1,single delegation
2023-02,arin,0.170.in-addr.arpa,sign,,13,3,small group
2023-02,arin,1.0.0.4.0.5.0.1.0.0.2.ip6.arpa,sign,,13,1,single delegation
2023-02,arin,112.149.in-addr.arpa,sign,,13,1,single delegation
2023-02,arin,121.138.in-addr.arpa,unsign,13,,1,single delegation
2023-02,arin,134.in-addr.arpa,rollover,10,14,1,single delegation
2023-02,arin,135.23.in-addr.arpa,sign,,8,1,single delegation
2023-02,arin,137.45.in-addr.arpa,unsign,13,,4,small group
2023-02,arin,141.192.in-addr.arpa,unsign,5,,1,single delegation
2023-02,arin,142.98.in-addr.arpa,sign,,8,2,small group
2023-02,arin,143.23.in-addr.arpa,sign,,13,1,single delegation
2023-02,arin,150.23.in-addr.arpa,sign,,13,1,single delegation
2023-02,arin,155.23.in-addr.arpa,sign,,8,1,single delegation
2023-02,arin,171.192.in-addr.arpa,sign,,13,8,bulk
2023-02,arin,172.45.in-addr.arpa,sign,,13,1,single delegation
2023-02,arin,175.136.in-addr.arpa,sign,,13,4,small group
2023-02,arin,181.147.in-addr.arpa,sign,,13,14,bulk
2023-02,arin,186.138.in-addr.arpa,sign,,13,4,small group
2023-02,arin,189.45.in-addr.arpa,sign,,13,4,small group
2023-02,arin,19.160.in-addr.arpa,sign,,13,4,small group
2023-02,arin,199.161.in-addr.arpa,sign,,13,4,small group
2023-02,arin,2.3.e.f.2.0.6.2.ip6.arpa,sign,,8,1,single delegation
2023-02,arin,208.143.in-addr.arpa,sign,,8,4,small group
2023-02,arin,224.45.in-addr.arpa,sign,,13,4,small group
2023-02,arin,227.45.in-addr.arpa,unsign,13,,4,small group
2023-02,arin,230.45.in-addr.arpa,sign,,13,4,small group
2023-02,arin,233.170.in-addr.arpa,sign,,13,4,small group
2023-02,arin,235.45.in-addr.arpa,unsign,8,,2,small group
2023-02,arin,244.162.in-addr.arpa,sign,,8,4,small group
2023-02,arin,249.167.in-addr.arpa,sign,,13,4,small group
2023-02,arin,250.167.in-addr.arpa,sign,,13,4,small group
2023-02,arin,251.198.in-addr.arpa,sign,,13,8,bulk
2023-02,arin,37.104.in-addr.arpa,unsign,13,,1,single delegation
2023-02,arin,4.0.0.6.2.ip6.arpa,sign,,8,1,single delegation
2023-02,arin,4.45.in-addr.arpa,sign,,7,1,single delegation
2023-02,arin,5.45.in-addr.arpa,sign,,13,4,small group
2023-02,arin,68.in-addr.arpa,sign,,8,1,single delegation
2023-02,arin,70.45.in-addr.arpa,sign,,13,4,small group
2023-02,arin,78.170.in-addr.arpa,sign,,13,8,bulk
2023-02,arin,79.170.in-addr.arpa,sign,,8,1,single delegation
2023-02,arin,79.170.in-addr.arpa,unsign,8,,1,single delegation
2023-02,arin,88.167.in-addr.arpa,sign,,8,1,single delegation
2023-02,arin,9.a.d.f.2.0.6.2.ip6.arpa,sign,,13,1,single delegation
2023-02,arin,98.172.in-addr.arpa,sign,,8,1,single delegation
2023-02,lacnic,0.170.in-addr.arpa,sign,,13,3,small group
2023-02,lacnic,121.138.in-addr.arpa,unsign,13,,1,single delegation
2023-02,lacnic,141.192.in-addr.arpa,unsign,5,,1,single delegation
2023-02,lacnic,172.45.in-addr.arpa,sign,,13,1,single delegation
2023-02,lacnic,186.138.in-addr.arpa,sign,,13,4,small group
2023-02,lacnic,189.45.in-addr.arpa,sign,,13,4,small group
2023-02,lacnic,19.160.in-addr.arpa,sign,,13,4,small group
2023-02,lacnic,190.45.in-addr.arpa,unsign,8,,1,single delegation
2023-02,lacnic,208.143.in-addr.arpa,sign,,8,4,small group
2023-02,lacnic,224.45.in-addr.arpa,sign,,13,4,small group
2023-02,lacnic,227.45.in-addr.arpa,unsign,13,,4,small group
2023-02,lacnic,230.45.in-addr.arpa,sign,,13,3,small group
2023-02,lacnic,233.170.in-addr.arpa,sign,,13,4,small group
2023-02,lacnic,235.45.in-addr.arpa,unsign,8,,2,small group
2023-02,lacnic,249.167.in-addr.arpa,sign,,13,4,small group
2023-02,lacnic,250.167.in-addr.arpa,sign,,13,4,small group
2023-02,lacnic,5.45.in-addr.arpa,sign,,13,4,small group
2023-02,lacnic,70.45.in-addr.arpa,sign,,13,4,small group
2023-02,lacnic,78.170.in-addr.arpa,sign,,13,8,bulk
2023-02,lacnic,79.170.in-addr.arpa,sign,,8,1,single delegation
2023-02,ripe,134.in-addr.arpa,rollover,10,14,1,single delegation
2023-02,ripe,137.45.in-addr.arpa,unsign,13,,4,small group
2023-02,ripe,181.147.in-addr.arpa,sign,,13,14,bulk
2023-03,afrinic,140.197.in-addr.arpa,sign,,8,1,single delegation
2023-03,afrinic,49.196.in-addr.arpa,sign,,13,1,single delegation
2023-03,afrinic,60.196.in-addr.arpa,sign,,13,1,single delegation
2023-03,afrinic,a.6.1.8.f.3.4.1.0.0.2.ip6.arpa,sign,,13,2,small group
2023-03,apnic,110.175.in-addr.arpa,sign,,13,16,bulk
2023-03,apnic,167.103.in-addr.arpa,sign,,8,1,single delegation
2023-03,apnic,48.103.in-addr.arpa,unsign,13,,1,single delegation
2023-03,apnic,54.27.in-addr.arpa,sign,,13,1,single delegation
2023-03,arin,0.0.b.a.f.2.0.6.2.ip6.arpa,sign,,13,1,single delegation
2023-03,arin,0.168.in-addr.arpa,sign,,13,4,small group
2023-03,arin,0.a.c.1.1.0.0.2.6.2.ip6.arpa,sign,,13,1,single delegation
2023-03,arin,0.d.1.2.1.0.0.2.6.2.ip6.arpa,unsign,14,,1,single delegation
2023-03,arin,0.d.a.a.f.2.0.6.2.ip6.arpa,sign,,13,1,single delegation
2023-03,arin,137.204.in-addr.arpa,unsign,13,,1,single delegation
2023-03,arin,140.45.in-addr.arpa,sign,,13,4,small group
2023-03,arin,141.192.in-addr.arpa,sign,,5,1,single delegation
2023-03,arin,146.23.in-addr.arpa,sign,,13,2,small group
2023-03,arin,147.142.in-addr.arpa,sign,,8,2,small group
2023-03,arin,149.192.in-addr.arpa,sign,,8,1,single delegation
2023-03,arin,153.104.in-addr.arpa,sign,,13,4,small group
2023-03,arin,154.192.in-addr.arpa,sign,,13,1,single delegation
2023-03,arin,159.in-addr.arpa,sign,,13,1,single delegation
2023-03,arin,163.198.in-addr.arpa,unsign,14,,1,single delegation
2023-03,arin,168.45.in-addr.arpa,unsign,13,,4,small group
2023-03,arin,175.45.in-addr.arpa,unsign,13,,2,small group
2023-03,arin,177.45.in-addr.arpa,rollover,8,13,4,small group
2023-03,arin,182.45.in-addr.arpa,unsign,7,,1,single delegation
2023-03,arin,190.199.in-addr.arpa,sign,,13,1,single delegation
2023-03,arin,190.45.in-addr.arpa,sign,,8,1,single delegation
2023-03,arin,190.45.in-addr.arpa,unsign,8,,1,single delegation
2023-03,arin,191.45.in-addr.arpa,sign,,13,4,small group
2023-03,arin,199.in-addr.arpa,sign,,8,1,single delegation
2023-03,arin,205.in-addr.arpa,sign,,8,1,single delegation
2023-03,arin,209.192.in-addr.arpa,sign,,13,1,single delegation
2023-03,arin,235.45.in-addr.arpa,sign,,8,2,small group
2023-03,arin,250.167.in-addr.arpa,sign,,13,4,small group
2023-03,arin,30.199.in-addr.arpa,sign,,13,4,small group
2023-03,arin,4.7.c.6.0.6.2.ip6.arpa,unsign,13,,1,single delegation
2023-03,arin,67.45.in-addr.arpa,sign,,13,4,small group
2023-03,arin,79.170.in-addr.arpa,sign,,8,1,single delegation
2023-03,arin,90.45.in-addr.arpa,unsign,13,,1,single delegation
2023-03,arin,a.b.f.2.0.6.2.ip6.arpa,unsign,13,,1,single delegation
2023-03,lacnic,0.168.in-addr.arpa,sign,,13,4,small group
2023-03,lacnic,141.192.in-addr.arpa,sign,,5,1,single delegation
2023-03,lacnic,168.45.in-addr.arpa,unsign,13,,4,small group
2023-03,lacnic,175.45.in-addr.arpa,unsign,13,,1,single delegation
2023-03,lacnic,177.45.in-addr.arpa,rollover,8,13,4,small group
2023-03,lacnic,182.45.in-addr.arpa,unsign,7,,1,single delegation
2023-03,lacnic,191.45.in-addr.arpa,sign,,13,4,small group
2023-03,lacnic,230.45.in-addr.arpa,sign,,13,1,single delegation
2023-03,lacnic,235.45.in-addr.arpa,sign,,8,2,small group
2023-03,lacnic,250.167.in-addr.arpa,sign,,13,4,small group
2023-03,lacnic,97.138.in-addr.arpa,unsign,8,,2,small group
2023-03,ripe,110.175.in-addr.arpa,sign,,13,16,bulk
2023-03,ripe,140.45.in-addr.arpa,sign,,13,4,small group
2023-03,ripe,67.45.in-addr.arpa,sign,,13,4,small group
2023-03,ripe,90.45.in-addr.arpa,unsign,13,,1,single delegation
2023-04,afrinic,223.196.in-addr.arpa,unsign,13,,1,single delegation
2023-04,apnic,165.163.in-addr.arpa,unsign,5,,1,single delegation
2023-04,apnic,172.103.in-addr.arpa,unsign,13,,2,small group
2023-04,apnic,206.103.in-addr.arpa,sign,,13,1,single delegation
2023-04,apnic,6.7.e.0.0.4.2.ip6.arpa,sign,,13,1,single delegation
2023-04,apnic,c.0.1.2.f.d.0.1.0.0.2.ip6.arpa,sign,,13,1,single delegation
2023-04,arin,0.0.6.c.f.2.0.6.2.ip6.arpa,unsign,13,,1,single delegation
2023-04,arin,0.0.8.f.0.0.0.0.2.6.2.ip6.arpa,rollover,8,13,1,single delegation
2023-04,arin,0.143.in-addr.arpa,sign,,13,4,small group
2023-04,arin,0.8.9.b.f.2.0.6.2.ip6.arpa,sign,,13,1,single delegation
2023-04,arin,0.9.0.0.8.0.2.0.6.2.ip6.arpa,rollover,8,13,1,single delegation
2023-04,arin,0.9.f.0.8.0.2.0.6.2.ip6.arpa,sign,,13,1,single delegation
2023-04,arin,122.74.in-addr.arpa,rollover,5,"5,8",2,small group
2023-04,arin,122.74.in-addr.arpa,rollover,5,8,1,single delegation
2023-04,arin,131.in-addr.arpa,sign,,8,1,single delegation
2023-04,arin,137.143.in-addr.arpa,sign,,13,4,small group
2023-04,arin,141.192.in-addr.arpa,sign,,13,4,small group
2023-04,arin,143.in-addr.arpa,sign,,13,1,single delegation
2023-04,arin,147.23.in-addr.arpa,sign,,13,1,single delegation
2023-04,arin,149.23.in-addr.arpa,sign,,13,1,single delegation
2023-04,arin,152.104.in-addr.arpa,unsign,8,,1,single delegation
2023-04,arin,155.45.in-addr.arpa,rollover,13,10,1,single delegation
2023-04,arin,169.45.in-addr.arpa,sign,,13,4,small group
2023-04,arin,175.45.in-addr.arpa,sign,,13,2,small group
2023-04,arin,178.45.in-addr.arpa,sign,,13,1,single delegation
2023-04,arin,181.168.in-addr.arpa,unsign,8,,1,single delegation
2023-04,arin,182.45.in-addr.arpa,sign,,7,1,single delegation
2023-04,arin,183.23.in-addr.arpa,unsign,13,,1,single delegation
2023-04,arin,184.45.in-addr.arpa,sign,,13,4,small group
2023-04,arin,195.199.in-addr.arpa,rollover,5,"5,8",2,small group
2023-04,arin,197.168.in-addr.arpa,sign,,13,4,small group
2023-04,arin,229.45.in-addr.arpa,sign,,"7,14",1,single delegation
2023-04,arin,233.170.in-addr.arpa,sign,,8,4,small group
2023-04,arin,235.207.in-addr.arpa,sign,,13,1,single delegation
2023-04,arin,235.45.in-addr.arpa,sign,,13,4,small group
2023-04,arin,249.167.in-addr.arpa,unsign,8,,2,small group
2023-04,arin,253.199.in-addr.arpa,rollover,8,13,2,small group
2023-04,arin,26.199.in-addr.arpa,unsign,13,,6,bulk
2023-04,arin,3.8.2.0.0.0.0.0.2.6.2.ip6.arpa,rollover,8,13,1,single delegation
2023-04,arin,4.199.in-addr.arpa,rollover,8,13,1,single delegation
2023-04,arin,4.199.in-addr.arpa,rollover,8,"8,13",2,small group
2023-04,arin,43.199.in-addr.arpa,rollover,8,13,4,small group
2023-04,arin,59.138.in-addr.arpa,sign,,13,4,small group
2023-04,arin,72.131.in-addr.arpa,sign,,8,4,small group
2023-04,arin,77.208.in-addr.arpa,rollover,8,13,4,small group
2023-04,arin,89.208.in-addr.arpa,unsign,8,,4,small group
2023-04,arin,91.199.in-addr.arpa,rollover,5,"5,8",3,small group
2023-04,arin,91.199.in-addr.arpa,rollover,8,13,3,small group
2023-04,arin,91.199.in-addr.arpa,rollover,8,"8,13",5,bulk
2023-04,arin,97.138.in-addr.arpa,unsign,8,,2,small group
2023-04,arin,b.2.2.0.0.0.0.0.2.6.2.ip6.arpa,rollover,8,13,1,single delegation
2023-04,arin,d.2.0.0.0.0.0.0.2.6.2.ip6.arpa,rollover,8,13,1,single delegation
2023-04,arin,d.e.2.0.0.0.0.0.2.6.2.ip6.arpa,rollover,8,13,1,single delegation
2023-04,arin,e.e.2.0.0.0.0.0.2.6.2.ip6.arpa,rollover,8,13,1,single delegation
2023-04,arin,f.a.2.0.2.0.6.2.ip6.arpa,sign,,13,1,single delegation
2023-04,lacnic,0.143.in-addr.arpa,sign,,13,4,small group
2023-04,lacnic,137.143.in-addr.arpa,sign,,13,4,small group
2023-04,lacnic,141.192.in-addr.arpa,sign,,13,4,small group
2023-04,lacnic,169.45.in-addr.arpa,sign,,13,4,small group
2023-04,lacnic,175.45.in-addr.arpa,sign,,13,1,single delegation
2023-04,lacnic,178.45.in-addr.arpa,sign,,13,1,single delegation
2023-04,lacnic,181.168.in-addr.arpa,unsign,8,,1,single delegation
2023-04,lacnic,182.45.in-addr.arpa,sign,,7,1,single delegation
2023-04,lacnic,184.45.in-addr.arpa,sign,,13,4,small group
2023-04,lacnic,190.45.in-addr.arpa,sign,,8,2,small group
2023-04,lacnic,190.45.in-addr.arpa,unsign,8,,1,single delegation
2023-04,lacnic,197.168.in-addr.arpa,sign,,13,4,small group
2023-04,lacnic,233.170.in-addr.arpa,sign,,8,4,small group
2023-04,lacnic,235.45.in-addr.arpa,sign,,13,4,small group
2023-04,lacnic,249.167.in-addr.arpa,unsign,8,,3,small group
2023-04,lacnic,59.138.in-addr.arpa,sign,,13,4,small group
2023-04,lacnic,72.131.in-addr.arpa,sign,,8,4,small group
2023-04,lacnic,97.138.in-addr.arpa,unsign,8,,2,small group
2023-04,ripe,143.in-addr.arpa,sign,,13,1,single delegation
2023-04,ripe,155.45.in-addr.arpa,rollover,13,10,1,single delegation
2023-04,ripe,165.163.in-addr.arpa,unsign,5,,1,single delegation
2023-05,afrinic,49.196.in-addr.arpa,sign,,13,1,single delegation
2023-05,afrinic,60.196.in-addr.arpa,sign,,13,1,single delegation
2023-05,afrinic,9.6.0.8.f.3.4.1.0.0.2.ip6.arpa,sign,,13,2,small group
2023-05,arin,0.0.0.0.0.5.0.1.0.0.2.ip6.arpa,rollover,8,"8,13",1,single delegation
2023-05,arin,0.192.in-addr.arpa,rollover,8,13,16,bulk
2023-05,arin,0.3.f.7.0.6.2.ip6.arpa,sign,,7,1,single delegation
2023-05,arin,1.9.4.1.0.0.2.ip6.arpa,sign,,13,1,single delegation
2023-05,arin,103.209.in-addr.arpa,unsign,8,,32,bulk
2023-05,arin,128.23.in-addr.arpa,unsign,13,,2,small group
2023-05,arin,131.192.in-addr.arpa,rollover,8,13,1,single delegation
2023-05,arin,131.in-addr.arpa,unsign,8,,1,single delegation
2023-05,arin,142.23.in-addr.arpa,sign,,13,1,single delegation
2023-05,arin,153.45.in-addr.arpa,sign,,13,1,single delegation
2023-05,arin,155.45.in-addr.arpa,rollover,10,13,1,single delegation
2023-05,arin,160.45.in-addr.arpa,sign,,8,4,small group
2023-05,arin,161.in-addr.arpa,sign,,13,1,single delegation
2023-05,arin,162.45.in-addr.arpa,sign,,13,4,small group
2023-05,arin,172.45.in-addr.arpa,sign,,13,2,small group
2023-05,arin,174.207.in-addr.arpa,sign,,13,1,single delegation
2023-05,arin,174.207.in-addr.arpa,sign,,8,1,single delegation
2023-05,arin,179.45.in-addr.arpa,sign,,13,4,small group
2023-05,arin,180.198.in-addr.arpa,rollover,8,13,1,single delegation
2023-05,arin,181.168.in-addr.arpa,sign,,8,1,single delegation
2023-05,arin,181.168.in-addr.arpa,unsign,8,,1,single delegation
2023-05,arin,184.45.in-addr.arpa,unsign,8,,1,single delegation
2023-05,arin,186.198.in-addr.arpa,sign,,13,1,single delegation
2023-05,arin,188.204.in-addr.arpa,unsign,14,,11,bulk
2023-05,arin,190.45.in-addr.arpa,sign,,8,1,single delegation
2023-05,arin,190.45.in-addr.arpa,unsign,8,,1,single delegation
2023-05,arin,199.in-addr.arpa,unsign,8,,4,small group
2023-05,arin,226.45.in-addr.arpa,sign,,13,4,small group
2023-05,arin,227.168.in-addr.arpa,sign,,13,4,small group
2023-05,arin,229.45.in-addr.arpa,unsign,"7,14",,1,single delegation
2023-05,arin,232.45.in-addr.arpa,sign,,13,2,small group
2023-05,arin,245.170.in-addr.arpa,sign,,13,4,small group
2023-05,arin,247.170.in-addr.arpa,sign,,13,4,small group
2023-05,arin,249.167.in-addr.arpa,unsign,8,,1,single delegation
2023-05,arin,255.138.in-addr.arpa,sign,,13,4,small group
2023-05,arin,3.d.e.f.2.0.6.2.ip6.arpa,unsign,13,,1,single delegation
2023-05,arin,4.199.in-addr.arpa,rollover,8,"8,13",2,small group
2023-05,arin,4.199.in-addr.arpa,rollover,"8,13",13,2,small group
2023-05,arin,4.45.in-addr.arpa,unsign,7,,1,single delegation
2023-05,arin,59.66.in-addr.arpa,sign,,13,16,bulk
2023-05,arin,67.45.in-addr.arpa,sign,,13,1,single delegation
2023-05,arin,7.199.in-addr.arpa,rollover,8,13,5,bulk
2023-05,arin,71.198.in-addr.arpa,sign,,8,2,small group
2023-05,arin,73.208.in-addr.arpa,sign,,14,3,small group
2023-05,arin,78.170.in-addr.arpa,unsign,13,,2,small group
2023-05,arin,8.0.0.0.0.5.0.1.0.0.2.ip6.arpa,rollover,8,13,5,bulk
2023-05,arin,8.0.0.0.0.5.0.1.0.0.2.ip6.arpa,rollover,8,"8,13",3,small group
2023-05,arin,83.192.in-addr.arpa,sign,,13,1,single delegation
2023-05,arin,9.0.0.0.0.5.0.1.0.0.2.ip6.arpa,rollover,8,13,2,small group
2023-05,arin,9.0.0.0.0.5.0.1.0.0.2.ip6.arpa,rollover,8,"8,13",1,single delegation
2023-05,arin,91.199.in-addr.arpa,rollover,"8,13",13,5,bulk
2023-05,arin,97.138.in-addr.arpa,unsign,8,,2,small group
2023-05,lacnic,160.45.in-addr.arpa,sign,,8,4,small group
2023-05,lacnic,162.45.in-addr.arpa,sign,,13,4,small group
2023-05,lacnic,172.45.in-addr.arpa,sign,,13,2,small group
2023-05,lacnic,179.45.in-addr.arpa,sign,,13,4,small group
2023-05,lacnic,181.168.in-addr.arpa,sign,,8,1,single delegation
2023-05,lacnic,181.168.in-addr.arpa,unsign,8,,1,single delegation
2023-05,lacnic,184.45.in-addr.arpa,unsign,8,,1,single delegation
2023-05,lacnic,190.45.in-addr.arpa,unsign,8,,2,small group
2023-05,lacnic,226.45.in-addr.arpa,sign,,13,4,small group
2023-05,lacnic,227.168.in-addr.arpa,sign,,13,4,small group
2023-05,lacnic,232.45.in-addr.arpa,sign,,13,2,small group
2023-05,lacnic,245.170.in-addr.arpa,sign,,13,4,small group
2023-05,lacnic,247.170.in-addr.arpa,sign,,13,4,small group
2023-05,lacnic,255.138.in-addr.arpa,sign,,13,4,small group
2023-05,lacnic,4.45.in-addr.arpa,unsign,7,,1,single delegation
2023-05,lacnic,78.170.in-addr.arpa,unsign,13,,2,small group
2023-05,ripe,131.192.in-addr.arpa,rollover,8,13,1,single delegation
2023-05,ripe,153.45.in-addr.arpa,sign,,13,1,single delegation
2023-05,ripe,155.45.in-addr.arpa,rollover,10,13,1,single delegation
2023-05,ripe,180.198.in-addr.arpa,rollover,8,13,1,single delegation
2023-05,ripe,67.45.in-addr.arpa,sign,,13,1,single delegation
2023-06,afrinic,216.102.in-addr.arpa,unsign,13,,4,small group
2023-06,apnic,219.103.in-addr.arpa,sign,,13,4,small group
2023-06,apnic,5.202.in-addr.arpa,unsign,13,,1,single delegation
2023-06,arin,0.0.4.c.8.0.0.0.2.6.2.ip6.arpa,sign,,13,1,single delegation
2023-06,arin,0.1.e.2.0.2.0.6.2.ip6.arpa,sign,,13,1,single delegation
2023-06,arin,0.7.0.6.0.6.2.ip6.arpa,sign,,13,1,single delegation
2023-06,arin,107.216.in-addr.arpa,sign,,13,16,bulk
2023-06,arin,110.192.in-addr.arpa,sign,,13,1,single delegation
2023-06,arin,116.199.in-addr.arpa,sign,,13,2,small group
2023-06,arin,133.23.in-addr.arpa,unsign,13,,1,single delegation
2023-06,arin,134.in-addr.arpa,rollover,8,13,1,single delegation
2023-06,arin,142.23.in-addr.arpa,sign,,13,1,single delegation
2023-06,arin,147.23.in-addr.arpa,sign,,13,1,single delegation
2023-06,arin,147.23.in-addr.arpa,sign,,7,1,single delegation
2023-06,arin,159.45.in-addr.arpa,rollover,13,14,4,small group
2023-06,arin,160.in-addr.arpa,sign,,13,1,single delegation
2023-06,arin,163.164.in-addr.arpa,sign,,8,1,single delegation
2023-06,arin,167.45.in-addr.arpa,sign,,13,4,small group
2023-06,arin,168.199.in-addr.arpa,sign,,13,4,small group
2023-06,arin,168.206.in-addr.arpa,sign,,13,1,single delegation
2023-06,arin,176.45.in-addr.arpa,sign,,13,4,small group
2023-06,arin,181.168.in-addr.arpa,sign,,8,1,single delegation
2023-06,arin,184.45.in-addr.arpa,sign,,8,1,single delegation
2023-06,arin,188.192.in-addr.arpa,rollover,5,"5,13",1,single delegation
2023-06,arin,190.45.in-addr.arpa,sign,,8,1,single delegation
2023-06,arin,190.45.in-addr.arpa,unsign,8,,1,single delegation
2023-06,arin,20.64.in-addr.arpa,sign,,13,1,single delegation
2023-06,arin,219.103.in-addr.arpa,sign,,13,4,small group
2023-06,arin,219.104.in-addr.arpa,sign,,13,8,bulk
2023-06,arin,221.131.in-addr.arpa,sign,,13,4,small group
2023-06,arin,228.45.in-addr.arpa,unsign,13,,4,small group
2023-06,arin,233.170.in-addr.arpa,unsign,8,,1,single delegation
2023-06,arin,233.45.in-addr.arpa,sign,,13,1,single delegation
2023-06,arin,249.167.in-addr.arpa,unsign,8,,1,single delegation
2023-06,arin,255.162.in-addr.arpa,sign,,13,8,bulk
2023-06,arin,35.192.in-addr.arpa,sign,,13,4,small group
2023-06,arin,4.45.in-addr.arpa,sign,,7,1,single delegation
2023-06,arin,4.6.4.7.0.6.2.ip6.arpa,sign,,13,1,single delegation
2023-06,arin,48.192.in-addr.arpa,sign,,13,1,single delegation
2023-06,arin,5.202.in-addr.arpa,unsign,13,,1,single delegation
2023-06,arin,5.a.a.f.2.0.6.2.ip6.arpa,sign,,7,1,single delegation
2023-06,arin,59.108.in-addr.arpa,sign,,13,16,bulk
2023-06,arin,77.192.in-addr.arpa,sign,,13,1,single delegation
2023-06,arin,8.0.0.0.0.5.0.1.0.0.2.ip6.arpa,rollover,"8,13",13,2,small group
2023-06,arin,8.2.e.7.0.6.2.ip6.arpa,unsign,13,,1,single delegation
2023-06,arin,80.204.in-addr.arpa,rollover,8,13,1,single delegation
2023-06,arin,82.170.in-addr.arpa,sign,,13,4,small group
2023-06,arin,9.0.0.0.0.5.0.1.0.0.2.ip6.arpa,rollover,8,13,1,single delegation
2023-06,arin,9.0.0.0.0.5.0.1.0.0.2.ip6.arpa,rollover,"8,13",13,1,single delegation
2023-06,arin,93.45.in-addr.arpa,sign,,13,4,small group
2023-06,arin,e.7.a.f.2.0.6.2.ip6.arpa,sign,,13,1,single delegation
2023-06,lacnic,163.164.in-addr.arpa,sign,,8,1,single delegation
2023-06,lacnic,167.45.in-addr.arpa,sign,,13,4,small group
2023-06,lacnic,176.45.in-addr.arpa,sign,,13,4,small group
2023-06,lacnic,181.168.in-addr.arpa,sign,,8,1,single delegation
2023-06,lacnic,184.45.in-addr.arpa,sign,,8,1,single delegation
2023-06,lacnic,190.45.in-addr.arpa,sign,,8,1,single delegation
2023-06,lacnic,221.131.in-addr.arpa,sign,,13,4,small group
2023-06,lacnic,228.45.in-addr.arpa,unsign,13,,4,small group
2023-06,lacnic,233.170.in-addr.arpa,unsign,8,,1,single delegation
2023-06,lacnic,233.45.in-addr.arpa,sign,,13,1,single delegation
2023-06,lacnic,249.167.in-addr.arpa,unsign,8,,1,single delegation
2023-06,lacnic,4.45.in-addr.arpa,sign,,7,1,single delegation
2023-06,lacnic,4.45.in-addr.arpa,unsign,7,,1,single delegation
2023-06,lacnic,82.170.in-addr.arpa,sign,,13,4,small group
2023-06,ripe,159.45.in-addr.arpa,rollover,13,14,4,small group
2023-06,ripe,93.45.in-addr.arpa,sign,,13,4,small group
2023-07,afrinic,212.102.in-addr.arpa,sign,,13,1,single delegation
2023-07,afrinic,214.102.in-addr.arpa,sign,,8,4,small group
2023-07,afrinic,4.c.0.f.0.c.2.ip6.arpa,sign,,13,1,single delegation
2023-07,apnic,0.2.7.1.0.4.2.ip6.arpa,sign,,13,1,single delegation
2023-07,apnic,131.103.in-addr.arpa,sign,,13,1,single delegation
2023-07,apnic,170.103.in-addr.arpa,sign,,13,1,single delegation
2023-07,apnic,176.175.in-addr.arpa,sign,,13,8,bulk
2023-07,apnic,34.203.in-addr.arpa,sign,,13,1,single delegation
2023-07,apnic,62.203.in-addr.arpa,sign,,13,1,single delegation
2023-07,arin,0.143.in-addr.arpa,sign,,14,4,small group
2023-07,arin,0.4.4.1.8.0.2.0.6.2.ip6.arpa,sign,,13,1,single delegation
2023-07,arin,0.4.f.8.0.0.0.2.6.2.ip6.arpa,unsign,8,,1,single delegation
2023-07,arin,0.7.a.f.2.0.6.2.ip6.arpa,sign,,13,1,single delegation
2023-07,arin,0.a.2.b.f.2.0.6.2.ip6.arpa,rollover,8,13,1,single delegation
2023-07,arin,0.b.e.2.0.2.0.6.2.ip6.arpa,sign,,13,1,single delegation
2023-07,arin,117.138.in-addr.arpa,sign,,13,4,small group
2023-07,arin,121.138.in-addr.arpa,sign,,13,1,single delegation
2023-07,arin,135.23.in-addr.arpa,unsign,13,,1,single delegation
2023-07,arin,141.192.in-addr.arpa,sign,,13,4,small group
2023-07,arin,150.45.in-addr.arpa,sign,,14,1,single delegation
2023-07,arin,154.23.in-addr.arpa,sign,,13,2,small group
2023-07,arin,155.23.in-addr.arpa,sign,,13,2,small group
2023-07,arin,158.192.in-addr.arpa,sign,,13,2,small group
2023-07,arin,182.45.in-addr.arpa,unsign,7,,1,single delegation
2023-07,arin,184.45.in-addr.arpa,unsign,8,,2,small group
2023-07,arin,190.45.in-addr.arpa,unsign,8,,1,single delegation
2023-07,arin,191.45.in-addr.arpa,unsign,13,,1,single delegation
2023-07,arin,209.192.in-addr.arpa,unsign,13,,1,single delegation
2023-07,arin,22.161.in-addr.arpa,unsign,13,,1,single delegation
2023-07,arin,233.170.in-addr.arpa,sign,,8,1,single delegation
2023-07,arin,233.45.in-addr.arpa,sign,,13,4,small group
2023-07,arin,249.167.in-addr.arpa,sign,,13,1,single delegation
2023-07,arin,33.199.in-addr.arpa,sign,,13,4,small group
2023-07,arin,4.45.in-addr.arpa,unsign,7,,2,small group
2023-07,arin,4.f.f.3.0.5.0.1.0.0.2.ip6.arpa,sign,,13,4,small group
2023-07,arin,5.e.2.0.2.0.6.2.ip6.arpa,sign,,13,1,single delegation
2023-07,arin,6.e.f.2.0.6.2.ip6.arpa,sign,,13,1,single delegation
2023-07,lacnic,0.143.in-addr.arpa,sign,,14,4,small group
2023-07,lacnic,117.138.in-addr.arpa,sign,,13,4,small group
2023-07,lacnic,121.138.in-addr.arpa,sign,,13,1,single delegation
2023-07,lacnic,141.192.in-addr.arpa,sign,,13,4,small group
2023-07,lacnic,182.45.in-addr.arpa,unsign,7,,1,single delegation
2023-07,lacnic,184.45.in-addr.arpa,unsign,8,,2,small group
2023-07,lacnic,190.45.in-addr.arpa,unsign,8,,1,single delegation
2023-07,lacnic,191.45.in-addr.arpa,unsign,13,,1,single delegation
2023-07,lacnic,22.161.in-addr.arpa,unsign,13,,1,single delegation
2023-07,lacnic,233.170.in-addr.arpa,sign,,8,1,single delegation
2023-07,lacnic,249.167.in-addr.arpa,sign,,13,1,single delegation
2023-07,lacnic,4.45.in-addr.arpa,sign,,7,1,single delegation
2023-07,ripe,150.45.in-addr.arpa,sign,,14,1,single delegation
2023-08,apnic,0.2.d.0.1.0.4.2.ip6.arpa,sign,,13,1,single delegation
2023-08,apnic,119.203.in-addr.arpa,unsign,13,,3,small group
2023-08,apnic,230.103.in-addr.arpa,sign,,13,4,small group
2023-08,arin,0.2.2.1.8.0.2.0.6.2.ip6.arpa,sign,,13,1,single delegation
2023-08,arin,0.2.6.c.f.2.0.6.2.ip6.arpa,sign,,8,1,single delegation
2023-08,arin,0.5.0.1.8.0.2.0.6.2.ip6.arpa,sign,,13,1,single delegation
2023-08,arin,0.e.9.2.0.2.0.6.2.ip6.arpa,sign,,13,1,single delegation
2023-08,arin,101.198.in-addr.arpa,sign,,13,1,single delegation
2023-08,arin,112.149.in-addr.arpa,unsign,13,,1,single delegation
2023-08,arin,120.216.in-addr.arpa,sign,,13,1,single delegation
2023-08,arin,135.23.in-addr.arpa,sign,,13,1,single delegation
2023-08,arin,137.143.in-addr.arpa,sign,,13,1,single delegation
2023-08,arin,139.in-addr.arpa,sign,,13,1,single delegation
2023-08,arin,144.45.in-addr.arpa,sign,,13,4,small group
2023-08,arin,146.in-addr.arpa,sign,,13,1,single delegation
2023-08,arin,157.23.in-addr.arpa,sign,,13,2,small group
2023-08,arin,160.198.in-addr.arpa,sign,,13,2,small group
2023-08,arin,160.45.in-addr.arpa,unsign,8,,4,small group
2023-08,arin,166.206.in-addr.arpa,sign,,13,1,single delegation
2023-08,arin,169.198.in-addr.arpa,sign,,13,1,single delegation
2023-08,arin,177.45.in-addr.arpa,unsign,8,,4,small group
2023-08,arin,182.45.in-addr.arpa,sign,,7,1,single delegation
2023-08,arin,186.138.in-addr.arpa,sign,,13,4,small group
2023-08,arin,186.45.in-addr.arpa,sign,,13,4,small group
2023-08,arin,187.45.in-addr.arpa,unsign,8,,3,small group
2023-08,arin,190.45.in-addr.arpa,sign,,8,1,single delegation
2023-08,arin,196.131.in-addr.arpa,sign,,8,4,small group
2023-08,arin,198.206.in-addr.arpa,sign,,13,4,small group
2023-08,arin,20.149.in-addr.arpa,sign,,13,3,small group
2023-08,arin,202.104.in-addr.arpa,rollover,13,8,1,single delegation
2023-08,arin,207.205.in-addr.arpa,sign,,8,1,single delegation
2023-08,arin,230.103.in-addr.arpa,sign,,13,4,small group
2023-08,arin,231.45.in-addr.arpa,sign,,8,4,small group
2023-08,arin,231.45.in-addr.arpa,unsign,8,,4,small group
2023-08,arin,236.45.in-addr.arpa,unsign,8,,2,small group
2023-08,arin,251.162.in-addr.arpa,sign,,13,1,single delegation
2023-08,arin,255.131.in-addr.arpa,sign,,7,4,small group
2023-08,arin,4.2.5.7.0.6.2.ip6.arpa,sign,,13,1,single delegation
2023-08,arin,4.45.in-addr.arpa,sign,,7,2,small group
2023-08,arin,45.45.in-addr.arpa,sign,,8,1,single delegation
2023-08,arin,5.45.in-addr.arpa,unsign,13,,4,small group
2023-08,arin,6.0.0.0.0.5.0.1.0.0.2.ip6.arpa,sign,,13,1,single delegation
2023-08,arin,64.139.in-addr.arpa,sign,,13,1,single delegation
2023-08,arin,72.131.in-addr.arpa,unsign,13,,4,small group
2023-08,arin,8.a.1.7.0.6.2.ip6.arpa,sign,,13,1,single delegation
2023-08,arin,82.216.in-addr.arpa,rollover,13,8,1,single delegation
2023-08,arin,83.199.in-addr.arpa,sign,,8,2,small group
2023-08,arin,9.216.in-addr.arpa,sign,,13,1,single delegation
2023-08,arin,b.d.c.f.2.0.6.2.ip6.arpa,rollover,13,8,1,single delegation
2023-08,arin,f.4.0.1.0.0.2.ip6.arpa,rollover,5,"5,13",1,single delegation
2023-08,arin,f.4.1.8.0.2.0.6.2.ip6.arpa,sign,,13,1,single delegation
2023-08,lacnic,137.143.in-addr.arpa,sign,,13,1,single delegation
2023-08,lacnic,177.45.in-addr.arpa,unsign,8,,4,small group
2023-08,lacnic,182.45.in-addr.arpa,sign,,7,1,single delegation
2023-08,lacnic,186.138.in-addr.arpa,sign,,13,4,small group
2023-08,lacnic,186.45.in-addr.arpa,sign,,13,4,small group
2023-08,lacnic,187.45.in-addr.arpa,unsign,8,,3,small group
2023-08,lacnic,190.45.in-addr.arpa,sign,,8,2,small group
2023-08,lacnic,196.131.in-addr.arpa,sign,,8,3,small group
2023-08,lacnic,231.45.in-addr.arpa,sign,,8,4,small group
2023-08,lacnic,231.45.in-addr.arpa,unsign,8,,4,small group
2023-08,lacnic,233.45.in-addr.arpa,sign,,13,4,small group
2023-08,lacnic,255.131.in-addr.arpa,sign,,7,4,small group
2023-08,lacnic,72.131.in-addr.arpa,unsign,13,,4,small group
2023-08,ripe,139.in-addr.arpa,sign,,13,1,single delegation
2023-08,ripe,144.45.in-addr.arpa,sign,,13,4,small group
2023-08,ripe,146.in-addr.arpa,sign,,13,1,single delegation
2023-09,afrinic,0.0.0.0.4.0.1.0.c.b.f.f.0.c.2.ip6.arpa,sign,,8,1,single delegation
2023-09,afrinic,160.164.in-addr.arpa,sign,,8,8,bulk
2023-09,afrinic,212.102.in-addr.arpa,sign,,"7,13",1,single delegation
2023-09,afrinic,66.154.in-addr.arpa,sign,,8,1,single delegation
2023-09,afrinic,77.41.in-addr.arpa,sign,,8,7,bulk
2023-09,apnic,12.202.in-addr.arpa,sign,,8,1,single delegation
2023-09,apnic,170.103.in-addr.arpa,unsign,13,,1,single delegation
2023-09,apnic,207.103.in-addr.arpa,sign,,13,4,small group
2023-09,apnic,c.0.a.1.f.d.0.1.0.0.2.ip6.arpa,unsign,13,,2,small group
2023-09,arin,0.0.a.c.a.0.0.0.2.6.2.ip6.arpa,sign,,8,1,single delegation
2023-09,arin,0.2.6.c.f.2.0.6.2.ip6.arpa,unsign,8,,1,single delegation
2023-09,arin,0.9.5.1.8.0.2.0.6.2.ip6.arpa,sign,,13,1,single delegation
2023-09,arin,0.e.4.1.8.0.2.0.6.2.ip6.arpa,sign,,13,1,single delegation
2023-09,arin,103.192.in-addr.arpa,sign,,13,1,single delegation
2023-09,arin,134.in-addr.arpa,rollover,5,8,1,single delegation
2023-09,arin,137.23.in-addr.arpa,sign,,8,1,single delegation
2023-09,arin,142.98.in-addr.arpa,sign,,14,1,single delegation
2023-09,arin,148.198.in-addr.arpa,sign,,13,1,single delegation
2023-09,arin,160.164.in-addr.arpa,sign,,8,2,small group
2023-09,arin,160.23.in-addr.arpa,sign,,13,1,single delegation
2023-09,arin,160.45.in-addr.arpa,sign,,8,4,small group
2023-09,arin,160.in-addr.arpa,unsign,13,,1,single delegation
2023-09,arin,167.in-addr.arpa,sign,,13,1,single delegation
2023-09,arin,177.45.in-addr.arpa,sign,,8,4,small group
2023-09,arin,189.45.in-addr.arpa,sign,,13,1,single delegation
2023-09,arin,190.45.in-addr.arpa,sign,,8,2,small group
2023-09,arin,190.45.in-addr.arpa,unsign,8,,1,single delegation
2023-09,arin,201.128.in-addr.arpa,unsign,8,,4,small group
2023-09,arin,201.199.in-addr.arpa,sign,,13,1,single delegation
2023-09,arin,204.199.in-addr.arpa,sign,,13,1,single delegation
2023-09,arin,207.103.in-addr.arpa,sign,,13,4,small group
2023-09,arin,221.131.in-addr.arpa,sign,,5,4,small group
2023-09,arin,228.45.in-addr.arpa,sign,,8,1,single delegation
2023-09,arin,231.45.in-addr.arpa,sign,,8,4,small group
2023-09,arin,233.170.in-addr.arpa,unsign,8,,1,single delegation
2023-09,arin,236.45.in-addr.arpa,sign,,8,2,small group
2023-09,arin,239.45.in-addr.arpa,sign,,8,4,small group
2023-09,arin,249.167.in-addr.arpa,sign,,13,1,single delegation
2023-09,arin,255.131.in-addr.arpa,unsign,7,,1,single delegation
2023-09,arin,255.138.in-addr.arpa,sign,,8,4,small group
2023-09,arin,3.1.0.4.0.5.0.1.0.0.2.ip6.arpa,sign,,13,1,single delegation
2023-09,arin,5.45.in-addr.arpa,sign,,13,4,small group
2023-09,arin,68.45.in-addr.arpa,sign,,13,2,small group
2023-09,arin,70.45.in-addr.arpa,sign,,8,2,small group
2023-09,arin,71.209.in-addr.arpa,sign,,13,4,small group
2023-09,arin,79.170.in-addr.arpa,unsign,13,,1,single delegation
2023-09,arin,83.206.in-addr.arpa,unsign,5,,1,single delegation
2023-09,arin,d.d.2.0.2.0.6.2.ip6.arpa,sign,,13,1,single delegation
2023-09,lacnic,177.45.in-addr.arpa,sign,,8,4,small group
2023-09,lacnic,189.45.in-addr.arpa,sign,,13,1,single delegation
2023-09,lacnic,190.45.in-addr.arpa,sign,,8,1,single delegation
2023-09,lacnic,190.45.in-addr.arpa,unsign,8,,1,single delegation
2023-09,lacnic,196.131.in-addr.arpa,sign,,8,1,single delegation
2023-09,lacnic,196.131.in-addr.arpa,unsign,8,,1,single delegation
2023-09,lacnic,221.131.in-addr.arpa,sign,,5,4,small group
2023-09,lacnic,228.45.in-addr.arpa,sign,,8,1,single delegation
2023-09,lacnic,231.45.in-addr.arpa,sign,,8,4,small group
2023-09,lacnic,233.170.in-addr.arpa,unsign,8,,1,single delegation
2023-09,lacnic,239.45.in-addr.arpa,sign,,8,4,small group
2023-09,lacnic,249.167.in-addr.arpa,sign,,13,1,single delegation
2023-09,lacnic,255.131.in-addr.arpa,unsign,7,,1,single delegation
2023-09,lacnic,255.138.in-addr.arpa,sign,,8,4,small group
2023-09,lacnic,68.45.in-addr.arpa,sign,,13,2,small group
2023-09,lacnic,70.45.in-addr.arpa,sign,,8,2,small group
2023-09,lacnic,79.170.in-addr.arpa,unsign,13,,1,single delegation
2023-10,afrinic,0.0.0.0.0.0.1.0.c.b.f.f.0.c.2.ip6.arpa,sign,,8,1,single delegation
2023-10,afrinic,0.0.0.1.0.0.1.0.c.b.f.f.0.c.2.ip6.arpa,sign,,8,1,single delegation
2023-10,afrinic,221.45.in-addr.arpa,sign,,8,8,bulk
2023-10,afrinic,77.41.in-addr.arpa,sign,,8,1,single delegation
2023-10,apnic,127.103.in-addr.arpa,rollover,5,8,3,small group
2023-10,apnic,203.103.in-addr.arpa,sign,,13,1,single delegation
2023-10,apnic,c.f.1.4.0.4.2.ip6.arpa,rollover,5,8,1,single delegation
2023-10,arin,0.0.2.f.b.0.0.0.2.6.2.ip6.arpa,sign,,13,1,single delegation
2023-10,arin,0.0.a.e.b.0.0.0.2.6.2.ip6.arpa,sign,,8,1,single delegation
2023-10,arin,0.0.e.e.9.0.0.0.2.6.2.ip6.arpa,sign,,13,1,single delegation
2023-10,arin,0.f.6.5.0.6.2.ip6.arpa,sign,,13,1,single delegation
2023-10,arin,102.66.in-addr.arpa,sign,,13,16,bulk
2023-10,arin,13.204.in-addr.arpa,sign,,13,3,small group
2023-10,arin,137.204.in-addr.arpa,unsign,13,,1,single delegation
2023-10,arin,137.in-addr.arpa,sign,,13,1,single delegation
2023-10,arin,145.23.in-addr.arpa,rollover,8,13,1,single delegation
2023-10,arin,147.192.in-addr.arpa,sign,,8,1,single delegation
2023-10,arin,150.23.in-addr.arpa,sign,,13,2,small group
2023-10,arin,157.23.in-addr.arpa,sign,,13,1,single delegation
2023-10,arin,160.164.in-addr.arpa,sign,,8,6,bulk
2023-10,arin,160.45.in-addr.arpa,unsign,8,,1,single delegation
2023-10,arin,161.23.in-addr.arpa,sign,,13,1,single delegation
2023-10,arin,161.23.in-addr.arpa,sign,,8,1,single delegation
2023-10,arin,163.45.in-addr.arpa,sign,,13,4,small group
2023-10,arin,167.104.in-addr.arpa,unsign,13,,1,single delegation
2023-10,arin,181.168.in-addr.arpa,sign,,13,6,bulk
2023-10,arin,181.168.in-addr.arpa,unsign,8,,4,small group
2023-10,arin,183.45.in-addr.arpa,sign,,13,1,single delegation
2023-10,arin,189.23.in-addr.arpa,sign,,13,1,single delegation
2023-10,arin,189.45.in-addr.arpa,unsign,13,,1,single delegation
2023-10,arin,190.45.in-addr.arpa,sign,,8,1,single delegation
2023-10,arin,190.45.in-addr.arpa,unsign,13,,1,single delegation
2023-10,arin,190.45.in-addr.arpa,unsign,8,,2,small group
2023-10,arin,194.168.in-addr.arpa,sign,,13,4,small group
2023-10,arin,196.131.in-addr.arpa,sign,,13,4,small group
2023-10,arin,196.131.in-addr.arpa,unsign,8,,1,single delegation
2023-10,arin,199.170.in-addr.arpa,unsign,10,,8,bulk
2023-10,arin,201.128.in-addr.arpa,sign,,8,4,small group
2023-10,arin,204.199.in-addr.arpa,sign,,13,4,small group
2023-10,arin,206.192.in-addr.arpa,sign,,13,1,single delegation
2023-10,arin,207.198.in-addr.arpa,sign,,8,1,single delegation
2023-10,arin,221.45.in-addr.arpa,sign,,8,8,bulk
2023-10,arin,225.45.in-addr.arpa,sign,,13,4,small group
2023-10,arin,233.170.in-addr.arpa,sign,,8,1,single delegation
2023-10,arin,234.192.in-addr.arpa,rollover,8,13,1,single delegation
2023-10,arin,245.216.in-addr.arpa,sign,,13,1,single delegation
2023-10,arin,247.170.in-addr.arpa,sign,,13,4,small group
2023-10,arin,252.162.in-addr.arpa,sign,,13,1,single delegation
2023-10,arin,255.131.in-addr.arpa,sign,,7,1,single delegation
2023-10,arin,255.132.in-addr.arpa,sign,,13,4,small group
2023-10,arin,39.170.in-addr.arpa,sign,,13,2,small group
2023-10,arin,4.45.in-addr.arpa,unsign,7,,1,single delegation
2023-10,arin,4.6.c.5.0.6.2.ip6.arpa,sign,,8,1,single delegation
2023-10,arin,48.192.in-addr.arpa,sign,,13,1,single delegation
2023-10,arin,56.64.in-addr.arpa,sign,,8,2,small group
2023-10,arin,67.45.in-addr.arpa,unsign,13,,2,small group
2023-10,arin,7.f.f.2.0.6.2.ip6.arpa,rollover,8,13,1,single delegation
2023-10,arin,72.131.in-addr.arpa,sign,,13,4,small group
2023-10,arin,78.170.in-addr.arpa,sign,,13,2,small group
2023-10,arin,79.170.in-addr.arpa,unsign,8,,4,small group
2023-10,arin,79.208.in-addr.arpa,sign,,13,4,small group
2023-10,arin,8.f.2.4.0.6.2.ip6.arpa,sign,,13,1,single delegation
2023-10,arin,82.172.in-addr.arpa,sign,,13,2,small group
2023-10,arin,83.170.in-addr.arpa,sign,,13,4,small group
2023-10,arin,95.64.in-addr.arpa,sign,,13,2,small group
2023-10,arin,c.b.b.4.0.6.2.ip6.arpa,unsign,10,,1,single delegation
2023-10,arin,e.2.a.f.2.0.6.2.ip6.arpa,sign,,7,1,single delegation
2023-10,arin,e.2.e.f.2.0.6.2.ip6.arpa,sign,,13,1,single delegation
2023-10,arin,f.0.0.0.0.0.0.0.2.6.2.ip6.arpa,sign,,13,1,single delegation
2023-10,arin,f.4.0.1.0.0.2.ip6.arpa,rollover,"5,13",13,1,single delegation
2023-10,lacnic,160.45.in-addr.arpa,unsign,8,,1,single delegation
2023-10,lacnic,163.45.in-addr.arpa,sign,,13,4,small group
2023-10,lacnic,181.168.in-addr.arpa,sign,,13,6,bulk
2023-10,lacnic,181.168.in-addr.arpa,unsign,8,,4,small group
2023-10,lacnic,183.45.in-addr.arpa,sign,,13,1,single delegation
2023-10,lacnic,189.45.in-addr.arpa,unsign,13,,1,single delegation
2023-10,lacnic,190.45.in-addr.arpa,unsign,13,,1,single delegation
2023-10,lacnic,190.45.in-addr.arpa,unsign,8,,1,single delegation
2023-10,lacnic,194.168.in-addr.arpa,sign,,13,4,small group
2023-10,lacnic,196.131.in-addr.arpa,sign,,13,4,small group
2023-10,lacnic,196.131.in-addr.arpa,sign,,8,1,single delegation
2023-10,lacnic,196.131.in-addr.arpa,unsign,8,,1,single delegation
2023-10,lacnic,225.45.in-addr.arpa,sign,,13,4,small group
2023-10,lacnic,233.170.in-addr.arpa,sign,,8,1,single delegation
2023-10,lacnic,247.170.in-addr.arpa,sign,,13,4,small group
2023-10,lacnic,255.131.in-addr.arpa,sign,,7,1,single delegation
2023-10,lacnic,255.132.in-addr.arpa,sign,,13,4,small group
2023-10,lacnic,4.45.in-addr.arpa,unsign,7,,1,single delegation
2023-10,lacnic,72.131.in-addr.arpa,sign,,13,4,small group
2023-10,lacnic,78.170.in-addr.arpa,sign,,13,2,small group
2023-10,lacnic,79.170.in-addr.arpa,unsign,8,,4,small group
2023-10,lacnic,83.170.in-addr.arpa,sign,,13,4,small group
2023-10,ripe,67.45.in-addr.arpa,unsign,13,,2,small group
2023-11,afrinic,191.41.in-addr.arpa,sign,,13,4,small group
2023-11,afrinic,212.102.in-addr.arpa,sign,,13,4,small group
2023-11,afrinic,242.41.in-addr.arpa,sign,,13,8,bulk
2023-11,afrinic,50.196.in-addr.arpa,sign,,13,1,single delegation
2023-11,apnic,0.c.5.6.f.d.0.1.0.0.2.ip6.arpa,sign,,8,1,single delegation
2023-11,apnic,123.27.in-addr.arpa,sign,,13,4,small group
2023-11,apnic,241.103.in-addr.arpa,sign,,13,4,small group
2023-11,apnic,94.202.in-addr.arpa,sign,,8,2,small group
2023-11,arin,124.192.in-addr.arpa,sign,,13,2,small group
2023-11,arin,129.in-addr.arpa,sign,,13,1,single delegation
2023-11,arin,138.23.in-addr.arpa,sign,,13,1,single delegation
2023-11,arin,139.23.in-addr.arpa,sign,,13,2,small group
2023-11,arin,144.23.in-addr.arpa,sign,,8,1,single delegation
2023-11,arin,146.in-addr.arpa,rollover,8,13,1,single delegation
2023-11,arin,150.23.in-addr.arpa,sign,,13,2,small group
2023-11,arin,151.45.in-addr.arpa,sign,,13,1,single delegation
2023-11,arin,156.23.in-addr.arpa,sign,,13,2,small group
2023-11,arin,157.45.in-addr.arpa,sign,,13,4,small group
2023-11,arin,159.192.in-addr.arpa,sign,,13,1,single delegation
2023-11,arin,162.23.in-addr.arpa,sign,,13,1,single delegation
2023-11,arin,163.164.in-addr.arpa,unsign,8,,1,single delegation
2023-11,arin,163.45.in-addr.arpa,sign,,13,4,small group
2023-11,arin,167.104.in-addr.arpa,unsign,7,,1,single delegation
2023-11,arin,177.45.in-addr.arpa,sign,,8,4,small group
2023-11,arin,181.168.in-addr.arpa,sign,,13,2,small group
2023-11,arin,186.45.in-addr.arpa,unsign,8,,4,small group
2023-11,arin,189.199.in-addr.arpa,sign,,13,4,small group
2023-11,arin,190.45.in-addr.arpa,sign,,13,2,small group
2023-11,arin,190.45.in-addr.arpa,sign,,8,1,single delegation
2023-11,arin,190.45.in-addr.arpa,unsign,8,,1,single delegation
2023-11,arin,196.131.in-addr.arpa,sign,,8,1,single delegation
2023-11,arin,196.168.in-addr.arpa,unsign,13,,1,single delegation
2023-11,arin,221.131.in-addr.arpa,unsign,13,,1,single delegation
2023-11,arin,225.45.in-addr.arpa,unsign,13,,2,small group
2023-11,arin,250.216.in-addr.arpa,sign,,13,2,small group
2023-11,arin,3.2.0.2.0.6.2.ip6.arpa,sign,,13,1,single delegation
2023-11,arin,3.9.0.0.0.0.0.0.2.6.2.ip6.arpa,sign,,13,1,single delegation
2023-11,arin,4.45.in-addr.arpa,sign,,7,1,single delegation
2023-11,arin,4.9.a.f.2.0.6.2.ip6.arpa,sign,,13,1,single delegation
2023-11,arin,5.45.in-addr.arpa,sign,,13,1,single delegation
2023-11,arin,5.45.in-addr.arpa,sign,,5,4,small group
2023-11,arin,68.45.in-addr.arpa,sign,,13,1,single delegation
2023-11,arin,68.45.in-addr.arpa,sign,,5,3,small group
2023-11,arin,72.131.in-addr.arpa,unsign,8,,1,single delegation
2023-11,lacnic,163.164.in-addr.arpa,unsign,8,,1,single delegation
2023-11,lacnic,163.45.in-addr.arpa,sign,,13,4,small group
2023-11,lacnic,177.45.in-addr.arpa,sign,,8,4,small group
2023-11,lacnic,181.168.in-addr.arpa,sign,,13,2,small group
2023-11,lacnic,186.45.in-addr.arpa,unsign,8,,4,small group
2023-11,lacnic,190.45.in-addr.arpa,sign,,13,2,small group
2023-11,lacnic,190.45.in-addr.arpa,sign,,8,1,single delegation
2023-11,lacnic,196.131.in-addr.arpa,sign,,8,1,single delegation
2023-11,lacnic,196.168.in-addr.arpa,unsign,13,,1,single delegation
2023-11,lacnic,205.168.in-addr.arpa,sign,,8,1,single delegation
2023-11,lacnic,225.45.in-addr.arpa,unsign,13,,2,small group
2023-11,lacnic,4.45.in-addr.arpa,sign,,7,1,single delegation
2023-11,lacnic,5.45.in-addr.arpa,sign,,13,1,single delegation
2023-11,lacnic,5.45.in-addr.arpa,sign,,5,4,small group
2023-11,lacnic,68.45.in-addr.arpa,sign,,13,1,single delegation
2023-11,lacnic,68.45.in-addr.arpa,sign,,5,3,small group
2023-11,lacnic,72.131.in-addr.arpa,unsign,8,,1,single delegation
2023-11,ripe,123.27.in-addr.arpa,sign,,13,4,small group
2023-11,ripe,124.192.in-addr.arpa,sign,,13,2,small group
2023-11,ripe,129.in-addr.arpa,sign,,13,1,single delegation
2023-11,ripe,146.in-addr.arpa,rollover,8,13,1,single delegation
2023-11,ripe,151.45.in-addr.arpa,sign,,13,1,single delegation
2023-11,ripe,157.45.in-addr.arpa,sign,,13,4,small group
2023-11,ripe,159.192.in-addr.arpa,sign,,13,1,single delegation
2023-11,ripe,241.103.in-addr.arpa,sign,,13,4,small group
2023-12,afrinic,140.197.in-addr.arpa,sign,,8,1,single delegation
2023-12,afrinic,77.41.in-addr.arpa,unsign,8,,1,single delegation
2023-12,apnic,119.203.in-addr.arpa,sign,,13,1,single delegation
2023-12,apnic,228.103.in-addr.arpa,sign,,13,4,small group
2023-12,apnic,67.103.in-addr.arpa,sign,,13,1,single delegation
2023-12,apnic,8.c.1.5.f.d.0.1.0.0.2.ip6.arpa,unsign,13,,1,single delegation
2023-12,arin,0.0.a.e.b.0.0.0.2.6.2.ip6.arpa,rollover,8,13,1,single delegation
2023-12,arin,0.0.e.b.0.0.0.0.2.6.2.ip6.arpa,sign,,13,1,single delegation
2023-12,arin,0.1.5.b.f.2.0.6.2.ip6.arpa,sign,,13,1,single delegation
2023-12,arin,0.143.in-addr.arpa,sign,,13,4,small group
2023-12,arin,0.170.in-addr.arpa,sign,,13,4,small group
2023-12,arin,0.170.in-addr.arpa,unsign,13,,4,small group
2023-12,arin,0.2.f.9.f.2.0.6.2.ip6.arpa,sign,,8,1,single delegation
2023-12,arin,0.3.e.9.f.2.0.6.2.ip6.arpa,sign,,13,1,single delegation
2023-12,arin,0.4.f.9.f.2.0.6.2.ip6.arpa,sign,,13,1,single delegation
2023-12,arin,0.6.2.c.f.2.0.6.2.ip6.arpa,unsign,13,,1,single delegation
2023-12,arin,0.7.5.1.8.0.2.0.6.2.ip6.arpa,sign,,13,1,single delegation
2023-12,arin,110.65.in-addr.arpa,rollover,"10,13",13,32,bulk
2023-12,arin,112.149.in-addr.arpa,sign,,13,1,single delegation
2023-12,arin,112.149.in-addr.arpa,sign,,8,1,single delegation
2023-12,arin,113.64.in-addr.arpa,rollover,"10,13",13,32,bulk
2023-12,arin,121.138.in-addr.arpa,unsign,13,,3,small group
2023-12,arin,121.168.in-addr.arpa,sign,,13,4,small group
2023-12,arin,129.in-addr.arpa,rollover,"10,13",13,1,single delegation
2023-12,arin,149.192.in-addr.arpa,sign,,13,1,single delegation
2023-12,arin,149.23.in-addr.arpa,sign,,13,2,small group
2023-12,arin,151.45.in-addr.arpa,unsign,8,,1,single delegation
2023-12,arin,152.23.in-addr.arpa,sign,,13,1,single delegation
2023-12,arin,161.23.in-addr.arpa,rollover,8,13,1,single delegation
2023-12,arin,165.23.in-addr.arpa,sign,,13,2,small group
2023-12,arin,167.104.in-addr.arpa,sign,,13,1,single delegation
2023-12,arin,169.45.in-addr.arpa,sign,,8,4,small group
2023-12,arin,175.45.in-addr.arpa,unsign,13,,2,small group
2023-12,arin,177.45.in-addr.arpa,unsign,8,,1,single delegation
2023-12,arin,182.45.in-addr.arpa,unsign,7,,1,single delegation
2023-12,arin,188.192.in-addr.arpa,rollover,"10,13",13,5,bulk
2023-12,arin,190.45.in-addr.arpa,sign,,8,2,small group
2023-12,arin,221.131.in-addr.arpa,unsign,13,,3,small group
2023-12,arin,222.209.in-addr.arpa,sign,,13,16,bulk
2023-12,arin,230.45.in-addr.arpa,sign,,13,4,small group
2023-12,arin,233.170.in-addr.arpa,unsign,13,,4,small group
2023-12,arin,236.45.in-addr.arpa,rollover,8,13,4,small group
2023-12,arin,236.45.in-addr.arpa,unsign,13,,4,small group
2023-12,arin,237.205.in-addr.arpa,rollover,"10,13",13,16,bulk
2023-12,arin,245.192.in-addr.arpa,rollover,"10,13",13,1,single delegation
2023-12,arin,249.167.in-addr.arpa,sign,,13,1,single delegation
2023-12,arin,255.131.in-addr.arpa,unsign,7,,1,single delegation
2023-12,arin,3.1.0.4.0.5.0.1.0.0.2.ip6.arpa,sign,,8,1,single delegation
2023-12,arin,4.45.in-addr.arpa,unsign,7,,1,single delegation
2023-12,arin,4.c.7.7.0.6.2.ip6.arpa,sign,,8,1,single delegation
2023-12,arin,4.f.8.0.0.0.2.6.2.ip6.arpa,sign,,8,1,single delegation
2023-12,arin,45.66.in-addr.arpa,sign,,13,2,small group
2023-12,arin,7.e.9.f.2.0.6.2.ip6.arpa,sign,,13,1,single delegation
2023-12,arin,72.131.in-addr.arpa,sign,,8,1,single delegation
2023-12,arin,80.204.in-addr.arpa,sign,,8,1,single delegation
2023-12,arin,91.45.in-addr.arpa,sign,,13,4,small group
2023-12,arin,97.138.in-addr.arpa,sign,,8,8,bulk
2023-12,arin,97.138.in-addr.arpa,unsign,13,,4,small group
2023-12,arin,c.e.9.f.2.0.6.2.ip6.arpa,sign,,13,1,single delegation
2023-12,lacnic,0.143.in-addr.arpa,sign,,13,4,small group
2023-12,lacnic,0.170.in-addr.arpa,sign,,13,4,small group
2023-12,lacnic,0.170.in-addr.arpa,unsign,13,,4,small group
2023-12,lacnic,121.168.in-addr.arpa,sign,,13,4,small group
2023-12,lacnic,169.45.in-addr.arpa,sign,,8,4,small group
2023-12,lacnic,175.45.in-addr.arpa,unsign,13,,1,single delegation
2023-12,lacnic,177.45.in-addr.arpa,unsign,8,,1,single delegation
2023-12,lacnic,190.45.in-addr.arpa,unsign,8,,1,single delegation
2023-12,lacnic,205.168.in-addr.arpa,unsign,8,,1,single delegation
2023-12,lacnic,221.131.in-addr.arpa,unsign,13,,4,small group
2023-12,lacnic,230.45.in-addr.arpa,sign,,13,4,small group
2023-12,lacnic,233.170.in-addr.arpa,unsign,13,,4,small group
2023-12,lacnic,236.45.in-addr.arpa,rollover,8,13,4,small group
2023-12,lacnic,236.45.in-addr.arpa,unsign,13,,4,small group
2023-12,lacnic,249.167.in-addr.arpa,sign,,13,1,single delegation
2023-12,lacnic,255.131.in-addr.arpa,unsign,7,,1,single delegation
2023-12,lacnic,72.131.in-addr.arpa,sign,,8,1,single delegation
2023-12,lacnic,97.138.in-addr.arpa,sign,,8,8,bulk
2023-12,lacnic,97.138.in-addr.arpa,unsign,13,,4,small group
2023-12,ripe,151.45.in-addr.arpa,unsign,8,,1,single delegation
2023-12,ripe,91.45.in-addr.arpa,sign,,13,4,small group
2024-01,afrinic,0.d.5.f.0.c.2.ip6.arpa,sign,,13,1,single delegation
2024-01,arin,0.0.6.1.c.0.0.0.2.6.2.ip6.arpa,sign,,13,1,single delegation
2024-01,arin,0.7.f.9.f.2.0.6.2.ip6.arpa,sign,,13,1,single delegation
2024-01,arin,0.c.6.1.8.0.2.0.6.2.ip6.arpa,sign,,14,1,single delegation
2024-01,arin,0.c.6.2.0.0.0.2.6.2.ip6.arpa,sign,,13,1,single delegation
2024-01,arin,0.c.c.9.f.2.0.6.2.ip6.arpa,sign,,8,1,single delegation
2024-01,arin,119.199.in-addr.arpa,sign,,13,4,small group
2024-01,arin,121.138.in-addr.arpa,sign,,13,3,small group
2024-01,arin,122.204.in-addr.arpa,sign,,13,1,single delegation
2024-01,arin,125.206.in-addr.arpa,sign,,13,8,bulk
2024-01,arin,126.209.in-addr.arpa,sign,,13,1,single delegation
2024-01,arin,148.198.in-addr.arpa,rollover,8,13,2,small group
2024-01,arin,152.204.in-addr.arpa,unsign,5,,1,single delegation
2024-01,arin,152.23.in-addr.arpa,sign,,13,1,single delegation
2024-01,arin,158.192.in-addr.arpa,sign,,13,1,single delegation
2024-01,arin,160.45.in-addr.arpa,sign,,8,1,single delegation
2024-01,arin,163.164.in-addr.arpa,sign,,13,2,small group
2024-01,arin,164.23.in-addr.arpa,sign,,13,1,single delegation
2024-01,arin,164.23.in-addr.arpa,sign,,8,1,single delegation
2024-01,arin,168.23.in-addr.arpa,sign,,13,1,single delegation
2024-01,arin,170.45.in-addr.arpa,sign,,13,4,small group
2024-01,arin,172.45.in-addr.arpa,sign,,13,2,small group
2024-01,arin,175.136.in-addr.arpa,sign,,13,1,single delegation
2024-01,arin,175.45.in-addr.arpa,sign,,13,2,small group
2024-01,arin,177.45.in-addr.arpa,sign,,8,1,single delegation
2024-01,arin,177.45.in-addr.arpa,unsign,8,,1,single delegation
2024-01,arin,182.45.in-addr.arpa,sign,,7,1,single delegation
2024-01,arin,182.45.in-addr.arpa,unsign,7,,1,single delegation
2024-01,arin,184.45.in-addr.arpa,unsign,8,,2,small group
2024-01,arin,190.45.in-addr.arpa,unsign,8,,1,single delegation
2024-01,arin,20.149.in-addr.arpa,sign,,13,2,small group
2024-01,arin,204.138.in-addr.arpa,unsign,13,,4,small group
2024-01,arin,22.64.in-addr.arpa,sign,,13,2,small group
2024-01,arin,225.45.in-addr.arpa,unsign,13,,4,small group
2024-01,arin,232.168.in-addr.arpa,sign,,13,4,small group
2024-01,arin,233.170.in-addr.arpa,sign,,13,4,small group
2024-01,arin,255.131.in-addr.arpa,sign,,7,1,single delegation
2024-01,arin,4.1.4.7.0.6.2.ip6.arpa,sign,,13,1,single delegation
2024-01,arin,4.3.7.7.0.6.2.ip6.arpa,sign,,8,1,single delegation
2024-01,arin,4.45.in-addr.arpa,sign,,7,1,single delegation
2024-01,arin,44.in-addr.arpa,sign,,13,1,single delegation
2024-01,arin,6.199.in-addr.arpa,unsign,5,,7,bulk
2024-01,arin,7.2.d.f.2.0.6.2.ip6.arpa,unsign,8,,1,single delegation
2024-01,arin,72.131.in-addr.arpa,sign,,13,1,single delegation
2024-01,arin,97.138.in-addr.arpa,sign,,13,4,small group
2024-01,arin,97.138.in-addr.arpa,sign,,8,4,small group
2024-01,lacnic,160.45.in-addr.arpa,sign,,8,1,single delegation
2024-01,lacnic,163.164.in-addr.arpa,sign,,13,2,small group
2024-01,lacnic,170.45.in-addr.arpa,sign,,13,4,small group
2024-01,lacnic,172.45.in-addr.arpa,sign,,13,2,small group
2024-01,lacnic,175.45.in-addr.arpa,sign,,13,1,single delegation
2024-01,lacnic,177.45.in-addr.arpa,sign,,8,1,single delegation
2024-01,lacnic,177.45.in-addr.arpa,unsign,8,,2,small group
2024-01,lacnic,182.45.in-addr.arpa,unsign,7,,1,single delegation
2024-01,lacnic,184.45.in-addr.arpa,unsign,8,,2,small group
2024-01,lacnic,190.45.in-addr.arpa,sign,,8,1,single delegation
2024-01,lacnic,196.131.in-addr.arpa,unsign,8,,2,small group
2024-01,lacnic,225.45.in-addr.arpa,unsign,13,,4,small group
2024-01,lacnic,232.168.in-addr.arpa,sign,,13,4,small group
2024-01,lacnic,233.170.in-addr.arpa,sign,,13,4,small group
2024-01,lacnic,255.131.in-addr.arpa,sign,,7,1,single delegation
2024-01,lacnic,72.131.in-addr.arpa,sign,,13,1,single delegation
2024-01,lacnic,97.138.in-addr.arpa,sign,,13,4,small group
2024-01,lacnic,97.138.in-addr.arpa,sign,,8,4,small group
2024-02,afrinic,191.41.in-addr.arpa,unsign,13,,4,small group
2024-02,afrinic,242.41.in-addr.arpa,unsign,13,,8,bulk
2024-02,afrinic,50.196.in-addr.arpa,unsign,13,,1,single delegation
2024-02,apnic,0.1.0.2.d.0.1.0.4.2.ip6.arpa,sign,,13,1,single delegation
2024-02,apnic,0.2.d.0.1.0.4.2.ip6.arpa,unsign,13,,1,single delegation
2024-02,apnic,159.134.in-addr.arpa,unsign,8,,1,single delegation
2024-02,apnic,22.171.in-addr.arpa,sign,,13,1,single delegation
2024-02,arin,0.0.2.f.b.0.0.0.2.6.2.ip6.arpa,unsign,13,,1,single delegation
2024-02,arin,0.1.7.1.8.0.2.0.6.2.ip6.arpa,sign,,13,1,single delegation
2024-02,arin,0.2.f.b.0.0.0.2.6.2.ip6.arpa,sign,,13,1,single delegation
2024-02,arin,0.3.d.0.8.0.2.0.6.2.ip6.arpa,sign,,13,1,single delegation
2024-02,arin,0.4.a.f.2.0.6.2.ip6.arpa,sign,,13,1,single delegation
2024-02,arin,0.a.8.c.f.2.0.6.2.ip6.arpa,sign,,13,1,single delegation
2024-02,arin,1.e.d.f.2.0.6.2.ip6.arpa,unsign,8,,1,single delegation
2024-02,arin,110.172.in-addr.arpa,sign,,13,1,single delegation
2024-02,arin,122.192.in-addr.arpa,unsign,8,,8,bulk
2024-02,arin,132.in-addr.arpa,sign,,13,1,single delegation
2024-02,arin,141.192.in-addr.arpa,unsign,5,,1,single delegation
2024-02,arin,147.192.in-addr.arpa,sign,,13,2,small group
2024-02,arin,152.24.in-addr.arpa,sign,,13,1,single delegation
2024-02,arin,154.204.in-addr.arpa,sign,,13,1,single delegation
2024-02,arin,156.23.in-addr.arpa,sign,,13,1,single delegation
2024-02,arin,159.134.in-addr.arpa,unsign,8,,1,single delegation
2024-02,arin,160.23.in-addr.arpa,sign,,13,1,single delegation
2024-02,arin,162.216.in-addr.arpa,sign,,8,4,small group
2024-02,arin,168.23.in-addr.arpa,sign,,13,1,single delegation
2024-02,arin,170.23.in-addr.arpa,sign,,13,1,single delegation
2024-02,arin,172.45.in-addr.arpa,sign,,13,2,small group
2024-02,arin,173.45.in-addr.arpa,unsign,13,,1,single delegation
2024-02,arin,175.45.in-addr.arpa,unsign,13,,4,small group
2024-02,arin,177.45.in-addr.arpa,sign,,8,1,single delegation
2024-02,arin,177.45.in-addr.arpa,unsign,8,,5,bulk
2024-02,arin,180.190.in-addr.arpa,sign,,13,4,small group
2024-02,arin,180.45.in-addr.arpa,unsign,13,,1,single delegation
2024-02,arin,182.45.in-addr.arpa,sign,,7,1,single delegation
2024-02,arin,182.45.in-addr.arpa,unsign,13,,2,small group
2024-02,arin,190.45.in-addr.arpa,sign,,8,1,single delegation
2024-02,arin,190.45.in-addr.arpa,unsign,8,,2,small group
2024-02,arin,193.199.in-addr.arpa,sign,,13,2,small group
2024-02,arin,195.192.in-addr.arpa,rollover,5,13,1,single delegation
2024-02,arin,196.131.in-addr.arpa,unsign,8,,1,single delegation
2024-02,arin,197.168.in-addr.arpa,sign,,8,3,small group
2024-02,arin,197.216.in-addr.arpa,sign,,13,2,small group
2024-02,arin,199.161.in-addr.arpa,sign,,8,2,small group
2024-02,arin,204.138.in-addr.arpa,sign,,13,4,small group
2024-02,arin,205.168.in-addr.arpa,sign,,8,1,single delegation
2024-02,arin,221.131.in-addr.arpa,sign,,13,4,small group
2024-02,arin,229.45.in-addr.arpa,sign,,8,4,small group
2024-02,arin,238.160.in-addr.arpa,sign,,13,4,small group
2024-02,arin,249.162.in-addr.arpa,unsign,8,,4,small group
2024-02,arin,249.167.in-addr.arpa,unsign,13,,1,single delegation
2024-02,arin,255.132.in-addr.arpa,sign,,13,4,small group
2024-02,arin,255.138.in-addr.arpa,sign,,8,2,small group
2024-02,arin,37.104.in-addr.arpa,sign,,13,1,single delegation
2024-02,arin,4.1.8.0.2.0.6.2.ip6.arpa,sign,,13,1,single delegation
2024-02,arin,4.2.5.6.0.6.2.ip6.arpa,sign,,13,1,single delegation
2024-02,arin,4.45.in-addr.arpa,unsign,13,,4,small group
2024-02,arin,42.192.in-addr.arpa,sign,,13,1,single delegation
2024-02,arin,5.192.in-addr.arpa,rollover,5,13,2,small group
2024-02,arin,6.199.in-addr.arpa,rollover,5,13,2,small group
2024-02,arin,8.7.9.4.0.6.2.ip6.arpa,sign,,13,1,single delegation
2024-02,arin,82.170.in-addr.arpa,sign,,13,2,small group
2024-02,arin,83.170.in-addr.arpa,sign,,13,4,small group
2024-02,arin,90.168.in-addr.arpa,sign,,13,4,small group
2024-02,arin,91.45.in-addr.arpa,unsign,13,,1,single delegation
2024-02,arin,97.138.in-addr.arpa,unsign,8,,3,small group
2024-02,arin,c.0.0.7.0.6.2.ip6.arpa,sign,,13,1,single delegation
2024-02,arin,d.d.c.f.2.0.6.2.ip6.arpa,sign,,8,1,single delegation
2024-02,arin,e.9.9.f.2.0.6.2.ip6.arpa,sign,,8,1,single delegation
2024-02,arin,f.4.1.8.0.2.0.6.2.ip6.arpa,unsign,13,,1,single delegation
2024-02,arin,f.6.1.8.0.2.0.6.2.ip6.arpa,sign,,13,1,single delegation
2024-02,lacnic,141.192.in-addr.arpa,unsign,5,,1,single delegation
2024-02,lacnic,152.24.in-addr.arpa,sign,,13,1,single delegation
2024-02,lacnic,172.45.in-addr.arpa,sign,,13,2,small group
2024-02,lacnic,173.45.in-addr.arpa,unsign,13,,1,single delegation
2024-02,lacnic,175.45.in-addr.arpa,unsign,13,,4,small group
2024-02,lacnic,177.45.in-addr.arpa,sign,,8,2,small group
2024-02,lacnic,177.45.in-addr.arpa,unsign,8,,5,bulk
2024-02,lacnic,180.45.in-addr.arpa,unsign,13,,1,single delegation
2024-02,lacnic,182.45.in-addr.arpa,sign,,7,1,single delegation
2024-02,lacnic,182.45.in-addr.arpa,unsign,13,,2,small group
2024-02,lacnic,182.45.in-addr.arpa,unsign,7,,1,single delegation
2024-02,lacnic,190.45.in-addr.arpa,sign,,8,1,single delegation
2024-02,lacnic,190.45.in-addr.arpa,unsign,8,,2,small group
2024-02,lacnic,196.131.in-addr.arpa,sign,,8,2,small group
2024-02,lacnic,196.131.in-addr.arpa,unsign,8,,1,single delegation
2024-02,lacnic,197.168.in-addr.arpa,sign,,8,3,small group
2024-02,lacnic,205.168.in-addr.arpa,sign,,8,1,single delegation
2024-02,lacnic,221.131.in-addr.arpa,sign,,13,4,small group
2024-02,lacnic,229.45.in-addr.arpa,sign,,8,4,small group
2024-02,lacnic,238.160.in-addr.arpa,sign,,13,4,small group
2024-02,lacnic,255.132.in-addr.arpa,sign,,13,4,small group
2024-02,lacnic,255.138.in-addr.arpa,sign,,8,2,small group
2024-02,lacnic,4.45.in-addr.arpa,unsign,13,,4,small group
2024-02,lacnic,82.170.in-addr.arpa,sign,,13,2,small group
2024-02,lacnic,83.170.in-addr.arpa,sign,,13,4,small group
2024-02,lacnic,90.168.in-addr.arpa,sign,,13,4,small group
2024-02,lacnic,97.138.in-addr.arpa,unsign,8,,3,small group
2024-02,ripe,195.192.in-addr.arpa,rollover,5,13,1,single delegation
2024-02,ripe,22.171.in-addr.arpa,sign,,13,1,single delegation
2024-02,ripe,37.104.in-addr.arpa,sign,,13,1,single delegation
2024-02,ripe,42.192.in-addr.arpa,sign,,13,1,single delegation
2024-02,ripe,91.45.in-addr.arpa,unsign,13,,1,single delegation
2024-03,afrinic,213.102.in-addr.arpa,sign,,13,1,single delegation
2024-03,afrinic,216.102.in-addr.arpa,sign,,13,4,small group
2024-03,afrinic,95.193.in-addr.arpa,unsign,8,,1,single delegation
2024-03,apnic,127.103.in-addr.arpa,unsign,13,,4,small group
2024-03,apnic,174.103.in-addr.arpa,sign,,13,1,single delegation
2024-03,apnic,176.103.in-addr.arpa,sign,,13,1,single delegation
2024-03,apnic,177.103.in-addr.arpa,sign,,13,1,single delegation
2024-03,apnic,6.0.7.0.0.4.2.ip6.arpa,sign,,13,1,single delegation
2024-03,apnic,c.e.1.4.0.4.2.ip6.arpa,unsign,13,,1,single delegation
2024-03,arin,0.0.6.d.3.0.0.0.2.6.2.ip6.arpa,unsign,13,,1,single delegation
2024-03,arin,0.130.in-addr.arpa,sign,,8,1,single delegation
2024-03,arin,0.138.in-addr.arpa,unsign,13,,4,small group
2024-03,arin,0.170.in-addr.arpa,sign,,13,4,small group
2024-03,arin,0.2.a.9.f.2.0.6.2.ip6.arpa,sign,,13,1,single delegation
2024-03,arin,0.4.f.9.f.2.0.6.2.ip6.arpa,unsign,13,,1,single delegation
2024-03,arin,0.5.7.9.f.2.0.6.2.ip6.arpa,sign,,13,1,single delegation
2024-03,arin,0.b.5.9.f.2.0.6.2.ip6.arpa,sign,,13,1,single delegation
2024-03,arin,0.b.7.9.f.2.0.6.2.ip6.arpa,sign,,13,1,single delegation
2024-03,arin,0.e.7.9.f.2.0.6.2.ip6.arpa,sign,,13,1,single delegation
2024-03,arin,108.131.in-addr.arpa,unsign,13,,4,small group
2024-03,arin,118.138.in-addr.arpa,unsign,13,,4,small group
2024-03,arin,121.168.in-addr.arpa,unsign,13,,4,small group
2024-03,arin,124.199.in-addr.arpa,sign,,13,4,small group
2024-03,arin,165.23.in-addr.arpa,sign,,13,1,single delegation
2024-03,arin,165.23.in-addr.arpa,unsign,13,,1,single delegation
2024-03,arin,166.45.in-addr.arpa,sign,,14,4,small group
2024-03,arin,166.in-addr.arpa,sign,,13,1,single delegation
2024-03,arin,170.23.in-addr.arpa,sign,,13,1,single delegation
2024-03,arin,171.23.in-addr.arpa,sign,,13,1,single delegation
2024-03,arin,172.23.in-addr.arpa,sign,,13,2,small group
2024-03,arin,177.45.in-addr.arpa,sign,,8,1,single delegation
2024-03,arin,179.45.in-addr.arpa,unsign,5,,1,single delegation
2024-03,arin,181.147.in-addr.arpa,sign,,13,1,single delegation
2024-03,arin,181.45.in-addr.arpa,unsign,13,,4,small group
2024-03,arin,182.45.in-addr.arpa,sign,,13,4,small group
2024-03,arin,185.138.in-addr.arpa,unsign,13,,4,small group
2024-03,arin,190.45.in-addr.arpa,sign,,8,1,single delegation
2024-03,arin,195.168.in-addr.arpa,unsign,13,,3,small group
2024-03,arin,196.131.in-addr.arpa,sign,,8,1,single delegation
2024-03,arin,196.168.in-addr.arpa,unsign,13,,3,small group
2024-03,arin,197.168.in-addr.arpa,sign,,8,1,single delegation
2024-03,arin,197.168.in-addr.arpa,unsign,8,,3,small group
2024-03,arin,2.8.9.f.2.0.6.2.ip6.arpa,sign,,13,1,single delegation
2024-03,arin,202.143.in-addr.arpa,sign,,13,4,small group
2024-03,arin,202.143.in-addr.arpa,unsign,13,,4,small group
2024-03,arin,205.168.in-addr.arpa,sign,,8,1,single delegation
2024-03,arin,22.64.in-addr.arpa,sign,,13,1,single delegation
2024-03,arin,228.168.in-addr.arpa,sign,,13,4,small group
2024-03,arin,231.45.in-addr.arpa,unsign,13,,4,small group
2024-03,arin,231.45.in-addr.arpa,unsign,8,,4,small group
2024-03,arin,249.167.in-addr.arpa,sign,,13,1,single delegation
2024-03,arin,255.138.in-addr.arpa,sign,,8,1,single delegation
2024-03,arin,255.138.in-addr.arpa,unsign,8,,2,small group
2024-03,arin,3.0.0.6.0.5.0.1.0.0.2.ip6.arpa,sign,,13,1,single delegation
2024-03,arin,45.45.in-addr.arpa,sign,,13,4,small group
2024-03,arin,6.45.in-addr.arpa,unsign,13,,4,small group
2024-03,arin,65.45.in-addr.arpa,sign,,13,4,small group
2024-03,arin,68.208.in-addr.arpa,sign,,13,4,small group
2024-03,arin,7.7.9.f.2.0.6.2.ip6.arpa,sign,,13,1,single delegation
2024-03,arin,78.170.in-addr.arpa,sign,,14,4,small group
2024-03,arin,79.208.in-addr.arpa,unsign,13,,2,small group
2024-03,arin,80.170.in-addr.arpa,sign,,13,4,small group
2024-03,arin,80.208.in-addr.arpa,sign,,13,2,small group
2024-03,arin,83.172.in-addr.arpa,sign,,13,1,single delegation
2024-03,arin,e.2.a.f.2.0.6.2.ip6.arpa,rollover,7,"7,13",1,single delegation
2024-03,lacnic,0.138.in-addr.arpa,unsign,13,,4,small group
2024-03,lacnic,0.170.in-addr.arpa,sign,,13,4,small group
2024-03,lacnic,108.131.in-addr.arpa,unsign,13,,4,small group
2024-03,lacnic,118.138.in-addr.arpa,unsign,13,,4,small group
2024-03,lacnic,121.168.in-addr.arpa,unsign,13,,4,small group
2024-03,lacnic,166.45.in-addr.arpa,sign,,14,4,small group
2024-03,lacnic,177.45.in-addr.arpa,sign,,8,1,single delegation
2024-03,lacnic,179.45.in-addr.arpa,unsign,5,,2,small group
2024-03,lacnic,181.45.in-addr.arpa,unsign,13,,4,small group
2024-03,lacnic,182.45.in-addr.arpa,sign,,13,4,small group
2024-03,lacnic,182.45.in-addr.arpa,sign,,7,1,single delegation
2024-03,lacnic,185.138.in-addr.arpa,unsign,13,,4,small group
2024-03,lacnic,190.45.in-addr.arpa,sign,,8,1,single delegation
2024-03,lacnic,190.45.in-addr.arpa,unsign,8,,1,single delegation
2024-03,lacnic,195.168.in-addr.arpa,unsign,13,,3,small group
2024-03,lacnic,196.131.in-addr.arpa,sign,,8,1,single delegation
2024-03,lacnic,196.131.in-addr.arpa,unsign,8,,1,single delegation
2024-03,lacnic,196.168.in-addr.arpa,unsign,13,,3,small group
2024-03,lacnic,202.143.in-addr.arpa,sign,,13,4,small group
2024-03,lacnic,202.143.in-addr.arpa,unsign,13,,4,small group
2024-03,lacnic,205.168.in-addr.arpa,sign,,8,2,small group
2024-03,lacnic,205.168.in-addr.arpa,unsign,8,,1,single delegation
2024-03,lacnic,228.168.in-addr.arpa,sign,,13,4,small group
2024-03,lacnic,231.45.in-addr.arpa,unsign,13,,4,small group
2024-03,lacnic,231.45.in-addr.arpa,unsign,8,,4,small group
2024-03,lacnic,255.138.in-addr.arpa,sign,,8,2,small group
2024-03,lacnic,255.138.in-addr.arpa,unsign,8,,1,single delegation
2024-03,lacnic,6.45.in-addr.arpa,unsign,13,,4,small group
2024-03,lacnic,65.45.in-addr.arpa,sign,,13,4,small group
2024-03,lacnic,78.170.in-addr.arpa,sign,,14,4,small group
2024-03,lacnic,80.170.in-addr.arpa,sign,,13,4,small group
2024-03,ripe,0.130.in-addr.arpa,sign,,8,1,single delegation
2024-03,ripe,181.147.in-addr.arpa,sign,,13,1,single delegation
2024-04,afrinic,36.102.in-addr.arpa,sign,,8,4,small group
2024-04,apnic,0.0.0.0.2.d.0.1.0.4.2.ip6.arpa,sign,,13,2,small group
2024-04,apnic,0.0.b.0.2.d.0.1.0.4.2.ip6.arpa,sign,,13,1,single delegation
2024-04,apnic,31.103.in-addr.arpa,rollover,7,15,3,small group
2024-04,apnic,31.103.in-addr.arpa,sign,,15,1,single delegation
2024-04,apnic,50.202.in-addr.arpa,sign,,13,1,single delegation
2024-04,apnic,8.8.9.2.0.4.2.ip6.arpa,rollover,7,15,1,single delegation
2024-04,apnic,c.2.3.3.f.d.0.1.0.0.2.ip6.arpa,sign,,13,2,small group
2024-04,apnic,f.0.c.0.2.d.0.1.0.4.2.ip6.arpa,sign,,13,1,single delegation
2024-04,arin,0.6.5.9.f.2.0.6.2.ip6.arpa,sign,,13,1,single delegation
2024-04,arin,0.c.6.7.7.0.6.2.ip6.arpa,sign,,13,1,single delegation
2024-04,arin,112.74.in-addr.arpa,sign,,13,1,single delegation
2024-04,arin,118.138.in-addr.arpa,sign,,13,4,small group
2024-04,arin,123.74.in-addr.arpa,sign,,13,4,small group
2024-04,arin,128.in-addr.arpa,unsign,8,,1,single delegation
2024-04,arin,133.155.in-addr.arpa,sign,,13,1,single delegation
2024-04,arin,14.45.in-addr.arpa,sign,,13,4,small group
2024-04,arin,141.192.in-addr.arpa,sign,,5,1,single delegation
2024-04,arin,159.in-addr.arpa,sign,,13,1,single delegation
2024-04,arin,160.147.in-addr.arpa,sign,,13,1,single delegation
2024-04,arin,160.45.in-addr.arpa,unsign,8,,4,small group
2024-04,arin,172.72.in-addr.arpa,sign,,13,4,small group
2024-04,arin,176.216.in-addr.arpa,sign,,13,1,single delegation
2024-04,arin,179.45.in-addr.arpa,sign,,5,1,single delegation
2024-04,arin,180.45.in-addr.arpa,unsign,13,,4,small group
2024-04,arin,190.45.in-addr.arpa,sign,,8,1,single delegation
2024-04,arin,197.168.in-addr.arpa,sign,,8,1,single delegation
2024-04,arin,197.168.in-addr.arpa,unsign,8,,1,single delegation
2024-04,arin,201.128.in-addr.arpa,unsign,8,,4,small group
2024-04,arin,201.199.in-addr.arpa,unsign,8,,1,single delegation
2024-04,arin,202.143.in-addr.arpa,sign,,13,4,small group
2024-04,arin,204.199.in-addr.arpa,sign,,13,1,single delegation
2024-04,arin,205.168.in-addr.arpa,sign,,8,5,bulk
2024-04,arin,205.168.in-addr.arpa,unsign,8,,2,small group
2024-04,arin,225.45.in-addr.arpa,sign,,8,1,single delegation
2024-04,arin,228.168.in-addr.arpa,sign,,8,4,small group
2024-04,arin,228.168.in-addr.arpa,unsign,13,,4,small group
2024-04,arin,228.45.in-addr.arpa,unsign,13,,1,single delegation
2024-04,arin,23.66.in-addr.arpa,sign,,8,2,small group
2024-04,arin,231.45.in-addr.arpa,sign,,8,4,small group
2024-04,arin,241.173.in-addr.arpa,sign,,13,1,single delegation
2024-04,arin,249.167.in-addr.arpa,sign,,13,4,small group
2024-04,arin,251.162.in-addr.arpa,sign,,13,4,small group
2024-04,arin,251.63.in-addr.arpa,sign,,13,1,single delegation
2024-04,arin,255.138.in-addr.arpa,sign,,8,3,small group
2024-04,arin,4.45.in-addr.arpa,rollover,7,13,4,small group
2024-04,arin,49.198.in-addr.arpa,unsign,8,,1,single delegation
2024-04,arin,59.108.in-addr.arpa,unsign,13,,1,single delegation
2024-04,arin,6.0.0.4.0.5.0.1.0.0.2.ip6.arpa,sign,,13,1,single delegation
2024-04,arin,7.198.in-addr.arpa,sign,,13,4,small group
2024-04,arin,71.206.in-addr.arpa,sign,,13,1,single delegation
2024-04,arin,75.204.in-addr.arpa,sign,,13,1,single delegation
2024-04,arin,8.3.5.7.0.6.2.ip6.arpa,unsign,13,,1,single delegation
2024-04,arin,8.6.9.f.2.0.6.2.ip6.arpa,sign,,13,1,single delegation
2024-04,arin,80.170.in-addr.arpa,unsign,8,,4,small group
2024-04,arin,81.170.in-addr.arpa,sign,,13,4,small group
2024-04,arin,9.7.9.f.2.0.6.2.ip6.arpa,sign,,13,1,single delegation
2024-04,arin,c.e.b.f.2.0.6.2.ip6.arpa,unsign,13,,1,single delegation
2024-04,arin,e.0.0.0.0.0.0.2.6.2.ip6.arpa,unsign,8,,1,single delegation
2024-04,arin,e.2.a.f.2.0.6.2.ip6.arpa,rollover,"7,13","7,8,13",1,single delegation
2024-04,lacnic,118.138.in-addr.arpa,sign,,13,4,small group
2024-04,lacnic,141.192.in-addr.arpa,sign,,5,1,single delegation
2024-04,lacnic,160.45.in-addr.arpa,unsign,8,,4,small group
2024-04,lacnic,179.45.in-addr.arpa,sign,,5,2,small group
2024-04,lacnic,180.45.in-addr.arpa,unsign,13,,4,small group
2024-04,lacnic,190.45.in-addr.arpa,sign,,8,1,single delegation
2024-04,lacnic,190.45.in-addr.arpa,unsign,8,,1,single delegation
2024-04,lacnic,196.131.in-addr.arpa,unsign,8,,2,small group
2024-04,lacnic,197.168.in-addr.arpa,sign,,8,1,single delegation
2024-04,lacnic,197.168.in-addr.arpa,unsign,8,,1,single delegation
2024-04,lacnic,201.128.in-addr.arpa,unsign,8,,3,small group
2024-04,lacnic,202.143.in-addr.arpa,sign,,13,4,small group
2024-04,lacnic,205.168.in-addr.arpa,sign,,8,6,bulk
2024-04,lacnic,205.168.in-addr.arpa,unsign,8,,1,single delegation
2024-04,lacnic,225.45.in-addr.arpa,sign,,8,1,single delegation
2024-04,lacnic,228.168.in-addr.arpa,sign,,8,4,small group
2024-04,lacnic,228.168.in-addr.arpa,unsign,13,,4,small group
2024-04,lacnic,228.45.in-addr.arpa,unsign,13,,4,small group
2024-04,lacnic,231.45.in-addr.arpa,sign,,8,4,small group
2024-04,lacnic,249.167.in-addr.arpa,sign,,13,4,small group
2024-04,lacnic,255.138.in-addr.arpa,sign,,8,1,single delegation
2024-04,lacnic,4.45.in-addr.arpa,rollover,7,13,4,small group
2024-04,lacnic,80.170.in-addr.arpa,unsign,8,,4,small group
2024-04,lacnic,81.170.in-addr.arpa,sign,,13,4,small group
2024-04,ripe,133.155.in-addr.arpa,sign,,13,1,single delegation
2024-04,ripe,14.45.in-addr.arpa,sign,,13,4,small group
2024-04,ripe,159.in-addr.arpa,sign,,13,1,single delegation
2024-05,afrinic,1.196.in-addr.arpa,sign,,13,1,single delegation
2024-05,apnic,0.3.4.4.f.d.0.1.0.0.2.ip6.arpa,sign,,13,1,single delegation
2024-05,apnic,109.103.in-addr.arpa,sign,,13,1,single delegation
2024-05,apnic,161.182.in-addr.arpa,sign,,13,4,small group
2024-05,apnic,206.103.in-addr.arpa,sign,,13,4,small group
2024-05,apnic,22.171.in-addr.arpa,rollover,7,14,4,small group
2024-05,apnic,4.7.9.2.0.4.2.ip6.arpa,sign,,13,1,single delegation
2024-05,arin,0.5.f.a.f.2.0.6.2.ip6.arpa,sign,,13,1,single delegation
2024-05,arin,0.e.7.9.f.2.0.6.2.ip6.arpa,unsign,13,,1,single delegation
2024-05,arin,111.192.in-addr.arpa,sign,,13,4,small group
2024-05,arin,118.138.in-addr.arpa,unsign,13,,4,small group
2024-05,arin,123.74.in-addr.arpa,sign,,13,1,single delegation
2024-05,arin,126.149.in-addr.arpa,rollover,8,13,1,single delegation
2024-05,arin,130.64.in-addr.arpa,sign,,13,12,bulk
2024-05,arin,139.192.in-addr.arpa,sign,,13,1,single delegation
2024-05,arin,147.23.in-addr.arpa,unsign,13,,1,single delegation
2024-05,arin,155.45.in-addr.arpa,unsign,13,,1,single delegation
2024-05,arin,162.23.in-addr.arpa,sign,,13,2,small group
2024-05,arin,163.23.in-addr.arpa,sign,,13,1,single delegation
2024-05,arin,165.209.in-addr.arpa,sign,,13,1,single delegation
2024-05,arin,172.23.in-addr.arpa,sign,,13,1,single delegation
2024-05,arin,175.136.in-addr.arpa,sign,,13,1,single delegation
2024-05,arin,175.23.in-addr.arpa,sign,,13,3,small group
2024-05,arin,183.206.in-addr.arpa,sign,,13,1,single delegation
2024-05,arin,197.168.in-addr.arpa,sign,,8,2,small group
2024-05,arin,197.168.in-addr.arpa,unsign,8,,1,single delegation
2024-05,arin,199.168.in-addr.arpa,sign,,13,1,single delegation
2024-05,arin,201.128.in-addr.arpa,sign,,8,4,small group
2024-05,arin,202.143.in-addr.arpa,unsign,13,,4,small group
2024-05,arin,205.168.in-addr.arpa,sign,,8,1,single delegation
2024-05,arin,209.205.in-addr.arpa,sign,,13,1,single delegation
2024-05,arin,228.45.in-addr.arpa,unsign,13,,3,small group
2024-05,arin,229.45.in-addr.arpa,unsign,8,,4,small group
2024-05,arin,247.104.in-addr.arpa,sign,,13,1,single delegation
2024-05,arin,253.167.in-addr.arpa,sign,,13,1,single delegation
2024-05,arin,255.131.in-addr.arpa,unsign,7,,2,small group
2024-05,arin,255.162.in-addr.arpa,unsign,13,,1,single delegation
2024-05,arin,4.1.7.7.0.6.2.ip6.arpa,sign,,13,1,single delegation
2024-05,arin,4.5.2.7.0.6.2.ip6.arpa,sign,,13,1,single delegation
2024-05,arin,4.9.a.7.0.6.2.ip6.arpa,sign,,13,1,single delegation
2024-05,arin,43.66.in-addr.arpa,sign,,13,4,small group
2024-05,arin,44.in-addr.arpa,unsign,13,,1,single delegation
2024-05,arin,6.3.a.f.2.0.6.2.ip6.arpa,sign,,13,1,single delegation
2024-05,arin,62.149.in-addr.arpa,sign,,13,7,bulk
2024-05,arin,72.131.in-addr.arpa,unsign,13,,1,single delegation
2024-05,arin,75.204.in-addr.arpa,sign,,13,1,single delegation
2024-05,arin,79.170.in-addr.arpa,unsign,13,,3,small group
2024-05,arin,85.45.in-addr.arpa,sign,,13,1,single delegation
2024-05,arin,90.168.in-addr.arpa,sign,,13,4,small group
2024-05,arin,97.138.in-addr.arpa,unsign,8,,1,single delegation
2024-05,arin,a.2.9.f.2.0.6.2.ip6.arpa,sign,,13,1,single delegation
2024-05,arin,d.c.f.2.0.6.2.ip6.arpa,sign,,13,1,single delegation
2024-05,lacnic,118.138.in-addr.arpa,unsign,13,,4,small group
2024-05,lacnic,141.192.in-addr.arpa,unsign,13,,4,small group
2024-05,lacnic,190.45.in-addr.arpa,unsign,8,,1,single delegation
2024-05,lacnic,196.131.in-addr.arpa,sign,,8,3,small group
2024-05,lacnic,197.168.in-addr.arpa,sign,,8,1,single delegation
2024-05,lacnic,197.168.in-addr.arpa,unsign,8,,2,small group
2024-05,lacnic,201.128.in-addr.arpa,sign,,8,3,small group
2024-05,lacnic,202.143.in-addr.arpa,unsign,13,,4,small group
2024-05,lacnic,205.168.in-addr.arpa,unsign,8,,1,single delegation
2024-05,lacnic,229.45.in-addr.arpa,unsign,8,,4,small group
2024-05,lacnic,255.131.in-addr.arpa,unsign,7,,2,small group
2024-05,lacnic,72.131.in-addr.arpa,unsign,13,,1,single delegation
2024-05,lacnic,90.168.in-addr.arpa,sign,,13,4,small group
2024-05,ripe,1.196.in-addr.arpa,sign,,13,1,single delegation
2024-05,ripe,126.149.in-addr.arpa,rollover,8,13,1,single delegation
2024-05,ripe,155.45.in-addr.arpa,unsign,13,,1,single delegation
2024-05,ripe,199.168.in-addr.arpa,sign,,13,1,single delegation
2024-05,ripe,22.171.in-addr.arpa,rollover,7,14,4,small group
2024-05,ripe,62.149.in-addr.arpa,sign,,13,7,bulk
2024-05,ripe,85.45.in-addr.arpa,sign,,13,1,single delegation
2024-06,afrinic,130.102.in-addr.arpa,sign,,13,1,single delegation
2024-06,afrinic,140.197.in-addr.arpa,sign,,8,1,single delegation
2024-06,afrinic,218.102.in-addr.arpa,sign,,13,2,small group
2024-06,afrinic,219.102.in-addr.arpa,sign,,13,2,small group
2024-06,afrinic,220.102.in-addr.arpa,sign,,13,1,single delegation
2024-06,apnic,56.203.in-addr.arpa,sign,,13,4,small group
2024-06,arin,0.2.9.7.0.6.2.ip6.arpa,sign,,13,1,single delegation
2024-06,arin,0.7.0.4.0.6.2.ip6.arpa,sign,,13,1,single delegation
2024-06,arin,0.f.e.8.f.2.0.6.2.ip6.arpa,sign,,13,1,single delegation
2024-06,arin,111.172.in-addr.arpa,sign,,8,1,single delegation
2024-06,arin,112.64.in-addr.arpa,sign,,13,1,single delegation
2024-06,arin,128.104.in-addr.arpa,unsign,13,,1,single delegation
2024-06,arin,128.35.in-addr.arpa,sign,,13,1,single delegation
2024-06,arin,129.23.in-addr.arpa,sign,,13,1,single delegation
2024-06,arin,134.205.in-addr.arpa,sign,,5,32,bulk
2024-06,arin,134.in-addr.arpa,sign,,13,1,single delegation
2024-06,arin,140.165.in-addr.arpa,sign,,13,1,single delegation
2024-06,arin,144.204.in-addr.arpa,sign,,13,4,small group
2024-06,arin,15.204.in-addr.arpa,unsign,8,,4,small group
2024-06,arin,150.23.in-addr.arpa,sign,,13,1,single delegation
2024-06,arin,150.23.in-addr.arpa,unsign,13,,2,small group
2024-06,arin,152.in-addr.arpa,sign,,13,2,small group
2024-06,arin,165.23.in-addr.arpa,sign,,13,1,single delegation
2024-06,arin,166.23.in-addr.arpa,sign,,13,1,single delegation
2024-06,arin,167.104.in-addr.arpa,unsign,13,,1,single delegation
2024-06,arin,175.136.in-addr.arpa,sign,,13,1,single delegation
2024-06,arin,176.216.in-addr.arpa,sign,,13,2,small group
2024-06,arin,176.45.in-addr.arpa,sign,,13,4,small group
2024-06,arin,185.138.in-addr.arpa,sign,,13,4,small group
2024-06,arin,189.199.in-addr.arpa,unsign,13,,4,small group
2024-06,arin,189.45.in-addr.arpa,sign,,8,4,small group
2024-06,arin,189.45.in-addr.arpa,unsign,13,,4,small group
2024-06,arin,190.45.in-addr.arpa,unsign,8,,2,small group
2024-06,arin,197.168.in-addr.arpa,sign,,8,1,single delegation
2024-06,arin,201.128.in-addr.arpa,unsign,8,,4,small group
2024-06,arin,202.143.in-addr.arpa,sign,,13,1,single delegation
2024-06,arin,205.168.in-addr.arpa,sign,,8,2,small group
2024-06,arin,205.168.in-addr.arpa,unsign,8,,2,small group
2024-06,arin,238.160.in-addr.arpa,sign,,13,4,small group
2024-06,arin,255.131.in-addr.arpa,sign,,13,1,single delegation
2024-06,arin,255.131.in-addr.arpa,unsign,7,,2,small group
2024-06,arin,255.138.in-addr.arpa,unsign,8,,1,single delegation
2024-06,arin,255.162.in-addr.arpa,sign,,13,1,single delegation
2024-06,arin,4.6.b.7.0.6.2.ip6.arpa,sign,,13,1,single delegation
2024-06,arin,42.45.in-addr.arpa,sign,,13,2,small group
2024-06,arin,43.45.in-addr.arpa,sign,,13,1,single delegation
2024-06,arin,45.45.in-addr.arpa,sign,,13,1,single delegation
2024-06,arin,45.66.in-addr.arpa,sign,,13,1,single delegation
2024-06,arin,51.198.in-addr.arpa,sign,,13,1,single delegation
2024-06,arin,59.108.in-addr.arpa,sign,,13,1,single delegation
2024-06,arin,70.45.in-addr.arpa,sign,,13,4,small group
2024-06,arin,79.170.in-addr.arpa,sign,,13,3,small group
2024-06,arin,79.170.in-addr.arpa,sign,,8,4,small group
2024-06,arin,8.3.5.7.0.6.2.ip6.arpa,sign,,13,1,single delegation
2024-06,arin,85.45.in-addr.arpa,rollover,8,13,4,small group
2024-06,arin,89.207.in-addr.arpa,sign,,13,1,single delegation
2024-06,arin,92.45.in-addr.arpa,rollover,8,13,4,small group
2024-06,arin,97.138.in-addr.arpa,sign,,8,1,single delegation
2024-06,arin,b.e.9.f.2.0.6.2.ip6.arpa,sign,,13,1,single delegation
2024-06,arin,e.7.a.f.2.0.6.2.ip6.arpa,unsign,13,,1,single delegation
2024-06,lacnic,141.192.in-addr.arpa,sign,,13,4,small group
2024-06,lacnic,176.45.in-addr.arpa,sign,,13,4,small group
2024-06,lacnic,185.138.in-addr.arpa,sign,,13,4,small group
2024-06,lacnic,189.45.in-addr.arpa,sign,,8,4,small group
2024-06,lacnic,189.45.in-addr.arpa,unsign,13,,4,small group
2024-06,lacnic,190.45.in-addr.arpa,sign,,8,3,small group
2024-06,lacnic,197.168.in-addr.arpa,unsign,8,,1,single delegation
2024-06,lacnic,201.128.in-addr.arpa,unsign,8,,4,small group
2024-06,lacnic,202.143.in-addr.arpa,sign,,13,1,single delegation
2024-06,lacnic,205.168.in-addr.arpa,sign,,8,2,small group
2024-06,lacnic,205.168.in-addr.arpa,unsign,8,,2,small group
2024-06,lacnic,238.160.in-addr.arpa,sign,,13,4,small group
2024-06,lacnic,255.131.in-addr.arpa,sign,,13,1,single delegation
2024-06,lacnic,255.131.in-addr.arpa,unsign,7,,2,small group
2024-06,lacnic,255.138.in-addr.arpa,unsign,8,,3,small group
2024-06,lacnic,70.45.in-addr.arpa,sign,,13,5,bulk
2024-06,lacnic,79.170.in-addr.arpa,sign,,8,4,small group
2024-06,ripe,43.45.in-addr.arpa,sign,,13,1,single delegation
2024-06,ripe,56.203.in-addr.arpa,sign,,13,4,small group
2024-06,ripe,85.45.in-addr.arpa,rollover,8,13,4,small group
2024-06,ripe,92.45.in-addr.arpa,rollover,8,13,4,small group
2024-07,afrinic,140.197.in-addr.arpa,sign,,8,1,single delegation
2024-07,afrinic,146.in-addr.arpa,rollover,8,13,1,single delegation
2024-07,afrinic,3.4.1.8.f.3.4.1.0.0.2.ip6.arpa,rollover,8,13,1,single delegation
2024-07,afrinic,42.192.in-addr.arpa,rollover,8,13,1,single delegation
2024-07,afrinic,7.0.8.f.3.4.1.0.0.2.ip6.arpa,rollover,8,13,1,single delegation
2024-07,apnic,155.103.in-addr.arpa,sign,,13,1,single delegation
2024-07,apnic,157.103.in-addr.arpa,unsign,13,,1,single delegation
2024-07,apnic,8.8.b.4.f.d.0.1.0.0.2.ip6.arpa,sign,,13,1,single delegation
2024-07,apnic,8.8.b.5.f.d.0.1.0.0.2.ip6.arpa,sign,,13,2,small group
2024-07,arin,0.0.8.f.d.0.0.0.2.6.2.ip6.arpa,unsign,8,,1,single delegation
2024-07,arin,0.1.a.8.f.2.0.6.2.ip6.arpa,sign,,13,1,single delegation
2024-07,arin,0.131.in-addr.arpa,sign,,8,4,small group
2024-07,arin,0.3.a.8.f.2.0.6.2.ip6.arpa,sign,,13,1,single delegation
2024-07,arin,0.4.a.8.f.2.0.6.2.ip6.arpa,sign,,13,1,single delegation
2024-07,arin,0.8.f.d.0.0.0.2.6.2.ip6.arpa,sign,,13,1,single delegation
2024-07,arin,0.d.b.6.0.6.2.ip6.arpa,sign,,13,1,single delegation
2024-07,arin,102.66.in-addr.arpa,unsign,13,,1,single delegation
2024-07,arin,112.149.in-addr.arpa,sign,,13,1,single delegation
2024-07,arin,118.138.in-addr.arpa,sign,,13,4,small group
2024-07,arin,122.138.in-addr.arpa,sign,,8,4,small group
2024-07,arin,124.192.in-addr.arpa,sign,,13,1,single delegation
2024-07,arin,131.in-addr.arpa,rollover,7,10,1,single delegation
2024-07,arin,132.45.in-addr.arpa,sign,,13,1,single delegation
2024-07,arin,134.205.in-addr.arpa,rollover,5,8,31,bulk
2024-07,arin,134.in-addr.arpa,rollover,8,13,1,single delegation
2024-07,arin,146.23.in-addr.arpa,sign,,13,1,single delegation
2024-07,arin,146.in-addr.arpa,rollover,8,13,1,single delegation
2024-07,arin,156.45.in-addr.arpa,unsign,13,,1,single delegation
2024-07,arin,161.131.in-addr.arpa,sign,,8,4,small group
2024-07,arin,161.45.in-addr.arpa,rollover,8,13,4,small group
2024-07,arin,163.164.in-addr.arpa,unsign,13,,4,small group
2024-07,arin,170.45.in-addr.arpa,sign,,13,4,small group
2024-07,arin,172.205.in-addr.arpa,sign,,13,4,small group
2024-07,arin,178.23.in-addr.arpa,rollover,8,13,1,single delegation
2024-07,arin,178.45.in-addr.arpa,sign,,13,4,small group
2024-07,arin,181.23.in-addr.arpa,sign,,13,1,single delegation
2024-07,arin,182.216.in-addr.arpa,rollover,8,13,16,bulk
2024-07,arin,182.23.in-addr.arpa,sign,,13,2,small group
2024-07,arin,186.138.in-addr.arpa,sign,,13,4,small group
2024-07,arin,187.45.in-addr.arpa,sign,,8,4,small group
2024-07,arin,190.45.in-addr.arpa,sign,,8,2,small group
2024-07,arin,194.168.in-addr.arpa,sign,,13,1,single delegation
2024-07,arin,196.131.in-addr.arpa,unsign,8,,4,small group
2024-07,arin,197.168.in-addr.arpa,unsign,8,,1,single delegation
2024-07,arin,20.149.in-addr.arpa,unsign,5,,8,bulk
2024-07,arin,201.128.in-addr.arpa,sign,,8,4,small group
2024-07,arin,202.143.in-addr.arpa,sign,,13,4,small group
2024-07,arin,205.168.in-addr.arpa,sign,,8,1,single delegation
2024-07,arin,205.168.in-addr.arpa,unsign,8,,1,single delegation
2024-07,arin,219.138.in-addr.arpa,sign,,8,4,small group
2024-07,arin,227.45.in-addr.arpa,sign,,8,4,small group
2024-07,arin,228.168.in-addr.arpa,sign,,13,4,small group
2024-07,arin,228.168.in-addr.arpa,sign,,8,4,small group
2024-07,arin,231.45.in-addr.arpa,unsign,8,,4,small group
2024-07,arin,233.45.in-addr.arpa,sign,,8,4,small group
2024-07,arin,249.162.in-addr.arpa,unsign,8,,1,single delegation
2024-07,arin,255.138.in-addr.arpa,sign,,8,1,single delegation
2024-07,arin,255.138.in-addr.arpa,unsign,8,,1,single delegation
2024-07,arin,3.1.0.4.0.5.0.1.0.0.2.ip6.arpa,sign,,13,1,single delegation
2024-07,arin,4.0.5.6.0.6.2.ip6.arpa,sign,,13,1,single delegation
2024-07,arin,4.c.b.7.0.6.2.ip6.arpa,sign,,13,1,single delegation
2024-07,arin,42.192.in-addr.arpa,rollover,8,13,1,single delegation
2024-07,arin,45.66.in-addr.arpa,sign,,13,1,single delegation
2024-07,arin,59.64.in-addr.arpa,rollover,8,13,32,bulk
2024-07,arin,6.45.in-addr.arpa,unsign,8,,3,small group
2024-07,arin,68.45.in-addr.arpa,unsign,13,,1,single delegation
2024-07,arin,69.200.in-addr.arpa,sign,,13,4,small group
2024-07,arin,70.45.in-addr.arpa,sign,,13,1,single delegation
2024-07,arin,78.170.in-addr.arpa,unsign,13,,4,small group
2024-07,arin,79.208.in-addr.arpa,sign,,13,4,small group
2024-07,arin,80.170.in-addr.arpa,sign,,8,4,small group
2024-07,arin,83.199.in-addr.arpa,rollover,8,13,2,small group
2024-07,arin,84.192.in-addr.arpa,sign,,13,1,single delegation
2024-07,arin,9.1.9.f.2.0.6.2.ip6.arpa,sign,,13,1,single delegation
2024-07,arin,97.138.in-addr.arpa,sign,,8,4,small group
2024-07,arin,b.8.c.f.2.0.6.2.ip6.arpa,sign,,13,1,single delegation
2024-07,arin,d.4.e.f.2.0.6.2.ip6.arpa,sign,,13,1,single delegation
2024-07,arin,e.9.0.8.0.2.0.6.2.ip6.arpa,sign,,13,1,single delegation
2024-07,lacnic,0.131.in-addr.arpa,sign,,8,4,small group
2024-07,lacnic,118.138.in-addr.arpa,sign,,13,4,small group
2024-07,lacnic,122.138.in-addr.arpa,sign,,8,4,small group
2024-07,lacnic,161.131.in-addr.arpa,sign,,8,4,small group
2024-07,lacnic,161.45.in-addr.arpa,rollover,8,13,4,small group
2024-07,lacnic,163.164.in-addr.arpa,unsign,13,,4,small group
2024-07,lacnic,170.45.in-addr.arpa,sign,,13,4,small group
2024-07,lacnic,178.45.in-addr.arpa,sign,,13,4,small group
2024-07,lacnic,186.138.in-addr.arpa,sign,,13,4,small group
2024-07,lacnic,187.45.in-addr.arpa,sign,,8,4,small group
2024-07,lacnic,190.45.in-addr.arpa,unsign,8,,1,single delegation
2024-07,lacnic,194.168.in-addr.arpa,sign,,13,1,single delegation
2024-07,lacnic,196.131.in-addr.arpa,unsign,8,,4,small group
2024-07,lacnic,197.168.in-addr.arpa,sign,,8,1,single delegation
2024-07,lacnic,201.128.in-addr.arpa,sign,,8,4,small group
2024-07,lacnic,202.143.in-addr.arpa,sign,,13,4,small group
2024-07,lacnic,205.168.in-addr.arpa,sign,,8,1,single delegation
2024-07,lacnic,205.168.in-addr.arpa,unsign,8,,1,single delegation
2024-07,lacnic,205.91.in-addr.arpa,sign,,13,4,small group
2024-07,lacnic,219.138.in-addr.arpa,sign,,8,4,small group
2024-07,lacnic,227.45.in-addr.arpa,sign,,8,4,small group
2024-07,lacnic,228.168.in-addr.arpa,sign,,13,4,small group
2024-07,lacnic,228.168.in-addr.arpa,sign,,8,4,small group
2024-07,lacnic,231.45.in-addr.arpa,unsign,8,,4,small group
2024-07,lacnic,233.45.in-addr.arpa,sign,,8,4,small group
2024-07,lacnic,255.138.in-addr.arpa,sign,,8,1,single delegation
2024-07,lacnic,255.138.in-addr.arpa,unsign,8,,1,single delegation
2024-07,lacnic,6.45.in-addr.arpa,unsign,8,,4,small group
2024-07,lacnic,68.45.in-addr.arpa,unsign,13,,1,single delegation
2024-07,lacnic,78.170.in-addr.arpa,unsign,13,,4,small group
2024-07,lacnic,80.170.in-addr.arpa,sign,,8,4,small group
2024-07,lacnic,99.138.in-addr.arpa,unsign,13,,1,single delegation
2024-07,ripe,131.in-addr.arpa,rollover,7,10,1,single delegation
2024-07,ripe,132.45.in-addr.arpa,sign,,13,1,single delegation
2024-07,ripe,156.45.in-addr.arpa,unsign,13,,1,single delegation
2024-08,apnic,12.202.in-addr.arpa,rollover,8,13,1,single delegation
2024-08,apnic,22.171.in-addr.arpa,unsign,13,,1,single delegation
2024-08,arin,0.170.in-addr.arpa,sign,,13,4,small group
2024-08,arin,0.6.c.8.f.2.0.6.2.ip6.arpa,sign,,13,1,single delegation
2024-08,arin,0.a.1.0.8.0.2.0.6.2.ip6.arpa,sign,,8,1,single delegation
2024-08,arin,100.168.in-addr.arpa,sign,,13,1,single delegation
2024-08,arin,102.66.in-addr.arpa,unsign,13,,2,small group
2024-08,arin,103.146.in-addr.arpa,sign,,13,1,single delegation
2024-08,arin,112.149.in-addr.arpa,sign,,8,1,single delegation
2024-08,arin,128.in-addr.arpa,sign,,13,1,single delegation
2024-08,arin,138.204.in-addr.arpa,rollover,8,13,1,single delegation
2024-08,arin,163.164.in-addr.arpa,sign,,13,4,small group
2024-08,arin,168.23.in-addr.arpa,unsign,13,,1,single delegation
2024-08,arin,180.23.in-addr.arpa,sign,,7,1,single delegation
2024-08,arin,182.45.in-addr.arpa,unsign,7,,1,single delegation
2024-08,arin,187.45.in-addr.arpa,rollover,8,13,4,small group
2024-08,arin,191.45.in-addr.arpa,sign,,13,4,small group
2024-08,arin,195.134.in-addr.arpa,sign,,13,1,single delegation
2024-08,arin,196.131.in-addr.arpa,sign,,13,8,bulk
2024-08,arin,197.168.in-addr.arpa,sign,,8,1,single delegation
2024-08,arin,197.168.in-addr.arpa,unsign,8,,1,single delegation
2024-08,arin,199.170.in-addr.arpa,sign,,10,8,bulk
2024-08,arin,20.199.in-addr.arpa,sign,,13,32,bulk
2024-08,arin,205.168.in-addr.arpa,sign,,8,2,small group
2024-08,arin,205.168.in-addr.arpa,unsign,8,,2,small group
2024-08,arin,217.67.in-addr.arpa,sign,,13,1,single delegation
2024-08,arin,229.199.in-addr.arpa,sign,,13,1,single delegation
2024-08,arin,231.192.in-addr.arpa,sign,,8,1,single delegation
2024-08,arin,247.170.in-addr.arpa,unsign,13,,4,small group
2024-08,arin,255.104.in-addr.arpa,sign,,13,2,small group
2024-08,arin,255.138.in-addr.arpa,sign,,8,1,single delegation
2024-08,arin,255.138.in-addr.arpa,unsign,8,,2,small group
2024-08,arin,45.66.in-addr.arpa,sign,,13,1,single delegation
2024-08,arin,5.a.a.f.2.0.6.2.ip6.arpa,rollover,7,13,1,single delegation
2024-08,arin,6.45.in-addr.arpa,sign,,8,3,small group
2024-08,arin,72.131.in-addr.arpa,unsign,13,,4,small group
2024-08,arin,80.170.in-addr.arpa,unsign,8,,4,small group
2024-08,arin,80.192.in-addr.arpa,sign,,8,1,single delegation
2024-08,arin,84.192.in-addr.arpa,sign,,8,1,single delegation
2024-08,arin,86.192.in-addr.arpa,sign,,8,1,single delegation
2024-08,arin,93.64.in-addr.arpa,sign,,13,2,small group
2024-08,arin,94.138.in-addr.arpa,sign,,13,4,small group
2024-08,arin,f.a.0.8.0.2.0.6.2.ip6.arpa,sign,,8,1,single delegation
2024-08,lacnic,0.170.in-addr.arpa,sign,,13,4,small group
2024-08,lacnic,163.164.in-addr.arpa,sign,,13,4,small group
2024-08,lacnic,169.45.in-addr.arpa,unsign,8,,4,small group
2024-08,lacnic,187.45.in-addr.arpa,rollover,8,13,4,small group
2024-08,lacnic,191.45.in-addr.arpa,sign,,13,4,small group
2024-08,lacnic,196.131.in-addr.arpa,sign,,13,8,bulk
2024-08,lacnic,197.168.in-addr.arpa,sign,,8,1,single delegation
2024-08,lacnic,197.168.in-addr.arpa,unsign,8,,1,single delegation
2024-08,lacnic,205.168.in-addr.arpa,sign,,8,1,single delegation
2024-08,lacnic,205.168.in-addr.arpa,unsign,8,,2,small group
2024-08,lacnic,247.170.in-addr.arpa,unsign,13,,4,small group
2024-08,lacnic,255.138.in-addr.arpa,sign,,8,2,small group
2024-08,lacnic,255.138.in-addr.arpa,unsign,8,,1,single delegation
2024-08,lacnic,72.131.in-addr.arpa,unsign,13,,4,small group
2024-08,lacnic,80.170.in-addr.arpa,unsign,8,,4,small group
2024-08,lacnic,94.138.in-addr.arpa,sign,,13,4,small group
2024-08,lacnic,97.138.in-addr.arpa,sign,,8,4,small group
2024-08,lacnic,99.138.in-addr.arpa,sign,,13,1,single delegation
2024-08,ripe,103.146.in-addr.arpa,sign,,13,1,single delegation
2024-08,ripe,22.171.in-addr.arpa,unsign,13,,1,single delegation
2024-09,afrinic,218.102.in-addr.arpa,unsign,13,,2,small group
2024-09,afrinic,219.102.in-addr.arpa,unsign,13,,1,single delegation
2024-09,afrinic,220.102.in-addr.arpa,unsign,13,,1,single delegation
2024-09,apnic,31.203.in-addr.arpa,unsign,8,,1,single delegation
2024-09,apnic,84.58.in-addr.arpa,sign,,8,2,small group
2024-09,arin,0.131.in-addr.arpa,unsign,8,,4,small group
2024-09,arin,0.72.in-addr.arpa,sign,,13,1,single delegation
2024-09,arin,10.45.in-addr.arpa,unsign,13,,1,single delegation
2024-09,arin,112.159.in-addr.arpa,sign,,8,2,small group
2024-09,arin,118.138.in-addr.arpa,unsign,13,,4,small group
2024-09,arin,12.45.in-addr.arpa,sign,,14,2,small group
2024-09,arin,127.209.in-addr.arpa,sign,,8,2,small group
2024-09,arin,129.192.in-addr.arpa,unsign,7,,1,single delegation
2024-09,arin,130.64.in-addr.arpa,sign,,13,4,small group
2024-09,arin,133.45.in-addr.arpa,unsign,13,,1,single delegation
2024-09,arin,139.45.in-addr.arpa,sign,,13,1,single delegation
2024-09,arin,145.45.in-addr.arpa,sign,,13,1,single delegation
2024-09,arin,147.23.in-addr.arpa,unsign,7,,1,single delegation
2024-09,arin,150.169.in-addr.arpa,sign,,8,2,small group
2024-09,arin,150.23.in-addr.arpa,unsign,13,,2,small group
2024-09,arin,16.199.in-addr.arpa,sign,,13,2,small group
2024-09,arin,163.164.in-addr.arpa,sign,,13,2,small group
2024-09,arin,165.23.in-addr.arpa,sign,,13,1,single delegation
2024-09,arin,165.45.in-addr.arpa,unsign,13,,4,small group
2024-09,arin,169.45.in-addr.arpa,unsign,8,,4,small group
2024-09,arin,172.209.in-addr.arpa,sign,,8,2,small group
2024-09,arin,173.45.in-addr.arpa,unsign,8,,4,small group
2024-09,arin,180.45.in-addr.arpa,unsign,13,,1,single delegation
2024-09,arin,182.45.in-addr.arpa,sign,,7,1,single delegation
2024-09,arin,182.45.in-addr.arpa,unsign,13,,2,small group
2024-09,arin,186.138.in-addr.arpa,unsign,13,,1,single delegation
2024-09,arin,186.23.in-addr.arpa,sign,,13,1,single delegation
2024-09,arin,186.45.in-addr.arpa,sign,,13,1,single delegation
2024-09,arin,190.45.in-addr.arpa,unsign,8,,3,small group
2024-09,arin,197.168.in-addr.arpa,sign,,8,1,single delegation
2024-09,arin,197.168.in-addr.arpa,unsign,8,,2,small group
2024-09,arin,201.128.in-addr.arpa,sign,,13,1,single delegation
2024-09,arin,202.143.in-addr.arpa,unsign,13,,4,small group
2024-09,arin,205.168.in-addr.arpa,sign,,8,1,single delegation
2024-09,arin,205.168.in-addr.arpa,unsign,8,,1,single delegation
2024-09,arin,221.131.in-addr.arpa,unsign,5,,4,small group
2024-09,arin,225.45.in-addr.arpa,unsign,8,,1,single delegation
2024-09,arin,228.45.in-addr.arpa,sign,,8,4,small group
2024-09,arin,230.45.in-addr.arpa,unsign,13,,3,small group
2024-09,arin,233.170.in-addr.arpa,unsign,13,,1,single delegation
2024-09,arin,237.45.in-addr.arpa,sign,,13,4,small group
2024-09,arin,245.170.in-addr.arpa,unsign,13,,5,bulk
2024-09,arin,247.170.in-addr.arpa,sign,,13,3,small group
2024-09,arin,247.170.in-addr.arpa,unsign,13,,4,small group
2024-09,arin,255.131.in-addr.arpa,sign,,7,4,small group
2024-09,arin,255.132.in-addr.arpa,unsign,13,,4,small group
2024-09,arin,255.138.in-addr.arpa,unsign,8,,1,single delegation
2024-09,arin,5.a.a.f.2.0.6.2.ip6.arpa,unsign,13,,1,single delegation
2024-09,arin,59.138.in-addr.arpa,unsign,13,,4,small group
2024-09,arin,59.148.in-addr.arpa,sign,,8,1,single delegation
2024-09,arin,6.45.in-addr.arpa,unsign,8,,4,small group
2024-09,arin,65.208.in-addr.arpa,sign,,13,3,small group
2024-09,arin,78.147.in-addr.arpa,sign,,13,1,single delegation
2024-09,arin,8.4.0.1.0.0.2.ip6.arpa,sign,,13,1,single delegation
2024-09,arin,80.170.in-addr.arpa,unsign,13,,3,small group
2024-09,arin,85.45.in-addr.arpa,unsign,13,,1,single delegation
2024-09,arin,89.152.in-addr.arpa,unsign,13,,1,single delegation
2024-09,arin,90.168.in-addr.arpa,sign,,13,4,small group
2024-09,arin,c.a.2.6.0.6.2.ip6.arpa,sign,,13,1,single delegation
2024-09,lacnic,0.131.in-addr.arpa,unsign,8,,4,small group
2024-09,lacnic,111.86.in-addr.arpa,sign,,8,2,small group
2024-09,lacnic,112.159.in-addr.arpa,sign,,8,2,small group
2024-09,lacnic,118.138.in-addr.arpa,unsign,13,,4,small group
2024-09,lacnic,121.168.in-addr.arpa,unsign,13,,1,single delegation
2024-09,lacnic,127.209.in-addr.arpa,sign,,8,2,small group
2024-09,lacnic,150.169.in-addr.arpa,sign,,8,2,small group
2024-09,lacnic,163.164.in-addr.arpa,sign,,13,2,small group
2024-09,lacnic,163.213.in-addr.arpa,sign,,8,2,small group
2024-09,lacnic,165.45.in-addr.arpa,unsign,13,,4,small group
2024-09,lacnic,172.209.in-addr.arpa,sign,,8,2,small group
2024-09,lacnic,173.45.in-addr.arpa,unsign,8,,4,small group
2024-09,lacnic,186.45.in-addr.arpa,sign,,13,1,single delegation
2024-09,lacnic,190.45.in-addr.arpa,sign,,8,1,single delegation
2024-09,lacnic,197.168.in-addr.arpa,sign,,8,2,small group
2024-09,lacnic,197.168.in-addr.arpa,unsign,8,,1,single delegation
2024-09,lacnic,201.128.in-addr.arpa,sign,,13,1,single delegation
2024-09,lacnic,202.143.in-addr.arpa,unsign,13,,4,small group
2024-09,lacnic,205.168.in-addr.arpa,sign,,8,2,small group
2024-09,lacnic,205.168.in-addr.arpa,unsign,8,,1,single delegation
2024-09,lacnic,221.131.in-addr.arpa,unsign,5,,4,small group
2024-09,lacnic,225.45.in-addr.arpa,unsign,13,,1,single delegation
2024-09,lacnic,225.45.in-addr.arpa,unsign,8,,1,single delegation
2024-09,lacnic,228.168.in-addr.arpa,unsign,13,,1,single delegation
2024-09,lacnic,228.45.in-addr.arpa,sign,,8,4,small group
2024-09,lacnic,233.170.in-addr.arpa,unsign,13,,4,small group
2024-09,lacnic,235.45.in-addr.arpa,unsign,13,,4,small group
2024-09,lacnic,237.45.in-addr.arpa,sign,,13,4,small group
2024-09,lacnic,247.170.in-addr.arpa,sign,,13,1,single delegation
2024-09,lacnic,254.170.in-addr.arpa,unsign,13,,3,small group
2024-09,lacnic,255.131.in-addr.arpa,sign,,7,4,small group
2024-09,lacnic,255.138.in-addr.arpa,sign,,8,1,single delegation
2024-09,lacnic,255.138.in-addr.arpa,unsign,8,,1,single delegation
2024-09,lacnic,59.138.in-addr.arpa,unsign,13,,2,small group
2024-09,lacnic,59.148.in-addr.arpa,sign,,8,1,single delegation
2024-09,lacnic,78.170.in-addr.arpa,unsign,13,,1,single delegation
2024-09,lacnic,80.170.in-addr.arpa,unsign,13,,1,single delegation
2024-09,lacnic,84.58.in-addr.arpa,sign,,8,2,small group
2024-09,lacnic,90.168.in-addr.arpa,sign,,13,4,small group
2024-09,lacnic,90.168.in-addr.arpa,unsign,13,,7,bulk
2024-09,ripe,10.45.in-addr.arpa,unsign,13,,1,single delegation
2024-09,ripe,12.45.in-addr.arpa,sign,,14,2,small group
2024-09,ripe,133.45.in-addr.arpa,unsign,13,,1,single delegation
2024-09,ripe,139.45.in-addr.arpa,sign,,13,1,single delegation
2024-09,ripe,145.45.in-addr.arpa,sign,,13,1,single delegation
2024-09,ripe,78.147.in-addr.arpa,sign,,13,1,single delegation
2024-09,ripe,85.45.in-addr.arpa,unsign,13,,1,single delegation
2024-09,ripe,89.152.in-addr.arpa,unsign,13,,1,single delegation
2024-10,afrinic,215.102.in-addr.arpa,sign,,5,1,single delegation
2024-10,afrinic,222.41.in-addr.arpa,sign,,13,1,single delegation
2024-10,apnic,1.0.0.0.2.d.0.1.0.4.2.ip6.arpa,sign,,13,1,single delegation
2024-10,apnic,100.123.in-addr.arpa,sign,,13,1,single delegation
2024-10,apnic,172.110.in-addr.arpa,sign,,13,1,single delegation
2024-10,apnic,8.8.b.4.f.d.0.1.0.0.2.ip6.arpa,sign,,13,1,single delegation
2024-10,arin,0.0.6.d.c.0.0.0.2.6.2.ip6.arpa,sign,,13,1,single delegation
2024-10,arin,0.0.8.2.2.0.0.0.2.6.2.ip6.arpa,sign,,13,1,single delegation
2024-10,arin,0.1.3.8.f.2.0.6.2.ip6.arpa,sign,,8,1,single delegation
2024-10,arin,0.3.4.a.f.2.0.6.2.ip6.arpa,sign,,13,1,single delegation
2024-10,arin,0.4.f.9.f.2.0.6.2.ip6.arpa,sign,,13,1,single delegation
2024-10,arin,0.6.8.a.f.2.0.6.2.ip6.arpa,sign,,13,1,single delegation
2024-10,arin,0.72.in-addr.arpa,sign,,13,31,bulk
2024-10,arin,0.a.e.6.0.0.0.2.6.2.ip6.arpa,unsign,13,,1,single delegation
2024-10,arin,0.c.1.8.f.2.0.6.2.ip6.arpa,sign,,13,1,single delegation
2024-10,arin,10.45.in-addr.arpa,sign,,13,4,small group
2024-10,arin,12.45.in-addr.arpa,unsign,13,,1,single delegation
2024-10,arin,144.23.in-addr.arpa,rollover,8,13,1,single delegation
2024-10,arin,146.192.in-addr.arpa,rollover,"10,13","13,15",1,single delegation
2024-10,arin,155.23.in-addr.arpa,sign,,8,1,single delegation
2024-10,arin,160.23.in-addr.arpa,sign,,13,1,single delegation
2024-10,arin,161.45.in-addr.arpa,sign,,8,4,small group
2024-10,arin,163.192.in-addr.arpa,sign,,15,1,single delegation
2024-10,arin,163.192.in-addr.arpa,sign,,7,3,small group
2024-10,arin,165.23.in-addr.arpa,sign,,13,1,single delegation
2024-10,arin,169.45.in-addr.arpa,sign,,8,4,small group
2024-10,arin,173.45.in-addr.arpa,sign,,8,4,small group
2024-10,arin,176.45.in-addr.arpa,sign,,8,4,small group
2024-10,arin,179.66.in-addr.arpa,sign,,8,2,small group
2024-10,arin,180.45.in-addr.arpa,sign,,13,1,single delegation
2024-10,arin,182.45.in-addr.arpa,sign,,13,2,small group
2024-10,arin,186.138.in-addr.arpa,sign,,13,1,single delegation
2024-10,arin,188.23.in-addr.arpa,sign,,13,1,single delegation
2024-10,arin,189.23.in-addr.arpa,sign,,13,2,small group
2024-10,arin,189.45.in-addr.arpa,sign,,13,4,small group
2024-10,arin,190.23.in-addr.arpa,sign,,13,1,single delegation
2024-10,arin,190.45.in-addr.arpa,sign,,8,7,bulk
2024-10,arin,197.168.in-addr.arpa,sign,,8,1,single delegation
2024-10,arin,197.168.in-addr.arpa,unsign,8,,1,single delegation
2024-10,arin,205.168.in-addr.arpa,sign,,8,2,small group
2024-10,arin,205.168.in-addr.arpa,unsign,8,,1,single delegation
2024-10,arin,209.209.in-addr.arpa,unsign,13,,1,single delegation
2024-10,arin,225.45.in-addr.arpa,sign,,8,1,single delegation
2024-10,arin,230.45.in-addr.arpa,sign,,13,3,small group
2024-10,arin,231.45.in-addr.arpa,unsign,8,,4,small group
2024-10,arin,233.170.in-addr.arpa,sign,,13,1,single delegation
2024-10,arin,237.45.in-addr.arpa,unsign,13,,4,small group
2024-10,arin,245.170.in-addr.arpa,sign,,13,5,bulk
2024-10,arin,247.170.in-addr.arpa,sign,,13,4,small group
2024-10,arin,247.170.in-addr.arpa,unsign,13,,3,small group
2024-10,arin,255.132.in-addr.arpa,sign,,13,4,small group
2024-10,arin,255.138.in-addr.arpa,sign,,8,1,single delegation
2024-10,arin,4.0.5.6.0.6.2.ip6.arpa,unsign,13,,1,single delegation
2024-10,arin,4.7.4.6.0.6.2.ip6.arpa,sign,,13,1,single delegation
2024-10,arin,42.45.in-addr.arpa,sign,,13,4,small group
2024-10,arin,5.0.8.f.2.0.6.2.ip6.arpa,sign,,13,1,single delegation
2024-10,arin,59.138.in-addr.arpa,sign,,13,4,small group
2024-10,arin,6.45.in-addr.arpa,sign,,8,4,small group
2024-10,arin,71.198.in-addr.arpa,rollover,8,13,2,small group
2024-10,arin,80.170.in-addr.arpa,sign,,13,3,small group
2024-10,arin,82.172.in-addr.arpa,unsign,8,,1,single delegation
2024-10,arin,86.204.in-addr.arpa,sign,,13,1,single delegation
2024-10,arin,89.45.in-addr.arpa,sign,,13,1,single delegation
2024-10,arin,94.192.in-addr.arpa,rollover,"8,14",14,1,single delegation
2024-10,arin,a.e.6.0.0.0.2.6.2.ip6.arpa,sign,,13,1,single delegation
2024-10,arin,c.f.7.f.2.0.6.2.ip6.arpa,sign,,13,1,single delegation
2024-10,arin,c.f.c.7.0.6.2.ip6.arpa,sign,,13,1,single delegation
2024-10,lacnic,121.168.in-addr.arpa,sign,,13,1,single delegation
2024-10,lacnic,161.45.in-addr.arpa,sign,,8,4,small group
2024-10,lacnic,169.45.in-addr.arpa,sign,,8,4,small group
2024-10,lacnic,173.45.in-addr.arpa,sign,,8,4,small group
2024-10,lacnic,176.45.in-addr.arpa,sign,,8,4,small group
2024-10,lacnic,189.45.in-addr.arpa,sign,,13,4,small group
2024-10,lacnic,190.45.in-addr.arpa,sign,,8,4,small group
2024-10,lacnic,190.45.in-addr.arpa,unsign,8,,3,small group
2024-10,lacnic,197.168.in-addr.arpa,sign,,8,1,single delegation
2024-10,lacnic,197.168.in-addr.arpa,unsign,8,,1,single delegation
2024-10,lacnic,201.128.in-addr.arpa,unsign,8,,4,small group
2024-10,lacnic,205.168.in-addr.arpa,sign,,8,1,single delegation
2024-10,lacnic,205.168.in-addr.arpa,unsign,8,,2,small group
2024-10,lacnic,225.45.in-addr.arpa,sign,,13,1,single delegation
2024-10,lacnic,225.45.in-addr.arpa,sign,,8,1,single delegation
2024-10,lacnic,228.168.in-addr.arpa,sign,,13,1,single delegation
2024-10,lacnic,229.45.in-addr.arpa,sign,,"7,14",4,small group
2024-10,lacnic,231.45.in-addr.arpa,unsign,8,,4,small group
2024-10,lacnic,233.170.in-addr.arpa,sign,,13,4,small group
2024-10,lacnic,235.45.in-addr.arpa,sign,,13,4,small group
2024-10,lacnic,237.45.in-addr.arpa,unsign,13,,4,small group
2024-10,lacnic,247.170.in-addr.arpa,unsign,13,,1,single delegation
2024-10,lacnic,254.170.in-addr.arpa,sign,,13,3,small group
2024-10,lacnic,255.138.in-addr.arpa,sign,,8,1,single delegation
2024-10,lacnic,255.138.in-addr.arpa,unsign,8,,1,single delegation
2024-10,lacnic,59.138.in-addr.arpa,sign,,13,2,small group
2024-10,lacnic,6.45.in-addr.arpa,sign,,8,4,small group
2024-10,lacnic,78.170.in-addr.arpa,sign,,13,1,single delegation
2024-10,lacnic,80.170.in-addr.arpa,sign,,13,1,single delegation
2024-10,lacnic,90.168.in-addr.arpa,sign,,13,7,bulk
2024-10,ripe,10.45.in-addr.arpa,sign,,13,4,small group
2024-10,ripe,100.123.in-addr.arpa,sign,,13,1,single delegation
2024-10,ripe,12.45.in-addr.arpa,unsign,13,,1,single delegation
2024-10,ripe,146.192.in-addr.arpa,rollover,"10,13","13,15",1,single delegation
2024-10,ripe,172.110.in-addr.arpa,sign,,13,1,single delegation
2024-10,ripe,89.45.in-addr.arpa,sign,,13,1,single delegation
2024-11,apnic,0.b.b.0.6.8.e.0.0.4.2.ip6.arpa,sign,,13,1,single delegation
2024-11,apnic,1.0.0.0.2.d.0.1.0.4.2.ip6.arpa,sign,,13,1,single delegation
2024-11,apnic,108.103.in-addr.arpa,sign,,13,1,single delegation
2024-11,apnic,150.in-addr.arpa,rollover,8,13,3,small group
2024-11,apnic,163.in-addr.arpa,sign,,8,1,single delegation
2024-11,apnic,253.150.in-addr.arpa,sign,,8,2,small group
2024-11,apnic,4.203.in-addr.arpa,sign,,13,8,bulk
2024-11,arin,0.170.in-addr.arpa,sign,,13,4,small group
2024-11,arin,0.4.8.9.0.0.0.2.6.2.ip6.arpa,unsign,13,,1,single delegation
2024-11,arin,0.6.c.7.f.2.0.6.2.ip6.arpa,sign,,13,1,single delegation
2024-11,arin,0.6.d.7.0.6.2.ip6.arpa,sign,,13,1,single delegation
2024-11,arin,0.7.8.0.8.0.2.0.6.2.ip6.arpa,sign,,13,1,single delegation
2024-11,arin,0.7.b.0.8.0.2.0.6.2.ip6.arpa,sign,,13,1,single delegation
2024-11,arin,0.7.e.7.f.2.0.6.2.ip6.arpa,sign,,13,1,single delegation
2024-11,arin,0.a.9.0.1.0.0.2.6.2.ip6.arpa,sign,,13,1,single delegation
2024-11,arin,0.b.d.7.f.2.0.6.2.ip6.arpa,sign,,13,1,single delegation
2024-11,arin,0.e.d.7.f.2.0.6.2.ip6.arpa,sign,,13,1,single delegation
2024-11,arin,1.0.0.6.2.ip6.arpa,rollover,8,13,1,single delegation
2024-11,arin,12.192.in-addr.arpa,rollover,8,13,1,single delegation
2024-11,arin,121.138.in-addr.arpa,sign,,13,4,small group
2024-11,arin,128.23.in-addr.arpa,sign,,13,2,small group
2024-11,arin,130.45.in-addr.arpa,unsign,13,,2,small group
2024-11,arin,137.143.in-addr.arpa,sign,,13,4,small group
2024-11,arin,139.23.in-addr.arpa,unsign,13,,2,small group
2024-11,arin,144.in-addr.arpa,sign,,8,1,single delegation
2024-11,arin,148.192.in-addr.arpa,rollover,8,13,1,single delegation
2024-11,arin,149.23.in-addr.arpa,unsign,13,,1,single delegation
2024-11,arin,15.45.in-addr.arpa,sign,,14,3,small group
2024-11,arin,150.in-addr.arpa,rollover,8,13,3,small group
2024-11,arin,151.in-addr.arpa,rollover,8,13,1,single delegation
2024-11,arin,157.192.in-addr.arpa,sign,,13,2,small group
2024-11,arin,160.in-addr.arpa,rollover,8,13,1,single delegation
2024-11,arin,161.131.in-addr.arpa,sign,,13,1,single delegation
2024-11,arin,162.in-addr.arpa,rollover,8,13,1,single delegation
2024-11,arin,163.in-addr.arpa,sign,,8,1,single delegation
2024-11,arin,165.45.in-addr.arpa,sign,,13,4,small group
2024-11,arin,165.in-addr.arpa,rollover,8,13,1,single delegation
2024-11,arin,166.in-addr.arpa,rollover,8,13,6,bulk
2024-11,arin,168.23.in-addr.arpa,sign,,13,1,single delegation
2024-11,arin,168.45.in-addr.arpa,sign,,13,4,small group
2024-11,arin,168.in-addr.arpa,rollover,8,13,1,single delegation
2024-11,arin,169.23.in-addr.arpa,sign,,13,1,single delegation
2024-11,arin,170.in-addr.arpa,rollover,8,13,1,single delegation
2024-11,arin,173.45.in-addr.arpa,sign,,13,3,small group
2024-11,arin,174.207.in-addr.arpa,sign,,13,1,single delegation
2024-11,arin,179.23.in-addr.arpa,sign,,13,2,small group
2024-11,arin,180.199.in-addr.arpa,sign,,13,1,single delegation
2024-11,arin,184.23.in-addr.arpa,sign,,13,1,single delegation
2024-11,arin,186.198.in-addr.arpa,rollover,8,13,1,single delegation
2024-11,arin,189.147.in-addr.arpa,sign,,13,1,single delegation
2024-11,arin,190.45.in-addr.arpa,sign,,13,4,small group
2024-11,arin,190.45.in-addr.arpa,unsign,8,,1,single delegation
2024-11,arin,190.64.in-addr.arpa,sign,,13,1,single delegation
2024-11,arin,191.23.in-addr.arpa,sign,,13,1,single delegation
2024-11,arin,197.168.in-addr.arpa,sign,,8,1,single delegation
2024-11,arin,199.in-addr.arpa,rollover,8,13,32,bulk
2024-11,arin,201.128.in-addr.arpa,sign,,13,2,small group
2024-11,arin,202.160.in-addr.arpa,sign,,13,1,single delegation
2024-11,arin,205.168.in-addr.arpa,sign,,8,1,single delegation
2024-11,arin,205.168.in-addr.arpa,unsign,8,,1,single delegation
2024-11,arin,208.143.in-addr.arpa,unsign,8,,4,small group
2024-11,arin,23.in-addr.arpa,sign,,8,1,single delegation
2024-11,arin,231.170.in-addr.arpa,sign,,13,8,bulk
2024-11,arin,231.192.in-addr.arpa,rollover,8,13,1,single delegation
2024-11,arin,231.45.in-addr.arpa,sign,,8,4,small group
2024-11,arin,243.173.in-addr.arpa,sign,,16,1,single delegation
2024-11,arin,253.150.in-addr.arpa,sign,,8,2,small group
2024-11,arin,255.138.in-addr.arpa,sign,,8,1,single delegation
2024-11,arin,255.138.in-addr.arpa,unsign,8,,1,single delegation
2024-11,arin,4.6.0.4.0.6.2.ip6.arpa,unsign,"13,14",,1,single delegation
2024-11,arin,69.200.in-addr.arpa,unsign,13,,1,single delegation
2024-11,arin,7.199.in-addr.arpa,sign,,13,4,small group
2024-11,arin,7.45.in-addr.arpa,sign,,13,4,small group
2024-11,arin,73.192.in-addr.arpa,rollover,8,13,1,single delegation
2024-11,arin,78.170.in-addr.arpa,unsign,13,,1,single delegation
2024-11,arin,79.170.in-addr.arpa,sign,,13,4,small group
2024-11,arin,8.2.d.5.0.6.2.ip6.arpa,sign,,13,1,single delegation
2024-11,arin,8.6.c.6.0.6.2.ip6.arpa,sign,,13,1,single delegation
2024-11,arin,8.9.0.0.0.2.6.2.ip6.arpa,sign,,13,1,single delegation
2024-11,arin,82.170.in-addr.arpa,sign,,13,4,small group
2024-11,arin,84.192.in-addr.arpa,rollover,8,13,1,single delegation
2024-11,arin,86.192.in-addr.arpa,rollover,8,13,1,single delegation
2024-11,lacnic,0.170.in-addr.arpa,sign,,13,4,small group
2024-11,lacnic,121.138.in-addr.arpa,sign,,13,4,small group
2024-11,lacnic,137.143.in-addr.arpa,sign,,13,4,small group
2024-11,lacnic,161.131.in-addr.arpa,sign,,13,1,single delegation
2024-11,lacnic,165.45.in-addr.arpa,sign,,13,4,small group
2024-11,lacnic,168.45.in-addr.arpa,sign,,13,4,small group
2024-11,lacnic,173.45.in-addr.arpa,sign,,13,3,small group
2024-11,lacnic,190.45.in-addr.arpa,sign,,13,4,small group
2024-11,lacnic,190.45.in-addr.arpa,sign,,8,2,small group
2024-11,lacnic,197.168.in-addr.arpa,unsign,8,,1,single delegation
2024-11,lacnic,201.128.in-addr.arpa,sign,,13,2,small group
2024-11,lacnic,201.128.in-addr.arpa,sign,,8,4,small group
2024-11,lacnic,205.168.in-addr.arpa,sign,,8,1,single delegation
2024-11,lacnic,205.168.in-addr.arpa,unsign,8,,1,single delegation
2024-11,lacnic,229.45.in-addr.arpa,unsign,"7,14",,4,small group
2024-11,lacnic,231.170.in-addr.arpa,sign,,13,8,bulk
2024-11,lacnic,231.45.in-addr.arpa,sign,,8,4,small group
2024-11,lacnic,255.138.in-addr.arpa,sign,,8,1,single delegation
2024-11,lacnic,255.138.in-addr.arpa,unsign,8,,1,single delegation
2024-11,lacnic,7.45.in-addr.arpa,sign,,13,4,small group
2024-11,lacnic,70.45.in-addr.arpa,unsign,13,,4,small group
2024-11,lacnic,78.170.in-addr.arpa,unsign,13,,1,single delegation
2024-11,lacnic,79.170.in-addr.arpa,sign,,13,4,small group
2024-11,lacnic,82.170.in-addr.arpa,sign,,13,4,small group
2024-11,ripe,130.45.in-addr.arpa,unsign,13,,2,small group
2024-11,ripe,15.45.in-addr.arpa,sign,,14,3,small group
2024-11,ripe,189.147.in-addr.arpa,sign,,13,1,single delegation
2024-11,ripe,202.160.in-addr.arpa,sign,,13,1,single delegation
2024-12,apnic,0.0.0.0.2.d.0.1.0.4.2.ip6.arpa,unsign,13,,2,small group
2024-12,apnic,0.0.b.0.2.d.0.1.0.4.2.ip6.arpa,unsign,13,,1,single delegation
2024-12,apnic,0.1.0.2.d.0.1.0.4.2.ip6.arpa,unsign,13,,1,single delegation
2024-12,apnic,0.2.d.0.1.0.4.2.ip6.arpa,sign,,13,1,single delegation
2024-12,apnic,1.0.0.0.2.d.0.1.0.4.2.ip6.arpa,unsign,13,,2,small group
2024-12,apnic,103.103.in-addr.arpa,sign,,13,4,small group
2024-12,apnic,163.103.in-addr.arpa,sign,,13,1,single delegation
2024-12,apnic,171.103.in-addr.arpa,unsign,13,,2,small group
2024-12,apnic,191.160.in-addr.arpa,sign,,13,2,small group
2024-12,apnic,2.2.d.1.0.4.2.ip6.arpa,sign,,13,1,single delegation
2024-12,apnic,243.103.in-addr.arpa,sign,,13,1,single delegation
2024-12,apnic,f.0.c.0.2.d.0.1.0.4.2.ip6.arpa,unsign,13,,1,single delegation
2024-12,arin,0.168.in-addr.arpa,sign,,13,4,small group
2024-12,arin,0.2.0.0.0.1.6.2.ip6.arpa,sign,,13,1,single delegation
2024-12,arin,0.2.0.0.0.1.6.2.ip6.arpa,sign,,"7,8",15,bulk
2024-12,arin,0.3.f.7.0.6.2.ip6.arpa,unsign,7,,1,single delegation
2024-12,arin,0.7.f.9.f.2.0.6.2.ip6.arpa,unsign,13,,1,single delegation
2024-12,arin,0.a.8.7.f.2.0.6.2.ip6.arpa,sign,,13,1,single delegation
2024-12,arin,0.a.a.1.8.0.2.0.6.2.ip6.arpa,sign,,13,1,single delegation
2024-12,arin,0.c.8.b.f.2.0.6.2.ip6.arpa,sign,,8,1,single delegation
2024-12,arin,0.e.7.b.f.2.0.6.2.ip6.arpa,sign,,13,1,single delegation
2024-12,arin,0.e.a.7.f.2.0.6.2.ip6.arpa,sign,,13,1,single delegation
2024-12,arin,102.75.in-addr.arpa,sign,,13,32,bulk
2024-12,arin,12.162.in-addr.arpa,sign,,13,1,single delegation
2024-12,arin,128.23.in-addr.arpa,sign,,13,1,single delegation
2024-12,arin,129.23.in-addr.arpa,sign,,13,2,small group
2024-12,arin,129.in-addr.arpa,sign,,13,1,single delegation
2024-12,arin,131.in-addr.arpa,rollover,10,7,1,single delegation
2024-12,arin,132.in-addr.arpa,sign,,13,1,single delegation
2024-12,arin,134.205.in-addr.arpa,unsign,5,,1,single delegation
2024-12,arin,134.205.in-addr.arpa,unsign,8,,31,bulk
2024-12,arin,142.98.in-addr.arpa,unsign,14,,1,single delegation
2024-12,arin,15.204.in-addr.arpa,sign,,13,4,small group
2024-12,arin,15.204.in-addr.arpa,sign,,8,4,small group
2024-12,arin,152.45.in-addr.arpa,sign,,13,1,single delegation
2024-12,arin,164.23.in-addr.arpa,unsign,13,,1,single delegation
2024-12,arin,168.206.in-addr.arpa,sign,,13,1,single delegation
2024-12,arin,169.45.in-addr.arpa,unsign,8,,4,small group
2024-12,arin,172.23.in-addr.arpa,sign,,13,1,single delegation
2024-12,arin,189.23.in-addr.arpa,unsign,13,,1,single delegation
2024-12,arin,190.45.in-addr.arpa,unsign,8,,2,small group
2024-12,arin,191.160.in-addr.arpa,sign,,13,2,small group
2024-12,arin,195.192.in-addr.arpa,unsign,13,,1,single delegation
2024-12,arin,197.168.in-addr.arpa,unsign,8,,2,small group
2024-12,arin,2.0.0.0.1.6.2.ip6.arpa,unsign,"7,8",,1,single delegation
2024-12,arin,201.128.in-addr.arpa,unsign,8,,4,small group
2024-12,arin,205.168.in-addr.arpa,unsign,8,,1,single delegation
2024-12,arin,207.205.in-addr.arpa,sign,,8,1,single delegation
2024-12,arin,208.143.in-addr.arpa,sign,,8,4,small group
2024-12,arin,208.173.in-addr.arpa,sign,,13,1,single delegation
2024-12,arin,212.209.in-addr.arpa,sign,,13,1,single delegation
2024-12,arin,221.67.in-addr.arpa,sign,,13,2,small group
2024-12,arin,23.in-addr.arpa,unsign,8,,1,single delegation
2024-12,arin,239.45.in-addr.arpa,unsign,8,,4,small group
2024-12,arin,247.162.in-addr.arpa,sign,,13,1,single delegation
2024-12,arin,255.138.in-addr.arpa,unsign,8,,1,single delegation
2024-12,arin,4.45.in-addr.arpa,unsign,13,,4,small group
2024-12,arin,4.f.8.0.0.0.2.6.2.ip6.arpa,unsign,8,,1,single delegation
2024-12,arin,49.64.in-addr.arpa,sign,,13,1,single delegation
2024-12,arin,5.0.8.f.2.0.6.2.ip6.arpa,unsign,13,,1,single delegation
2024-12,arin,51.198.in-addr.arpa,rollover,8,"8,15",2,small group
2024-12,arin,6.66.in-addr.arpa,sign,,13,16,bulk
2024-12,arin,67.192.in-addr.arpa,rollover,10,13,1,single delegation
2024-12,arin,69.200.in-addr.arpa,sign,,13,8,bulk
2024-12,arin,73.208.in-addr.arpa,sign,,8,4,small group
2024-12,arin,79.170.in-addr.arpa,sign,,13,1,single delegation
2024-12,arin,86.45.in-addr.arpa,sign,,13,1,single delegation
2024-12,arin,96.64.in-addr.arpa,rollover,7,13,3,small group
2024-12,arin,96.64.in-addr.arpa,sign,,13,13,bulk
2024-12,arin,96.64.in-addr.arpa,unsign,7,,1,single delegation
2024-12,lacnic,0.168.in-addr.arpa,sign,,13,4,small group
2024-12,lacnic,169.45.in-addr.arpa,unsign,8,,4,small group
2024-12,lacnic,190.45.in-addr.arpa,sign,,8,1,single delegation
2024-12,lacnic,197.168.in-addr.arpa,sign,,8,1,single delegation
2024-12,lacnic,201.128.in-addr.arpa,unsign,8,,4,small group
2024-12,lacnic,205.168.in-addr.arpa,sign,,8,1,single delegation
2024-12,lacnic,239.45.in-addr.arpa,unsign,8,,4,small group
2024-12,lacnic,255.138.in-addr.arpa,sign,,8,1,single delegation
2024-12,lacnic,4.45.in-addr.arpa,unsign,13,,4,small group
2024-12,lacnic,70.45.in-addr.arpa,sign,,13,4,small group
2024-12,lacnic,79.170.in-addr.arpa,sign,,13,1,single delegation
2024-12,ripe,131.in-addr.arpa,rollover,10,7,1,single delegation
2024-12,ripe,152.45.in-addr.arpa,sign,,13,1,single delegation
2024-12,ripe,67.192.in-addr.arpa,rollover,10,13,1,single delegation
2024-12,ripe,86.45.in-addr.arpa,sign,,13,1,single delegation
2025-01,afrinic,212.102.in-addr.arpa,sign,,13,3,small group
2025-01,afrinic,216.102.in-addr.arpa,unsign,13,,2,small group
2025-01,afrinic,218.102.in-addr.arpa,sign,,13,2,small group
2025-01,afrinic,219.102.in-addr.arpa,sign,,13,1,single delegation
2025-01,afrinic,220.102.in-addr.arpa,sign,,13,1,single delegation
2025-01,arin,0.1.6.7.f.2.0.6.2.ip6.arpa,sign,,13,1,single delegation
2025-01,arin,0.5.2.1.8.0.2.0.6.2.ip6.arpa,sign,,13,1,single delegation
2025-01,arin,0.5.5.7.f.2.0.6.2.ip6.arpa,sign,,13,1,single delegation
2025-01,arin,0.c.6.b.f.2.0.6.2.ip6.arpa,sign,,13,1,single delegation
2025-01,arin,0.f.f.0.8.0.2.0.6.2.ip6.arpa,rollover,8,13,1,single delegation
2025-01,arin,1.9.f.2.0.6.2.ip6.arpa,sign,,13,1,single delegation
2025-01,arin,102.66.in-addr.arpa,unsign,13,,1,single delegation
2025-01,arin,106.216.in-addr.arpa,sign,,13,16,bulk
2025-01,arin,111.172.in-addr.arpa,sign,,8,1,single delegation
2025-01,arin,117.138.in-addr.arpa,sign,,8,1,single delegation
2025-01,arin,118.138.in-addr.arpa,unsign,13,,4,small group
2025-01,arin,128.66.in-addr.arpa,sign,,13,8,bulk
2025-01,arin,130.23.in-addr.arpa,sign,,13,1,single delegation
2025-01,arin,137.23.in-addr.arpa,rollover,8,13,1,single delegation
2025-01,arin,138.164.in-addr.arpa,unsign,8,,4,small group
2025-01,arin,139.192.in-addr.arpa,unsign,"7,10",,1,single delegation
2025-01,arin,141.192.in-addr.arpa,unsign,13,,4,small group
2025-01,arin,164.23.in-addr.arpa,sign,,8,1,single delegation
2025-01,arin,164.23.in-addr.arpa,unsign,8,,1,single delegation
2025-01,arin,164.45.in-addr.arpa,sign,,13,4,small group
2025-01,arin,167.45.in-addr.arpa,sign,,13,4,small group
2025-01,arin,17.198.in-addr.arpa,sign,,13,1,single delegation
2025-01,arin,176.45.in-addr.arpa,unsign,13,,4,small group
2025-01,arin,178.23.in-addr.arpa,unsign,13,,1,single delegation
2025-01,arin,180.23.in-addr.arpa,rollover,7,13,1,single delegation
2025-01,arin,182.45.in-addr.arpa,sign,,13,4,small group
2025-01,arin,182.45.in-addr.arpa,unsign,7,,4,small group
2025-01,arin,184.45.in-addr.arpa,sign,,8,1,single delegation
2025-01,arin,185.23.in-addr.arpa,sign,,13,1,single delegation
2025-01,arin,185.45.in-addr.arpa,sign,,13,4,small group
2025-01,arin,190.23.in-addr.arpa,sign,,13,1,single delegation
2025-01,arin,190.45.in-addr.arpa,sign,,8,2,small group
2025-01,arin,205.168.in-addr.arpa,unsign,8,,2,small group
2025-01,arin,206.198.in-addr.arpa,sign,,13,1,single delegation
2025-01,arin,207.205.in-addr.arpa,sign,,13,1,single delegation
2025-01,arin,231.45.in-addr.arpa,sign,,13,2,small group
2025-01,arin,234.45.in-addr.arpa,sign,,13,4,small group
2025-01,arin,238.204.in-addr.arpa,sign,,13,1,single delegation
2025-01,arin,239.170.in-addr.arpa,sign,,13,1,single delegation
2025-01,arin,239.45.in-addr.arpa,sign,,8,4,small group
2025-01,arin,245.192.in-addr.arpa,unsign,7,,1,single delegation
2025-01,arin,247.162.in-addr.arpa,sign,,13,3,small group
2025-01,arin,253.167.in-addr.arpa,sign,,13,2,small group
2025-01,arin,254.170.in-addr.arpa,unsign,13,,4,small group
2025-01,arin,255.131.in-addr.arpa,unsign,7,,1,single delegation
2025-01,arin,255.138.in-addr.arpa,unsign,8,,1,single delegation
2025-01,arin,33.64.in-addr.arpa,sign,,13,8,bulk
2025-01,arin,34.174.in-addr.arpa,rollover,13,"13,15",1,single delegation
2025-01,arin,34.174.in-addr.arpa,rollover,13,15,3,small group
2025-01,arin,36.199.in-addr.arpa,sign,,13,1,single delegation
2025-01,arin,5.45.in-addr.arpa,unsign,13,,1,single delegation
2025-01,arin,51.198.in-addr.arpa,rollover,"8,15",13,2,small group
2025-01,arin,51.66.in-addr.arpa,sign,,13,4,small group
2025-01,arin,54.192.in-addr.arpa,unsign,7,,1,single delegation
2025-01,arin,6.6.7.f.2.0.6.2.ip6.arpa,sign,,13,1,single delegation
2025-01,arin,67.in-addr.arpa,sign,,8,4,small group
2025-01,arin,71.45.in-addr.arpa,sign,,13,2,small group
2025-01,arin,78.170.in-addr.arpa,unsign,13,,3,small group
2025-01,arin,80.170.in-addr.arpa,sign,,8,4,small group
2025-01,arin,83.199.in-addr.arpa,unsign,13,,2,small group
2025-01,arin,88.45.in-addr.arpa,sign,,13,1,single delegation
2025-01,arin,9.9.2.0.2.0.6.2.ip6.arpa,sign,,13,1,single delegation
2025-01,arin,92.192.in-addr.arpa,sign,,13,1,single delegation
2025-01,arin,b.5.7.f.2.0.6.2.ip6.arpa,sign,,13,1,single delegation
2025-01,arin,b.8.c.f.2.0.6.2.ip6.arpa,unsign,13,,1,single delegation
2025-01,arin,f.8.0.0.0.2.6.2.ip6.arpa,sign,,8,1,single delegation
2025-01,lacnic,117.138.in-addr.arpa,sign,,8,1,single delegation
2025-01,lacnic,118.138.in-addr.arpa,unsign,13,,4,small group
2025-01,lacnic,164.45.in-addr.arpa,sign,,13,4,small group
2025-01,lacnic,167.45.in-addr.arpa,sign,,13,4,small group
2025-01,lacnic,176.45.in-addr.arpa,unsign,13,,4,small group
2025-01,lacnic,182.45.in-addr.arpa,sign,,13,4,small group
2025-01,lacnic,182.45.in-addr.arpa,unsign,7,,4,small group
2025-01,lacnic,185.45.in-addr.arpa,sign,,13,4,small group
2025-01,lacnic,197.168.in-addr.arpa,unsign,8,,3,small group
2025-01,lacnic,205.168.in-addr.arpa,unsign,8,,2,small group
2025-01,lacnic,231.45.in-addr.arpa,sign,,13,2,small group
2025-01,lacnic,234.45.in-addr.arpa,sign,,13,4,small group
2025-01,lacnic,239.170.in-addr.arpa,sign,,13,1,single delegation
2025-01,lacnic,239.45.in-addr.arpa,sign,,8,4,small group
2025-01,lacnic,254.170.in-addr.arpa,unsign,13,,4,small group
2025-01,lacnic,255.138.in-addr.arpa,unsign,8,,3,small group
2025-01,lacnic,5.45.in-addr.arpa,unsign,13,,1,single delegation
2025-01,lacnic,71.45.in-addr.arpa,sign,,13,2,small group
2025-01,lacnic,78.170.in-addr.arpa,unsign,13,,3,small group
2025-01,lacnic,80.170.in-addr.arpa,sign,,8,4,small group
2025-01,lacnic,97.138.in-addr.arpa,unsign,8,,2,small group
2025-01,ripe,138.164.in-addr.arpa,unsign,8,,4,small group
2025-01,ripe,34.203.in-addr.arpa,sign,,13,1,single delegation
2025-01,ripe,54.192.in-addr.arpa,unsign,7,,1,single delegation
2025-01,ripe,88.45.in-addr.arpa,sign,,13,1,single delegation
2025-02,afrinic,216.102.in-addr.arpa,sign,,13,3,small group
2025-02,arin,0.128.in-addr.arpa,sign,,13,1,single delegation
2025-02,arin,0.5.d.a.f.2.0.6.2.ip6.arpa,sign,,13,1,single delegation
2025-02,arin,0.c.3.7.f.2.0.6.2.ip6.arpa,sign,,13,1,single delegation
2025-02,arin,1.0.0.0.0.5.0.1.0.0.2.ip6.arpa,sign,,8,2,small group
2025-02,arin,104.24.in-addr.arpa,unsign,7,,1,single delegation
2025-02,arin,130.23.in-addr.arpa,sign,,13,1,single delegation
2025-02,arin,131.23.in-addr.arpa,sign,,13,1,single delegation
2025-02,arin,132.23.in-addr.arpa,sign,,13,3,small group
2025-02,arin,134.in-addr.arpa,unsign,7,,1,single delegation
2025-02,arin,137.23.in-addr.arpa,unsign,13,,1,single delegation
2025-02,arin,141.192.in-addr.arpa,sign,,13,4,small group
2025-02,arin,142.45.in-addr.arpa,sign,,8,1,single delegation
2025-02,arin,152.24.in-addr.arpa,sign,,13,1,single delegation
2025-02,arin,160.45.in-addr.arpa,sign,,13,4,small group
2025-02,arin,162.23.in-addr.arpa,sign,,13,1,single delegation
2025-02,arin,176.45.in-addr.arpa,sign,,13,4,small group
2025-02,arin,184.45.in-addr.arpa,unsign,8,,1,single delegation
2025-02,arin,186.198.in-addr.arpa,sign,,13,1,single delegation
2025-02,arin,190.45.in-addr.arpa,sign,,8,1,single delegation
2025-02,arin,190.45.in-addr.arpa,unsign,8,,1,single delegation
2025-02,arin,195.134.in-addr.arpa,unsign,13,,1,single delegation
2025-02,arin,196.131.in-addr.arpa,sign,,13,4,small group
2025-02,arin,201.128.in-addr.arpa,sign,,8,4,small group
2025-02,arin,202.143.in-addr.arpa,sign,,13,4,small group
2025-02,arin,208.173.in-addr.arpa,unsign,13,,1,single delegation
2025-02,arin,220.206.in-addr.arpa,sign,,15,4,small group
2025-02,arin,228.168.in-addr.arpa,sign,,13,4,small group
2025-02,arin,228.45.in-addr.arpa,sign,,13,4,small group
2025-02,arin,230.45.in-addr.arpa,sign,,13,4,small group
2025-02,arin,235.140.in-addr.arpa,sign,,13,3,small group
2025-02,arin,246.198.in-addr.arpa,sign,,13,1,single delegation
2025-02,arin,249.23.in-addr.arpa,sign,,13,1,single delegation
2025-02,arin,254.170.in-addr.arpa,sign,,13,1,single delegation
2025-02,arin,255.131.in-addr.arpa,sign,,7,1,single delegation
2025-02,arin,255.131.in-addr.arpa,unsign,7,,1,single delegation
2025-02,arin,26.64.in-addr.arpa,sign,,13,1,single delegation
2025-02,arin,3.2.0.2.0.6.2.ip6.arpa,unsign,13,,1,single delegation
2025-02,arin,4.3.2.0.2.0.6.2.ip6.arpa,sign,,13,1,single delegation
2025-02,arin,51.130.in-addr.arpa,sign,,13,1,single delegation
2025-02,arin,54.192.in-addr.arpa,sign,,14,1,single delegation
2025-02,arin,54.45.in-addr.arpa,unsign,13,,1,single delegation
2025-02,arin,59.45.in-addr.arpa,sign,,8,2,small group
2025-02,arin,61.204.in-addr.arpa,sign,,8,10,bulk
2025-02,arin,67.208.in-addr.arpa,sign,,13,4,small group
2025-02,arin,80.170.in-addr.arpa,unsign,13,,4,small group
2025-02,arin,80.170.in-addr.arpa,unsign,8,,4,small group
2025-02,arin,9.9.in-addr.arpa,sign,,8,1,single delegation
2025-02,arin,90.168.in-addr.arpa,unsign,13,,4,small group
2025-02,arin,92.192.in-addr.arpa,sign,,13,1,single delegation
2025-02,arin,98.216.in-addr.arpa,unsign,13,,4,small group
2025-02,arin,99.138.in-addr.arpa,sign,,13,4,small group
2025-02,lacnic,117.138.in-addr.arpa,unsign,8,,1,single delegation
2025-02,lacnic,152.24.in-addr.arpa,sign,,13,1,single delegation
2025-02,lacnic,160.45.in-addr.arpa,sign,,13,4,small group
2025-02,lacnic,176.45.in-addr.arpa,sign,,13,4,small group
2025-02,lacnic,190.45.in-addr.arpa,unsign,8,,2,small group
2025-02,lacnic,196.131.in-addr.arpa,sign,,13,4,small group
2025-02,lacnic,202.143.in-addr.arpa,sign,,13,4,small group
2025-02,lacnic,228.168.in-addr.arpa,sign,,13,4,small group
2025-02,lacnic,228.45.in-addr.arpa,sign,,13,4,small group
2025-02,lacnic,230.45.in-addr.arpa,sign,,13,4,small group
2025-02,lacnic,247.170.in-addr.arpa,unsign,8,,1,single delegation
2025-02,lacnic,255.131.in-addr.arpa,unsign,7,,3,small group
2025-02,lacnic,80.170.in-addr.arpa,unsign,13,,4,small group
2025-02,lacnic,80.170.in-addr.arpa,unsign,8,,4,small group
2025-02,lacnic,90.168.in-addr.arpa,unsign,13,,4,small group
2025-02,lacnic,97.138.in-addr.arpa,sign,,8,1,single delegation
2025-02,lacnic,97.138.in-addr.arpa,unsign,8,,2,small group
2025-02,lacnic,98.216.in-addr.arpa,unsign,13,,4,small group
2025-02,lacnic,99.138.in-addr.arpa,sign,,13,4,small group
2025-02,ripe,0.128.in-addr.arpa,sign,,13,1,single delegation
2025-02,ripe,0.27.in-addr.arpa,sign,,13,1,single delegation
2025-02,ripe,134.in-addr.arpa,unsign,7,,1,single delegation
2025-02,ripe,142.45.in-addr.arpa,sign,,8,1,single delegation
2025-02,ripe,249.23.in-addr.arpa,sign,,13,1,single delegation
2025-02,ripe,26.64.in-addr.arpa,sign,,13,1,single delegation
2025-02,ripe,54.192.in-addr.arpa,sign,,14,1,single delegation
2025-02,ripe,92.192.in-addr.arpa,sign,,13,1,single delegation
2025-02,ripe,98.203.in-addr.arpa,sign,,13,1,single delegation
2025-03,afrinic,220.102.in-addr.arpa,sign,,8,1,single delegation
2025-03,arin,0.8.1.7.f.2.0.6.2.ip6.arpa,sign,,13,1,single delegation
2025-03,arin,0.c.2.1.8.0.2.0.6.2.ip6.arpa,sign,,13,1,single delegation
2025-03,arin,0.e.1.7.f.2.0.6.2.ip6.arpa,sign,,13,1,single delegation
2025-03,arin,0.f.c.0.8.0.2.0.6.2.ip6.arpa,sign,,13,1,single delegation
2025-03,arin,104.24.in-addr.arpa,sign,,8,1,single delegation
2025-03,arin,11.204.in-addr.arpa,sign,,13,1,single delegation
2025-03,arin,112.64.in-addr.arpa,sign,,13,8,bulk
2025-03,arin,112.64.in-addr.arpa,unsign,13,,1,single delegation
2025-03,arin,117.138.in-addr.arpa,unsign,8,,1,single delegation
2025-03,arin,123.206.in-addr.arpa,sign,,15,2,small group
2025-03,arin,129.23.in-addr.arpa,sign,,13,1,single delegation
2025-03,arin,132.23.in-addr.arpa,sign,,13,1,single delegation
2025-03,arin,133.23.in-addr.arpa,sign,,13,1,single delegation
2025-03,arin,134.23.in-addr.arpa,sign,,13,1,single delegation
2025-03,arin,134.in-addr.arpa,sign,,8,1,single delegation
2025-03,arin,136.169.in-addr.arpa,sign,,13,32,bulk
2025-03,arin,137.174.in-addr.arpa,sign,,13,16,bulk
2025-03,arin,140.165.in-addr.arpa,unsign,13,,1,single delegation
2025-03,arin,144.204.in-addr.arpa,sign,,13,2,small group
2025-03,arin,149.in-addr.arpa,sign,,13,1,single delegation
2025-03,arin,159.in-addr.arpa,sign,,13,1,single delegation
2025-03,arin,167.104.in-addr.arpa,sign,,13,1,single delegation
2025-03,arin,167.23.in-addr.arpa,sign,,13,1,single delegation
2025-03,arin,169.45.in-addr.arpa,sign,,8,4,small group
2025-03,arin,17.103.in-addr.arpa,sign,,13,4,small group
2025-03,arin,170.in-addr.arpa,sign,,13,1,single delegation
2025-03,arin,172.45.in-addr.arpa,unsign,13,,1,single delegation
2025-03,arin,173.45.in-addr.arpa,unsign,8,,4,small group
2025-03,arin,177.45.in-addr.arpa,unsign,8,,2,small group
2025-03,arin,185.45.in-addr.arpa,unsign,13,,4,small group
2025-03,arin,189.45.in-addr.arpa,unsign,13,,4,small group
2025-03,arin,196.168.in-addr.arpa,sign,,13,4,small group
2025-03,arin,219.192.in-addr.arpa,sign,,15,1,single delegation
2025-03,arin,231.45.in-addr.arpa,unsign,8,,4,small group
2025-03,arin,239.64.in-addr.arpa,sign,,13,1,single delegation
2025-03,arin,245.216.in-addr.arpa,sign,,13,1,single delegation
2025-03,arin,249.167.in-addr.arpa,unsign,13,,3,small group
2025-03,arin,254.170.in-addr.arpa,sign,,13,3,small group
2025-03,arin,255.131.in-addr.arpa,sign,,7,1,single delegation
2025-03,arin,255.131.in-addr.arpa,unsign,7,,2,small group
2025-03,arin,255.138.in-addr.arpa,unsign,8,,4,small group
2025-03,arin,3.3.f.7.0.6.2.ip6.arpa,sign,,13,1,single delegation
2025-03,arin,33.66.in-addr.arpa,sign,,13,8,bulk
2025-03,arin,34.174.in-addr.arpa,rollover,"13,15",15,1,single delegation
2025-03,arin,34.199.in-addr.arpa,sign,,8,1,single delegation
2025-03,arin,59.45.in-addr.arpa,sign,,8,2,small group
2025-03,arin,61.45.in-addr.arpa,sign,,13,1,single delegation
2025-03,arin,62.149.in-addr.arpa,sign,,13,1,single delegation
2025-03,arin,67.45.in-addr.arpa,sign,,8,1,single delegation
2025-03,arin,71.69.in-addr.arpa,sign,,8,16,bulk
2025-03,arin,73.198.in-addr.arpa,sign,,13,2,small group
2025-03,arin,8.5.8.4.0.6.2.ip6.arpa,sign,,8,1,single delegation
2025-03,arin,80.170.in-addr.arpa,sign,,8,4,small group
2025-03,arin,83.170.in-addr.arpa,sign,,13,4,small group
2025-03,arin,83.172.in-addr.arpa,sign,,13,1,single delegation
2025-03,arin,91.199.in-addr.arpa,rollover,8,13,3,small group
2025-03,arin,e.2.a.f.2.0.6.2.ip6.arpa,unsign,"7,8,13",,1,single delegation
2025-03,lacnic,169.45.in-addr.arpa,sign,,8,4,small group
2025-03,lacnic,170.in-addr.arpa,unsign,8,,1,single delegation
2025-03,lacnic,172.45.in-addr.arpa,unsign,13,,1,single delegation
2025-03,lacnic,173.45.in-addr.arpa,unsign,8,,4,small group
2025-03,lacnic,185.45.in-addr.arpa,unsign,13,,4,small group
2025-03,lacnic,189.45.in-addr.arpa,unsign,13,,4,small group
2025-03,lacnic,196.168.in-addr.arpa,sign,,13,4,small group
2025-03,lacnic,201.128.in-addr.arpa,sign,,8,4,small group
2025-03,lacnic,231.45.in-addr.arpa,unsign,8,,3,small group
2025-03,lacnic,247.170.in-addr.arpa,sign,,8,1,single delegation
2025-03,lacnic,249.167.in-addr.arpa,unsign,13,,3,small group
2025-03,lacnic,254.170.in-addr.arpa,sign,,13,4,small group
2025-03,lacnic,255.131.in-addr.arpa,sign,,7,3,small group
2025-03,lacnic,255.131.in-addr.arpa,unsign,13,,1,single delegation
2025-03,lacnic,255.131.in-addr.arpa,unsign,7,,1,single delegation
2025-03,lacnic,255.138.in-addr.arpa,unsign,8,,4,small group
2025-03,lacnic,68.45.in-addr.arpa,unsign,5,,1,single delegation
2025-03,lacnic,80.170.in-addr.arpa,sign,,8,4,small group
2025-03,lacnic,83.170.in-addr.arpa,sign,,13,4,small group
2025-03,lacnic,97.138.in-addr.arpa,sign,,8,3,small group
2025-03,ripe,11.204.in-addr.arpa,sign,,13,1,single delegation
2025-03,ripe,147.103.in-addr.arpa,sign,,13,1,single delegation
2025-03,ripe,167.104.in-addr.arpa,sign,,13,1,single delegation
2025-03,ripe,62.149.in-addr.arpa,sign,,13,1,single delegation
2025-03,ripe,67.45.in-addr.arpa,sign,,8,1,single delegation
2025-04,arin,0.1.3.8.f.2.0.6.2.ip6.arpa,unsign,8,,1,single delegation
2025-04,arin,0.2.0.0.0.1.6.2.ip6.arpa,unsign,"7,8",,2,small group
2025-04,arin,0.5.0.c.f.2.0.6.2.ip6.arpa,sign,,13,1,single delegation
2025-04,arin,0.a.b.6.f.2.0.6.2.ip6.arpa,sign,,13,1,single delegation
2025-04,arin,0.f.6.5.0.6.2.ip6.arpa,unsign,13,,1,single delegation
2025-04,arin,118.216.in-addr.arpa,sign,,13,16,bulk
2025-04,arin,12.192.in-addr.arpa,unsign,5,,1,single delegation
2025-04,arin,120.199.in-addr.arpa,sign,,13,2,small group
2025-04,arin,128.23.in-addr.arpa,sign,,13,1,single delegation
2025-04,arin,130.23.in-addr.arpa,sign,,13,1,single delegation
2025-04,arin,133.23.in-addr.arpa,sign,,13,1,single delegation
2025-04,arin,134.in-addr.arpa,sign,,8,1,single delegation
2025-04,arin,136.23.in-addr.arpa,sign,,13,1,single delegation
2025-04,arin,142.45.in-addr.arpa,sign,,13,1,single delegation
2025-04,arin,145.192.in-addr.arpa,sign,,8,4,small group
2025-04,arin,150.23.in-addr.arpa,unsign,8,,1,single delegation
2025-04,arin,151.45.in-addr.arpa,sign,,13,1,single delegation
2025-04,arin,152.204.in-addr.arpa,sign,,13,2,small group
2025-04,arin,154.23.in-addr.arpa,unsign,13,,1,single delegation
2025-04,arin,16.199.in-addr.arpa,unsign,13,,1,single delegation
2025-04,arin,160.147.in-addr.arpa,sign,,8,1,single delegation
2025-04,arin,164.23.in-addr.arpa,unsign,8,,2,small group
2025-04,arin,165.45.in-addr.arpa,sign,,13,1,single delegation
2025-04,arin,173.45.in-addr.arpa,sign,,8,4,small group
2025-04,arin,177.45.in-addr.arpa,unsign,8,,1,single delegation
2025-04,arin,182.45.in-addr.arpa,sign,,13,3,small group
2025-04,arin,190.192.in-addr.arpa,sign,,13,1,single delegation
2025-04,arin,190.45.in-addr.arpa,sign,,8,1,single delegation
2025-04,arin,2.e.b.f.2.0.6.2.ip6.arpa,unsign,8,,1,single delegation
2025-04,arin,201.128.in-addr.arpa,unsign,8,,4,small group
2025-04,arin,219.138.in-addr.arpa,sign,,13,4,small group
2025-04,arin,221.67.in-addr.arpa,sign,,13,1,single delegation
2025-04,arin,229.45.in-addr.arpa,sign,,13,3,small group
2025-04,arin,231.45.in-addr.arpa,sign,,8,4,small group
2025-04,arin,233.45.in-addr.arpa,sign,,13,4,small group
2025-04,arin,235.140.in-addr.arpa,sign,,13,1,single delegation
2025-04,arin,248.66.in-addr.arpa,sign,,13,1,single delegation
2025-04,arin,249.167.in-addr.arpa,sign,,13,3,small group
2025-04,arin,253.199.in-addr.arpa,sign,,8,1,single delegation
2025-04,arin,255.131.in-addr.arpa,sign,,7,2,small group
2025-04,arin,255.138.in-addr.arpa,sign,,8,4,small group
2025-04,arin,255.149.in-addr.arpa,sign,,13,4,small group
2025-04,arin,40.192.in-addr.arpa,sign,,13,1,single delegation
2025-04,arin,5.45.in-addr.arpa,unsign,5,,4,small group
2025-04,arin,59.66.in-addr.arpa,unsign,13,,1,single delegation
2025-04,arin,6.3.7.f.2.0.6.2.ip6.arpa,sign,,13,1,single delegation
2025-04,arin,68.45.in-addr.arpa,unsign,5,,3,small group
2025-04,arin,7.a.f.2.0.6.2.ip6.arpa,sign,,13,1,single delegation
2025-04,arin,8.8.6.6.0.6.2.ip6.arpa,sign,,13,1,single delegation
2025-04,arin,80.170.in-addr.arpa,sign,,13,3,small group
2025-04,arin,80.170.in-addr.arpa,unsign,8,,4,small group
2025-04,arin,98.172.in-addr.arpa,sign,,8,2,small group
2025-04,arin,f.6.5.0.6.2.ip6.arpa,sign,,13,1,single delegation
2025-04,lacnic,137.143.in-addr.arpa,unsign,13,,2,small group
2025-04,lacnic,165.45.in-addr.arpa,sign,,13,1,single delegation
2025-04,lacnic,170.in-addr.arpa,sign,,8,1,single delegation
2025-04,lacnic,173.45.in-addr.arpa,sign,,8,4,small group
2025-04,lacnic,177.45.in-addr.arpa,unsign,8,,3,small group
2025-04,lacnic,182.45.in-addr.arpa,sign,,13,3,small group
2025-04,lacnic,190.45.in-addr.arpa,sign,,8,2,small group
2025-04,lacnic,190.45.in-addr.arpa,unsign,8,,1,single delegation
2025-04,lacnic,219.138.in-addr.arpa,sign,,13,4,small group
2025-04,lacnic,221.131.in-addr.arpa,unsign,13,,1,single delegation
2025-04,lacnic,229.45.in-addr.arpa,sign,,13,3,small group
2025-04,lacnic,231.45.in-addr.arpa,sign,,8,3,small group
2025-04,lacnic,233.45.in-addr.arpa,sign,,13,4,small group
2025-04,lacnic,249.167.in-addr.arpa,sign,,13,3,small group
2025-04,lacnic,249.167.in-addr.arpa,unsign,13,,4,small group
2025-04,lacnic,255.131.in-addr.arpa,sign,,13,1,single delegation
2025-04,lacnic,255.131.in-addr.arpa,unsign,7,,1,single delegation
2025-04,lacnic,255.132.in-addr.arpa,unsign,13,,4,small group
2025-04,lacnic,255.138.in-addr.arpa,sign,,8,4,small group
2025-04,lacnic,5.45.in-addr.arpa,unsign,5,,4,small group
2025-04,lacnic,68.45.in-addr.arpa,unsign,5,,2,small group
2025-04,lacnic,80.170.in-addr.arpa,sign,,13,4,small group
2025-04,lacnic,80.170.in-addr.arpa,unsign,8,,4,small group
2025-04,lacnic,83.170.in-addr.arpa,unsign,13,,4,small group
2025-04,ripe,134.in-addr.arpa,sign,,8,1,single delegation
2025-04,ripe,142.45.in-addr.arpa,sign,,13,1,single delegation
2025-04,ripe,145.192.in-addr.arpa,sign,,8,4,small group
2025-04,ripe,149.103.in-addr.arpa,sign,,13,2,small group
2025-04,ripe,151.45.in-addr.arpa,sign,,13,1,single delegation
2025-04,ripe,255.149.in-addr.arpa,sign,,13,4,small group
2025-04,ripe,40.192.in-addr.arpa,sign,,13,1,single delegation
2025-05,afrinic,222.102.in-addr.arpa,sign,,13,3,small group
2025-05,afrinic,95.193.in-addr.arpa,unsign,8,,1,single delegation
2025-05,arin,0.0.f.0.0.0.0.2.6.2.ip6.arpa,unsign,8,,1,single delegation
2025-05,arin,0.4.7.6.f.2.0.6.2.ip6.arpa,sign,,13,1,single delegation
2025-05,arin,0.5.8.6.f.2.0.6.2.ip6.arpa,sign,,13,1,single delegation
2025-05,arin,0.5.b.1.8.0.2.0.6.2.ip6.arpa,sign,,8,1,single delegation
2025-05,arin,0.7.f.9.f.2.0.6.2.ip6.arpa,sign,,13,1,single delegation
2025-05,arin,0.8.7.6.f.2.0.6.2.ip6.arpa,sign,,13,1,single delegation
2025-05,arin,10.45.in-addr.arpa,sign,,13,1,single delegation
2025-05,arin,101.192.in-addr.arpa,sign,,13,1,single delegation
2025-05,arin,112.209.in-addr.arpa,sign,,13,2,small group
2025-05,arin,115.161.in-addr.arpa,sign,,13,16,bulk
2025-05,arin,129.45.in-addr.arpa,rollover,8,13,4,small group
2025-05,arin,135.209.in-addr.arpa,sign,,13,4,small group
2025-05,arin,145.45.in-addr.arpa,sign,,13,1,single delegation
2025-05,arin,147.23.in-addr.arpa,sign,,13,1,single delegation
2025-05,arin,147.in-addr.arpa,unsign,8,,1,single delegation
2025-05,arin,151.209.in-addr.arpa,sign,,13,4,small group
2025-05,arin,151.in-addr.arpa,unsign,8,,1,single delegation
2025-05,arin,153.23.in-addr.arpa,sign,,13,1,single delegation
2025-05,arin,155.23.in-addr.arpa,unsign,8,,1,single delegation
2025-05,arin,164.23.in-addr.arpa,sign,,13,1,single delegation
2025-05,arin,168.23.in-addr.arpa,sign,,8,1,single delegation
2025-05,arin,169.45.in-addr.arpa,unsign,8,,4,small group
2025-05,arin,177.45.in-addr.arpa,sign,,8,3,small group
2025-05,arin,179.45.in-addr.arpa,sign,,13,2,small group
2025-05,arin,186.45.in-addr.arpa,unsign,13,,1,single delegation
2025-05,arin,190.45.in-addr.arpa,unsign,8,,1,single delegation
2025-05,arin,191.23.in-addr.arpa,sign,,13,1,single delegation
2025-05,arin,195.134.in-addr.arpa,rollover,13,8,1,single delegation
2025-05,arin,201.128.in-addr.arpa,sign,,8,4,small group
2025-05,arin,201.128.in-addr.arpa,unsign,13,,1,single delegation
2025-05,arin,202.142.in-addr.arpa,sign,,13,1,single delegation
2025-05,arin,219.67.in-addr.arpa,rollover,8,13,3,small group
2025-05,arin,219.67.in-addr.arpa,sign,,13,1,single delegation
2025-05,arin,229.45.in-addr.arpa,sign,,13,1,single delegation
2025-05,arin,235.140.in-addr.arpa,sign,,13,1,single delegation
2025-05,arin,238.160.in-addr.arpa,unsign,13,,4,small group
2025-05,arin,250.160.in-addr.arpa,sign,,13,2,small group
2025-05,arin,4.0.7.f.2.0.6.2.ip6.arpa,sign,,13,1,single delegation
2025-05,arin,41.192.in-addr.arpa,sign,,13,1,single delegation
2025-05,arin,43.45.in-addr.arpa,unsign,13,,1,single delegation
2025-05,arin,59.45.in-addr.arpa,sign,,13,1,single delegation
2025-05,arin,62.204.in-addr.arpa,sign,,8,4,small group
2025-05,arin,68.45.in-addr.arpa,sign,,13,3,small group
2025-05,arin,7.216.in-addr.arpa,sign,,13,1,single delegation
2025-05,arin,75.208.in-addr.arpa,sign,,13,4,small group
2025-05,arin,8.d.7.f.2.0.6.2.ip6.arpa,sign,,13,1,single delegation
2025-05,arin,80.170.in-addr.arpa,sign,,13,1,single delegation
2025-05,arin,80.170.in-addr.arpa,sign,,8,4,small group
2025-05,arin,83.192.in-addr.arpa,unsign,13,,1,single delegation
2025-05,arin,85.208.in-addr.arpa,sign,,13,4,small group
2025-05,arin,97.138.in-addr.arpa,unsign,8,,1,single delegation
2025-05,arin,a.2.9.f.2.0.6.2.ip6.arpa,unsign,13,,1,single delegation
2025-05,arin,a.a.f.2.0.6.2.ip6.arpa,sign,,13,1,single delegation
2025-05,arin,c.e.9.f.2.0.6.2.ip6.arpa,rollover,13,8,1,single delegation
2025-05,arin,f.7.a.f.2.0.6.2.ip6.arpa,sign,,13,1,single delegation
2025-05,lacnic,137.143.in-addr.arpa,unsign,13,,2,small group
2025-05,lacnic,169.45.in-addr.arpa,unsign,8,,4,small group
2025-05,lacnic,177.45.in-addr.arpa,sign,,8,1,single delegation
2025-05,lacnic,179.45.in-addr.arpa,sign,,13,2,small group
2025-05,lacnic,186.45.in-addr.arpa,unsign,13,,1,single delegation
2025-05,lacnic,190.45.in-addr.arpa,sign,,8,1,single delegation
2025-05,lacnic,190.45.in-addr.arpa,unsign,8,,1,single delegation
2025-05,lacnic,191.45.in-addr.arpa,unsign,13,,4,small group
2025-05,lacnic,201.128.in-addr.arpa,unsign,13,,1,single delegation
2025-05,lacnic,221.131.in-addr.arpa,sign,,13,1,single delegation
2025-05,lacnic,229.45.in-addr.arpa,sign,,13,1,single delegation
2025-05,lacnic,238.160.in-addr.arpa,unsign,13,,4,small group
2025-05,lacnic,249.167.in-addr.arpa,sign,,13,4,small group
2025-05,lacnic,255.131.in-addr.arpa,sign,,7,2,small group
2025-05,lacnic,255.132.in-addr.arpa,sign,,13,4,small group
2025-05,lacnic,68.45.in-addr.arpa,sign,,13,3,small group
2025-05,lacnic,80.170.in-addr.arpa,sign,,8,4,small group
2025-05,lacnic,83.170.in-addr.arpa,sign,,13,4,small group
2025-05,lacnic,97.138.in-addr.arpa,unsign,8,,1,single delegation
2025-05,ripe,10.45.in-addr.arpa,sign,,13,1,single delegation
2025-05,ripe,101.192.in-addr.arpa,sign,,13,1,single delegation
2025-05,ripe,112.209.in-addr.arpa,sign,,13,1,single delegation
2025-05,ripe,129.45.in-addr.arpa,rollover,8,13,4,small group
2025-05,ripe,145.45.in-addr.arpa,sign,,13,1,single delegation
2025-05,ripe,147.in-addr.arpa,unsign,8,,1,single delegation
2025-05,ripe,41.192.in-addr.arpa,sign,,13,1,single delegation
2025-05,ripe,43.45.in-addr.arpa,unsign,13,,1,single delegation
2025-06,afrinic,140.197.in-addr.arpa,sign,,8,1,single delegation
2025-06,afrinic,e.6.1.8.f.3.4.1.0.0.2.ip6.arpa,sign,,13,1,single delegation
2025-06,arin,0.0.a.7.d.0.0.0.2.6.2.ip6.arpa,sign,,13,1,single delegation
2025-06,arin,0.131.in-addr.arpa,sign,,8,4,small group
2025-06,arin,0.170.in-addr.arpa,unsign,13,,2,small group
2025-06,arin,0.8.5.6.f.2.0.6.2.ip6.arpa,sign,,13,1,single delegation
2025-06,arin,1.c.6.f.2.0.6.2.ip6.arpa,sign,,13,1,single delegation
2025-06,arin,10.45.in-addr.arpa,sign,,13,4,small group
2025-06,arin,102.66.in-addr.arpa,unsign,13,,1,single delegation
2025-06,arin,129.45.in-addr.arpa,rollover,13,"13,15",1,single delegation
2025-06,arin,129.in-addr.arpa,rollover,10,13,1,single delegation
2025-06,arin,136.23.in-addr.arpa,sign,,13,1,single delegation
2025-06,arin,139.23.in-addr.arpa,sign,,13,1,single delegation
2025-06,arin,141.192.in-addr.arpa,unsign,13,,1,single delegation
2025-06,arin,143.in-addr.arpa,unsign,13,,1,single delegation
2025-06,arin,148.in-addr.arpa,rollover,13,15,1,single delegation
2025-06,arin,152.164.in-addr.arpa,sign,,13,2,small group
2025-06,arin,163.164.in-addr.arpa,sign,,13,1,single delegation
2025-06,arin,169.45.in-addr.arpa,sign,,8,4,small group
2025-06,arin,171.45.in-addr.arpa,sign,,13,1,single delegation
2025-06,arin,172.45.in-addr.arpa,unsign,13,,1,single delegation
2025-06,arin,173.45.in-addr.arpa,unsign,8,,4,small group
2025-06,arin,178.45.in-addr.arpa,unsign,13,,2,small group
2025-06,arin,186.45.in-addr.arpa,sign,,13,1,single delegation
2025-06,arin,190.23.in-addr.arpa,sign,,13,1,single delegation
2025-06,arin,190.45.in-addr.arpa,sign,,13,4,small group
2025-06,arin,190.45.in-addr.arpa,sign,,8,1,single delegation
2025-06,arin,201.128.in-addr.arpa,sign,,13,1,single delegation
2025-06,arin,201.128.in-addr.arpa,unsign,8,,4,small group
2025-06,arin,210.198.in-addr.arpa,sign,,13,1,single delegation
2025-06,arin,228.168.in-addr.arpa,unsign,8,,4,small group
2025-06,arin,228.45.in-addr.arpa,unsign,13,,4,small group
2025-06,arin,239.45.in-addr.arpa,sign,,13,4,small group
2025-06,arin,245.207.in-addr.arpa,sign,,13,3,small group
2025-06,arin,67.in-addr.arpa,unsign,8,,4,small group
2025-06,arin,68.45.in-addr.arpa,unsign,13,,3,small group
2025-06,arin,80.170.in-addr.arpa,unsign,8,,1,single delegation
2025-06,arin,89.152.in-addr.arpa,sign,,8,1,single delegation
2025-06,arin,97.138.in-addr.arpa,sign,,8,1,single delegation
2025-06,lacnic,0.131.in-addr.arpa,sign,,8,4,small group
2025-06,lacnic,0.170.in-addr.arpa,unsign,13,,2,small group
2025-06,lacnic,137.143.in-addr.arpa,sign,,13,4,small group
2025-06,lacnic,141.192.in-addr.arpa,unsign,13,,1,single delegation
2025-06,lacnic,163.164.in-addr.arpa,sign,,13,1,single delegation
2025-06,lacnic,169.45.in-addr.arpa,sign,,8,4,small group
2025-06,lacnic,171.45.in-addr.arpa,sign,,13,1,single delegation
2025-06,lacnic,172.45.in-addr.arpa,unsign,13,,1,single delegation
2025-06,lacnic,173.45.in-addr.arpa,unsign,8,,4,small group
2025-06,lacnic,177.45.in-addr.arpa,sign,,8,2,small group
2025-06,lacnic,178.45.in-addr.arpa,unsign,13,,2,small group
2025-06,lacnic,186.45.in-addr.arpa,sign,,13,1,single delegation
2025-06,lacnic,190.45.in-addr.arpa,sign,,13,4,small group
2025-06,lacnic,190.45.in-addr.arpa,sign,,8,1,single delegation
2025-06,lacnic,191.45.in-addr.arpa,sign,,13,4,small group
2025-06,lacnic,201.128.in-addr.arpa,sign,,13,1,single delegation
2025-06,lacnic,228.168.in-addr.arpa,unsign,8,,4,small group
2025-06,lacnic,228.45.in-addr.arpa,unsign,13,,4,small group
2025-06,lacnic,239.45.in-addr.arpa,sign,,13,4,small group
2025-06,lacnic,68.45.in-addr.arpa,unsign,13,,3,small group
2025-06,lacnic,80.170.in-addr.arpa,unsign,8,,1,single delegation
2025-06,lacnic,97.138.in-addr.arpa,sign,,8,1,single delegation
2025-06,ripe,10.45.in-addr.arpa,sign,,13,4,small group
2025-06,ripe,114.163.in-addr.arpa,sign,,14,1,single delegation
2025-06,ripe,129.45.in-addr.arpa,rollover,13,"13,15",1,single delegation
2025-06,ripe,129.in-addr.arpa,rollover,10,13,1,single delegation
2025-06,ripe,148.in-addr.arpa,rollover,13,15,1,single delegation
2025-06,ripe,89.152.in-addr.arpa,sign,,8,1,single delegation
2025-06,ripe,91.118.in-addr.arpa,sign,,13,1,single delegation
2025-07,afrinic,216.102.in-addr.arpa,unsign,13,,2,small group
2025-07,afrinic,23.102.in-addr.arpa,unsign,13,,2,small group
2025-07,arin,0.0.2.9.d.0.0.0.2.6.2.ip6.arpa,sign,,13,1,single delegation
2025-07,arin,0.0.6.9.d.0.0.0.2.6.2.ip6.arpa,sign,,13,1,single delegation
2025-07,arin,0.7.a.7.f.2.0.6.2.ip6.arpa,sign,,13,1,single delegation
2025-07,arin,114.152.in-addr.arpa,sign,,13,4,small group
2025-07,arin,130.23.in-addr.arpa,rollover,5,13,1,single delegation
2025-07,arin,137.143.in-addr.arpa,unsign,13,,1,single delegation
2025-07,arin,140.23.in-addr.arpa,sign,,13,1,single delegation
2025-07,arin,141.192.in-addr.arpa,unsign,13,,1,single delegation
2025-07,arin,142.23.in-addr.arpa,unsign,13,,1,single delegation
2025-07,arin,161.131.in-addr.arpa,unsign,13,,1,single delegation
2025-07,arin,164.45.in-addr.arpa,sign,,13,4,small group
2025-07,arin,164.in-addr.arpa,sign,,8,1,single delegation
2025-07,arin,165.45.in-addr.arpa,sign,,13,1,single delegation
2025-07,arin,166.206.in-addr.arpa,sign,,8,1,single delegation
2025-07,arin,167.104.in-addr.arpa,unsign,13,,1,single delegation
2025-07,arin,170.216.in-addr.arpa,sign,,7,32,bulk
2025-07,arin,173.45.in-addr.arpa,sign,,8,4,small group
2025-07,arin,174.23.in-addr.arpa,sign,,8,1,single delegation
2025-07,arin,177.198.in-addr.arpa,unsign,8,,1,single delegation
2025-07,arin,178.45.in-addr.arpa,sign,,13,2,small group
2025-07,arin,184.23.in-addr.arpa,sign,,13,1,single delegation
2025-07,arin,186.45.in-addr.arpa,unsign,13,,1,single delegation
2025-07,arin,190.45.in-addr.arpa,sign,,13,4,small group
2025-07,arin,191.23.in-addr.arpa,sign,,13,1,single delegation
2025-07,arin,2.f.d.f.2.0.6.2.ip6.arpa,rollover,5,13,1,single delegation
2025-07,arin,201.128.in-addr.arpa,sign,,8,4,small group
2025-07,arin,201.128.in-addr.arpa,unsign,13,,1,single delegation
2025-07,arin,202.198.in-addr.arpa,sign,,13,1,single delegation
2025-07,arin,228.45.in-addr.arpa,sign,,13,4,small group
2025-07,arin,231.45.in-addr.arpa,sign,,13,4,small group
2025-07,arin,238.160.in-addr.arpa,sign,,13,4,small group
2025-07,arin,239.204.in-addr.arpa,sign,,13,1,single delegation
2025-07,arin,239.45.in-addr.arpa,unsign,8,,1,single delegation
2025-07,arin,247.23.in-addr.arpa,sign,,13,4,small group
2025-07,arin,29.198.in-addr.arpa,sign,,13,16,bulk
2025-07,arin,32.64.in-addr.arpa,sign,,13,1,single delegation
2025-07,arin,49.64.in-addr.arpa,unsign,13,,1,single delegation
2025-07,arin,51.198.in-addr.arpa,unsign,8,,1,single delegation
2025-07,arin,6.9.d.f.2.0.6.2.ip6.arpa,sign,,8,1,single delegation
2025-07,arin,65.103.in-addr.arpa,sign,,13,2,small group
2025-07,arin,a.1.6.f.2.0.6.2.ip6.arpa,sign,,13,1,single delegation
2025-07,arin,c.0.e.7.0.6.2.ip6.arpa,sign,,13,1,single delegation
2025-07,arin,e.2.1.4.0.6.2.ip6.arpa,sign,,13,1,single delegation
2025-07,arin,f.5.d.f.2.0.6.2.ip6.arpa,unsign,13,,1,single delegation
2025-07,lacnic,121.138.in-addr.arpa,unsign,13,,2,small group
2025-07,lacnic,137.143.in-addr.arpa,unsign,13,,3,small group
2025-07,lacnic,141.192.in-addr.arpa,unsign,13,,1,single delegation
2025-07,lacnic,161.131.in-addr.arpa,unsign,13,,1,single delegation
2025-07,lacnic,164.45.in-addr.arpa,sign,,13,4,small group
2025-07,lacnic,165.45.in-addr.arpa,sign,,13,1,single delegation
2025-07,lacnic,173.45.in-addr.arpa,sign,,8,4,small group
2025-07,lacnic,178.45.in-addr.arpa,unsign,13,,2,small group
2025-07,lacnic,186.45.in-addr.arpa,unsign,13,,1,single delegation
2025-07,lacnic,187.45.in-addr.arpa,unsign,13,,2,small group
2025-07,lacnic,190.45.in-addr.arpa,sign,,13,4,small group
2025-07,lacnic,201.128.in-addr.arpa,unsign,13,,1,single delegation
2025-07,lacnic,228.45.in-addr.arpa,sign,,13,4,small group
2025-07,lacnic,231.45.in-addr.arpa,sign,,13,4,small group
2025-07,lacnic,238.160.in-addr.arpa,sign,,13,4,small group
2025-07,lacnic,239.45.in-addr.arpa,unsign,8,,1,single delegation
2025-07,lacnic,255.131.in-addr.arpa,unsign,7,,1,single delegation
2025-07,lacnic,70.45.in-addr.arpa,unsign,13,,1,single delegation
2025-07,ripe,114.152.in-addr.arpa,sign,,13,4,small group
2025-07,ripe,149.103.in-addr.arpa,unsign,13,,1,single delegation
2025-07,ripe,167.104.in-addr.arpa,unsign,13,,1,single delegation
2025-07,ripe,57.103.in-addr.arpa,sign,,13,4,small group
2025-08,afrinic,154.in-addr.arpa,rollover,8,13,1,single delegation
2025-08,arin,0.0.c.b.f.2.0.6.2.ip6.arpa,sign,,13,1,single delegation
2025-08,arin,0.1.d.f.2.0.6.2.ip6.arpa,rollover,8,13,1,single delegation
2025-08,arin,0.3.6.1.8.0.2.0.6.2.ip6.arpa,sign,,13,1,single delegation
2025-08,arin,0.3.b.5.f.2.0.6.2.ip6.arpa,sign,,8,1,single delegation
2025-08,arin,0.7.5.1.8.0.2.0.6.2.ip6.arpa,unsign,13,,1,single delegation
2025-08,arin,0.c.1.8.f.2.0.6.2.ip6.arpa,unsign,13,,1,single delegation
2025-08,arin,104.192.in-addr.arpa,sign,,13,1,single delegation
2025-08,arin,11.45.in-addr.arpa,sign,,13,2,small group
2025-08,arin,111.192.in-addr.arpa,unsign,13,,4,small group
2025-08,arin,112.149.in-addr.arpa,sign,,13,1,single delegation
2025-08,arin,126.216.in-addr.arpa,sign,,13,1,single delegation
2025-08,arin,128.in-addr.arpa,rollover,8,13,1,single delegation
2025-08,arin,129.192.in-addr.arpa,sign,,13,1,single delegation
2025-08,arin,129.45.in-addr.arpa,rollover,14,15,1,single delegation
2025-08,arin,137.143.in-addr.arpa,sign,,13,1,single delegation
2025-08,arin,138.164.in-addr.arpa,sign,,13,1,single delegation
2025-08,arin,139.in-addr.arpa,rollover,8,13,1,single delegation
2025-08,arin,141.192.in-addr.arpa,sign,,13,1,single delegation
2025-08,arin,143.23.in-addr.arpa,sign,,13,1,single delegation
2025-08,arin,148.23.in-addr.arpa,sign,,13,1,single delegation
2025-08,arin,149.23.in-addr.arpa,unsign,13,,1,single delegation
2025-08,arin,152.in-addr.arpa,rollover,8,13,1,single delegation
2025-08,arin,154.23.in-addr.arpa,unsign,13,,1,single delegation
2025-08,arin,156.23.in-addr.arpa,unsign,13,,1,single delegation
2025-08,arin,157.in-addr.arpa,rollover,8,13,1,single delegation
2025-08,arin,161.131.in-addr.arpa,sign,,8,1,single delegation
2025-08,arin,162.45.in-addr.arpa,unsign,13,,1,single delegation
2025-08,arin,163.23.in-addr.arpa,sign,,13,1,single delegation
2025-08,arin,163.45.in-addr.arpa,unsign,13,,4,small group
2025-08,arin,164.194.in-addr.arpa,sign,,13,1,single delegation
2025-08,arin,164.76.in-addr.arpa,sign,,13,1,single delegation
2025-08,arin,165.in-addr.arpa,rollover,8,13,1,single delegation
2025-08,arin,166.in-addr.arpa,rollover,8,13,1,single delegation
2025-08,arin,168.in-addr.arpa,rollover,8,13,1,single delegation
2025-08,arin,169.45.in-addr.arpa,unsign,8,,4,small group
2025-08,arin,169.in-addr.arpa,rollover,8,13,17,bulk
2025-08,arin,17.103.in-addr.arpa,unsign,13,,4,small group
2025-08,arin,174.23.in-addr.arpa,unsign,8,,1,single delegation
2025-08,arin,178.45.in-addr.arpa,unsign,13,,1,single delegation
2025-08,arin,179.198.in-addr.arpa,sign,,13,1,single delegation
2025-08,arin,187.45.in-addr.arpa,sign,,13,4,small group
2025-08,arin,188.192.in-addr.arpa,sign,,13,1,single delegation
2025-08,arin,188.23.in-addr.arpa,unsign,13,,1,single delegation
2025-08,arin,190.45.in-addr.arpa,unsign,8,,3,small group
2025-08,arin,192.104.in-addr.arpa,sign,,13,1,single delegation
2025-08,arin,194.69.in-addr.arpa,sign,,13,4,small group
2025-08,arin,196.131.in-addr.arpa,unsign,13,,4,small group
2025-08,arin,197.169.in-addr.arpa,sign,,13,1,single delegation
2025-08,arin,2.207.in-addr.arpa,rollover,8,13,2,small group
2025-08,arin,2.3.e.f.2.0.6.2.ip6.arpa,unsign,8,,1,single delegation
2025-08,arin,201.128.in-addr.arpa,sign,,13,3,small group
2025-08,arin,238.216.in-addr.arpa,sign,,13,8,bulk
2025-08,arin,239.45.in-addr.arpa,sign,,8,1,single delegation
2025-08,arin,250.167.in-addr.arpa,unsign,13,,4,small group
2025-08,arin,251.162.in-addr.arpa,sign,,13,4,small group
2025-08,arin,254.162.in-addr.arpa,sign,,13,4,small group
2025-08,arin,3.0.0.6.0.5.0.1.0.0.2.ip6.arpa,unsign,13,,1,single delegation
2025-08,arin,3.1.0.4.0.5.0.1.0.0.2.ip6.arpa,unsign,13,,1,single delegation
2025-08,arin,3.2.c.f.2.0.6.2.ip6.arpa,unsign,13,,1,single delegation
2025-08,arin,35.70.in-addr.arpa,sign,,13,1,single delegation
2025-08,arin,4.1.0.5.0.5.0.1.0.0.2.ip6.arpa,sign,,13,1,single delegation
2025-08,arin,4.7.5.0.0.0.2.6.2.ip6.arpa,rollover,8,13,1,single delegation
2025-08,arin,6.45.in-addr.arpa,sign,,8,4,small group
2025-08,arin,70.45.in-addr.arpa,unsign,13,,1,single delegation
2025-08,arin,8.2.6.5.0.6.2.ip6.arpa,sign,,13,1,single delegation
2025-08,arin,8.6.9.f.2.0.6.2.ip6.arpa,unsign,13,,1,single delegation
2025-08,arin,80.170.in-addr.arpa,sign,,8,4,small group
2025-08,arin,84.170.in-addr.arpa,sign,,13,4,small group
2025-08,arin,84.45.in-addr.arpa,sign,,13,4,small group
2025-08,arin,96.64.in-addr.arpa,rollover,7,13,8,bulk
2025-08,arin,96.64.in-addr.arpa,rollover,7,"7,13",1,single delegation
2025-08,arin,96.64.in-addr.arpa,sign,,13,38,bulk
2025-08,arin,96.64.in-addr.arpa,sign,,"7,13",1,single delegation
2025-08,arin,a.9.1.4.0.6.2.ip6.arpa,sign,,13,1,single delegation
2025-08,arin,a.c.7.f.2.0.6.2.ip6.arpa,sign,,13,1,single delegation
2025-08,lacnic,121.138.in-addr.arpa,sign,,13,2,small group
2025-08,lacnic,137.143.in-addr.arpa,sign,,13,3,small group
2025-08,lacnic,141.192.in-addr.arpa,sign,,13,1,single delegation
2025-08,lacnic,161.131.in-addr.arpa,sign,,8,1,single delegation
2025-08,lacnic,162.45.in-addr.arpa,unsign,13,,1,single delegation
2025-08,lacnic,163.45.in-addr.arpa,unsign,13,,4,small group
2025-08,lacnic,169.45.in-addr.arpa,unsign,8,,4,small group
2025-08,lacnic,178.45.in-addr.arpa,sign,,13,1,single delegation
2025-08,lacnic,187.45.in-addr.arpa,sign,,13,6,bulk
2025-08,lacnic,190.45.in-addr.arpa,unsign,8,,3,small group
2025-08,lacnic,196.131.in-addr.arpa,unsign,13,,4,small group
2025-08,lacnic,201.128.in-addr.arpa,sign,,13,3,small group
2025-08,lacnic,239.45.in-addr.arpa,sign,,8,1,single delegation
2025-08,lacnic,250.167.in-addr.arpa,unsign,13,,4,small group
2025-08,lacnic,255.131.in-addr.arpa,sign,,7,1,single delegation
2025-08,lacnic,6.45.in-addr.arpa,sign,,8,4,small group
2025-08,lacnic,79.170.in-addr.arpa,unsign,13,,4,small group
2025-08,lacnic,80.170.in-addr.arpa,sign,,8,4,small group
2025-08,lacnic,84.170.in-addr.arpa,sign,,13,4,small group
2025-08,ripe,11.45.in-addr.arpa,sign,,13,2,small group
2025-08,ripe,129.45.in-addr.arpa,rollover,14,15,1,single delegation
2025-08,ripe,138.164.in-addr.arpa,sign,,13,1,single delegation
2025-08,ripe,188.192.in-addr.arpa,sign,,13,1,single delegation
2025-08,ripe,22.171.in-addr.arpa,sign,,13,1,single delegation
2025-08,ripe,84.45.in-addr.arpa,sign,,13,4,small group
2025-09,afrinic,205.102.in-addr.arpa,sign,,13,1,single delegation
2025-09,afrinic,216.102.in-addr.arpa,sign,,13,2,small group
2025-09,arin,0.0.2.3.5.0.0.0.2.6.2.ip6.arpa,rollover,7,13,1,single delegation
2025-09,arin,0.0.a.e.b.0.0.0.2.6.2.ip6.arpa,unsign,13,,1,single delegation
2025-09,arin,0.146.in-addr.arpa,sign,,13,1,single delegation
2025-09,arin,0.3.4.a.f.2.0.6.2.ip6.arpa,unsign,13,,1,single delegation
2025-09,arin,0.4.4.a.f.2.0.6.2.ip6.arpa,sign,,13,1,single delegation
2025-09,arin,0.8.c.5.f.2.0.6.2.ip6.arpa,sign,,13,1,single delegation
2025-09,arin,1.0.6.2.ip6.arpa,sign,,13,1,single delegation
2025-09,arin,102.198.in-addr.arpa,sign,,13,1,single delegation
2025-09,arin,103.146.in-addr.arpa,unsign,13,,1,single delegation
2025-09,arin,104.192.in-addr.arpa,sign,,13,1,single delegation
2025-09,arin,104.192.in-addr.arpa,unsign,13,,1,single delegation
2025-09,arin,112.149.in-addr.arpa,sign,,13,1,single delegation
2025-09,arin,120.199.in-addr.arpa,sign,,13,1,single delegation
2025-09,arin,126.149.in-addr.arpa,unsign,8,,3,small group
2025-09,arin,141.192.in-addr.arpa,rollover,5,13,1,single delegation
2025-09,arin,142.23.in-addr.arpa,sign,,13,1,single delegation
2025-09,arin,143.23.in-addr.arpa,sign,,13,2,small group
2025-09,arin,147.205.in-addr.arpa,unsign,8,,1,single delegation
2025-09,arin,149.23.in-addr.arpa,sign,,13,1,single delegation
2025-09,arin,149.in-addr.arpa,sign,,13,1,single delegation
2025-09,arin,150.167.in-addr.arpa,sign,,13,4,small group
2025-09,arin,152.in-addr.arpa,sign,,13,1,single delegation
2025-09,arin,153.204.in-addr.arpa,sign,,13,4,small group
2025-09,arin,158.in-addr.arpa,sign,,13,5,bulk
2025-09,arin,161.131.in-addr.arpa,sign,,8,3,small group
2025-09,arin,161.23.in-addr.arpa,unsign,13,,1,single delegation
2025-09,arin,162.in-addr.arpa,sign,,13,1,single delegation
2025-09,arin,173.158.in-addr.arpa,sign,,13,2,small group
2025-09,arin,178.45.in-addr.arpa,sign,,13,2,small group
2025-09,arin,178.45.in-addr.arpa,unsign,13,,1,single delegation
2025-09,arin,179.198.in-addr.arpa,sign,,13,4,small group
2025-09,arin,2.2.f.7.0.6.2.ip6.arpa,sign,,13,1,single delegation
2025-09,arin,228.45.in-addr.arpa,unsign,8,,4,small group
2025-09,arin,229.45.in-addr.arpa,sign,,13,1,single delegation
2025-09,arin,231.45.in-addr.arpa,unsign,8,,1,single delegation
2025-09,arin,235.140.in-addr.arpa,unsign,13,,1,single delegation
2025-09,arin,237.45.in-addr.arpa,sign,,13,4,small group
2025-09,arin,238.160.in-addr.arpa,unsign,13,,4,small group
2025-09,arin,250.162.in-addr.arpa,sign,,13,8,bulk
2025-09,arin,29.64.in-addr.arpa,sign,,13,4,small group
2025-09,arin,39.170.in-addr.arpa,sign,,13,2,small group
2025-09,arin,4.a.f.2.0.6.2.ip6.arpa,sign,,13,1,single delegation
2025-09,arin,6.9.a.f.2.0.6.2.ip6.arpa,sign,,13,1,single delegation
2025-09,arin,73.192.in-addr.arpa,sign,,13,1,single delegation
2025-09,arin,8.a.d.f.2.0.6.2.ip6.arpa,sign,,13,1,single delegation
2025-09,arin,80.170.in-addr.arpa,unsign,8,,4,small group
2025-09,arin,82.172.in-addr.arpa,unsign,13,,3,small group
2025-09,arin,82.192.in-addr.arpa,sign,,13,1,single delegation
2025-09,arin,85.199.in-addr.arpa,sign,,13,2,small group
2025-09,arin,86.144.in-addr.arpa,sign,,13,1,single delegation
2025-09,arin,94.192.in-addr.arpa,unsign,5,,1,single delegation
2025-09,arin,96.64.in-addr.arpa,rollover,"7,13",13,1,single delegation
2025-09,arin,99.204.in-addr.arpa,rollover,7,13,1,single delegation
2025-09,lacnic,141.192.in-addr.arpa,rollover,5,13,1,single delegation
2025-09,lacnic,161.131.in-addr.arpa,sign,,8,3,small group
2025-09,lacnic,178.45.in-addr.arpa,sign,,13,4,small group
2025-09,lacnic,191.45.in-addr.arpa,sign,,13,4,small group
2025-09,lacnic,205.168.in-addr.arpa,unsign,8,,2,small group
2025-09,lacnic,228.45.in-addr.arpa,unsign,8,,4,small group
2025-09,lacnic,229.45.in-addr.arpa,sign,,13,1,single delegation
2025-09,lacnic,231.45.in-addr.arpa,unsign,8,,1,single delegation
2025-09,lacnic,237.45.in-addr.arpa,sign,,13,4,small group
2025-09,lacnic,238.160.in-addr.arpa,unsign,13,,4,small group
2025-09,lacnic,79.170.in-addr.arpa,sign,,13,4,small group
2025-09,lacnic,80.170.in-addr.arpa,unsign,8,,4,small group
2025-09,ripe,0.146.in-addr.arpa,sign,,13,1,single delegation
2025-09,ripe,103.146.in-addr.arpa,unsign,13,,1,single delegation
2025-09,ripe,126.149.in-addr.arpa,unsign,8,,3,small group
2025-09,ripe,149.in-addr.arpa,sign,,13,1,single delegation
2025-09,ripe,152.in-addr.arpa,sign,,13,1,single delegation
2025-09,ripe,173.158.in-addr.arpa,sign,,13,2,small group
2025-09,ripe,22.171.in-addr.arpa,unsign,14,,1,single delegation
2025-10,afrinic,176.102.in-addr.arpa,unsign,13,,1,single delegation
2025-10,afrinic,223.41.in-addr.arpa,unsign,13,,2,small group
2025-10,arin,0.5.2.a.f.2.0.6.2.ip6.arpa,sign,,14,1,single delegation
2025-10,arin,0.6.8.a.f.2.0.6.2.ip6.arpa,unsign,13,,1,single delegation
2025-10,arin,0.a.a.0.0.0.0.0.2.6.2.ip6.arpa,sign,,13,1,single delegation
2025-10,arin,0.c.6.b.f.2.0.6.2.ip6.arpa,unsign,13,,1,single delegation
2025-10,arin,0.c.7.5.f.2.0.6.2.ip6.arpa,sign,,13,1,single delegation
2025-10,arin,0.e.1.7.f.2.0.6.2.ip6.arpa,unsign,13,,1,single delegation
2025-10,arin,0.e.8.9.f.2.0.6.2.ip6.arpa,sign,,13,1,single delegation
2025-10,arin,1.5.5.f.2.0.6.2.ip6.arpa,sign,,13,1,single delegation
2025-10,arin,107.in-addr.arpa,sign,,13,4,small group
2025-10,arin,108.131.in-addr.arpa,sign,,13,4,small group
2025-10,arin,118.138.in-addr.arpa,sign,,13,4,small group
2025-10,arin,121.138.in-addr.arpa,sign,,13,4,small group
2025-10,arin,126.149.in-addr.arpa,sign,,8,4,small group
2025-10,arin,132.in-addr.arpa,sign,,13,1,single delegation
2025-10,arin,135.23.in-addr.arpa,sign,,13,1,single delegation
2025-10,arin,137.143.in-addr.arpa,unsign,13,,4,small group
2025-10,arin,138.in-addr.arpa,unsign,8,,1,single delegation
2025-10,arin,143.23.in-addr.arpa,sign,,13,1,single delegation
2025-10,arin,144.204.in-addr.arpa,sign,,8,1,single delegation
2025-10,arin,144.23.in-addr.arpa,sign,,13,2,small group
2025-10,arin,145.23.in-addr.arpa,sign,,13,1,single delegation
2025-10,arin,150.170.in-addr.arpa,sign,,13,4,small group
2025-10,arin,152.216.in-addr.arpa,unsign,8,,4,small group
2025-10,arin,152.23.in-addr.arpa,unsign,13,,1,single delegation
2025-10,arin,152.45.in-addr.arpa,unsign,13,,1,single delegation
2025-10,arin,152.in-addr.arpa,sign,,13,1,single delegation
2025-10,arin,156.45.in-addr.arpa,sign,,13,1,single delegation
2025-10,arin,161.131.in-addr.arpa,unsign,8,,3,small group
2025-10,arin,161.in-addr.arpa,sign,,13,1,single delegation
2025-10,arin,162.45.in-addr.arpa,sign,,13,1,single delegation
2025-10,arin,163.45.in-addr.arpa,sign,,13,4,small group
2025-10,arin,165.23.in-addr.arpa,unsign,13,,1,single delegation
2025-10,arin,166.199.in-addr.arpa,sign,,13,1,single delegation
2025-10,arin,170.45.in-addr.arpa,sign,,13,1,single delegation
2025-10,arin,171.45.in-addr.arpa,sign,,13,1,single delegation
2025-10,arin,172.in-addr.arpa,sign,,13,1,single delegation
2025-10,arin,178.45.in-addr.arpa,sign,,13,2,small group
2025-10,arin,178.45.in-addr.arpa,unsign,13,,1,single delegation
2025-10,arin,184.23.in-addr.arpa,sign,,13,1,single delegation
2025-10,arin,185.138.in-addr.arpa,sign,,13,4,small group
2025-10,arin,186.45.in-addr.arpa,sign,,13,1,single delegation
2025-10,arin,190.23.in-addr.arpa,unsign,13,,1,single delegation
2025-10,arin,191.45.in-addr.arpa,sign,,13,4,small group
2025-10,arin,192.in-addr.arpa,sign,,13,1,single delegation
2025-10,arin,195.134.in-addr.arpa,sign,,13,1,single delegation
2025-10,arin,2.9.f.2.0.6.2.ip6.arpa,sign,,13,1,single delegation
2025-10,arin,201.128.in-addr.arpa,unsign,8,,1,single delegation
2025-10,arin,208.143.in-addr.arpa,sign,,13,8,bulk
2025-10,arin,226.45.in-addr.arpa,rollover,13,8,4,small group
2025-10,arin,227.45.in-addr.arpa,unsign,13,,4,small group
2025-10,arin,228.168.in-addr.arpa,sign,,8,4,small group
2025-10,arin,228.45.in-addr.arpa,unsign,13,,4,small group
2025-10,arin,23.in-addr.arpa,sign,,13,2,small group
2025-10,arin,231.45.in-addr.arpa,sign,,13,4,small group
2025-10,arin,231.45.in-addr.arpa,unsign,8,,3,small group
2025-10,arin,232.168.in-addr.arpa,sign,,13,4,small group
2025-10,arin,236.45.in-addr.arpa,sign,,13,2,small group
2025-10,arin,246.170.in-addr.arpa,sign,,13,4,small group
2025-10,arin,247.162.in-addr.arpa,unsign,8,,2,small group
2025-10,arin,251.162.in-addr.arpa,sign,,14,1,single delegation
2025-10,arin,255.131.in-addr.arpa,sign,,13,1,single delegation
2025-10,arin,28.138.in-addr.arpa,sign,,8,128,bulk
2025-10,arin,4.1.4.7.0.6.2.ip6.arpa,unsign,13,,1,single delegation
2025-10,arin,40.64.in-addr.arpa,sign,,13,1,single delegation
2025-10,arin,45.198.in-addr.arpa,sign,,13,12,bulk
2025-10,arin,52.204.in-addr.arpa,sign,,13,2,small group
2025-10,arin,58.199.in-addr.arpa,unsign,13,,1,single delegation
2025-10,arin,6.8.a.f.2.0.6.2.ip6.arpa,sign,,13,1,single delegation
2025-10,arin,81.170.in-addr.arpa,sign,,13,4,small group
2025-10,arin,92.209.in-addr.arpa,sign,,13,2,small group
2025-10,arin,a.9.1.8.0.2.0.6.2.ip6.arpa,sign,,13,1,single delegation
2025-10,lacnic,108.131.in-addr.arpa,sign,,13,4,small group
2025-10,lacnic,118.138.in-addr.arpa,sign,,13,4,small group
2025-10,lacnic,121.138.in-addr.arpa,sign,,13,4,small group
2025-10,lacnic,137.143.in-addr.arpa,unsign,13,,4,small group
2025-10,lacnic,150.170.in-addr.arpa,sign,,13,4,small group
2025-10,lacnic,152.in-addr.arpa,sign,,13,1,single delegation
2025-10,lacnic,161.131.in-addr.arpa,unsign,8,,3,small group
2025-10,lacnic,162.45.in-addr.arpa,sign,,13,1,single delegation
2025-10,lacnic,163.45.in-addr.arpa,sign,,13,4,small group
2025-10,lacnic,170.45.in-addr.arpa,sign,,13,1,single delegation
2025-10,lacnic,171.45.in-addr.arpa,sign,,13,1,single delegation
2025-10,lacnic,178.45.in-addr.arpa,sign,,13,1,single delegation
2025-10,lacnic,178.45.in-addr.arpa,unsign,13,,1,single delegation
2025-10,lacnic,185.138.in-addr.arpa,sign,,13,4,small group
2025-10,lacnic,186.45.in-addr.arpa,sign,,13,1,single delegation
2025-10,lacnic,201.128.in-addr.arpa,unsign,8,,1,single delegation
2025-10,lacnic,205.168.in-addr.arpa,sign,,8,2,small group
2025-10,lacnic,208.143.in-addr.arpa,sign,,13,8,bulk
2025-10,lacnic,226.45.in-addr.arpa,rollover,13,8,4,small group
2025-10,lacnic,227.45.in-addr.arpa,unsign,13,,4,small group
2025-10,lacnic,228.168.in-addr.arpa,sign,,8,4,small group
2025-10,lacnic,228.45.in-addr.arpa,unsign,13,,4,small group
2025-10,lacnic,231.45.in-addr.arpa,sign,,13,4,small group
2025-10,lacnic,231.45.in-addr.arpa,sign,,8,1,single delegation
2025-10,lacnic,232.168.in-addr.arpa,sign,,13,4,small group
2025-10,lacnic,236.45.in-addr.arpa,sign,,13,2,small group
2025-10,lacnic,238.160.in-addr.arpa,sign,,13,1,single delegation
2025-10,lacnic,239.45.in-addr.arpa,unsign,8,,4,small group
2025-10,lacnic,246.170.in-addr.arpa,sign,,13,4,small group
2025-10,lacnic,255.131.in-addr.arpa,sign,,13,1,single delegation
2025-10,lacnic,81.170.in-addr.arpa,sign,,13,4,small group
2025-10,ripe,0.27.in-addr.arpa,sign,,13,1,single delegation
2025-10,ripe,126.149.in-addr.arpa,sign,,8,4,small group
2025-10,ripe,152.45.in-addr.arpa,unsign,13,,1,single delegation
2025-10,ripe,156.45.in-addr.arpa,sign,,13,1,single delegation
2025-10,ripe,91.118.in-addr.arpa,unsign,13,,1,single delegation
2025-11,afrinic,102.in-addr.arpa,sign,,8,4,small group
2025-11,afrinic,157.197.in-addr.arpa,unsign,8,,32,bulk
2025-11,afrinic,204.102.in-addr.arpa,sign,,13,4,small group
2025-11,afrinic,78.41.in-addr.arpa,unsign,8,,4,small group
2025-11,afrinic,9.a.f.f.0.c.2.ip6.arpa,unsign,8,,1,single delegation
2025-11,arin,0.4.1.1.8.0.2.0.6.2.ip6.arpa,sign,,13,1,single delegation
2025-11,arin,0.4.a.8.f.2.0.6.2.ip6.arpa,unsign,13,,1,single delegation
2025-11,arin,0.7.1.3.6.2.ip6.arpa,sign,,13,1,single delegation
2025-11,arin,0.9.5.f.2.0.6.2.ip6.arpa,sign,,13,1,single delegation
2025-11,arin,0.c.b.a.f.2.0.6.2.ip6.arpa,unsign,13,,1,single delegation
2025-11,arin,0.d.9.7.0.6.2.ip6.arpa,sign,,13,1,single delegation
2025-11,arin,0.e.4.5.f.2.0.6.2.ip6.arpa,sign,,13,1,single delegation
2025-11,arin,0.f.c.0.8.0.2.0.6.2.ip6.arpa,unsign,13,,1,single delegation
2025-11,arin,1.8.f.7.0.6.2.ip6.arpa,unsign,8,,1,single delegation
2025-11,arin,102.66.in-addr.arpa,unsign,13,,1,single delegation
2025-11,arin,104.192.in-addr.arpa,sign,,13,1,single delegation
2025-11,arin,118.138.in-addr.arpa,sign,,8,4,small group
2025-11,arin,12.130.in-addr.arpa,sign,,13,4,small group
2025-11,arin,128.in-addr.arpa,unsign,8,,1,single delegation
2025-11,arin,130.23.in-addr.arpa,unsign,13,,1,single delegation
2025-11,arin,133.45.in-addr.arpa,sign,,13,2,small group
2025-11,arin,140.165.in-addr.arpa,unsign,13,,1,single delegation
2025-11,arin,142.45.in-addr.arpa,sign,,13,1,single delegation
2025-11,arin,143.131.in-addr.arpa,sign,,13,4,small group
2025-11,arin,143.23.in-addr.arpa,sign,,13,1,single delegation
2025-11,arin,146.23.in-addr.arpa,sign,,13,1,single delegation
2025-11,arin,148.45.in-addr.arpa,sign,,13,4,small group
2025-11,arin,151.168.in-addr.arpa,sign,,13,1,single delegation
2025-11,arin,152.216.in-addr.arpa,sign,,8,4,small group
2025-11,arin,153.45.in-addr.arpa,unsign,13,,4,small group
2025-11,arin,159.in-addr.arpa,sign,,13,1,single delegation
2025-11,arin,161.131.in-addr.arpa,sign,,13,4,small group
2025-11,arin,161.131.in-addr.arpa,sign,,8,3,small group
2025-11,arin,161.131.in-addr.arpa,unsign,8,,1,single delegation
2025-11,arin,161.23.in-addr.arpa,sign,,13,1,single delegation
2025-11,arin,163.45.in-addr.arpa,unsign,13,,4,small group
2025-11,arin,168.23.in-addr.arpa,rollover,8,13,1,single delegation
2025-11,arin,169.in-addr.arpa,unsign,8,,1,single delegation
2025-11,arin,170.45.in-addr.arpa,sign,,13,1,single delegation
2025-11,arin,175.198.in-addr.arpa,sign,,13,1,single delegation
2025-11,arin,178.45.in-addr.arpa,sign,,13,1,single delegation
2025-11,arin,182.45.in-addr.arpa,sign,,13,2,small group
2025-11,arin,183.206.in-addr.arpa,unsign,13,,1,single delegation
2025-11,arin,191.45.in-addr.arpa,sign,,13,1,single delegation
2025-11,arin,194.104.in-addr.arpa,sign,,8,2,small group
2025-11,arin,194.168.in-addr.arpa,unsign,13,,1,single delegation
2025-11,arin,195.134.in-addr.arpa,rollover,8,13,1,single delegation
2025-11,arin,195.134.in-addr.arpa,unsign,8,,2,small group
2025-11,arin,219.138.in-addr.arpa,sign,,13,4,small group
2025-11,arin,231.45.in-addr.arpa,sign,,8,4,small group
2025-11,arin,234.45.in-addr.arpa,sign,,13,4,small group
2025-11,arin,235.216.in-addr.arpa,sign,,13,1,single delegation
2025-11,arin,235.66.in-addr.arpa,sign,,13,2,small group
2025-11,arin,241.199.in-addr.arpa,sign,,13,2,small group
2025-11,arin,247.162.in-addr.arpa,unsign,8,,1,single delegation
2025-11,arin,248.142.in-addr.arpa,sign,,13,1,single delegation
2025-11,arin,249.142.in-addr.arpa,sign,,13,5,bulk
2025-11,arin,28.138.in-addr.arpa,unsign,8,,96,bulk
2025-11,arin,4.6.b.7.0.6.2.ip6.arpa,unsign,13,,1,single delegation
2025-11,arin,4.9.b.6.0.6.2.ip6.arpa,sign,,13,1,single delegation
2025-11,arin,4.a.8.f.2.0.6.2.ip6.arpa,sign,,13,1,single delegation
2025-11,arin,40.192.in-addr.arpa,sign,,13,2,small group
2025-11,arin,67.69.in-addr.arpa,sign,,8,1,single delegation
2025-11,arin,85.74.in-addr.arpa,sign,,13,8,bulk
2025-11,arin,87.209.in-addr.arpa,rollover,8,13,1,single delegation
2025-11,arin,91.208.in-addr.arpa,sign,,13,4,small group
2025-11,arin,96.172.in-addr.arpa,sign,,13,1,single delegation
2025-11,arin,c.e.9.f.2.0.6.2.ip6.arpa,rollover,8,13,1,single delegation
2025-11,arin,f.0.7.f.2.0.6.2.ip6.arpa,sign,,8,1,single delegation
2025-11,lacnic,118.138.in-addr.arpa,sign,,8,4,small group
2025-11,lacnic,161.131.in-addr.arpa,sign,,13,4,small group
2025-11,lacnic,161.131.in-addr.arpa,sign,,8,3,small group
2025-11,lacnic,161.131.in-addr.arpa,unsign,8,,1,single delegation
2025-11,lacnic,163.45.in-addr.arpa,unsign,13,,4,small group
2025-11,lacnic,170.45.in-addr.arpa,sign,,13,1,single delegation
2025-11,lacnic,178.45.in-addr.arpa,sign,,13,1,single delegation
2025-11,lacnic,178.45.in-addr.arpa,unsign,13,,3,small group
2025-11,lacnic,182.45.in-addr.arpa,sign,,13,2,small group
2025-11,lacnic,191.45.in-addr.arpa,sign,,13,1,single delegation
2025-11,lacnic,194.168.in-addr.arpa,unsign,13,,1,single delegation
2025-11,lacnic,219.138.in-addr.arpa,sign,,13,4,small group
2025-11,lacnic,234.45.in-addr.arpa,sign,,13,4,small group
2025-11,lacnic,238.160.in-addr.arpa,sign,,13,1,single delegation
2025-11,lacnic,238.160.in-addr.arpa,unsign,13,,1,single delegation
2025-11,lacnic,239.45.in-addr.arpa,sign,,8,4,small group
2025-11,lacnic,255.131.in-addr.arpa,unsign,13,,1,single delegation
2025-11,lacnic,6.45.in-addr.arpa,unsign,8,,2,small group
2025-11,ripe,133.45.in-addr.arpa,sign,,13,2,small group
2025-11,ripe,142.45.in-addr.arpa,sign,,13,1,single delegation
2025-11,ripe,148.45.in-addr.arpa,sign,,13,4,small group
2025-11,ripe,153.45.in-addr.arpa,unsign,13,,4,small group
2025-11,ripe,159.in-addr.arpa,sign,,13,1,single delegation
2025-12,afrinic,0.0.a.e.f.0.c.2.ip6.arpa,sign,,8,4,small group
2025-12,afrinic,140.197.in-addr.arpa,sign,,8,1,single delegation
2025-12,afrinic,205.102.in-addr.arpa,sign,,13,4,small group
2025-12,afrinic,215.102.in-addr.arpa,unsign,5,,1,single delegation
2025-12,arin,0.0.2.8.c.0.0.0.2.6.2.ip6.arpa,sign,,8,1,single delegation
2025-12,arin,0.0.f.4.f.2.0.6.2.ip6.arpa,sign,,13,1,single delegation
2025-12,arin,0.3.c.4.f.2.0.6.2.ip6.arpa,sign,,8,1,single delegation
2025-12,arin,0.5.b.1.8.0.2.0.6.2.ip6.arpa,rollover,8,13,1,single delegation
2025-12,arin,0.9.d.4.f.2.0.6.2.ip6.arpa,sign,,13,1,single delegation
2025-12,arin,0.c.d.4.f.2.0.6.2.ip6.arpa,sign,,13,1,single delegation
2025-12,arin,0.f.d.4.f.2.0.6.2.ip6.arpa,sign,,8,1,single delegation
2025-12,arin,100.131.in-addr.arpa,sign,,13,4,small group
2025-12,arin,112.149.in-addr.arpa,unsign,13,,1,single delegation
2025-12,arin,12.130.in-addr.arpa,sign,,13,2,small group
2025-12,arin,12.130.in-addr.arpa,sign,,8,1,single delegation
2025-12,arin,12.45.in-addr.arpa,sign,,13,4,small group
2025-12,arin,130.23.in-addr.arpa,unsign,13,,1,single delegation
2025-12,arin,137.in-addr.arpa,sign,,8,1,single delegation
2025-12,arin,139.23.in-addr.arpa,sign,,13,1,single delegation
2025-12,arin,141.192.in-addr.arpa,unsign,13,,4,small group
2025-12,arin,146.23.in-addr.arpa,sign,,13,1,single delegation
2025-12,arin,148.23.in-addr.arpa,sign,,8,1,single delegation
2025-12,arin,149.23.in-addr.arpa,sign,,13,1,single delegation
2025-12,arin,149.23.in-addr.arpa,sign,,8,1,single delegation
2025-12,arin,150.167.in-addr.arpa,sign,,15,1,single delegation
2025-12,arin,161.131.in-addr.arpa,sign,,8,1,single delegation
2025-12,arin,166.207.in-addr.arpa,sign,,13,1,single delegation
2025-12,arin,166.23.in-addr.arpa,sign,,13,1,single delegation
2025-12,arin,167.in-addr.arpa,unsign,7,,1,single delegation
2025-12,arin,177.45.in-addr.arpa,unsign,8,,3,small group
2025-12,arin,189.45.in-addr.arpa,unsign,8,,2,small group
2025-12,arin,195.134.in-addr.arpa,sign,,8,2,small group
2025-12,arin,197.168.in-addr.arpa,sign,,13,8,bulk
2025-12,arin,225.45.in-addr.arpa,sign,,8,4,small group
2025-12,arin,231.170.in-addr.arpa,sign,,13,4,small group
2025-12,arin,231.45.in-addr.arpa,sign,,13,4,small group
2025-12,arin,232.104.in-addr.arpa,sign,,13,1,single delegation
2025-12,arin,234.45.in-addr.arpa,sign,,13,1,single delegation
2025-12,arin,238.160.in-addr.arpa,unsign,13,,4,small group
2025-12,arin,239.64.in-addr.arpa,sign,,13,2,small group
2025-12,arin,245.192.in-addr.arpa,sign,,13,1,single delegation
2025-12,arin,252.138.in-addr.arpa,sign,,13,2,small group
2025-12,arin,255.104.in-addr.arpa,sign,,13,4,small group
2025-12,arin,29.198.in-addr.arpa,unsign,13,,2,small group
2025-12,arin,4.1.0.5.0.5.0.1.0.0.2.ip6.arpa,unsign,13,,1,single delegation
2025-12,arin,4.5.5.f.2.0.6.2.ip6.arpa,sign,,13,1,single delegation
2025-12,arin,4.5.e.6.0.6.2.ip6.arpa,sign,,8,1,single delegation
2025-12,arin,4.b.c.7.0.6.2.ip6.arpa,sign,,13,1,single delegation
2025-12,arin,4.d.7.7.0.6.2.ip6.arpa,sign,,13,1,single delegation
2025-12,arin,42.115.in-addr.arpa,sign,,13,1,single delegation
2025-12,arin,51.130.in-addr.arpa,sign,,13,4,small group
2025-12,arin,6.45.in-addr.arpa,sign,,13,4,small group
2025-12,arin,6.b.2.4.0.6.2.ip6.arpa,sign,,13,1,single delegation
2025-12,arin,69.208.in-addr.arpa,sign,,13,1,single delegation
2025-12,arin,71.45.in-addr.arpa,unsign,13,,2,small group
2025-12,arin,79.199.in-addr.arpa,sign,,13,1,single delegation
2025-12,arin,91.45.in-addr.arpa,sign,,13,1,single delegation
2025-12,arin,94.155.in-addr.arpa,sign,,13,16,bulk
2025-12,arin,94.158.in-addr.arpa,sign,,13,4,small group
2025-12,lacnic,100.131.in-addr.arpa,sign,,13,4,small group
2025-12,lacnic,141.192.in-addr.arpa,unsign,13,,4,small group
2025-12,lacnic,161.131.in-addr.arpa,sign,,8,1,single delegation
2025-12,lacnic,178.45.in-addr.arpa,sign,,13,1,single delegation
2025-12,lacnic,189.45.in-addr.arpa,unsign,8,,3,small group
2025-12,lacnic,190.45.in-addr.arpa,unsign,8,,1,single delegation
2025-12,lacnic,197.168.in-addr.arpa,sign,,13,4,small group
2025-12,lacnic,225.45.in-addr.arpa,sign,,8,4,small group
2025-12,lacnic,231.170.in-addr.arpa,sign,,13,4,small group
2025-12,lacnic,231.45.in-addr.arpa,sign,,13,4,small group
2025-12,lacnic,234.45.in-addr.arpa,sign,,13,1,single delegation
2025-12,lacnic,238.160.in-addr.arpa,unsign,13,,5,bulk
2025-12,lacnic,4.45.in-addr.arpa,sign,,13,4,small group
2025-12,lacnic,6.45.in-addr.arpa,sign,,13,4,small group
2025-12,lacnic,6.45.in-addr.arpa,sign,,8,2,small group
2025-12,lacnic,71.45.in-addr.arpa,unsign,13,,2,small group
2025-12,ripe,0.27.in-addr.arpa,unsign,13,,2,small group
2025-12,ripe,12.45.in-addr.arpa,sign,,13,4,small group
2025-12,ripe,150.167.in-addr.arpa,sign,,15,1,single delegation
2025-12,ripe,91.45.in-addr.arpa,sign,,13,1,single delegation
2025-12,ripe,94.158.in-addr.arpa,sign,,13,4,small group
2026-01,afrinic,204.102.in-addr.arpa,sign,,8,1,single delegation
2026-01,afrinic,213.102.in-addr.arpa,sign,,13,4,small group
2026-01,afrinic,219.102.in-addr.arpa,sign,,13,1,single delegation
2026-01,afrinic,95.193.in-addr.arpa,unsign,8,,1,single delegation
2026-01,arin,0.0.6.0.d.0.0.0.2.6.2.ip6.arpa,sign,,8,1,single delegation
2026-01,arin,0.138.in-addr.arpa,sign,,13,4,small group
2026-01,arin,0.7.5.5.f.2.0.6.2.ip6.arpa,sign,,13,1,single delegation
2026-01,arin,0.9.d.4.f.2.0.6.2.ip6.arpa,unsign,13,,1,single delegation
2026-01,arin,102.66.in-addr.arpa,unsign,13,,1,single delegation
2026-01,arin,112.149.in-addr.arpa,sign,,13,1,single delegation
2026-01,arin,121.138.in-addr.arpa,unsign,13,,4,small group
2026-01,arin,133.23.in-addr.arpa,unsign,13,,1,single delegation
2026-01,arin,145.23.in-addr.arpa,sign,,13,1,single delegation
2026-01,arin,149.23.in-addr.arpa,sign,,13,1,single delegation
2026-01,arin,150.23.in-addr.arpa,sign,,13,1,single delegation
2026-01,arin,151.23.in-addr.arpa,sign,,13,1,single delegation
2026-01,arin,152.24.in-addr.arpa,unsign,13,,1,single delegation
2026-01,arin,159.209.in-addr.arpa,sign,,13,1,single delegation
2026-01,arin,161.131.in-addr.arpa,unsign,8,,1,single delegation
2026-01,arin,167.45.in-addr.arpa,sign,,13,8,bulk
2026-01,arin,177.45.in-addr.arpa,sign,,8,3,small group
2026-01,arin,178.45.in-addr.arpa,unsign,13,,4,small group
2026-01,arin,189.45.in-addr.arpa,sign,,8,2,small group
2026-01,arin,189.45.in-addr.arpa,unsign,8,,1,single delegation
2026-01,arin,192.199.in-addr.arpa,rollover,8,"8,13",2,small group
2026-01,arin,197.168.in-addr.arpa,unsign,13,,1,single delegation
2026-01,arin,202.143.in-addr.arpa,sign,,13,4,small group
2026-01,arin,208.143.in-addr.arpa,unsign,8,,1,single delegation
2026-01,arin,225.45.in-addr.arpa,unsign,8,,4,small group
2026-01,arin,228.45.in-addr.arpa,sign,,8,4,small group
2026-01,arin,231.45.in-addr.arpa,sign,,13,4,small group
2026-01,arin,232.45.in-addr.arpa,unsign,13,,4,small group
2026-01,arin,233.170.in-addr.arpa,unsign,13,,1,single delegation
2026-01,arin,235.45.in-addr.arpa,unsign,8,,1,single delegation
2026-01,arin,249.142.in-addr.arpa,sign,,13,1,single delegation
2026-01,arin,252.138.in-addr.arpa,rollover,13,8,2,small group
2026-01,arin,255.131.in-addr.arpa,unsign,13,,2,small group
2026-01,arin,37.64.in-addr.arpa,rollover,8,"8,13",1,single delegation
2026-01,arin,4.c.7.7.0.6.2.ip6.arpa,unsign,8,,1,single delegation
2026-01,arin,45.45.in-addr.arpa,sign,,13,4,small group
2026-01,arin,6.6.7.f.2.0.6.2.ip6.arpa,unsign,13,,1,single delegation
2026-01,arin,66.45.in-addr.arpa,sign,,13,4,small group
2026-01,arin,71.45.in-addr.arpa,sign,,13,2,small group
2026-01,arin,8.a.4.f.2.0.6.2.ip6.arpa,sign,,13,1,single delegation
2026-01,arin,80.170.in-addr.arpa,unsign,8,,1,single delegation
2026-01,arin,87.69.in-addr.arpa,sign,,13,1,single delegation
2026-01,arin,9.d.4.f.2.0.6.2.ip6.arpa,sign,,13,1,single delegation
2026-01,arin,97.138.in-addr.arpa,unsign,8,,1,single delegation
2026-01,arin,a.6.2.4.0.6.2.ip6.arpa,sign,,13,1,single delegation
2026-01,lacnic,0.138.in-addr.arpa,sign,,13,4,small group
2026-01,lacnic,121.138.in-addr.arpa,unsign,13,,4,small group
2026-01,lacnic,152.24.in-addr.arpa,unsign,13,,1,single delegation
2026-01,lacnic,161.131.in-addr.arpa,unsign,8,,1,single delegation
2026-01,lacnic,167.45.in-addr.arpa,sign,,13,8,bulk
2026-01,lacnic,167.45.in-addr.arpa,unsign,13,,4,small group
2026-01,lacnic,178.45.in-addr.arpa,unsign,13,,2,small group
2026-01,lacnic,189.45.in-addr.arpa,sign,,8,1,single delegation
2026-01,lacnic,189.45.in-addr.arpa,unsign,8,,1,single delegation
2026-01,lacnic,190.45.in-addr.arpa,sign,,8,1,single delegation
2026-01,lacnic,197.168.in-addr.arpa,sign,,13,1,single delegation
2026-01,lacnic,202.143.in-addr.arpa,sign,,13,4,small group
2026-01,lacnic,205.168.in-addr.arpa,unsign,8,,2,small group
2026-01,lacnic,208.143.in-addr.arpa,unsign,8,,4,small group
2026-01,lacnic,225.45.in-addr.arpa,unsign,8,,4,small group
2026-01,lacnic,228.45.in-addr.arpa,sign,,8,4,small group
2026-01,lacnic,231.45.in-addr.arpa,sign,,13,4,small group
2026-01,lacnic,232.45.in-addr.arpa,unsign,13,,4,small group
2026-01,lacnic,233.170.in-addr.arpa,unsign,13,,1,single delegation
2026-01,lacnic,235.45.in-addr.arpa,unsign,8,,1,single delegation
2026-01,lacnic,255.131.in-addr.arpa,sign,,13,1,single delegation
2026-01,lacnic,255.131.in-addr.arpa,unsign,13,,1,single delegation
2026-01,lacnic,4.45.in-addr.arpa,unsign,13,,4,small group
2026-01,lacnic,71.45.in-addr.arpa,sign,,13,2,small group
2026-01,lacnic,97.138.in-addr.arpa,unsign,8,,1,single delegation
2026-01,ripe,66.45.in-addr.arpa,sign,,13,4,small group
2026-02,afrinic,205.102.in-addr.arpa,sign,,13,1,single delegation
2026-02,afrinic,218.102.in-addr.arpa,unsign,13,,2,small group
2026-02,afrinic,219.102.in-addr.arpa,sign,,13,4,small group
2026-02,afrinic,219.102.in-addr.arpa,unsign,13,,1,single delegation
2026-02,afrinic,220.102.in-addr.arpa,unsign,13,,1,single delegation
2026-02,afrinic,36.102.in-addr.arpa,rollover,13,"7,13",4,small group
2026-02,afrinic,49.196.in-addr.arpa,sign,,13,2,small group
2026-02,afrinic,7.c.f.f.0.c.2.ip6.arpa,sign,,13,1,single delegation
2026-02,afrinic,90.165.in-addr.arpa,unsign,7,,1,single delegation
2026-02,arin,0.0.8.4.f.2.0.6.2.ip6.arpa,sign,,13,1,single delegation
2026-02,arin,0.0.c.e.f.0.0.0.2.6.2.ip6.arpa,sign,,13,1,single delegation
2026-02,arin,0.3.6.1.1.0.0.2.6.2.ip6.arpa,sign,,13,1,single delegation
2026-02,arin,0.3.c.4.f.2.0.6.2.ip6.arpa,unsign,8,,1,single delegation
2026-02,arin,0.8.1.e.f.2.0.6.2.ip6.arpa,sign,,13,1,single delegation
2026-02,arin,0.a.7.4.f.2.0.6.2.ip6.arpa,sign,,13,1,single delegation
2026-02,arin,0.f.d.4.f.2.0.6.2.ip6.arpa,unsign,8,,1,single delegation
2026-02,arin,103.155.in-addr.arpa,sign,,13,4,small group
2026-02,arin,108.131.in-addr.arpa,unsign,13,,4,small group
2026-02,arin,109.206.in-addr.arpa,sign,,13,1,single delegation
2026-02,arin,112.149.in-addr.arpa,unsign,13,,1,single delegation
2026-02,arin,118.138.in-addr.arpa,unsign,8,,1,single delegation
2026-02,arin,12.45.in-addr.arpa,sign,,15,1,single delegation
2026-02,arin,120.74.in-addr.arpa,sign,,8,1,single delegation
2026-02,arin,130.23.in-addr.arpa,sign,,13,1,single delegation
2026-02,arin,132.66.in-addr.arpa,sign,,8,16,bulk
2026-02,arin,142.162.in-addr.arpa,sign,,8,1,single delegation
2026-02,arin,147.205.in-addr.arpa,sign,,8,1,single delegation
2026-02,arin,149.192.in-addr.arpa,sign,,13,1,single delegation
2026-02,arin,150.167.in-addr.arpa,sign,,15,1,single delegation
2026-02,arin,150.45.in-addr.arpa,sign,,13,4,small group
2026-02,arin,151.23.in-addr.arpa,sign,,13,1,single delegation
2026-02,arin,152.23.in-addr.arpa,sign,,13,2,small group
2026-02,arin,156.45.in-addr.arpa,unsign,13,,1,single delegation
2026-02,arin,162.23.in-addr.arpa,sign,,13,1,single delegation
2026-02,arin,166.23.in-addr.arpa,unsign,7,,1,single delegation
2026-02,arin,167.45.in-addr.arpa,unsign,13,,4,small group
2026-02,arin,168.206.in-addr.arpa,sign,,8,4,small group
2026-02,arin,179.45.in-addr.arpa,sign,,13,2,small group
2026-02,arin,182.23.in-addr.arpa,unsign,13,,1,single delegation
2026-02,arin,186.45.in-addr.arpa,sign,,13,4,small group
2026-02,arin,189.45.in-addr.arpa,sign,,8,1,single delegation
2026-02,arin,195.168.in-addr.arpa,sign,,13,4,small group
2026-02,arin,197.168.in-addr.arpa,sign,,13,1,single delegation
2026-02,arin,197.168.in-addr.arpa,unsign,13,,2,small group
2026-02,arin,205.209.in-addr.arpa,sign,,13,2,small group
2026-02,arin,208.143.in-addr.arpa,unsign,13,,4,small group
2026-02,arin,208.143.in-addr.arpa,unsign,8,,3,small group
2026-02,arin,209.67.in-addr.arpa,sign,,13,2,small group
2026-02,arin,234.66.in-addr.arpa,sign,,8,1,single delegation
2026-02,arin,235.140.in-addr.arpa,sign,,13,1,single delegation
2026-02,arin,235.66.in-addr.arpa,unsign,13,,1,single delegation
2026-02,arin,239.45.in-addr.arpa,unsign,8,,1,single delegation
2026-02,arin,242.66.in-addr.arpa,sign,,13,2,small group
2026-02,arin,248.167.in-addr.arpa,sign,,8,1,single delegation
2026-02,arin,254.128.in-addr.arpa,sign,,13,3,small group
2026-02,arin,255.131.in-addr.arpa,sign,,13,1,single delegation
2026-02,arin,4.0.c.4.7.0.0.0.2.6.2.ip6.arpa,sign,,13,1,single delegation
2026-02,arin,4.199.in-addr.arpa,sign,,13,1,single delegation
2026-02,arin,4.9.4.f.2.0.6.2.ip6.arpa,sign,,13,1,single delegation
2026-02,arin,4.9.a.f.2.0.6.2.ip6.arpa,unsign,13,,1,single delegation
2026-02,arin,4.c.b.7.0.6.2.ip6.arpa,unsign,13,,1,single delegation
2026-02,arin,40.70.in-addr.arpa,sign,,8,2,small group
2026-02,arin,45.130.in-addr.arpa,sign,,13,12,bulk
2026-02,arin,45.199.in-addr.arpa,sign,,8,2,small group
2026-02,arin,45.45.in-addr.arpa,sign,,13,1,single delegation
2026-02,arin,56.144.in-addr.arpa,sign,,13,1,single delegation
2026-02,arin,6.6.7.f.2.0.6.2.ip6.arpa,sign,,13,1,single delegation
2026-02,arin,67.69.in-addr.arpa,sign,,13,2,small group
2026-02,arin,7.9.9.f.2.0.6.2.ip6.arpa,sign,,13,1,single delegation
2026-02,arin,70.208.in-addr.arpa,sign,,13,4,small group
2026-02,arin,80.170.in-addr.arpa,sign,,8,1,single delegation
2026-02,arin,82.170.in-addr.arpa,unsign,13,,2,small group
2026-02,arin,84.135.in-addr.arpa,sign,,13,1,single delegation
2026-02,arin,90.165.in-addr.arpa,unsign,7,,1,single delegation
2026-02,arin,93.172.in-addr.arpa,sign,,13,1,single delegation
2026-02,arin,94.167.in-addr.arpa,sign,,8,3,small group
2026-02,arin,c.0.b.6.0.6.2.ip6.arpa,unsign,13,,1,single delegation
2026-02,arin,c.e.b.f.2.0.6.2.ip6.arpa,sign,,13,1,single delegation
2026-02,arin,c.f.d.7.0.6.2.ip6.arpa,sign,,13,1,single delegation
2026-02,arin,f.3.c.f.2.0.6.2.ip6.arpa,unsign,13,,1,single delegation
2026-02,arin,f.c.f.7.0.6.2.ip6.arpa,sign,,8,1,single delegation
2026-02,arin,f.d.4.f.2.0.6.2.ip6.arpa,sign,,8,1,single delegation
2026-02,lacnic,108.131.in-addr.arpa,unsign,13,,4,small group
2026-02,lacnic,118.138.in-addr.arpa,unsign,8,,2,small group
2026-02,lacnic,179.45.in-addr.arpa,sign,,13,2,small group
2026-02,lacnic,186.45.in-addr.arpa,sign,,13,4,small group
2026-02,lacnic,189.45.in-addr.arpa,sign,,8,3,small group
2026-02,lacnic,195.168.in-addr.arpa,sign,,13,4,small group
2026-02,lacnic,197.168.in-addr.arpa,sign,,13,2,small group
2026-02,lacnic,197.168.in-addr.arpa,unsign,13,,1,single delegation
2026-02,lacnic,205.168.in-addr.arpa,sign,,8,2,small group
2026-02,lacnic,208.143.in-addr.arpa,unsign,13,,4,small group
2026-02,lacnic,239.45.in-addr.arpa,unsign,8,,1,single delegation
2026-02,lacnic,82.170.in-addr.arpa,unsign,13,,2,small group
2026-02,ripe,12.45.in-addr.arpa,sign,,15,1,single delegation
2026-02,ripe,149.192.in-addr.arpa,sign,,13,1,single delegation
2026-02,ripe,150.167.in-addr.arpa,sign,,15,1,single delegation
2026-02,ripe,150.45.in-addr.arpa,sign,,13,4,small group
2026-02,ripe,156.45.in-addr.arpa,unsign,13,,1,single delegation
2026-02,ripe,22.171.in-addr.arpa,sign,,13,1,single delegation
2026-02,ripe,56.144.in-addr.arpa,sign,,13,1,single delegation
2026-03,afrinic,203.102.in-addr.arpa,sign,,13,4,small group
2026-03,arin,0.0.2.d.d.0.0.0.2.6.2.ip6.arpa,sign,,13,1,single delegation
2026-03,arin,0.0.6.4.f.2.0.6.2.ip6.arpa,sign,,13,1,single delegation
2026-03,arin,0.5.b.1.8.0.2.0.6.2.ip6.arpa,unsign,13,,1,single delegation
2026-03,arin,0.6.9.9.f.2.0.6.2.ip6.arpa,sign,,13,1,single delegation
2026-03,arin,0.9.2.f.f.2.0.6.2.ip6.arpa,sign,,14,1,single delegation
2026-03,arin,0.b.c.1.8.0.2.0.6.2.ip6.arpa,sign,,13,1,single delegation
2026-03,arin,0.c.c.b.f.2.0.6.2.ip6.arpa,sign,,13,1,single delegation
2026-03,arin,102.66.in-addr.arpa,unsign,13,,1,single delegation
2026-03,arin,118.138.in-addr.arpa,sign,,8,1,single delegation
2026-03,arin,123.163.in-addr.arpa,unsign,8,,1,single delegation
2026-03,arin,129.161.in-addr.arpa,sign,,13,8,bulk
2026-03,arin,130.in-addr.arpa,sign,,13,1,single delegation
2026-03,arin,133.45.in-addr.arpa,sign,,13,2,small group
2026-03,arin,137.143.in-addr.arpa,unsign,13,,4,small group
2026-03,arin,138.204.in-addr.arpa,sign,,13,1,single delegation
2026-03,arin,141.192.in-addr.arpa,unsign,13,,1,single delegation
2026-03,arin,142.23.in-addr.arpa,sign,,13,1,single delegation
2026-03,arin,143.131.in-addr.arpa,sign,,13,1,single delegation
2026-03,arin,148.23.in-addr.arpa,sign,,"13,14",1,single delegation
2026-03,arin,164.45.in-addr.arpa,sign,,13,4,small group
2026-03,arin,165.45.in-addr.arpa,sign,,13,4,small group
2026-03,arin,165.45.in-addr.arpa,unsign,5,,2,small group
2026-03,arin,170.23.in-addr.arpa,sign,,13,1,single delegation
2026-03,arin,180.198.in-addr.arpa,sign,,13,1,single delegation
2026-03,arin,181.168.in-addr.arpa,sign,,13,4,small group
2026-03,arin,190.45.in-addr.arpa,unsign,8,,1,single delegation
2026-03,arin,197.168.in-addr.arpa,unsign,13,,1,single delegation
2026-03,arin,232.45.in-addr.arpa,sign,,13,4,small group
2026-03,arin,237.45.in-addr.arpa,sign,,13,3,small group
2026-03,arin,238.45.in-addr.arpa,sign,,13,4,small group
2026-03,arin,239.45.in-addr.arpa,sign,,8,1,single delegation
2026-03,arin,249.142.in-addr.arpa,sign,,13,1,single delegation
2026-03,arin,249.167.in-addr.arpa,sign,,13,4,small group
2026-03,arin,255.131.in-addr.arpa,unsign,13,,1,single delegation
2026-03,arin,255.138.in-addr.arpa,unsign,8,,4,small group
2026-03,arin,3.1.8.f.2.0.6.2.ip6.arpa,sign,,13,1,single delegation
2026-03,arin,36.138.in-addr.arpa,sign,,13,4,small group
2026-03,arin,40.70.in-addr.arpa,rollover,8,14,2,small group
2026-03,arin,42.192.in-addr.arpa,sign,,13,22,bulk
2026-03,arin,45.130.in-addr.arpa,sign,,13,116,bulk
2026-03,arin,5.199.in-addr.arpa,sign,,13,2,small group
2026-03,arin,56.64.in-addr.arpa,sign,,13,1,single delegation
2026-03,arin,68.45.in-addr.arpa,unsign,13,,1,single delegation
2026-03,arin,70.208.in-addr.arpa,unsign,13,,4,small group
2026-03,arin,71.45.in-addr.arpa,unsign,13,,2,small group
2026-03,arin,80.170.in-addr.arpa,unsign,8,,1,single delegation
2026-03,arin,90.168.in-addr.arpa,sign,,7,4,small group
2026-03,arin,91.45.in-addr.arpa,unsign,13,,1,single delegation
2026-03,lacnic,118.138.in-addr.arpa,sign,,8,2,small group
2026-03,lacnic,137.143.in-addr.arpa,unsign,13,,4,small group
2026-03,lacnic,141.192.in-addr.arpa,unsign,13,,1,single delegation
2026-03,lacnic,164.45.in-addr.arpa,sign,,13,4,small group
2026-03,lacnic,165.45.in-addr.arpa,sign,,13,4,small group
2026-03,lacnic,165.45.in-addr.arpa,unsign,5,,1,single delegation
2026-03,lacnic,181.168.in-addr.arpa,sign,,13,4,small group
2026-03,lacnic,190.45.in-addr.arpa,unsign,8,,1,single delegation
2026-03,lacnic,197.168.in-addr.arpa,sign,,13,2,small group
2026-03,lacnic,232.45.in-addr.arpa,sign,,13,4,small group
2026-03,lacnic,237.45.in-addr.arpa,sign,,13,3,small group
2026-03,lacnic,238.45.in-addr.arpa,sign,,13,4,small group
2026-03,lacnic,239.45.in-addr.arpa,sign,,8,1,single delegation
2026-03,lacnic,249.167.in-addr.arpa,sign,,13,4,small group
2026-03,lacnic,255.138.in-addr.arpa,unsign,8,,4,small group
2026-03,lacnic,36.138.in-addr.arpa,sign,,13,4,small group
2026-03,lacnic,68.45.in-addr.arpa,unsign,13,,1,single delegation
2026-03,lacnic,71.45.in-addr.arpa,unsign,13,,2,small group
2026-03,lacnic,90.168.in-addr.arpa,sign,,7,4,small group
2026-03,ripe,130.in-addr.arpa,sign,,13,1,single delegation
2026-03,ripe,133.45.in-addr.arpa,sign,,13,2,small group
2026-03,ripe,26.203.in-addr.arpa,sign,,15,1,single delegation
2026-03,ripe,42.192.in-addr.arpa,sign,,13,22,bulk
2026-03,ripe,91.45.in-addr.arpa,unsign,13,,1,single delegation
2026-04,afrinic,140.197.in-addr.arpa,sign,,8,1,single delegation
2026-04,arin,0.0.4.4.f.2.0.6.2.ip6.arpa,sign,,13,1,single delegation
2026-04,arin,0.7.f.9.f.2.0.6.2.ip6.arpa,unsign,13,,1,single delegation
2026-04,arin,0.e.3.4.f.2.0.6.2.ip6.arpa,sign,,13,1,single delegation
2026-04,arin,0.e.9.2.0.2.0.6.2.ip6.arpa,unsign,13,,1,single delegation
2026-04,arin,109.78.in-addr.arpa,sign,,13,1,single delegation
2026-04,arin,11.45.in-addr.arpa,unsign,13,,2,small group
2026-04,arin,112.74.in-addr.arpa,unsign,13,,1,single delegation
2026-04,arin,120.216.in-addr.arpa,sign,,13,1,single delegation
2026-04,arin,121.74.in-addr.arpa,unsign,5,,8,bulk
2026-04,arin,122.138.in-addr.arpa,sign,,13,4,small group
2026-04,arin,128.in-addr.arpa,rollover,7,13,1,single delegation
2026-04,arin,129.23.in-addr.arpa,sign,,13,1,single delegation
2026-04,arin,131.in-addr.arpa,rollover,7,13,1,single delegation
2026-04,arin,139.45.in-addr.arpa,sign,,13,4,small group
2026-04,arin,143.131.in-addr.arpa,unsign,13,,1,single delegation
2026-04,arin,143.23.in-addr.arpa,unsign,13,,1,single delegation
2026-04,arin,144.192.in-addr.arpa,sign,,8,1,single delegation
2026-04,arin,154.23.in-addr.arpa,sign,,13,1,single delegation
2026-04,arin,155.23.in-addr.arpa,sign,,13,1,single delegation
2026-04,arin,161.131.in-addr.arpa,sign,,8,4,small group
2026-04,arin,164.23.in-addr.arpa,sign,,13,1,single delegation
2026-04,arin,164.23.in-addr.arpa,unsign,13,,1,single delegation
2026-04,arin,165.45.in-addr.arpa,sign,,5,2,small group
2026-04,arin,181.198.in-addr.arpa,sign,,13,1,single delegation
2026-04,arin,182.45.in-addr.arpa,unsign,13,,6,bulk
2026-04,arin,184.45.in-addr.arpa,sign,,13,4,small group
2026-04,arin,189.45.in-addr.arpa,unsign,8,,4,small group
2026-04,arin,190.45.in-addr.arpa,sign,,8,1,single delegation
2026-04,arin,193.141.in-addr.arpa,sign,,13,2,small group
2026-04,arin,197.168.in-addr.arpa,sign,,13,3,small group
2026-04,arin,197.168.in-addr.arpa,sign,,8,3,small group
2026-04,arin,2.8.d.4.a.0.0.0.2.6.2.ip6.arpa,sign,,13,1,single delegation
2026-04,arin,201.128.in-addr.arpa,unsign,13,,2,small group
2026-04,arin,205.168.in-addr.arpa,sign,,8,3,small group
2026-04,arin,208.143.in-addr.arpa,sign,,8,4,small group
2026-04,arin,235.140.in-addr.arpa,sign,,13,1,single delegation
2026-04,arin,235.140.in-addr.arpa,unsign,13,,1,single delegation
2026-04,arin,245.170.in-addr.arpa,sign,,13,1,single delegation
2026-04,arin,246.199.in-addr.arpa,sign,,13,2,small group
2026-04,arin,255.138.in-addr.arpa,sign,,8,4,small group
2026-04,arin,3.f.f.7.0.6.2.ip6.arpa,unsign,5,,1,single delegation
2026-04,arin,31.192.in-addr.arpa,sign,,13,9,bulk
2026-04,arin,40.192.in-addr.arpa,unsign,13,,1,single delegation
2026-04,arin,55.152.in-addr.arpa,sign,,13,8,bulk
2026-04,arin,6.8.8.4.a.0.0.0.2.6.2.ip6.arpa,sign,,13,1,single delegation
2026-04,arin,80.170.in-addr.arpa,sign,,8,1,single delegation
2026-04,arin,80.170.in-addr.arpa,unsign,8,,1,single delegation
2026-04,arin,83.170.in-addr.arpa,sign,,8,4,small group
2026-04,arin,83.208.in-addr.arpa,unsign,5,,8,bulk
2026-04,arin,87.69.in-addr.arpa,rollover,13,8,1,single delegation
2026-04,lacnic,122.138.in-addr.arpa,sign,,13,4,small group
2026-04,lacnic,144.192.in-addr.arpa,sign,,8,1,single delegation
2026-04,lacnic,161.131.in-addr.arpa,sign,,8,4,small group
2026-04,lacnic,161.131.in-addr.arpa,unsign,8,,2,small group
2026-04,lacnic,165.45.in-addr.arpa,sign,,5,1,single delegation
2026-04,lacnic,182.45.in-addr.arpa,sign,,7,1,single delegation
2026-04,lacnic,182.45.in-addr.arpa,unsign,13,,5,bulk
2026-04,lacnic,184.45.in-addr.arpa,sign,,13,4,small group
2026-04,lacnic,190.45.in-addr.arpa,sign,,8,1,single delegation
2026-04,lacnic,195.168.in-addr.arpa,unsign,13,,1,single delegation
2026-04,lacnic,201.128.in-addr.arpa,unsign,13,,2,small group
2026-04,lacnic,208.143.in-addr.arpa,sign,,8,1,single delegation
2026-04,lacnic,245.170.in-addr.arpa,sign,,13,1,single delegation
2026-04,lacnic,249.167.in-addr.arpa,unsign,13,,4,small group
2026-04,lacnic,254.170.in-addr.arpa,unsign,13,,3,small group
2026-04,lacnic,255.131.in-addr.arpa,unsign,13,,1,single delegation
2026-04,lacnic,80.170.in-addr.arpa,unsign,8,,1,single delegation
2026-04,lacnic,83.170.in-addr.arpa,sign,,8,4,small group
2026-04,ripe,11.45.in-addr.arpa,unsign,13,,2,small group
2026-04,ripe,139.45.in-addr.arpa,sign,,13,4,small group
2026-05,afrinic,150.213.in-addr.arpa,unsign,8,,1,single delegation
2026-05,afrinic,211.102.in-addr.arpa,sign,,13,2,small group
2026-05,arin,0.0.4.d.b.0.0.0.2.6.2.ip6.arpa,sign,,13,1,single delegation
2026-05,arin,0.0.e.f.d.0.0.0.2.6.2.ip6.arpa,sign,,13,1,single delegation
2026-05,arin,0.2.f.9.f.2.0.6.2.ip6.arpa,unsign,8,,1,single delegation
2026-05,arin,0.4.0.1.0.0.2.ip6.arpa,sign,,14,1,single delegation
2026-05,arin,0.a.0.4.f.2.0.6.2.ip6.arpa,sign,,13,1,single delegation
2026-05,arin,0.b.0.4.f.2.0.6.2.ip6.arpa,sign,,13,1,single delegation
2026-05,arin,112.149.in-addr.arpa,sign,,13,1,single delegation
2026-05,arin,112.149.in-addr.arpa,unsign,8,,2,small group
2026-05,arin,112.192.in-addr.arpa,sign,,13,1,single delegation
2026-05,arin,128.in-addr.arpa,unsign,10,,1,single delegation
2026-05,arin,130.204.in-addr.arpa,sign,,13,1,single delegation
2026-05,arin,132.23.in-addr.arpa,unsign,13,,1,single delegation
2026-05,arin,139.23.in-addr.arpa,sign,,13,1,single delegation
2026-05,arin,151.23.in-addr.arpa,sign,,13,1,single delegation
2026-05,arin,155.23.in-addr.arpa,sign,,13,1,single delegation
2026-05,arin,165.23.in-addr.arpa,unsign,13,,1,single delegation
2026-05,arin,169.in-addr.arpa,unsign,10,,1,single delegation
2026-05,arin,181.147.in-addr.arpa,sign,,13,20,bulk
2026-05,arin,182.45.in-addr.arpa,sign,,13,2,small group
2026-05,arin,182.45.in-addr.arpa,sign,,7,3,small group
2026-05,arin,186.45.in-addr.arpa,sign,,13,6,bulk
2026-05,arin,189.45.in-addr.arpa,sign,,8,4,small group
2026-05,arin,190.45.in-addr.arpa,unsign,13,,4,small group
2026-05,arin,197.168.in-addr.arpa,unsign,13,,1,single delegation
2026-05,arin,197.168.in-addr.arpa,unsign,8,,3,small group
2026-05,arin,2.2.c.6.0.6.2.ip6.arpa,sign,,13,1,single delegation
2026-05,arin,2.3.2.4.0.6.2.ip6.arpa,sign,,13,1,single delegation
2026-05,arin,201.128.in-addr.arpa,unsign,8,,2,small group
2026-05,arin,205.168.in-addr.arpa,unsign,8,,3,small group
2026-05,arin,209.206.in-addr.arpa,sign,,13,2,small group
2026-05,arin,227.168.in-addr.arpa,sign,,13,4,small group
2026-05,arin,230.45.in-addr.arpa,unsign,13,,4,small group
2026-05,arin,235.66.in-addr.arpa,sign,,13,1,single delegation
2026-05,arin,238.160.in-addr.arpa,sign,,13,1,single delegation
2026-05,arin,249.104.in-addr.arpa,sign,,8,1,single delegation
2026-05,arin,255.131.in-addr.arpa,sign,,13,4,small group
2026-05,arin,255.138.in-addr.arpa,sign,,13,4,small group
2026-05,arin,255.138.in-addr.arpa,unsign,8,,4,small group
2026-05,arin,3.1.0.4.0.5.0.1.0.0.2.ip6.arpa,unsign,8,,1,single delegation
2026-05,arin,33.192.in-addr.arpa,sign,,13,1,single delegation
2026-05,arin,33.199.in-addr.arpa,sign,,13,1,single delegation
2026-05,arin,4.45.in-addr.arpa,sign,,13,4,small group
2026-05,arin,55.198.in-addr.arpa,sign,,8,2,small group
2026-05,arin,59.199.in-addr.arpa,sign,,10,4,small group
2026-05,arin,6.c.9.f.2.0.6.2.ip6.arpa,sign,,13,1,single delegation
2026-05,arin,63.74.in-addr.arpa,sign,,13,2,small group
2026-05,arin,65.192.in-addr.arpa,sign,,13,1,single delegation
2026-05,arin,8.a.0.6.0.6.2.ip6.arpa,sign,,8,1,single delegation
2026-05,arin,80.170.in-addr.arpa,sign,,8,1,single delegation
2026-05,arin,84.170.in-addr.arpa,sign,,13,4,small group
2026-05,arin,86.45.in-addr.arpa,rollover,7,13,4,small group
2026-05,arin,90.208.in-addr.arpa,sign,,13,1,single delegation
2026-05,arin,96.64.in-addr.arpa,rollover,"7,13",13,1,single delegation
2026-05,arin,97.138.in-addr.arpa,sign,,8,1,single delegation
2026-05,arin,b.e.9.f.2.0.6.2.ip6.arpa,unsign,13,,1,single delegation
2026-05,arin,f.5.f.7.0.6.2.ip6.arpa,unsign,10,,1,single delegation
2026-05,lacnic,161.131.in-addr.arpa,sign,,8,1,single delegation
2026-05,lacnic,182.45.in-addr.arpa,sign,,13,1,single delegation
2026-05,lacnic,182.45.in-addr.arpa,unsign,7,,1,single delegation
2026-05,lacnic,186.45.in-addr.arpa,sign,,13,6,bulk
2026-05,lacnic,190.45.in-addr.arpa,unsign,13,,4,small group
2026-05,lacnic,195.168.in-addr.arpa,sign,,13,1,single delegation
2026-05,lacnic,197.168.in-addr.arpa,unsign,13,,2,small group
2026-05,lacnic,201.128.in-addr.arpa,unsign,8,,2,small group
2026-05,lacnic,208.143.in-addr.arpa,unsign,8,,1,single delegation
2026-05,lacnic,227.168.in-addr.arpa,sign,,13,4,small group
2026-05,lacnic,230.45.in-addr.arpa,unsign,13,,4,small group
2026-05,lacnic,238.160.in-addr.arpa,sign,,13,1,single delegation
2026-05,lacnic,239.45.in-addr.arpa,unsign,13,,2,small group
2026-05,lacnic,254.170.in-addr.arpa,sign,,13,3,small group
2026-05,lacnic,255.131.in-addr.arpa,sign,,13,4,small group
2026-05,lacnic,255.138.in-addr.arpa,sign,,13,4,small group
2026-05,lacnic,4.45.in-addr.arpa,sign,,13,4,small group
2026-05,lacnic,80.170.in-addr.arpa,sign,,8,1,single delegation
2026-05,lacnic,84.170.in-addr.arpa,sign,,13,4,small group
2026-05,lacnic,97.138.in-addr.arpa,sign,,8,1,single delegation
2026-05,ripe,181.147.in-addr.arpa,sign,,13,20,bulk
2026-05,ripe,251.150.in-addr.arpa,sign,,13,5,bulk
2026-05,ripe,49.201.in-addr.arpa,sign,,13,1,single delegation
2026-05,ripe,86.45.in-addr.arpa,rollover,7,13,4,small group
2026-05,ripe,91.118.in-addr.arpa,sign,,13,1,single delegation
2026-06,arin,0.0.a.7.6.0.0.0.2.6.2.ip6.arpa,rollover,7,13,1,single delegation
2026-06,arin,0.2.0.0.0.1.6.2.ip6.arpa,unsign,"7,8",,1,single delegation
2026-06,arin,0.2.c.3.f.2.0.6.2.ip6.arpa,sign,,13,1,single delegation
2026-06,arin,0.7.b.0.8.0.2.0.6.2.ip6.arpa,unsign,13,,1,single delegation
2026-06,arin,0.9.f.0.8.0.2.0.6.2.ip6.arpa,unsign,13,,1,single delegation
2026-06,arin,0.b.9.0.1.0.0.2.6.2.ip6.arpa,unsign,5,,1,single delegation
2026-06,arin,0.c.6.1.8.0.2.0.6.2.ip6.arpa,unsign,14,,1,single delegation
2026-06,arin,0.d.8.9.f.2.0.6.2.ip6.arpa,sign,,13,1,single delegation
2026-06,arin,104.167.in-addr.arpa,sign,,13,1,single delegation
2026-06,arin,114.216.in-addr.arpa,sign,,13,1,single delegation
2026-06,arin,121.168.in-addr.arpa,sign,,13,4,small group
2026-06,arin,123.163.in-addr.arpa,unsign,13,,1,single delegation
2026-06,arin,132.23.in-addr.arpa,unsign,13,,1,single delegation
2026-06,arin,133.198.in-addr.arpa,sign,,13,1,single delegation
2026-06,arin,142.23.in-addr.arpa,sign,,13,1,single delegation
2026-06,arin,142.23.in-addr.arpa,unsign,13,,3,small group
2026-06,arin,144.204.in-addr.arpa,sign,,14,1,single delegation
2026-06,arin,151.in-addr.arpa,rollover,7,13,1,single delegation
2026-06,arin,158.45.in-addr.arpa,sign,,13,1,single delegation
2026-06,arin,168.206.in-addr.arpa,sign,,14,8,bulk
2026-06,arin,168.45.in-addr.arpa,unsign,13,,4,small group
2026-06,arin,171.23.in-addr.arpa,sign,,13,1,single delegation
2026-06,arin,174.207.in-addr.arpa,sign,,14,5,bulk
2026-06,arin,176.45.in-addr.arpa,unsign,13,,4,small group
2026-06,arin,178.45.in-addr.arpa,sign,,13,4,small group
2026-06,arin,18.72.in-addr.arpa,sign,,14,9,bulk
2026-06,arin,182.45.in-addr.arpa,unsign,7,,3,small group
2026-06,arin,190.45.in-addr.arpa,unsign,8,,1,single delegation
2026-06,arin,195.168.in-addr.arpa,sign,,13,4,small group
2026-06,arin,197.168.in-addr.arpa,sign,,13,1,single delegation
2026-06,arin,197.206.in-addr.arpa,rollover,5,13,1,single delegation
2026-06,arin,2.0.a.f.2.0.6.2.ip6.arpa,sign,,13,1,single delegation
2026-06,arin,201.128.in-addr.arpa,sign,,8,2,small group
2026-06,arin,201.128.in-addr.arpa,unsign,8,,1,single delegation
2026-06,arin,204.206.in-addr.arpa,sign,,13,4,small group
2026-06,arin,208.143.in-addr.arpa,unsign,8,,2,small group
2026-06,arin,227.168.in-addr.arpa,sign,,13,4,small group
2026-06,arin,229.45.in-addr.arpa,sign,,13,4,small group
2026-06,arin,230.45.in-addr.arpa,sign,,8,4,small group
2026-06,arin,232.45.in-addr.arpa,sign,,13,4,small group
2026-06,arin,235.140.in-addr.arpa,sign,,13,1,single delegation
2026-06,arin,238.160.in-addr.arpa,sign,,13,3,small group
2026-06,arin,238.160.in-addr.arpa,sign,,8,4,small group
2026-06,arin,238.160.in-addr.arpa,unsign,13,,1,single delegation
2026-06,arin,248.142.in-addr.arpa,sign,,13,4,small group
2026-06,arin,249.142.in-addr.arpa,sign,,13,4,small group
2026-06,arin,249.167.in-addr.arpa,sign,,13,1,single delegation
2026-06,arin,249.167.in-addr.arpa,unsign,13,,4,small group
2026-06,arin,250.167.in-addr.arpa,rollover,"8,13",8,2,small group
2026-06,arin,36.138.in-addr.arpa,sign,,13,4,small group
2026-06,arin,36.138.in-addr.arpa,sign,,8,4,small group
2026-06,arin,38.69.in-addr.arpa,sign,,14,4,small group
2026-06,arin,44.137.in-addr.arpa,sign,,13,1,single delegation
2026-06,arin,45.199.in-addr.arpa,sign,,14,2,small group
2026-06,arin,6.66.in-addr.arpa,unsign,5,,16,bulk
2026-06,arin,71.208.in-addr.arpa,sign,,13,1,single delegation
2026-06,arin,78.170.in-addr.arpa,sign,,13,1,single delegation
2026-06,arin,8.b.2.7.0.6.2.ip6.arpa,sign,,14,1,single delegation
2026-06,arin,83.170.in-addr.arpa,sign,,13,4,small group
2026-06,arin,84.170.in-addr.arpa,sign,,8,4,small group
2026-06,arin,89.204.in-addr.arpa,rollover,5,13,1,single delegation
2026-06,arin,90.208.in-addr.arpa,sign,,13,1,single delegation
2026-06,arin,92.209.in-addr.arpa,sign,,13,2,small group
2026-06,arin,97.138.in-addr.arpa,unsign,8,,4,small group
2026-06,arin,b.f.a.f.2.0.6.2.ip6.arpa,unsign,13,,1,single delegation
2026-06,arin,c.1.0.0.6.2.ip6.arpa,sign,,13,1,single delegation
2026-06,arin,c.e.b.f.2.0.6.2.ip6.arpa,unsign,13,,1,single delegation
2026-06,arin,e.b.0.4.0.6.2.ip6.arpa,sign,,13,1,single delegation
2026-06,lacnic,121.168.in-addr.arpa,sign,,13,4,small group
2026-06,lacnic,161.131.in-addr.arpa,sign,,8,1,single delegation
2026-06,lacnic,168.45.in-addr.arpa,unsign,13,,4,small group
2026-06,lacnic,176.45.in-addr.arpa,unsign,13,,4,small group
2026-06,lacnic,178.45.in-addr.arpa,sign,,13,4,small group
2026-06,lacnic,195.168.in-addr.arpa,sign,,13,4,small group
2026-06,lacnic,197.168.in-addr.arpa,sign,,13,2,small group
2026-06,lacnic,208.143.in-addr.arpa,sign,,8,4,small group
2026-06,lacnic,227.168.in-addr.arpa,sign,,13,4,small group
2026-06,lacnic,229.45.in-addr.arpa,sign,,13,4,small group
2026-06,lacnic,230.45.in-addr.arpa,sign,,8,4,small group
2026-06,lacnic,232.45.in-addr.arpa,sign,,13,4,small group
2026-06,lacnic,238.160.in-addr.arpa,sign,,13,3,small group
2026-06,lacnic,238.160.in-addr.arpa,sign,,8,4,small group
2026-06,lacnic,238.160.in-addr.arpa,unsign,13,,1,single delegation
2026-06,lacnic,239.45.in-addr.arpa,sign,,13,2,small group
2026-06,lacnic,249.167.in-addr.arpa,sign,,13,1,single delegation
2026-06,lacnic,250.167.in-addr.arpa,rollover,"8,13",8,2,small group
2026-06,lacnic,36.138.in-addr.arpa,sign,,13,4,small group
2026-06,lacnic,36.138.in-addr.arpa,sign,,8,4,small group
2026-06,lacnic,78.170.in-addr.arpa,sign,,13,1,single delegation
2026-06,lacnic,83.170.in-addr.arpa,sign,,13,4,small group
2026-06,lacnic,84.170.in-addr.arpa,sign,,8,4,small group
2026-06,lacnic,97.138.in-addr.arpa,unsign,8,,5,bulk
2026-06,ripe,104.167.in-addr.arpa,sign,,13,1,single delegation
2026-06,ripe,158.45.in-addr.arpa,sign,,13,1,single delegation
2026-06,ripe,181.202.in-addr.arpa,sign,,14,1,single delegation
2026-06,ripe,204.206.in-addr.arpa,sign,,13,4,small group
2026-06,ripe,38.69.in-addr.arpa,sign,,14,4,small group
2026-06,ripe,44.137.in-addr.arpa,sign,,13,1,single delegation
2026-07,afrinic,0.0.0.0.4.1.4.f.0.c.2.ip6.arpa,sign,,8,1,single delegation
2026-07,afrinic,118.154.in-addr.arpa,rollover,7,"7,13",4,small group
2026-07,afrinic,159.169.in-addr.arpa,rollover,7,"7,13",32,bulk
2026-07,afrinic,212.102.in-addr.arpa,sign,,8,1,single delegation
2026-07,afrinic,8.b.7.f.f.0.c.2.ip6.arpa,rollover,7,"7,13",16,bulk
2026-07,arin,0.0.2.2.3.0.0.0.2.6.2.ip6.arpa,sign,,13,1,single delegation
2026-07,arin,0.0.2.5.3.0.0.0.2.6.2.ip6.arpa,sign,,13,1,single delegation
2026-07,arin,0.1.7.1.8.0.2.0.6.2.ip6.arpa,unsign,13,,1,single delegation
2026-07,arin,0.143.in-addr.arpa,rollover,14,13,4,small group
2026-07,arin,0.7.f.9.f.2.0.6.2.ip6.arpa,sign,,13,1,single delegation
2026-07,arin,0.b.3.4.f.2.0.6.2.ip6.arpa,sign,,13,1,single delegation
2026-07,arin,0.e.d.1.8.0.2.0.6.2.ip6.arpa,sign,,13,1,single delegation
2026-07,arin,100.131.in-addr.arpa,sign,,13,4,small group
2026-07,arin,114.199.in-addr.arpa,sign,,13,4,small group
2026-07,arin,118.138.in-addr.arpa,unsign,8,,2,small group
2026-07,arin,121.168.in-addr.arpa,sign,,13,4,small group
2026-07,arin,129.in-addr.arpa,unsign,8,,1,single delegation
2026-07,arin,132.in-addr.arpa,sign,,13,1,single delegation
2026-07,arin,146.in-addr.arpa,sign,,13,1,single delegation
2026-07,arin,147.45.in-addr.arpa,sign,,13,2,small group
2026-07,arin,147.in-addr.arpa,sign,,13,1,single delegation
2026-07,arin,152.216.in-addr.arpa,unsign,8,,4,small group
2026-07,arin,153.198.in-addr.arpa,sign,,13,1,single delegation
2026-07,arin,154.198.in-addr.arpa,sign,,13,2,small group
2026-07,arin,154.23.in-addr.arpa,sign,,13,1,single delegation
2026-07,arin,156.45.in-addr.arpa,sign,,13,2,small group
2026-07,arin,159.169.in-addr.arpa,rollover,7,"7,13",32,bulk
2026-07,arin,159.in-addr.arpa,sign,,13,1,single delegation
2026-07,arin,160.23.in-addr.arpa,sign,,13,1,single delegation
2026-07,arin,162.131.in-addr.arpa,sign,,13,4,small group
2026-07,arin,162.45.in-addr.arpa,sign,,13,4,small group
2026-07,arin,163.45.in-addr.arpa,sign,,8,4,small group
2026-07,arin,164.23.in-addr.arpa,sign,,13,1,single delegation
2026-07,arin,167.205.in-addr.arpa,sign,,13,2,small group
2026-07,arin,168.199.in-addr.arpa,sign,,13,4,small group
2026-07,arin,170.23.in-addr.arpa,unsign,13,,1,single delegation
2026-07,arin,173.45.in-addr.arpa,sign,,13,2,small group
2026-07,arin,174.207.in-addr.arpa,sign,,13,1,single delegation
2026-07,arin,179.198.in-addr.arpa,sign,,13,1,single delegation
2026-07,arin,187.45.in-addr.arpa,sign,,13,4,small group
2026-07,arin,190.45.in-addr.arpa,sign,,8,1,single delegation
2026-07,arin,197.206.in-addr.arpa,sign,,13,1,single delegation
2026-07,arin,198.in-addr.arpa,sign,,8,1,single delegation
2026-07,arin,201.128.in-addr.arpa,sign,,8,1,single delegation
2026-07,arin,202.143.in-addr.arpa,sign,,13,4,small group
2026-07,arin,208.143.in-addr.arpa,sign,,8,2,small group
2026-07,arin,208.143.in-addr.arpa,unsign,13,,4,small group
2026-07,arin,228.45.in-addr.arpa,sign,,13,2,small group
2026-07,arin,229.45.in-addr.arpa,unsign,13,,4,small group
2026-07,arin,233.45.in-addr.arpa,sign,,13,1,single delegation
2026-07,arin,3.9.7.f.2.0.6.2.ip6.arpa,sign,,13,1,single delegation
2026-07,arin,40.192.in-addr.arpa,unsign,13,,1,single delegation
2026-07,arin,45.199.in-addr.arpa,sign,,14,1,single delegation
2026-07,arin,48.192.in-addr.arpa,sign,,13,1,single delegation
2026-07,arin,5.192.in-addr.arpa,unsign,8,,1,single delegation
2026-07,arin,5.45.in-addr.arpa,sign,,13,6,bulk
2026-07,arin,51.198.in-addr.arpa,sign,,13,2,small group
2026-07,arin,6.3.f.7.0.6.2.ip6.arpa,sign,,13,1,single delegation
2026-07,arin,68.45.in-addr.arpa,unsign,13,,1,single delegation
2026-07,arin,7.45.in-addr.arpa,sign,,13,4,small group
2026-07,arin,7.a.f.2.0.6.2.ip6.arpa,unsign,13,,1,single delegation
2026-07,arin,80.74.in-addr.arpa,sign,,13,2,small group
2026-07,arin,84.192.in-addr.arpa,sign,,13,1,single delegation
2026-07,arin,85.66.in-addr.arpa,sign,,13,4,small group
2026-07,arin,92.209.in-addr.arpa,sign,,13,1,single delegation
2026-07,arin,94.138.in-addr.arpa,sign,,13,4,small group
2026-07,arin,94.184.in-addr.arpa,sign,,13,3,small group
2026-07,lacnic,0.143.in-addr.arpa,rollover,14,13,4,small group
2026-07,lacnic,100.131.in-addr.arpa,sign,,13,4,small group
2026-07,lacnic,121.168.in-addr.arpa,sign,,13,4,small group
2026-07,lacnic,162.45.in-addr.arpa,sign,,13,4,small group
2026-07,lacnic,163.45.in-addr.arpa,sign,,8,4,small group
2026-07,lacnic,173.45.in-addr.arpa,sign,,13,2,small group
2026-07,lacnic,187.45.in-addr.arpa,sign,,13,4,small group
2026-07,lacnic,201.128.in-addr.arpa,sign,,8,2,small group
2026-07,lacnic,202.143.in-addr.arpa,sign,,13,4,small group
2026-07,lacnic,208.143.in-addr.arpa,unsign,8,,2,small group
2026-07,lacnic,228.45.in-addr.arpa,sign,,13,2,small group
2026-07,lacnic,229.45.in-addr.arpa,unsign,13,,4,small group
2026-07,lacnic,233.170.in-addr.arpa,unsign,8,,1,single delegation
2026-07,lacnic,233.45.in-addr.arpa,sign,,13,1,single delegation
2026-07,lacnic,255.131.in-addr.arpa,unsign,7,,2,small group
2026-07,lacnic,5.45.in-addr.arpa,sign,,13,6,bulk
2026-07,lacnic,68.45.in-addr.arpa,unsign,13,,1,single delegation
2026-07,lacnic,7.45.in-addr.arpa,sign,,13,4,small group
2026-07,lacnic,72.131.in-addr.arpa,unsign,8,,1,single delegation
2026-07,lacnic,94.138.in-addr.arpa,sign,,13,4,small group
2026-07,lacnic,97.138.in-addr.arpa,sign,,8,1,single delegation
2026-07,lacnic,97.138.in-addr.arpa,unsign,8,,4,small group
2026-07,ripe,129.in-addr.arpa,unsign,8,,1,single delegation
2026-07,ripe,147.45.in-addr.arpa,sign,,13,2,small group
2026-07,ripe,147.in-addr.arpa,sign,,13,1,single delegation
2026-07,ripe,156.45.in-addr.arpa,sign,,13,2,small group
2026-07,ripe,177.177.in-addr.arpa,sign,,14,2,small group
2026-07,ripe,40.192.in-addr.arpa,unsign,13,,1,single delegation
2026-07,ripe,5.192.in-addr.arpa,unsign,8,,1,single delegation
2026-08,arin,0.0.d.6.f.2.0.6.2.ip6.arpa,sign,,13,1,single delegation
2026-08,arin,0.131.in-addr.arpa,unsign,8,,4,small group
2026-08,arin,0.192.in-addr.arpa,sign,,13,1,single delegation
2026-08,arin,0.2.6.3.f.2.0.6.2.ip6.arpa,sign,,13,1,single delegation
2026-08,arin,0.4.5.3.f.2.0.6.2.ip6.arpa,sign,,13,1,single delegation
2026-08,arin,0.6.9.9.f.2.0.6.2.ip6.arpa,unsign,13,,1,single delegation
2026-08,arin,0.7.3.3.f.2.0.6.2.ip6.arpa,sign,,8,1,single delegation
2026-08,arin,0.7.4.3.f.2.0.6.2.ip6.arpa,sign,,13,1,single delegation
2026-08,arin,0.7.7.3.f.2.0.6.2.ip6.arpa,sign,,13,1,single delegation
2026-08,arin,0.8.1.e.f.2.0.6.2.ip6.arpa,unsign,13,,1,single delegation
2026-08,arin,0.8.6.3.f.2.0.6.2.ip6.arpa,sign,,13,1,single delegation
2026-08,arin,0.d.0.4.f.2.0.6.2.ip6.arpa,sign,,13,1,single delegation
2026-08,arin,1.7.3.f.2.0.6.2.ip6.arpa,sign,,13,1,single delegation
2026-08,arin,109.192.in-addr.arpa,sign,,13,1,single delegation
2026-08,arin,112.149.in-addr.arpa,unsign,13,,1,single delegation
2026-08,arin,118.138.in-addr.arpa,sign,,8,2,small group
2026-08,arin,12.192.in-addr.arpa,rollover,5,"5,13",1,single delegation
2026-08,arin,128.169.in-addr.arpa,sign,,13,4,small group
2026-08,arin,128.in-addr.arpa,rollover,5,"5,13",1,single delegation
2026-08,arin,129.in-addr.arpa,sign,,13,1,single delegation
2026-08,arin,131.in-addr.arpa,rollover,7,13,1,single delegation
2026-08,arin,141.192.in-addr.arpa,sign,,13,1,single delegation
2026-08,arin,148.192.in-addr.arpa,sign,,13,1,single delegation
2026-08,arin,151.168.in-addr.arpa,sign,,13,1,single delegation
2026-08,arin,153.198.in-addr.arpa,sign,,13,2,small group
2026-08,arin,153.in-addr.arpa,sign,,8,1,single delegation
2026-08,arin,155.23.in-addr.arpa,sign,,13,1,single delegation
2026-08,arin,156.45.in-addr.arpa,sign,,13,1,single delegation
2026-08,arin,158.45.in-addr.arpa,sign,,13,2,small group
2026-08,arin,160.23.in-addr.arpa,sign,,13,1,single delegation
2026-08,arin,161.131.in-addr.arpa,sign,,13,4,small group
2026-08,arin,161.23.in-addr.arpa,sign,,13,1,single delegation
2026-08,arin,161.45.in-addr.arpa,sign,,13,2,small group
2026-08,arin,164.199.in-addr.arpa,sign,,13,1,single delegation
2026-08,arin,165.45.in-addr.arpa,unsign,5,,1,single delegation
2026-08,arin,165.in-addr.arpa,sign,,14,1,single delegation
2026-08,arin,167.45.in-addr.arpa,sign,,13,4,small group
2026-08,arin,170.23.in-addr.arpa,unsign,13,,1,single delegation
2026-08,arin,170.45.in-addr.arpa,unsign,13,,4,small group
2026-08,arin,172.23.in-addr.arpa,sign,,13,1,single delegation
2026-08,arin,176.45.in-addr.arpa,sign,,13,4,small group
2026-08,arin,180.190.in-addr.arpa,unsign,13,,1,single delegation
2026-08,arin,181.198.in-addr.arpa,rollover,5,"5,13",1,single delegation
2026-08,arin,185.147.in-addr.arpa,sign,,13,1,single delegation
2026-08,arin,186.23.in-addr.arpa,sign,,13,1,single delegation
2026-08,arin,190.23.in-addr.arpa,sign,,13,1,single delegation
2026-08,arin,197.169.in-addr.arpa,unsign,13,,1,single delegation
2026-08,arin,197.206.in-addr.arpa,sign,,13,1,single delegation
2026-08,arin,2.f.7.f.2.0.6.2.ip6.arpa,sign,,13,1,single delegation
2026-08,arin,204.206.in-addr.arpa,unsign,13,,4,small group
2026-08,arin,206.198.in-addr.arpa,sign,,13,1,single delegation
2026-08,arin,208.143.in-addr.arpa,sign,,13,4,small group
2026-08,arin,208.143.in-addr.arpa,unsign,8,,3,small group
2026-08,arin,208.66.in-addr.arpa,sign,,13,4,small group
2026-08,arin,225.45.in-addr.arpa,sign,,13,4,small group
2026-08,arin,226.45.in-addr.arpa,sign,,13,1,single delegation
2026-08,arin,229.45.in-addr.arpa,sign,,13,4,small group
2026-08,arin,231.45.in-addr.arpa,sign,,13,4,small group
2026-08,arin,235.45.in-addr.arpa,sign,,13,4,small group
2026-08,arin,245.168.in-addr.arpa,sign,,13,1,single delegation
2026-08,arin,249.142.in-addr.arpa,sign,,13,3,small group
2026-08,arin,255.131.in-addr.arpa,unsign,13,,4,small group
2026-08,arin,35.192.in-addr.arpa,sign,,13,1,single delegation
2026-08,arin,4.5.2.7.0.6.2.ip6.arpa,unsign,13,,1,single delegation
2026-08,arin,42.45.in-addr.arpa,sign,,13,1,single delegation
2026-08,arin,44.137.in-addr.arpa,sign,,13,7,bulk
2026-08,arin,47.199.in-addr.arpa,sign,,13,1,single delegation
2026-08,arin,49.134.in-addr.arpa,sign,,13,4,small group
2026-08,arin,5.192.in-addr.arpa,sign,,13,1,single delegation
2026-08,arin,5.2.c.6.0.6.2.ip6.arpa,sign,,13,1,single delegation
2026-08,arin,52.204.in-addr.arpa,sign,,13,1,single delegation
2026-08,arin,6.0.4.7.0.6.2.ip6.arpa,sign,,13,1,single delegation
2026-08,arin,6.f.0.1.0.0.2.6.2.ip6.arpa,rollover,5,"5,13",1,single delegation
2026-08,arin,62.170.in-addr.arpa,sign,,13,2,small group
2026-08,arin,67.192.in-addr.arpa,sign,,13,1,single delegation
2026-08,arin,68.192.in-addr.arpa,rollover,7,13,5,bulk
2026-08,arin,69.68.in-addr.arpa,sign,,13,1,single delegation
2026-08,arin,70.208.in-addr.arpa,sign,,13,4,small group
2026-08,arin,72.131.in-addr.arpa,sign,,13,4,small group
2026-08,arin,74.208.in-addr.arpa,sign,,13,1,single delegation
2026-08,arin,81.170.in-addr.arpa,sign,,13,4,small group
2026-08,arin,94.184.in-addr.arpa,sign,,13,1,single delegation
2026-08,arin,94.45.in-addr.arpa,sign,,13,1,single delegation
2026-08,arin,97.138.in-addr.arpa,rollover,8,13,4,small group
2026-08,arin,97.138.in-addr.arpa,unsign,8,,1,single delegation
2026-08,arin,d.6.9.f.2.0.6.2.ip6.arpa,sign,,13,1,single delegation
2026-08,arin,e.1.7.f.2.0.6.2.ip6.arpa,sign,,13,1,single delegation
2026-08,arin,e.7.9.f.2.0.6.2.ip6.arpa,sign,,13,1,single delegation
2026-08,arin,e.8.3.f.2.0.6.2.ip6.arpa,sign,,13,1,single delegation
2026-08,arin,f.1.4.f.2.0.6.2.ip6.arpa,sign,,13,1,single delegation
2026-08,lacnic,0.131.in-addr.arpa,unsign,8,,4,small group
2026-08,lacnic,141.192.in-addr.arpa,sign,,13,1,single delegation
2026-08,lacnic,161.131.in-addr.arpa,sign,,13,4,small group
2026-08,lacnic,161.45.in-addr.arpa,sign,,13,2,small group
2026-08,lacnic,165.45.in-addr.arpa,unsign,5,,1,single delegation
2026-08,lacnic,167.45.in-addr.arpa,sign,,13,4,small group
2026-08,lacnic,170.45.in-addr.arpa,unsign,13,,4,small group
2026-08,lacnic,176.45.in-addr.arpa,sign,,13,4,small group
2026-08,lacnic,208.143.in-addr.arpa,unsign,8,,1,single delegation
2026-08,lacnic,225.45.in-addr.arpa,sign,,13,4,small group
2026-08,lacnic,226.45.in-addr.arpa,sign,,13,1,single delegation
2026-08,lacnic,229.45.in-addr.arpa,sign,,13,4,small group
2026-08,lacnic,231.45.in-addr.arpa,sign,,13,4,small group
2026-08,lacnic,233.170.in-addr.arpa,sign,,8,1,single delegation
2026-08,lacnic,235.45.in-addr.arpa,sign,,13,4,small group
2026-08,lacnic,255.131.in-addr.arpa,sign,,7,2,small group
2026-08,lacnic,255.131.in-addr.arpa,unsign,13,,4,small group
2026-08,lacnic,72.131.in-addr.arpa,sign,,13,4,small group
2026-08,lacnic,72.131.in-addr.arpa,sign,,8,1,single delegation
2026-08,lacnic,81.170.in-addr.arpa,sign,,13,4,small group
2026-08,lacnic,97.138.in-addr.arpa,sign,,13,4,small group
2026-08,lacnic,97.138.in-addr.arpa,unsign,8,,1,single delegation
2026-08,ripe,109.192.in-addr.arpa,sign,,13,1,single delegation
2026-08,ripe,129.in-addr.arpa,sign,,13,1,single delegation
2026-08,ripe,131.in-addr.arpa,rollover,7,13,1,single delegation
2026-08,ripe,156.45.in-addr.arpa,sign,,13,1,single delegation
2026-08,ripe,158.45.in-addr.arpa,sign,,13,2,small group
2026-08,ripe,185.147.in-addr.arpa,sign,,13,1,single delegation
2026-08,ripe,204.206.in-addr.arpa,unsign,13,,4,small group
2026-08,ripe,44.137.in-addr.arpa,sign,,13,7,bulk
2026-08,ripe,47.199.in-addr.arpa,sign,,13,1,single delegation
2026-08,ripe,5.192.in-addr.arpa,sign,,13,1,single delegation
2026-08,ripe,68.192.in-addr.arpa,rollover,7,13,5,bulk
2026-08,ripe,94.45.in-addr.arpa,sign,,13,1,single delegation
