cve,published,cvss,severity,cwe,scope,mechanism,rfc,classified_by_rule,listed_for_products,product_attribution,fixed_in_projects,first_fix_release_date,sources,description,reference
CVE-1999-0009,1998-04-08,10.0,HIGH,,dns,,,PRODUCT_CPE,BIND 9,BIND 9=cpe,,,nvd-product,Inverse query buffer overflow in BIND 4.9 and BIND 8 Releases.,https://nvd.nist.gov/vuln/detail/CVE-1999-0009
CVE-1999-0010,1998-04-08,5.0,MEDIUM,,dns,,,DNS_GENERIC,BIND 9,BIND 9=cpe,,,nvd-product,Denial of Service vulnerability in BIND 8 Releases via maliciously formatted DNS messages.,https://nvd.nist.gov/vuln/detail/CVE-1999-0010
CVE-1999-0011,1998-04-08,5.4,MEDIUM,CWE-1067,dns,,,DNS_GENERIC,BIND 9,BIND 9=cpe,,,nvd-product,Denial of Service vulnerabilities in BIND 4.9 and BIND 8 Releases via CNAME record and zone transfer.,https://nvd.nist.gov/vuln/detail/CVE-1999-0011
CVE-1999-0024,1997-08-13,5.0,MEDIUM,,dns,,,DNS_GENERIC,BIND 9,BIND 9=cpe,,,nvd-keyword; nvd-product,"DNS cache poisoning via BIND, by predictable query IDs.",https://nvd.nist.gov/vuln/detail/CVE-1999-0024
CVE-1999-0184,1997-07-01,6.4,MEDIUM,,dns,,,DNS_GENERIC,BIND 9,BIND 9=cpe,,,nvd-product,"When compiled with the -DALLOW_UPDATES option, bind allows dynamic updates to the DNS server, allowing for malicious modification of DNS records.",https://nvd.nist.gov/vuln/detail/CVE-1999-0184
CVE-1999-0833,1999-11-10,7.5,HIGH,,dnssec,nxt-sig-key,RFC 2535,nxt-sig-key,BIND 9,BIND 9=cpe,,,nvd-product,Buffer overflow in BIND 8.2 via NXT records.,https://nvd.nist.gov/vuln/detail/CVE-1999-0833
CVE-1999-0837,1999-11-10,10.0,HIGH,,dns,,,PRODUCT_CPE,BIND 9,BIND 9=cpe,,,nvd-product,Denial of service in BIND by improperly closing TCP sessions via so_linger.,https://nvd.nist.gov/vuln/detail/CVE-1999-0837
CVE-1999-0848,1999-11-10,5.0,MEDIUM,,dns,,,DNS_GENERIC,BIND 9,BIND 9=cpe,,,nvd-product,"Denial of service in BIND named via consuming more than ""fdmax"" file descriptors.",https://nvd.nist.gov/vuln/detail/CVE-1999-0848
CVE-1999-0849,1999-11-10,5.0,MEDIUM,,dns,,,DNS_GENERIC,BIND 9,BIND 9=cpe,,,nvd-product,Denial of service in BIND named via maxdname.,https://nvd.nist.gov/vuln/detail/CVE-1999-0849
CVE-1999-1499,1998-04-10,2.1,LOW,,dns,,,DNS_GENERIC,BIND 9,BIND 9=cpe,,,nvd-product,"named in ISC BIND 4.9 and 8.1 allows local users to destroy files via a symlink attack on (1) named_dump.db when root kills the process with a SIGINT, or (2) named.stats when SIGIOT is used.",https://nvd.nist.gov/vuln/detail/CVE-1999-1499
CVE-2000-0335,2000-05-03,7.5,HIGH,,dependency,,,DEPENDENCY,BIND 9,BIND 9=cpe,,,nvd-product,"The resolver in glibc 2.1.3 uses predictable IDs, which allows a local attacker to spoof DNS query results.",https://nvd.nist.gov/vuln/detail/CVE-2000-0335
CVE-2000-0887,2000-12-19,5.0,MEDIUM,,dns,,,DNS_GENERIC,BIND 9,BIND 9=cpe,,,nvd-product,"named in BIND 8.2 through 8.2.2-P6 allows remote attackers to cause a denial of service by making a compressed zone transfer (ZXFR) request and performing a name service query on an authoritative record that is not cached, aka the ""zxfr bug.""",https://nvd.nist.gov/vuln/detail/CVE-2000-0887
CVE-2000-0888,2000-12-19,5.0,MEDIUM,,dns,,,DNS_GENERIC,BIND 9,BIND 9=cpe,,,nvd-product,"named in BIND 8.2 through 8.2.2-P6 allows remote attackers to cause a denial of service by sending an SRV record to the server, aka the ""srv bug.""",https://nvd.nist.gov/vuln/detail/CVE-2000-0888
CVE-2000-1029,2000-12-11,10.0,HIGH,,dns,,,DNS_GENERIC,BIND 9,BIND 9=cpe,,,nvd-product,Buffer overflow in host command allows a remote attacker to execute arbitrary commands via a long response to an AXFR query.,https://nvd.nist.gov/vuln/detail/CVE-2000-1029
CVE-2001-0010,2001-02-12,10.0,HIGH,,dns,,,DNS_GENERIC,BIND 9,BIND 9=cpe,,,nvd-product,Buffer overflow in transaction signature (TSIG) handling code in BIND 8 allows remote attackers to gain root privileges.,https://nvd.nist.gov/vuln/detail/CVE-2001-0010
CVE-2001-0011,2001-02-12,10.0,HIGH,,dns,,,PRODUCT_CPE,BIND 9,BIND 9=cpe,,,nvd-product,Buffer overflow in nslookupComplain function in BIND 4 allows remote attackers to gain root privileges.,https://nvd.nist.gov/vuln/detail/CVE-2001-0011
CVE-2001-0012,2001-02-12,5.0,MEDIUM,,dns,,,PRODUCT_CPE,BIND 9,BIND 9=cpe,,,nvd-product,BIND 4 and BIND 8 allow remote attackers to access sensitive information such as environment variables.,https://nvd.nist.gov/vuln/detail/CVE-2001-0012
CVE-2001-0013,2001-02-12,10.0,HIGH,,dns,,,PRODUCT_CPE,BIND 9,BIND 9=cpe,,,nvd-product,Format string vulnerability in nslookupComplain function in BIND 4 allows remote attackers to gain root privileges.,https://nvd.nist.gov/vuln/detail/CVE-2001-0013
CVE-2001-0497,2001-07-21,7.8,HIGH,CWE-276,dnssec,dnssec-other,RFC 4033,dnssec-other,BIND 9,BIND 9=cpe,,,nvd-keyword; nvd-product,"dnskeygen in BIND 8.2.4 and earlier, and dnssec-keygen in BIND 9.1.2 and earlier, set insecure permissions for a HMAC-MD5 shared secret key file used for DNS Transactional Signatures (TSIG), which allows attackers to obtain the keys and perform dynamic DNS updates.",https://nvd.nist.gov/vuln/detail/CVE-2001-0497
CVE-2001-1474,2001-01-18,5.0,MEDIUM,,dns,,,DNS_GENERIC,,,,,nvd-keyword,"SSH before 2.0 disables host key checking when connecting to the localhost, which allows remote attackers to silently redirect connections to the localhost by poisoning the client's DNS cache.",https://nvd.nist.gov/vuln/detail/CVE-2001-1474
CVE-2002-0029,2002-11-29,7.5,HIGH,,dependency,,,DEPENDENCY,BIND 9,BIND 9=cpe,,,nvd-product,"Buffer overflows in the DNS stub resolver library in ISC BIND 4.9.2 through 4.9.10, and other derived libraries such as BSD libc and GNU glibc, allow remote attackers to execute arbitrary code via DNS server responses that trigger the overflow in the (1) getnetbyname, or (2) getnetbyaddr functions, aka ""LIBRESOLV: buffer overrun"" and a different vulnerability than CVE-2002-0684.",https://nvd.nist.gov/vuln/detail/CVE-2002-0029
CVE-2002-0400,2002-06-18,5.0,MEDIUM,,dns,,,DNS_GENERIC,BIND 9,BIND 9=cpe,,,nvd-product,"ISC BIND 9 before 9.2.1 allows remote attackers to cause a denial of service (shutdown) via a malformed DNS packet that triggers an error condition that is not properly handled when the rdataset parameter to the dns_message_findtype() function in message.c is not NULL, aka DoS_findtype.",https://nvd.nist.gov/vuln/detail/CVE-2002-0400
CVE-2002-0651,2002-07-03,7.5,HIGH,,dependency,,,DEPENDENCY,BIND 9,BIND 9=cpe,,,nvd-product,"Buffer overflow in the DNS resolver code used in libc, glibc, and libbind, as derived from ISC BIND, allows remote malicious DNS servers to cause a denial of service and possibly execute arbitrary code via the stub resolvers.",https://nvd.nist.gov/vuln/detail/CVE-2002-0651
CVE-2002-0676,2002-07-11,7.5,HIGH,,dns,,,DNS_GENERIC,,,,,nvd-keyword,"SoftwareUpdate for MacOS 10.1.x does not use authentication when downloading a software update, which could allow remote attackers to execute arbitrary code by posing as the Apple update server via techniques such as DNS spoofing or cache poisoning, and supplying Trojan Horse updates.",https://nvd.nist.gov/vuln/detail/CVE-2002-0676
CVE-2002-0684,2002-08-12,7.5,HIGH,,dependency,,,DEPENDENCY,BIND 9,BIND 9=cpe,,,nvd-product,"Buffer overflow in DNS resolver functions that perform lookup of network names and addresses, as used in BIND 4.9.8 and ported to glibc 2.2.5 and earlier, allows remote malicious DNS servers to execute arbitrary code through a subroutine used by functions such as getnetbyname and getnetbyaddr.",https://nvd.nist.gov/vuln/detail/CVE-2002-0684
CVE-2002-1219,2002-11-29,7.5,HIGH,,dns,,,DNS_GENERIC,BIND 9,BIND 9=cpe,,,nvd-product,"Buffer overflow in named in BIND 4 versions 4.9.10 and earlier, and 8 versions 8.3.3 and earlier, allows remote attackers to execute arbitrary code via a certain DNS server response containing SIG resource records (RR).",https://nvd.nist.gov/vuln/detail/CVE-2002-1219
CVE-2002-1220,2002-11-29,5.0,MEDIUM,,dns,,,PRODUCT_CPE,BIND 9,BIND 9=cpe,,,nvd-product,"BIND 8.3.x through 8.3.3 allows remote attackers to cause a denial of service (termination due to assertion failure) via a request for a subdomain that does not exist, with an OPT resource record with a large UDP payload size.",https://nvd.nist.gov/vuln/detail/CVE-2002-1220
CVE-2002-1221,2002-11-29,5.0,MEDIUM,,dns,,,PRODUCT_CPE,BIND 9,BIND 9=cpe,,,nvd-product,"BIND 8.x through 8.3.3 allows remote attackers to cause a denial of service (crash) via SIG RR elements with invalid expiry times, which are removed from the internal BIND database and later cause a null dereference.",https://nvd.nist.gov/vuln/detail/CVE-2002-1221
CVE-2002-2211,2002-12-31,5.0,MEDIUM,,dns,,,DNS_GENERIC,BIND 9,BIND 9=cpe,,,nvd-keyword; nvd-product,"BIND 4 and BIND 8, when resolving recursive DNS queries for arbitrary hosts, allows remote attackers to conduct DNS cache poisoning via a birthday attack that uses a large number of open queries for the same resource record (RR) combined with spoofed responses, which increases the possibility of successfully spoofing a response in a way that is more efficient than brute force methods.",https://nvd.nist.gov/vuln/detail/CVE-2002-2211
CVE-2002-2212,2002-12-31,5.0,MEDIUM,,dns,,,DNS_GENERIC,BIND 9,BIND 9=cpe,,,nvd-keyword; nvd-product,"The DNS resolver in unspecified versions of Fujitsu UXP/V, when resolving recursive DNS queries for arbitrary hosts, allows remote attackers to conduct DNS cache poisoning via a birthday attack that uses a large number of open queries for the same resource record (RR) combined with spoofed responses, which increases the possibility of successfully spoofing a response in a way that is more efficient than brute force methods.",https://nvd.nist.gov/vuln/detail/CVE-2002-2212
CVE-2002-2213,2002-12-31,5.0,MEDIUM,,dns,,,DNS_GENERIC,BIND 9,BIND 9=cpe,,,nvd-keyword; nvd-product,"The DNS resolver in unspecified versions of Infoblox DNS One, when resolving recursive DNS queries for arbitrary hosts, allows remote attackers to conduct DNS cache poisoning via a birthday attack that uses a large number of open queries for the same resource record (RR) combined with spoofed responses, which increases the possibility of successfully spoofing a response in a way that is more efficient than brute force methods.",https://nvd.nist.gov/vuln/detail/CVE-2002-2213
CVE-2003-0914,2003-12-15,4.3,MEDIUM,,dns,,,PRODUCT_CPE,BIND 9,BIND 9=cpe,,,nvd-product,"ISC BIND 8.3.x before 8.3.7, and 8.4.x before 8.4.3, allows remote attackers to poison the cache via a malicious name server that returns negative responses with a large TTL (time-to-live) value.",https://nvd.nist.gov/vuln/detail/CVE-2003-0914
CVE-2005-0033,2005-05-02,5.0,MEDIUM,,dns,,,DNS_GENERIC,BIND 9,BIND 9=cpe,,,nvd-product,Buffer overflow in the code for recursion and glue fetching in BIND 8.4.4 and 8.4.5 allows remote attackers to cause a denial of service (crash) via queries that trigger the overflow in the q_usedns array that tracks nameservers and addresses.,https://nvd.nist.gov/vuln/detail/CVE-2005-0033
CVE-2005-0034,2005-05-02,4.3,MEDIUM,,dnssec,validation,RFC 4035,validation,BIND 9,BIND 9=cpe,,,nvd-keyword; nvd-product,"An ""incorrect assumption"" in the authvalidated validator function in BIND 9.3.0, when DNSSEC is enabled, allows remote attackers to cause a denial of service (named server exit) via crafted DNS packets that cause an internal consistency test (self-check) to fail.",https://nvd.nist.gov/vuln/detail/CVE-2005-0034
CVE-2005-3899,2005-11-29,5.4,MEDIUM,,dnssec,rrsig,RFC 4035,rrsig,,,,,nvd-keyword,"The automatic update feature in Google Talk allows remote attackers to cause a denial of service (CPU and memory consumption) by poisoning a target's DNS cache and causing a large update file to be sent, which consumes large amounts of CPU and memory during the signature verification, aka BenjiBug.",https://nvd.nist.gov/vuln/detail/CVE-2005-3899
CVE-2006-0527,2006-02-02,7.5,HIGH,CWE-264,dns,,,DNS_GENERIC,BIND 9,BIND 9=cpe,,,nvd-product,"BIND 4 (BIND4) and BIND 8 (BIND8), if used as a target forwarder, allows remote attackers to gain privileged access via a ""Kashpureff-style DNS cache corruption"" attack.",https://nvd.nist.gov/vuln/detail/CVE-2006-0527
CVE-2006-0987,2006-03-03,5.0,MEDIUM,,dns,,,DNS_GENERIC,BIND 9,BIND 9=cpe,,,nvd-product,"The default configuration of ISC BIND before 9.4.1-P1, when configured as a caching name server, allows recursive queries and provides additional delegation information to arbitrary IP addresses, which allows remote attackers to cause a denial of service (traffic amplification) via DNS queries with spoofed source IP addresses.",https://nvd.nist.gov/vuln/detail/CVE-2006-0987
CVE-2006-2073,2006-04-27,5.0,MEDIUM,,dns,,,DNS_GENERIC,BIND 9,BIND 9=cpe,,,nvd-product,"Unspecified vulnerability in ISC BIND allows remote attackers to cause a denial of service via a crafted DNS message with a ""broken"" TSIG, as demonstrated by the OUSPG PROTOS DNS test suite.",https://nvd.nist.gov/vuln/detail/CVE-2006-2073
CVE-2006-2479,2006-05-19,5.0,MEDIUM,,dns,,,DNS_GENERIC,,,,,nvd-keyword,"The Update functionality in Bitrix Site Manager 4.1.x does not verify the authenticity of downloaded updates, which allows remote attackers to obtain sensitive information and ultimately execute arbitrary PHP code via DNS cache poisoning that redirects the user to a malicious site.",https://nvd.nist.gov/vuln/detail/CVE-2006-2479
CVE-2006-4095,2006-09-06,7.5,HIGH,CWE-617,dns,,,PRODUCT_CPE,BIND 9,BIND 9=cpe,,,nvd-product,"BIND before 9.2.6-P1 and 9.3.x before 9.3.2-P1 allows remote attackers to cause a denial of service (crash) via certain SIG queries, which cause an assertion failure when multiple RRsets are returned.",https://nvd.nist.gov/vuln/detail/CVE-2006-4095
CVE-2006-4096,2006-09-06,5.0,MEDIUM,,dns,,,PRODUCT_CPE,BIND 9,BIND 9=cpe,,,nvd-product,"BIND before 9.2.6-P1 and 9.3.x before 9.3.2-P1 allows remote attackers to cause a denial of service (crash) via a flood of recursive queries, which cause an INSIST failure when the response is received after the recursion queue is empty.",https://nvd.nist.gov/vuln/detail/CVE-2006-4096
CVE-2006-4251,2006-11-14,7.5,HIGH,,dns,,,DNS_GENERIC,PowerDNS Recursor,PowerDNS Recursor=cpe,,,nvd-product,Buffer overflow in PowerDNS Recursor 3.1.3 and earlier might allow remote attackers to execute arbitrary code via a malformed TCP DNS query that prevents Recursor from properly calculating the TCP DNS query length.,https://nvd.nist.gov/vuln/detail/CVE-2006-4251
CVE-2006-4252,2006-11-14,5.0,MEDIUM,,dns,,,PRODUCT_CPE,PowerDNS Recursor,PowerDNS Recursor=cpe,,,nvd-product,"PowerDNS Recursor 3.1.3 and earlier allows remote attackers to cause a denial of service (resource exhaustion and application crash) via a CNAME record with a zero TTL, which triggers an infinite loop.",https://nvd.nist.gov/vuln/detail/CVE-2006-4252
CVE-2006-5989,,,,,dependency,,,DEPENDENCY,BIND 9,BIND 9=cpe,BIND 9 9.11.29,2021-03-09,git,Fix off-by-one bug in ISC SPNEGO implementation,https://nvd.nist.gov/vuln/detail/CVE-2006-5989
CVE-2007-0493,2007-01-25,7.8,HIGH,,dns,,,DNS_GENERIC,BIND 9,BIND 9=cpe,,,nvd-product,"Use-after-free vulnerability in ISC BIND 9.3.0 up to 9.3.3, 9.4.0a1 up to 9.4.0a6, 9.4.0b1 up to 9.4.0b4, 9.4.0rc1, and 9.5.0a1 (Bind Forum only) allows remote attackers to cause a denial of service (named daemon crash) via unspecified vectors that cause named to ""dereference a freed fetch context.""",https://nvd.nist.gov/vuln/detail/CVE-2007-0493
CVE-2007-0494,2007-01-25,4.3,MEDIUM,CWE-19,dnssec,validation,RFC 4035,validation,BIND 9,BIND 9=cpe,,,nvd-product,"ISC BIND 9.0.x, 9.1.x, 9.2.0 up to 9.2.7, 9.3.0 up to 9.3.3, 9.4.0a1 up to 9.4.0a6, 9.4.0b1 up to 9.4.0b4, 9.4.0rc1, and 9.5.0a1 (Bind Forum only) allows remote attackers to cause a denial of service (exit) via a type * (ANY) DNS query response that contains multiple RRsets, which triggers an assertion error, aka the ""DNSSEC Validation"" vulnerability.",https://nvd.nist.gov/vuln/detail/CVE-2007-0494
CVE-2007-2241,2007-05-02,7.1,HIGH,,dns,,,PRODUCT_CPE,BIND 9,BIND 9=cpe,,,nvd-product,"Unspecified vulnerability in query.c in ISC BIND 9.4.0, and 9.5.0a1 through 9.5.0a3, when recursion is enabled, allows remote attackers to cause a denial of service (daemon exit) via a sequence of queries processed by the query_addsoa function.",https://nvd.nist.gov/vuln/detail/CVE-2007-2241
CVE-2007-2925,2007-07-24,5.8,MEDIUM,,dns,,,PRODUCT_CPE,BIND 9,BIND 9=cpe,,,nvd-product,"The default access control lists (ACL) in ISC BIND 9.4.0, 9.4.1, and 9.5.0a1 through 9.5.0a5 do not set the allow-recursion and allow-query-cache ACLs, which allows remote attackers to make recursive queries and query the cache.",https://nvd.nist.gov/vuln/detail/CVE-2007-2925
CVE-2007-2926,2007-07-24,4.3,MEDIUM,,dns,,,DNS_GENERIC,BIND 9,BIND 9=cpe,,,nvd-keyword; nvd-product,"ISC BIND 9 through 9.5.0a5 uses a weak random number generator during generation of DNS query ids when answering resolver questions or sending NOTIFY messages to slave name servers, which makes it easier for remote attackers to guess the next query id and perform DNS cache poisoning.",https://nvd.nist.gov/vuln/detail/CVE-2007-2926
CVE-2007-2930,2007-09-12,4.3,MEDIUM,,dns,,,DNS_GENERIC,BIND 9,BIND 9=cpe,,,nvd-product,"The (1) NSID_SHUFFLE_ONLY and (2) NSID_USE_POOL PRNG algorithms in ISC BIND 8 before 8.4.7-P1 generate predictable DNS query identifiers when sending outgoing queries such as NOTIFY messages when answering questions as a resolver, which allows remote attackers to poison DNS caches via unknown vectors.  NOTE: this issue is different from CVE-2007-2926.",https://nvd.nist.gov/vuln/detail/CVE-2007-2930
CVE-2008-0122,2008-01-16,10.0,HIGH,CWE-189,dns,,,PRODUCT_CPE,BIND 9,BIND 9=cpe,BIND 9 9.4.3,2008-11-12,git; nvd-product,"Off-by-one error in the inet_network function in libbind in ISC BIND 9.4.2 and earlier, as used in libc in FreeBSD 6.2 through 7.0-PRERELEASE, allows context-dependent attackers to cause a denial of service (crash) and possibly execute arbitrary code via crafted input that triggers memory corruption.",https://nvd.nist.gov/vuln/detail/CVE-2008-0122
CVE-2008-1146,2008-03-04,6.8,MEDIUM,,dns,,,DNS_GENERIC,,,,,nvd-keyword,"A certain pseudo-random number generator (PRNG) algorithm that uses XOR and 3-bit random hops (aka ""Algorithm X3""), as used in OpenBSD 2.8 through 4.2, allows remote attackers to guess sensitive values such as DNS transaction IDs by observing a sequence of previously generated values.  NOTE: this issue can be leveraged for attacks such as DNS cache poisoning against OpenBSD's modification of BIND.",https://nvd.nist.gov/vuln/detail/CVE-2008-1146
CVE-2008-1148,2008-03-04,6.8,MEDIUM,,dns,,,DNS_GENERIC,,,,,nvd-keyword,"A certain pseudo-random number generator (PRNG) algorithm that uses ADD with 0 random hops (aka ""Algorithm A0""), as used in OpenBSD 3.5 through 4.2 and NetBSD 1.6.2 through 4.0, allows remote attackers to guess sensitive values such as (1) DNS transaction IDs or (2) IP fragmentation IDs by observing a sequence of previously generated values.  NOTE: this issue can be leveraged for attacks such as DNS cache poisoning, injection into TCP packets, and OS fingerprinting.",https://nvd.nist.gov/vuln/detail/CVE-2008-1148
CVE-2008-1184,2008-03-06,5.0,MEDIUM,,dnssec,trust-anchor,RFC 5011,trust-anchor,,,,,nvd-keyword,"The DNSSEC validation library (libval) library in dnssec-tools before 1.3.1 does not properly check that the signing key is the APEX trust anchor, which might allow attackers to conduct unspecified attacks.",https://nvd.nist.gov/vuln/detail/CVE-2008-1184
CVE-2008-1447,2008-07-08,6.8,MEDIUM,CWE-331,dns,,,DNS_GENERIC,BIND 9,BIND 9=cpe,,,nvd-keyword; nvd-product,"The DNS protocol, as implemented in (1) BIND 8 and 9 before 9.5.0-P1, 9.4.2-P1, and 9.3.5-P1; (2) Microsoft DNS in Windows 2000 SP4, XP SP2 and SP3, and Server 2003 SP1 and SP2; and other implementations allow remote attackers to spoof DNS traffic via a birthday attack that uses in-bailiwick referrals to conduct cache poisoning against recursive resolvers, related to insufficient randomness of DNS transaction IDs and source ports, aka ""DNS Insufficient Socket Entropy Vulnerability"" or ""the Kaminsky bug.""",https://nvd.nist.gov/vuln/detail/CVE-2008-1447
CVE-2008-1454,2008-07-08,9.4,HIGH,,dns,,,DNS_GENERIC,,,,,nvd-keyword,"Unspecified vulnerability in Microsoft DNS in Windows 2000 SP4, Server 2003 SP1 and SP2, and Server 2008 allows remote attackers to conduct cache poisoning attacks via unknown vectors related to accepting ""records from a response that is outside the remote server's authority,"" aka ""DNS Cache Poisoning Vulnerability,"" a different vulnerability than CVE-2008-1447.",https://nvd.nist.gov/vuln/detail/CVE-2008-1454
CVE-2008-1637,2008-04-02,6.8,MEDIUM,CWE-189,dns,,,DNS_GENERIC,PowerDNS Recursor,PowerDNS Recursor=cpe,,,nvd-product,"PowerDNS Recursor before 3.1.5 uses insufficient randomness to calculate (1) TRXID values and (2) UDP source port numbers, which makes it easier for remote attackers to poison a DNS cache, related to (a) algorithmic deficiencies in rand and random functions in external libraries, (b) use of a 32-bit seed value, and (c) choice of the time of day as the sole seeding information.",https://nvd.nist.gov/vuln/detail/CVE-2008-1637
CVE-2008-3217,2008-07-18,6.8,MEDIUM,CWE-189,dns,,,DNS_GENERIC,PowerDNS Recursor,PowerDNS Recursor=cpe,,,nvd-keyword; nvd-product,"PowerDNS Recursor before 3.1.6 does not always use the strongest random number generator for source port selection, which makes it easier for remote attack vectors to conduct DNS cache poisoning.  NOTE: this is related to incomplete integration of security improvements associated with addressing CVE-2008-1637.",https://nvd.nist.gov/vuln/detail/CVE-2008-3217
CVE-2008-3280,2021-05-21,5.9,MEDIUM,,dns,,,DNS_GENERIC,,,,,nvd-keyword,"It was found that various OpenID Providers (OPs) had TLS Server Certificates that used weak keys, as a result of the Debian Predictable Random Number Generator (CVE-2008-0166). In combination with the DNS Cache Poisoning issue (CVE-2008-1447) and the fact that almost all SSL/TLS implementations do not consult CRLs (currently an untracked issue), this means that it is impossible to rely on these OPs.",https://nvd.nist.gov/vuln/detail/CVE-2008-3280
CVE-2008-3337,2008-08-08,6.4,MEDIUM,CWE-20,dns,,,DNS_GENERIC,PowerDNS Authoritative,PowerDNS Authoritative=cpe,,,nvd-product,"PowerDNS Authoritative Server before 2.9.21.1 drops malformed queries, which might make it easier for remote attackers to poison DNS caches of other products running on other servers, a different issue than CVE-2008-1447 and CVE-2008-3217.",https://nvd.nist.gov/vuln/detail/CVE-2008-3337
CVE-2008-3433,2008-08-01,7.5,HIGH,,dns,,,DNS_GENERIC,,,,,nvd-keyword,"SpeedBit Download Accelerator Plus (DAP) before 8.6.3.9 does not properly verify the authenticity of updates, which allows man-in-the-middle attackers to execute arbitrary code via a Trojan horse update, as demonstrated by evilgrade and DNS cache poisoning.",https://nvd.nist.gov/vuln/detail/CVE-2008-3433
CVE-2008-3434,2008-08-01,7.5,HIGH,,dns,,,DNS_GENERIC,,,,,nvd-keyword,"Apple iTunes before 10.5.1 does not properly verify the authenticity of updates, which allows man-in-the-middle attackers to execute arbitrary code via a Trojan horse update, as demonstrated by evilgrade and DNS cache poisoning.",https://nvd.nist.gov/vuln/detail/CVE-2008-3434
CVE-2008-3435,2008-08-01,7.5,HIGH,,dns,,,DNS_GENERIC,,,,,nvd-keyword,"LinkedIn Browser Toolbar 3.0.3.1100 and earlier does not properly verify the authenticity of updates, which allows man-in-the-middle attackers to execute arbitrary code via a Trojan horse update, as demonstrated by evilgrade and DNS cache poisoning.",https://nvd.nist.gov/vuln/detail/CVE-2008-3435
CVE-2008-3436,2008-08-01,7.5,HIGH,,dns,,,DNS_GENERIC,,,,,nvd-keyword,"The GUP generic update process in Notepad++ before 4.8.1 does not properly verify the authenticity of updates, which allows man-in-the-middle attackers to execute arbitrary code via a Trojan horse update, as demonstrated by evilgrade and DNS cache poisoning.",https://nvd.nist.gov/vuln/detail/CVE-2008-3436
CVE-2008-3437,2008-08-01,7.5,HIGH,,dns,,,DNS_GENERIC,,,,,nvd-keyword,"OpenOffice.org (OOo) before 2.1.0 does not properly verify the authenticity of updates, which allows man-in-the-middle attackers to execute arbitrary code via a Trojan horse update, as demonstrated by evilgrade and DNS cache poisoning.",https://nvd.nist.gov/vuln/detail/CVE-2008-3437
CVE-2008-3438,2008-08-01,8.1,HIGH,,dns,,,DNS_GENERIC,,,,,nvd-keyword,"Apple Mac OS X does not properly verify the authenticity of updates, which allows man-in-the-middle attackers to execute arbitrary code via a Trojan horse update, as demonstrated by evilgrade and DNS cache poisoning.",https://nvd.nist.gov/vuln/detail/CVE-2008-3438
CVE-2008-3439,2008-08-01,7.5,HIGH,,dns,,,DNS_GENERIC,,,,,nvd-keyword,"SpeedBit Video Acceleration before 2.2.1.8 does not properly verify the authenticity of updates, which allows man-in-the-middle attackers to execute arbitrary code via a Trojan horse update, as demonstrated by evilgrade and DNS cache poisoning.",https://nvd.nist.gov/vuln/detail/CVE-2008-3439
CVE-2008-3440,2008-08-01,7.5,HIGH,,dns,,,DNS_GENERIC,,,,,nvd-keyword,"Sun Java 1.6.0_03 and earlier versions, and possibly later versions, does not properly verify the authenticity of updates, which allows man-in-the-middle attackers to execute arbitrary code via a Trojan horse update, as demonstrated by evilgrade and DNS cache poisoning.",https://nvd.nist.gov/vuln/detail/CVE-2008-3440
CVE-2008-3441,2008-08-01,7.5,HIGH,,dns,,,DNS_GENERIC,,,,,nvd-keyword,"Nullsoft Winamp before 5.24 does not properly verify the authenticity of updates, which allows man-in-the-middle attackers to execute arbitrary code via a Trojan horse update, as demonstrated by evilgrade and DNS cache poisoning.",https://nvd.nist.gov/vuln/detail/CVE-2008-3441
CVE-2008-3442,2008-08-01,7.5,HIGH,,dns,,,DNS_GENERIC,,,,,nvd-keyword,"WinZip before 11.0 does not properly verify the authenticity of updates, which allows man-in-the-middle attackers to execute arbitrary code via a Trojan horse update, as demonstrated by evilgrade and DNS cache poisoning.",https://nvd.nist.gov/vuln/detail/CVE-2008-3442
CVE-2008-4163,2008-09-22,7.8,HIGH,CWE-20,dns,,,PRODUCT_CPE,BIND 9,BIND 9=cpe,,,nvd-product,"Unspecified vulnerability in ISC BIND 9.3.5-P2-W1, 9.4.2-P2-W1, and 9.5.0-P2-W1 on Windows allows remote attackers to cause a denial of service (UDP client handler termination) via unknown vectors.",https://nvd.nist.gov/vuln/detail/CVE-2008-4163
CVE-2009-0025,2009-01-07,6.8,MEDIUM,CWE-287,dependency,,,DEPENDENCY,BIND 9,BIND 9=cpe,,,nvd-product,"BIND 9.6.0, 9.5.1, 9.5.0, 9.4.3, and earlier does not properly check the return value from the OpenSSL DSA_verify function, which allows remote attackers to bypass validation of the certificate chain via a malformed SSL/TLS signature, a similar vulnerability to CVE-2008-5077.",https://nvd.nist.gov/vuln/detail/CVE-2009-0025
CVE-2009-0265,2009-01-26,7.5,HIGH,CWE-252; CWE-295,dependency,,,DEPENDENCY,BIND 9,BIND 9=cpe,,,nvd-product,"Internet Systems Consortium (ISC) BIND 9.6.0 and earlier does not properly check the return value from the OpenSSL EVP_VerifyFinal function, which allows remote attackers to bypass validation of the certificate chain via a malformed SSL/TLS signature, a similar vulnerability to CVE-2008-5077 and CVE-2009-0025.",https://nvd.nist.gov/vuln/detail/CVE-2009-0265
CVE-2009-0696,2009-07-29,4.3,MEDIUM,CWE-16,dns,,,DNS_GENERIC,BIND 9,BIND 9=cpe,,,nvd-product,"The dns_db_findrdataset function in db.c in named in ISC BIND 9.4 before 9.4.3-P3, 9.5 before 9.5.1-P3, and 9.6 before 9.6.1-P1, when configured as a master server, allows remote attackers to cause a denial of service (assertion failure and daemon exit) via an ANY record in the prerequisite section of a crafted dynamic update message.",https://nvd.nist.gov/vuln/detail/CVE-2009-0696
CVE-2009-1755,2009-05-22,5.0,MEDIUM,CWE-189,dns,,,PRODUCT_CPE,NSD,NSD=cpe,,,nvd-product,"Off-by-one error in the packet_read_query_section function in packet.c in nsd 3.2.1, and process_query_section in query.c in nsd 2.3.7, allows remote attackers to cause a denial of service (crash) and possibly execute arbitrary code via unspecified vectors that trigger a buffer overflow.",https://nvd.nist.gov/vuln/detail/CVE-2009-1755
CVE-2009-3602,2009-10-13,7.5,HIGH,CWE-310,dnssec,nsec3,RFC 5155,nsec3,Unbound,Unbound=cpe,,,nvd-keyword; nvd-product,"Unbound before 1.3.4 does not properly verify signatures for NSEC3 records, which allows remote attackers to cause secure delegations to be downgraded via DNS spoofing or other DNS-related attacks in conjunction with crafted delegation responses.",https://nvd.nist.gov/vuln/detail/CVE-2009-3602
CVE-2009-4008,2011-06-02,5.0,MEDIUM,CWE-399,dnssec,dnssec-other,RFC 4033,dnssec-other,Unbound,Unbound=cpe,,,nvd-product,"Unbound before 1.4.4 does not send responses for signed zones after mishandling an unspecified query, which allows remote attackers to cause a denial of service (DNSSEC outage) via a crafted query.",https://nvd.nist.gov/vuln/detail/CVE-2009-4008
CVE-2009-4009,2010-01-08,10.0,HIGH,CWE-119,dns,,,PRODUCT_CPE,PowerDNS Recursor,PowerDNS Recursor=cpe,,,nvd-product,Buffer overflow in PowerDNS Recursor before 3.1.7.2 allows remote attackers to cause a denial of service (daemon crash) or possibly execute arbitrary code via crafted packets.,https://nvd.nist.gov/vuln/detail/CVE-2009-4009
CVE-2009-4010,2010-01-08,7.5,HIGH,,dns,,,DNS_GENERIC,PowerDNS Recursor,PowerDNS Recursor=cpe,,,nvd-product,Unspecified vulnerability in PowerDNS Recursor before 3.1.7.2 allows remote attackers to spoof DNS data via crafted zones.,https://nvd.nist.gov/vuln/detail/CVE-2009-4010
CVE-2009-4022,2009-11-25,2.6,LOW,,dnssec,validation,RFC 4035,validation,BIND 9,BIND 9=cpe,,,nvd-keyword; nvd-product,"Unspecified vulnerability in ISC BIND 9.0.x through 9.3.x, 9.4 before 9.4.3-P4, 9.5 before 9.5.2-P1, 9.6 before 9.6.1-P2, and 9.7 beta before 9.7.0b3, with DNSSEC validation enabled and checking disabled (CD), allows remote attackers to conduct DNS cache poisoning attacks by receiving a recursive client query and sending a response that contains an Additional section with crafted data, which is not properly handled when the response is processed ""at the same time as requesting DNSSEC records (DO),"" aka Bug 20438.",https://nvd.nist.gov/vuln/detail/CVE-2009-4022
CVE-2009-4492,,,,,dependency,,,DEPENDENCY,PowerDNS Authoritative; PowerDNS Recursor,PowerDNS Authoritative=cpe; PowerDNS Recursor=cpe,PowerDNS Authoritative 4.2.0; PowerDNS Recursor 4.2.0,2019-07-12,git,upgrade to webrick 1.4.2 (CVE-2009-4492),https://nvd.nist.gov/vuln/detail/CVE-2009-4492
CVE-2010-0097,2010-01-22,4.3,MEDIUM,CWE-20,dnssec,nsec3,RFC 5155,nsec3,BIND 9,BIND 9=cpe,,,nvd-keyword; nvd-product,"ISC BIND 9.0.x through 9.3.x, 9.4 before 9.4.3-P5, 9.5 before 9.5.2-P2, 9.6 before 9.6.1-P3, and 9.7.0 beta does not properly validate DNSSEC (1) NSEC and (2) NSEC3 records, which allows remote attackers to add the Authenticated Data (AD) flag to a forged NXDOMAIN response for an existing domain.",https://nvd.nist.gov/vuln/detail/CVE-2010-0097
CVE-2010-0213,2010-07-28,2.6,LOW,CWE-19,dnssec,trust-anchor,RFC 5011,trust-anchor,BIND 9,BIND 9=cpe,,,nvd-keyword; nvd-product,"BIND 9.7.1 and 9.7.1-P1, when a recursive validating server has a trust anchor that is configured statically or via DNSSEC Lookaside Validation (DLV), allows remote attackers to cause a denial of service (infinite loop) via a query for an RRSIG record whose answer is not in the cache, which causes BIND to repeatedly send RRSIG queries to the authoritative servers.",https://nvd.nist.gov/vuln/detail/CVE-2010-0213
CVE-2010-0218,2010-10-05,5.0,MEDIUM,CWE-264,dns,,,DNS_GENERIC,BIND 9,BIND 9=cpe,,,nvd-product,"ISC BIND 9.7.2 through 9.7.2-P1 uses an incorrect ACL to restrict the ability of Recursion Desired (RD) queries to access the cache, which allows remote attackers to obtain potentially sensitive information via a DNS query.",https://nvd.nist.gov/vuln/detail/CVE-2010-0218
CVE-2010-0290,2010-01-22,4.0,MEDIUM,,dnssec,validation,RFC 4035,validation,BIND 9,BIND 9=cpe,,,nvd-keyword; nvd-product,"Unspecified vulnerability in ISC BIND 9.0.x through 9.3.x, 9.4 before 9.4.3-P5, 9.5 before 9.5.2-P2, 9.6 before 9.6.1-P3, and 9.7.0 beta, with DNSSEC validation enabled and checking disabled (CD), allows remote attackers to conduct DNS cache poisoning attacks by receiving a recursive client query and sending a response that contains (1) CNAME or (2) DNAME records, which do not have the intended validation before caching, aka Bug 20737.  NOTE: this vulnerability exists because of an incomplete fix for CVE-2009-4022.",https://nvd.nist.gov/vuln/detail/CVE-2010-0290
CVE-2010-0382,2010-01-22,7.6,HIGH,,dns,,,PRODUCT_CPE,BIND 9,BIND 9=cpe,,,nvd-product,"ISC BIND 9.0.x through 9.3.x, 9.4 before 9.4.3-P5, 9.5 before 9.5.2-P2, 9.6 before 9.6.1-P3, and 9.7.0 beta handles out-of-bailiwick data accompanying a secure response without re-fetching from the original source, which allows remote attackers to have an unspecified impact via a crafted response, aka Bug 20819.  NOTE: this vulnerability exists because of a regression during the fix for CVE-2009-4022.",https://nvd.nist.gov/vuln/detail/CVE-2010-0382
CVE-2010-0969,2010-03-16,5.0,MEDIUM,CWE-399,dns,,,PRODUCT_CPE,Unbound,Unbound=cpe,,,nvd-product,"Unbound before 1.4.3 does not properly align structures on 64-bit platforms, which allows remote attackers to cause a denial of service (daemon crash) via unspecified vectors.",https://nvd.nist.gov/vuln/detail/CVE-2010-0969
CVE-2010-3613,2010-12-06,4.0,MEDIUM,CWE-264,dnssec,rrsig,RFC 4035,rrsig,BIND 9,BIND 9=cpe,,,git; nvd-keyword; nvd-product,"named in ISC BIND 9.6.2 before 9.6.2-P3, 9.6-ESV before 9.6-ESV-R3, and 9.7.x before 9.7.2-P3 does not properly handle the combination of signed negative responses and corresponding RRSIG records in the cache, which allows remote attackers to cause a denial of service (daemon crash) via a query for cached data.",https://nvd.nist.gov/vuln/detail/CVE-2010-3613
CVE-2010-3614,2010-12-06,6.4,MEDIUM,CWE-20,dnssec,dnskey,RFC 4034,dnskey,BIND 9,BIND 9=cpe,,,nvd-keyword; nvd-product,"named in ISC BIND 9.x before 9.6.2-P3, 9.7.x before 9.7.2-P3, 9.4-ESV before 9.4-ESV-R4, and 9.6-ESV before 9.6-ESV-R3 does not properly determine the security status of an NS RRset during a DNSKEY algorithm rollover, which might allow remote attackers to cause a denial of service (DNSSEC validation error) by triggering a rollover.",https://nvd.nist.gov/vuln/detail/CVE-2010-3614
CVE-2010-3615,2010-12-06,5.0,MEDIUM,CWE-264,dns,,,DNS_GENERIC,BIND 9,BIND 9=cpe,,,nvd-product,"named in ISC BIND 9.7.2-P2 does not check all intended locations for allow-query ACLs, which might allow remote attackers to make successful requests for private DNS records via the standard DNS query mechanism.",https://nvd.nist.gov/vuln/detail/CVE-2010-3615
CVE-2010-3762,2010-10-05,4.3,MEDIUM,CWE-20,dnssec,trust-anchor,RFC 5011,trust-anchor,BIND 9,BIND 9=cpe,,,nvd-keyword; nvd-product,"ISC BIND before 9.7.2-P2, when DNSSEC validation is enabled, does not properly handle certain bad signatures if multiple trust anchors exist for a single zone, which allows remote attackers to cause a denial of service (daemon crash) via a DNS query.",https://nvd.nist.gov/vuln/detail/CVE-2010-3762
CVE-2011-0414,2011-02-23,7.1,HIGH,CWE-399,dns,,,DNS_GENERIC,BIND 9,BIND 9=cpe,,,nvd-product,"ISC BIND 9.7.1 through 9.7.2-P3, when configured as an authoritative server, allows remote attackers to cause a denial of service (deadlock and daemon hang) by sending a query at the time of (1) an IXFR transfer or (2) a DDNS update.",https://nvd.nist.gov/vuln/detail/CVE-2011-0414
CVE-2011-1907,2011-05-09,5.0,MEDIUM,CWE-399,dnssec,rrsig,RFC 4035,rrsig,BIND 9,BIND 9=cpe,,,nvd-keyword; nvd-product,"ISC BIND 9.8.x before 9.8.0-P1, when Response Policy Zones (RPZ) RRset replacement is enabled, allows remote attackers to cause a denial of service (assertion failure and daemon exit) via an RRSIG query.",https://nvd.nist.gov/vuln/detail/CVE-2011-1907
CVE-2011-1910,2011-05-31,5.0,MEDIUM,CWE-189,dnssec,rrsig,RFC 4035,rrsig,BIND 9,BIND 9=cpe,,,nvd-keyword; nvd-product,"Off-by-one error in named in ISC BIND 9.x before 9.7.3-P1, 9.8.x before 9.8.0-P2, 9.4-ESV before 9.4-ESV-R4-P1, and 9.6-ESV before 9.6-ESV-R4-P1 allows remote DNS servers to cause a denial of service (assertion failure and daemon exit) via a negative response containing large RRSIG RRsets.",https://nvd.nist.gov/vuln/detail/CVE-2011-1910
CVE-2011-1922,2011-05-31,4.3,MEDIUM,CWE-399,dns,,,DNS_GENERIC,Unbound,Unbound=cpe,Unbound 1.4.10,2011-05-25,git; nvd-product,"daemon/worker.c in Unbound 1.x before 1.4.10, when debugging functionality and the interface-automatic option are enabled, allows remote attackers to cause a denial of service (assertion failure and daemon exit) via a crafted DNS request that triggers improper error handling.",https://nvd.nist.gov/vuln/detail/CVE-2011-1922
CVE-2011-2464,2011-07-08,5.0,MEDIUM,,dns,,,DNS_GENERIC,BIND 9,BIND 9=cpe,,,nvd-product,"Unspecified vulnerability in ISC BIND 9 9.6.x before 9.6-ESV-R4-P3, 9.7.x before 9.7.3-P3, and 9.8.x before 9.8.0-P4 allows remote attackers to cause a denial of service (named daemon crash) via a crafted UPDATE request.",https://nvd.nist.gov/vuln/detail/CVE-2011-2464
CVE-2011-2465,2011-07-08,2.6,LOW,,dns,,,DNS_GENERIC,BIND 9,BIND 9=cpe,,,nvd-product,"Unspecified vulnerability in ISC BIND 9 9.8.0, 9.8.0-P1, 9.8.0-P2, and 9.8.1b1, when recursion is enabled and the Response Policy Zone (RPZ) contains DNAME or certain CNAME records, allows remote attackers to cause a denial of service (named daemon crash) via an unspecified query.",https://nvd.nist.gov/vuln/detail/CVE-2011-2465
CVE-2011-4313,2011-11-29,5.0,MEDIUM,,dns,,,DNS_GENERIC,BIND 9,BIND 9=cpe,,,nvd-product,"query.c in ISC BIND 9.0.x through 9.6.x, 9.4-ESV through 9.4-ESV-R5, 9.6-ESV through 9.6-ESV-R5, 9.7.0 through 9.7.4, 9.8.0 through 9.8.1, and 9.9.0a1 through 9.9.0b1 allows remote attackers to cause a denial of service (assertion failure and named exit) via unknown vectors related to recursive DNS queries, error logging, and the caching of an invalid record by the resolver.",https://nvd.nist.gov/vuln/detail/CVE-2011-4313
CVE-2011-4528,,,,,dns,,,PRODUCT_CPE,Unbound,Unbound=cpe,Unbound 1.4.14,2011-12-19,git,- Fix for VU#209659 CVE-2011-4528: Unbound denial of service vulnerabilities from nonstandard redirection and denial of existence http://www.unbound.n,https://nvd.nist.gov/vuln/detail/CVE-2011-4528
CVE-2011-4869,2011-12-20,7.8,HIGH,,dnssec,nsec3,RFC 5155,nsec3,,,,,nvd-keyword,"validator/val_nsec3.c in Unbound before 1.4.13p2 does not properly perform proof processing for NSEC3-signed zones, which allows remote DNS servers to cause a denial of service (daemon crash) via a malformed response that lacks expected NSEC3 records, a different vulnerability than CVE-2011-4528.",https://nvd.nist.gov/vuln/detail/CVE-2011-4869
CVE-2012-0206,2012-02-17,5.0,MEDIUM,CWE-399,dns,,,DNS_GENERIC,PowerDNS Authoritative; PowerDNS Recursor,PowerDNS Authoritative=cpe; PowerDNS Recursor=cpe,PowerDNS Authoritative 3.3.1; PowerDNS Recursor 3.5.1,2013-05-03,git; nvd-product,common_startup.cc in PowerDNS (aka pdns) Authoritative Server before 2.9.22.5 and 3.x before 3.0.1 allows remote attackers to cause a denial of service (packet loop) via a crafted UDP DNS response.,https://nvd.nist.gov/vuln/detail/CVE-2012-0206
CVE-2012-1033,2012-02-08,5.0,MEDIUM,,dns,,,DNS_GENERIC,BIND 9,BIND 9=cpe,,,nvd-product,"The resolver in ISC BIND 9 through 9.8.1-P1 overwrites cached server names and TTL values in NS records during the processing of a response to an A record query, which allows remote attackers to trigger continued resolvability of revoked domain names via a ""ghost domain names"" attack.",https://nvd.nist.gov/vuln/detail/CVE-2012-1033
CVE-2012-1667,2012-06-05,8.5,HIGH,CWE-189,dns,,,DNS_GENERIC,BIND 9,BIND 9=cpe,,,nvd-product,"ISC BIND 9.x before 9.7.6-P1, 9.8.x before 9.8.3-P1, 9.9.x before 9.9.1-P1, and 9.4-ESV and 9.6-ESV before 9.6-ESV-R7-P1 does not properly handle resource records with a zero-length RDATA section, which allows remote DNS servers to cause a denial of service (daemon crash or data corruption) or obtain sensitive information from process memory via a crafted record.",https://nvd.nist.gov/vuln/detail/CVE-2012-1667
CVE-2012-2978,2012-07-27,5.0,MEDIUM,CWE-119,dns,,,DNS_GENERIC,NSD,NSD=cpe,,,nvd-product,"query.c in NSD 3.0.x through 3.0.8, 3.1.x through 3.1.1, and 3.2.x before 3.2.12 allows remote attackers to cause a denial of service (NULL pointer dereference and child process crash) via a crafted DNS packet.",https://nvd.nist.gov/vuln/detail/CVE-2012-2978
CVE-2012-3817,2012-07-25,7.8,HIGH,CWE-20,dnssec,validation,RFC 4035,validation,BIND 9,BIND 9=cpe,,,nvd-keyword; nvd-product,"ISC BIND 9.4.x, 9.5.x, 9.6.x, and 9.7.x before 9.7.6-P2; 9.8.x before 9.8.3-P2; 9.9.x before 9.9.1-P2; and 9.6-ESV before 9.6-ESV-R7-P2, when DNSSEC validation is enabled, does not properly initialize the failing-query cache, which allows remote attackers to cause a denial of service (assertion failure and daemon exit) by sending many queries.",https://nvd.nist.gov/vuln/detail/CVE-2012-3817
CVE-2012-3868,2012-07-25,4.3,MEDIUM,CWE-362,dns,,,PRODUCT_CPE,BIND 9,BIND 9=cpe,,,nvd-product,Race condition in the ns_client structure management in ISC BIND 9.9.x before 9.9.1-P2 allows remote attackers to cause a denial of service (memory consumption or process exit) via a large volume of TCP queries.,https://nvd.nist.gov/vuln/detail/CVE-2012-3868
CVE-2012-4244,2012-09-14,7.8,HIGH,,dns,,,DNS_GENERIC,BIND 9,BIND 9=cpe,,,nvd-product,"ISC BIND 9.x before 9.7.6-P3, 9.8.x before 9.8.3-P3, 9.9.x before 9.9.1-P3, and 9.4-ESV and 9.6-ESV before 9.6-ESV-R7-P3 allows remote attackers to cause a denial of service (assertion failure and named daemon exit) via a query for a long resource record.",https://nvd.nist.gov/vuln/detail/CVE-2012-4244
CVE-2012-5166,2012-10-10,7.8,HIGH,CWE-189,dns,,,DNS_GENERIC,BIND 9,BIND 9=cpe,,,nvd-product,"ISC BIND 9.x before 9.7.6-P4, 9.8.x before 9.8.3-P4, 9.9.x before 9.9.1-P4, and 9.4-ESV and 9.6-ESV before 9.6-ESV-R7-P4 allows remote attackers to cause a denial of service (named daemon hang) via unspecified combinations of resource records.",https://nvd.nist.gov/vuln/detail/CVE-2012-5166
CVE-2012-5582,2019-11-25,9.8,CRITICAL,CWE-20,dependency,,,DEPENDENCY,OpenDNSSEC,OpenDNSSEC=keyword,,,nvd-product,opendnssec misuses libcurl API,https://nvd.nist.gov/vuln/detail/CVE-2012-5582
CVE-2012-5688,2012-12-06,7.8,HIGH,CWE-20,dns,,,PRODUCT_CPE,BIND 9,BIND 9=cpe,,,nvd-product,"ISC BIND 9.8.x before 9.8.4-P1 and 9.9.x before 9.9.2-P1, when DNS64 is enabled, allows remote attackers to cause a denial of service (assertion failure and daemon exit) via a crafted query.",https://nvd.nist.gov/vuln/detail/CVE-2012-5688
CVE-2012-5689,2013-01-25,7.1,HIGH,CWE-20,dns,,,DNS_GENERIC,BIND 9,BIND 9=cpe,,,nvd-product,"ISC BIND 9.8.x through 9.8.4-P1 and 9.9.x through 9.9.2-P1, in certain configurations involving DNS64 with a Response Policy Zone that lacks an AAAA rewrite rule, allows remote attackers to cause a denial of service (assertion failure and named daemon exit) via a query for an AAAA record.",https://nvd.nist.gov/vuln/detail/CVE-2012-5689
CVE-2013-2266,2013-03-28,7.8,HIGH,CWE-119,dns,,,DNS_GENERIC,BIND 9,BIND 9=cpe,,,nvd-product,"libdns in ISC BIND 9.7.x and 9.8.x before 9.8.4-P2, 9.8.5 before 9.8.5b2, 9.9.x before 9.9.2-P2, and 9.9.3 before 9.9.3b2 on UNIX platforms allows remote attackers to cause a denial of service (memory consumption) via a crafted regular expression, as demonstrated by a memory-exhaustion attack against a machine running a named process.",https://nvd.nist.gov/vuln/detail/CVE-2013-2266
CVE-2013-3919,2013-06-06,7.8,HIGH,,dns,,,DNS_GENERIC,BIND 9,BIND 9=cpe,,,nvd-product,"resolver.c in ISC BIND 9.8.5 before 9.8.5-P1, 9.9.3 before 9.9.3-P1, and 9.6-ESV-R9 before 9.6-ESV-R9-P1, when a recursive resolver is configured, allows remote attackers to cause a denial of service (assertion failure and named daemon exit) via a query for a record in a malformed zone.",https://nvd.nist.gov/vuln/detail/CVE-2013-3919
CVE-2013-4854,2013-07-29,7.8,HIGH,,dnssec,trust-anchor,RFC 5011,trust-anchor,BIND 9,BIND 9=cpe,BIND 9 9.8.6,2013-09-04,git; nvd-product,"The RFC 5011 implementation in rdata.c in ISC BIND 9.7.x and 9.8.x before 9.8.5-P2, 9.8.6b1, 9.9.x before 9.9.3-P2, and 9.9.4b1, and DNSco BIND 9.9.3-S1 before 9.9.3-S1-P1 and 9.9.4-S1b1, allows remote attackers to cause a denial of service (assertion failure and named daemon exit) via a query with a malformed RDATA section that is not properly handled during construction of a log message, as exploited in the wild in July 2013.",https://nvd.nist.gov/vuln/detail/CVE-2013-4854
CVE-2013-5661,2019-11-05,5.9,MEDIUM,CWE-290,dns,,,DNS_GENERIC,BIND 9; NSD,BIND 9=cpe; NSD=cpe,,,nvd-keyword; nvd-product,Cache Poisoning issue exists in DNS Response Rate Limiting.,https://nvd.nist.gov/vuln/detail/CVE-2013-5661
CVE-2013-6230,2013-11-08,6.8,MEDIUM,CWE-264,dns,,,PRODUCT_CPE,BIND 9,BIND 9=cpe,,,nvd-product,"The Winsock WSAIoctl API in Microsoft Windows Server 2008, as used in ISC BIND 9.6-ESV before 9.6-ESV-R10-P1, 9.8 before 9.8.6-P1, 9.9 before 9.9.4-P1, 9.9.3-S1, 9.9.4-S1, and other products, does not properly support the SIO_GET_INTERFACE_LIST command for netmask 255.255.255.255, which allows remote attackers to bypass intended IP address restrictions by leveraging misinterpretation of this netmask as a 0.0.0.0 netmask.",https://nvd.nist.gov/vuln/detail/CVE-2013-6230
CVE-2014-0486,2018-03-27,7.5,HIGH,CWE-20,dns,,,DNS_GENERIC,Knot DNS,Knot DNS=keyword,,,nvd-product,Knot DNS before 1.5.2 allows remote attackers to cause a denial of service (application crash) via a crafted DNS message.,https://nvd.nist.gov/vuln/detail/CVE-2014-0486
CVE-2014-0591,2014-01-14,2.6,LOW,CWE-119,dnssec,nsec3,RFC 5155,nsec3,BIND 9,BIND 9=cpe,,,nvd-keyword; nvd-product,"The query_findclosestnsec3 function in query.c in named in ISC BIND 9.6, 9.7, and 9.8 before 9.8.6-P2 and 9.9 before 9.9.4-P2, and 9.6-ESV before 9.6-ESV-R10-P2, allows remote attackers to cause a denial of service (INSIST assertion failure and daemon exit) via a crafted DNS query to an authoritative nameserver that uses the NSEC3 signing feature.",https://nvd.nist.gov/vuln/detail/CVE-2014-0591
CVE-2014-3214,2014-05-09,5.0,MEDIUM,CWE-20,dns,,,DNS_GENERIC,BIND 9,BIND 9=cpe,,,git; nvd-product,"The prefetch implementation in named in ISC BIND 9.10.0, when a recursive nameserver is enabled, allows remote attackers to cause a denial of service (REQUIRE assertion failure and daemon exit) via a DNS query that triggers a response with unspecified attributes.",https://nvd.nist.gov/vuln/detail/CVE-2014-3214
CVE-2014-3859,2014-06-13,5.0,MEDIUM,CWE-20,dns,,,DNS_GENERIC,BIND 9,BIND 9=cpe,BIND 9 9.8.8,2014-09-16,git; nvd-product,"libdns in ISC BIND 9.10.0 before P2 does not properly handle EDNS options, which allows remote attackers to cause a denial of service (REQUIRE assertion failure and daemon exit) via a crafted packet, as demonstrated by an attack against named, dig, or delv.",https://nvd.nist.gov/vuln/detail/CVE-2014-3859
CVE-2014-8500,2014-12-11,7.8,HIGH,CWE-399,dns,,,DNS_GENERIC,BIND 9,BIND 9=cpe,BIND 9 9.9.7,2015-02-18,git; nvd-product,"ISC BIND 9.0.x through 9.8.x, 9.9.0 through 9.9.6, and 9.10.0 through 9.10.1 does not limit delegation chaining, which allows remote attackers to cause a denial of service (memory consumption and named crash) via a large or infinite number of referrals.",https://nvd.nist.gov/vuln/detail/CVE-2014-8500
CVE-2014-8601,2014-12-10,5.0,MEDIUM,CWE-399,dns,,,PRODUCT_CPE,PowerDNS Recursor,PowerDNS Recursor=cpe,,,nvd-product,"PowerDNS Recursor before 3.6.2 does not limit delegation chaining, which allows remote attackers to cause a denial of service (""performance degradations"") via a large or infinite number of referrals, as demonstrated by resolving domains hosted by ezdns.it.",https://nvd.nist.gov/vuln/detail/CVE-2014-8601
CVE-2014-8602,2014-12-11,4.3,MEDIUM,CWE-399,dns,,,DNS_GENERIC,Unbound,Unbound=cpe,Unbound 1.5.1,2014-12-08,git; nvd-product,"iterator.c in NLnet Labs Unbound before 1.5.1 does not limit delegation chaining, which allows remote attackers to cause a denial of service (memory and CPU consumption) via a large or infinite number of referrals.",https://nvd.nist.gov/vuln/detail/CVE-2014-8602
CVE-2014-8680,2014-12-11,5.4,MEDIUM,CWE-20; CWE-284,dns,,,DNS_GENERIC,BIND 9,BIND 9=cpe,,,nvd-product,"The GeoIP functionality in ISC BIND 9.10.0 through 9.10.1 allows remote attackers to cause a denial of service (assertion failure and named exit) via vectors related to (1) the lack of GeoIP databases for both IPv4 and IPv6, or (2) IPv6 support with certain options.",https://nvd.nist.gov/vuln/detail/CVE-2014-8680
CVE-2015-1349,2015-02-19,5.4,MEDIUM,CWE-399,dnssec,trust-anchor,RFC 5011,trust-anchor,BIND 9,BIND 9=cpe,,,git; nvd-keyword; nvd-product,"named in ISC BIND 9.7.0 through 9.9.6 before 9.9.6-P2 and 9.10.x before 9.10.1-P2, when DNSSEC validation and the managed-keys feature are enabled, allows remote attackers to cause a denial of service (assertion failure and daemon exit, or daemon crash) by triggering an incorrect trust-anchor management scenario in which no key is ready for use.",https://nvd.nist.gov/vuln/detail/CVE-2015-1349
CVE-2015-1868,2015-05-18,7.8,HIGH,CWE-399,dns,,,PRODUCT_CPE,PowerDNS Authoritative; PowerDNS Recursor,PowerDNS Authoritative=cpe; PowerDNS Recursor=cpe,PowerDNS Authoritative 3.3.2,2015-05-01,git; nvd-product,"The label decompression functionality in PowerDNS Recursor 3.5.x, 3.6.x before 3.6.3, and 3.7.x before 3.7.2 and Authoritative (Auth) Server 3.2.x, 3.3.x before 3.3.2, and 3.4.x before 3.4.4 allows remote attackers to cause a denial of service (CPU consumption or crash) via a request with a name that refers to itself.",https://nvd.nist.gov/vuln/detail/CVE-2015-1868
CVE-2015-3193,,,,,dependency,,,DEPENDENCY,BIND 9,BIND 9=cpe,,,git,4270.   [security]      Update allowed OpenSSL versions as named is                         potentially vulnerable to CVE-2015-3193.,https://nvd.nist.gov/vuln/detail/CVE-2015-3193
CVE-2015-4620,2015-07-08,7.8,HIGH,CWE-17,dnssec,validation,RFC 4035,validation,BIND 9,BIND 9=cpe,,,git; nvd-keyword; nvd-product,"name.c in named in ISC BIND 9.7.x through 9.9.x before 9.9.7-P1 and 9.10.x before 9.10.2-P2, when configured as a recursive resolver with DNSSEC validation, allows remote attackers to cause a denial of service (REQUIRE assertion failure and daemon exit) by constructing crafted zone data and then making a query for a name in that zone.",https://nvd.nist.gov/vuln/detail/CVE-2015-4620
CVE-2015-5470,2015-11-02,7.8,HIGH,CWE-399,dns,,,PRODUCT_CPE,PowerDNS Recursor,PowerDNS Recursor=cpe,,,nvd-product,The label decompression functionality in PowerDNS Recursor before 3.6.4 and 3.7.x before 3.7.3 and Authoritative (Auth) Server before 3.3.3 and 3.4.x before 3.4.5 allows remote attackers to cause a denial of service (CPU consumption or crash) via a request with a long name that refers to itself.  NOTE: this vulnerability exists because of an incomplete fix for CVE-2015-1868.,https://nvd.nist.gov/vuln/detail/CVE-2015-5470
CVE-2015-5477,2015-07-29,7.8,HIGH,CWE-19,dns,,,DNS_GENERIC,BIND 9,BIND 9=cpe,,,git; nvd-product,named in ISC BIND 9.x before 9.9.7-P2 and 9.10.x before 9.10.2-P3 allows remote attackers to cause a denial of service (REQUIRE assertion failure and daemon exit) via TKEY queries.,https://nvd.nist.gov/vuln/detail/CVE-2015-5477
CVE-2015-5722,2015-09-05,7.8,HIGH,CWE-20,dnssec,dnssec-other,RFC 4033,dnssec-other,BIND 9,BIND 9=cpe,,,git; nvd-keyword; nvd-product,buffer.c in named in ISC BIND 9.x before 9.9.7-P3 and 9.10.x before 9.10.2-P4 allows remote attackers to cause a denial of service (assertion failure and daemon exit) by creating a zone containing a malformed DNSSEC key and issuing a query for a name in that zone.,https://nvd.nist.gov/vuln/detail/CVE-2015-5722
CVE-2015-5986,2015-09-05,7.1,HIGH,CWE-20,dns,,,DNS_GENERIC,BIND 9,BIND 9=cpe,,,nvd-product,openpgpkey_61.c in named in ISC BIND 9.9.7 before 9.9.7-P3 and 9.10.x before 9.10.2-P4 allows remote attackers to cause a denial of service (REQUIRE assertion failure and daemon exit) via a crafted DNS response.,https://nvd.nist.gov/vuln/detail/CVE-2015-5986
CVE-2015-8000,2015-12-16,5.0,MEDIUM,CWE-20,dns,,,DNS_GENERIC,BIND 9,BIND 9=cpe,,,git; nvd-product,db.c in named in ISC BIND 9.x before 9.9.8-P2 and 9.10.x before 9.10.3-P2 allows remote attackers to cause a denial of service (REQUIRE assertion failure and daemon exit) via a malformed class attribute.,https://nvd.nist.gov/vuln/detail/CVE-2015-8000
CVE-2015-8461,2015-12-16,7.1,HIGH,CWE-362,dns,,,DNS_GENERIC,BIND 9,BIND 9=cpe,,,git; nvd-product,Race condition in resolver.c in named in ISC BIND 9.9.8 before 9.9.8-P2 and 9.10.3 before 9.10.3-P2 allows remote attackers to cause a denial of service (INSIST assertion failure and daemon exit) via unspecified vectors.,https://nvd.nist.gov/vuln/detail/CVE-2015-8461
CVE-2015-8704,2016-01-20,6.5,MEDIUM,CWE-20,dns,,,PRODUCT_CPE,BIND 9,BIND 9=cpe,,,git; nvd-product,"apl_42.c in ISC BIND 9.x before 9.9.8-P3, 9.9.x, and 9.10.x before 9.10.3-P3 allows remote authenticated users to cause a denial of service (INSIST assertion failure and daemon exit) via a malformed Address Prefix List (APL) record.",https://nvd.nist.gov/vuln/detail/CVE-2015-8704
CVE-2015-8705,2016-01-20,7.0,HIGH,CWE-20,dns,,,DNS_GENERIC,BIND 9,BIND 9=cpe,BIND 9 9.11.0,2016-09-29,git; nvd-product,"buffer.c in named in ISC BIND 9.10.x before 9.10.3-P3, when debug logging is enabled, allows remote attackers to cause a denial of service (REQUIRE assertion failure and daemon exit, or daemon crash) or possibly have unspecified other impact via (1) OPT data or (2) an ECS option.",https://nvd.nist.gov/vuln/detail/CVE-2015-8705
CVE-2016-10152,2017-03-28,9.8,CRITICAL,,dns,,,DNS_GENERIC,,,,,nvd-keyword,"The read_config_file function in lib/hesiod.c in Hesiod 3.2.1 falls back to the "".athena.mit.edu"" default domain when opening the configuration file fails, which allows remote attackers to gain root privileges by poisoning the DNS cache.",https://nvd.nist.gov/vuln/detail/CVE-2016-10152
CVE-2016-1284,2016-02-04,5.9,MEDIUM,CWE-20,dns,,,PRODUCT_CPE,BIND 9,BIND 9=cpe,,,nvd-product,"rdataset.c in ISC BIND 9 Supported Preview Edition 9.9.8-S before 9.9.8-S5, when nxdomain-redirect is enabled, allows remote attackers to cause a denial of service (REQUIRE assertion failure and daemon exit) via crafted flag values in a query.",https://nvd.nist.gov/vuln/detail/CVE-2016-1284
CVE-2016-1285,2016-03-09,6.8,MEDIUM,,dns,,,DNS_GENERIC,BIND 9,BIND 9=cpe,,,git; nvd-product,"named in ISC BIND 9.x before 9.9.8-P4 and 9.10.x before 9.10.3-P4 does not properly handle DNAME records when parsing fetch reply messages, which allows remote attackers to cause a denial of service (assertion failure and daemon exit) via a malformed packet to the rndc (aka control channel) interface, related to alist.c and sexpr.c.",https://nvd.nist.gov/vuln/detail/CVE-2016-1285
CVE-2016-1286,2016-03-09,8.6,HIGH,,dns,,,DNS_GENERIC,BIND 9,BIND 9=cpe,,,git; nvd-product,"named in ISC BIND 9.x before 9.9.8-P4 and 9.10.x before 9.10.3-P4 allows remote attackers to cause a denial of service (assertion failure and daemon exit) via a crafted signature record for a DNAME record, related to db.c and resolver.c.",https://nvd.nist.gov/vuln/detail/CVE-2016-1286
CVE-2016-2088,2016-03-09,6.8,MEDIUM,CWE-20,dns,,,DNS_GENERIC,BIND 9,BIND 9=cpe,BIND 9 9.11.0,2016-09-29,git; nvd-product,"resolver.c in named in ISC BIND 9.10.x before 9.10.3-P4, when DNS cookies are enabled, allows remote attackers to cause a denial of service (INSIST assertion failure and daemon exit) via a malformed packet with more than one cookie option.",https://nvd.nist.gov/vuln/detail/CVE-2016-2088
CVE-2016-2775,2016-07-19,5.9,MEDIUM,CWE-20,dns,,,DNS_GENERIC,BIND 9,BIND 9=cpe,BIND 9 9.9.10,2017-04-14,git; nvd-product,"ISC BIND 9.x before 9.9.9-P2, 9.10.x before 9.10.4-P2, and 9.11.x before 9.11.0b2, when lwresd or the named lwres option is enabled, allows remote attackers to cause a denial of service (daemon crash) via a long request that uses the lightweight resolver protocol.",https://nvd.nist.gov/vuln/detail/CVE-2016-2775
CVE-2016-2776,2016-09-28,7.5,HIGH,CWE-20,dns,,,DNS_GENERIC,BIND 9,BIND 9=cpe,,,git; nvd-product,"buffer.c in named in ISC BIND 9 before 9.9.9-P3, 9.10.x before 9.10.4-P3, and 9.11.x before 9.11.0rc3 does not properly construct responses, which allows remote attackers to cause a denial of service (assertion failure and daemon exit) via a crafted query.",https://nvd.nist.gov/vuln/detail/CVE-2016-2776
CVE-2016-2848,2016-10-21,7.5,HIGH,CWE-20,dns,,,PRODUCT_CPE,BIND 9,BIND 9=cpe,,,nvd-product,ISC BIND 9.1.0 through 9.8.4-P2 and 9.9.0 through 9.9.2-P2 allows remote attackers to cause a denial of service (assertion failure and daemon exit) via malformed options data in an OPT resource record.,https://nvd.nist.gov/vuln/detail/CVE-2016-2848
CVE-2016-3725,2016-05-17,4.3,MEDIUM,,dns,,,DNS_GENERIC,,,,,nvd-keyword,Jenkins before 2.3 and LTS before 1.651.2 allows remote authenticated users to trigger updating of update site metadata by leveraging a missing permissions check. NOTE: this issue can be combined with DNS cache poisoning to cause a denial of service (service disruption).,https://nvd.nist.gov/vuln/detail/CVE-2016-3725
CVE-2016-6170,2016-07-06,6.5,MEDIUM,CWE-20,dns,,,DNS_GENERIC,BIND 9,BIND 9=cpe,BIND 9 9.10.5,2017-04-14,git; nvd-product,"ISC BIND through 9.9.9-P1, 9.10.x through 9.10.4-P1, and 9.11.x through 9.11.0b1 allows primary DNS servers to cause a denial of service (secondary DNS server crash) via a large AXFR response, and possibly allows IXFR servers to cause a denial of service (IXFR client crash) via a large IXFR response and allows remote authenticated users to cause a denial of service (primary DNS server crash) via a large UPDATE message.",https://nvd.nist.gov/vuln/detail/CVE-2016-6170
CVE-2016-6171,2017-02-09,8.6,HIGH,CWE-400,dns,,,DNS_GENERIC,Knot DNS,Knot DNS=keyword,Knot DNS 2.3.0,2016-08-09,git; nvd-product,"Knot DNS before 2.3.0 allows remote DNS servers to cause a denial of service (memory exhaustion and slave server crash) via a large zone transfer for (1) DDNS, (2) AXFR, or (3) IXFR.",https://nvd.nist.gov/vuln/detail/CVE-2016-6171
CVE-2016-6172,2016-09-26,6.8,MEDIUM,CWE-400,dns,,,DNS_GENERIC,PowerDNS Authoritative,PowerDNS Authoritative=cpe,,,nvd-product,PowerDNS (aka pdns) Authoritative Server before 4.0.1 allows remote primary DNS servers to cause a denial of service (memory exhaustion and secondary DNS server crash) via a large (1) AXFR or (2) IXFR response.,https://nvd.nist.gov/vuln/detail/CVE-2016-6172
CVE-2016-6173,2017-02-09,7.5,HIGH,CWE-399,dns,,,DNS_GENERIC,NSD,NSD=cpe,NSD 4.1.11,2016-08-01,git; nvd-product,NSD before 4.1.11 allows remote DNS master servers to cause a denial of service (/tmp disk consumption and slave server crash) via a zone transfer with unlimited data.,https://nvd.nist.gov/vuln/detail/CVE-2016-6173
CVE-2016-7068,2018-09-11,5.3,MEDIUM,CWE-20; CWE-400,dns,,,DNS_GENERIC,PowerDNS Recursor,PowerDNS Recursor=cpe,,,nvd-product,"An issue has been found in PowerDNS before 3.4.11 and 4.0.2, and PowerDNS recursor before 3.7.4 and 4.0.4, allowing a remote, unauthenticated attacker to cause an abnormal CPU usage load on the PowerDNS server by sending crafted DNS queries, which might result in a partial denial of service if the system becomes overloaded. This issue is based on the fact that the PowerDNS server parses all records present in a query regardless of whether they are needed or even legitimate. A specially crafted query containing a large number of records can be used to take advantage of that behaviour.",https://nvd.nist.gov/vuln/detail/CVE-2016-7068
CVE-2016-7073,2018-09-11,5.3,MEDIUM,CWE-20,dns,,,DNS_GENERIC,PowerDNS Recursor,PowerDNS Recursor=cpe,,,nvd-product,"An issue has been found in PowerDNS before 3.4.11 and 4.0.2, and PowerDNS recursor before 4.0.4, allowing an attacker in position of man-in-the-middle to alter the content of an AXFR because of insufficient validation of TSIG signatures. A missing check of the TSIG time and fudge values was found in AXFRRetriever, leading to a possible replay attack.",https://nvd.nist.gov/vuln/detail/CVE-2016-7073
CVE-2016-7074,2018-09-11,5.3,MEDIUM,CWE-20,dns,,,DNS_GENERIC,PowerDNS Recursor,PowerDNS Recursor=cpe,,,nvd-product,"An issue has been found in PowerDNS before 3.4.11 and 4.0.2, and PowerDNS recursor before 4.0.4, allowing an attacker in position of man-in-the-middle to alter the content of an AXFR because of insufficient validation of TSIG signatures. A missing check that the TSIG record is the last one, leading to the possibility of parsing records that are not covered by the TSIG signature.",https://nvd.nist.gov/vuln/detail/CVE-2016-7074
CVE-2016-8864,2016-11-02,7.5,HIGH,CWE-617,dns,,,DNS_GENERIC,BIND 9,BIND 9=cpe,,,git; nvd-product,"named in ISC BIND 9.x before 9.9.9-P4, 9.10.x before 9.10.4-P4, and 9.11.x before 9.11.0-P1 allows remote attackers to cause a denial of service (assertion failure and daemon exit) via a DNAME record in the answer section of a response to a recursive query, related to db.c and resolver.c.",https://nvd.nist.gov/vuln/detail/CVE-2016-8864
CVE-2016-9131,2017-01-12,7.5,HIGH,CWE-20,dns,,,DNS_GENERIC,BIND 9,BIND 9=cpe,,,git; nvd-product,"named in ISC BIND 9.x before 9.9.9-P5, 9.10.x before 9.10.4-P5, and 9.11.x before 9.11.0-P2 allows remote attackers to cause a denial of service (assertion failure and daemon exit) via a malformed response to an RTYPE ANY query.",https://nvd.nist.gov/vuln/detail/CVE-2016-9131
CVE-2016-9147,2017-01-12,7.5,HIGH,CWE-20,dnssec,dnssec-other,RFC 4033,dnssec-other,BIND 9,BIND 9=cpe,,,git; nvd-keyword; nvd-product,"named in ISC BIND 9.9.9-P4, 9.9.9-S6, 9.10.4-P4, and 9.11.0-P1 allows remote attackers to cause a denial of service (assertion failure and daemon exit) via a response containing an inconsistency among the DNSSEC-related RRsets.",https://nvd.nist.gov/vuln/detail/CVE-2016-9147
CVE-2016-9444,2017-01-12,7.5,HIGH,CWE-20,dns,,,DNS_GENERIC,BIND 9,BIND 9=cpe,BIND 9 9.9.10,2017-04-14,git; nvd-product,"named in ISC BIND 9.x before 9.9.9-P5, 9.10.x before 9.10.4-P5, and 9.11.x before 9.11.0-P2 allows remote attackers to cause a denial of service (assertion failure and daemon exit) via a crafted DS resource record in an answer.",https://nvd.nist.gov/vuln/detail/CVE-2016-9444
CVE-2016-9778,2019-01-16,7.5,HIGH,CWE-388,dns,,,PRODUCT_CPE,BIND 9,BIND 9=cpe,,,git; nvd-product,"An error in handling certain queries can cause an assertion failure when a server is using the nxdomain-redirect feature to cover a zone for which it is also providing authoritative service. A vulnerable server could be intentionally stopped by an attacker if it was using a configuration that met the criteria for the vulnerability and if the attacker could cause it to accept a query that possessed the required attributes. Please note: This vulnerability affects the ""nxdomain-redirect"" feature, which is one of two methods of handling NXDOMAIN redirection, and is only available in certain versions of BIND. Redirection using zones of type ""redirect"" is not affected by this vulnerability. Affects BIND 9.9.8-S1 -> 9.9.8-S3, 9.9.9-S1 -> 9.9.9-S6, 9.11.0-9.11.0-P1.",https://nvd.nist.gov/vuln/detail/CVE-2016-9778
CVE-2017-10874,2017-12-01,7.5,HIGH,,dns,,,DNS_GENERIC,,,,,nvd-keyword,"PWR-Q200 does not use random values for source ports of DNS query packets, which allows remote attackers to conduct DNS cache poisoning attacks.",https://nvd.nist.gov/vuln/detail/CVE-2017-10874
CVE-2017-11104,2017-07-08,5.9,MEDIUM,CWE-20,dns,,,DNS_GENERIC,Knot DNS,Knot DNS=keyword,Knot DNS 2.5.2,2017-06-23,git; nvd-product,"Knot DNS before 2.4.5 and 2.5.x before 2.5.2 contains a flaw within the TSIG protocol implementation that would allow an attacker with a valid key name and algorithm to bypass TSIG authentication if no additional ACL restrictions are set, because of an improper TSIG validity period check.",https://nvd.nist.gov/vuln/detail/CVE-2017-11104
CVE-2017-15090,2018-01-23,5.9,MEDIUM,CWE-347,dnssec,dnskey,RFC 4034,dnskey,PowerDNS Recursor,PowerDNS Recursor=cpe,,,nvd-keyword; nvd-product,"An issue has been found in the DNSSEC validation component of PowerDNS Recursor from 4.0.0 and up to and including 4.0.6, where the signatures might have been accepted as valid even if the signed data was not in bailiwick of the DNSKEY used to sign it. This allows an attacker in position of man-in-the-middle to alter the content of records by issuing a valid signature for the crafted records.",https://nvd.nist.gov/vuln/detail/CVE-2017-15090
CVE-2017-15092,2018-01-23,6.1,MEDIUM,CWE-79,dns,,,DNS_GENERIC,PowerDNS Recursor,PowerDNS Recursor=cpe,,,nvd-product,"A cross-site scripting issue has been found in the web interface of PowerDNS Recursor from 4.0.0 up to and including 4.0.6, where the qname of DNS queries was displayed without any escaping, allowing a remote attacker to inject HTML and Javascript code into the web interface, altering the content.",https://nvd.nist.gov/vuln/detail/CVE-2017-15092
CVE-2017-15093,2018-01-23,5.3,MEDIUM,CWE-20,dns,,,PRODUCT_CPE,PowerDNS Recursor,PowerDNS Recursor=cpe,,,nvd-product,"When api-config-dir is set to a non-empty value, which is not the case by default, the API in PowerDNS Recursor 4.x up to and including 4.0.6 and 3.x up to and including 3.7.4 allows an authorized user to update the Recursor's ACL by adding and removing netmasks, and to configure forward zones. It was discovered that the new netmask and IP addresses of forwarded zones were not sufficiently validated, allowing an authenticated user to inject new configuration directives into the Recursor's configuration.",https://nvd.nist.gov/vuln/detail/CVE-2017-15093
CVE-2017-15094,2018-01-23,5.9,MEDIUM,CWE-401; CWE-772,dnssec,algorithm,RFC 6605/8080,algorithm,PowerDNS Recursor,PowerDNS Recursor=cpe,,,nvd-keyword; nvd-product,An issue has been found in the DNSSEC parsing code of PowerDNS Recursor from 4.0.0 up to and including 4.0.6 leading to a memory leak when parsing specially crafted DNSSEC ECDSA keys. These keys are only parsed when validation is enabled by setting dnssec to a value other than off or process-no-validate (default).,https://nvd.nist.gov/vuln/detail/CVE-2017-15094
CVE-2017-15105,2018-01-23,5.3,MEDIUM,CWE-20; CWE-358,dnssec,nsec,RFC 4034,nsec,Unbound,Unbound=cpe,Unbound 1.7.0,2018-03-12,git; nvd-product,"A flaw was found in the way unbound before 1.6.8 validated wildcard-synthesized NSEC records. An improperly validated wildcard NSEC record could be used to prove the non-existence (NXDOMAIN answer) of an existing wildcard record, or trick unbound into accepting a NODATA proof.",https://nvd.nist.gov/vuln/detail/CVE-2017-15105
CVE-2017-15107,2018-01-23,7.5,HIGH,,dnssec,nsec,RFC 4034,nsec,,,,,nvd-keyword,A vulnerability was found in the implementation of DNSSEC in Dnsmasq up to and including 2.78. Wildcard synthesized NSEC records could be improperly interpreted to prove the non-existence of hostnames that actually exist.,https://nvd.nist.gov/vuln/detail/CVE-2017-15107
CVE-2017-15120,2018-07-27,7.5,HIGH,CWE-476,dns,,,PRODUCT_CPE,PowerDNS Recursor,PowerDNS Recursor=cpe,,,nvd-product,"An issue has been found in the parsing of authoritative answers in PowerDNS Recursor before 4.0.8, leading to a NULL pointer dereference when parsing a specially crafted answer containing a CNAME of a different class than IN. An unauthenticated remote attacker could cause a denial of service.",https://nvd.nist.gov/vuln/detail/CVE-2017-15120
CVE-2017-1773,2018-01-31,4.0,MEDIUM,,dns,,,DNS_GENERIC,,,,,nvd-keyword,"IBM DataPower Gateways 7.1, 7,2, 7.5, and 7.6 could allow an attacker using man-in-the-middle techniques to spoof DNS responses to perform DNS cache poisoning and redirect Internet traffic. IBM X-Force ID: 136817.",https://nvd.nist.gov/vuln/detail/CVE-2017-1773
CVE-2017-3135,2019-01-16,7.5,HIGH,CWE-476,dns,,,PRODUCT_CPE,BIND 9,BIND 9=cpe,,,git; nvd-product,"Under some conditions when using both DNS64 and RPZ to rewrite query responses, query processing can resume in an inconsistent state leading to either an INSIST assertion failure or an attempt to read through a NULL pointer. Affects BIND 9.8.8, 9.9.3-S1 -> 9.9.9-S7, 9.9.3 -> 9.9.9-P5, 9.9.10b1, 9.10.0 -> 9.10.4-P5, 9.10.5b1, 9.11.0 -> 9.11.0-P2, 9.11.1b1.",https://nvd.nist.gov/vuln/detail/CVE-2017-3135
CVE-2017-3136,2019-01-16,5.9,MEDIUM,CWE-617,dns,,,PRODUCT_CPE,BIND 9,BIND 9=cpe,BIND 9 9.12.0,2018-01-17,git; nvd-product,"A query with a specific set of characteristics could cause a server using DNS64 to encounter an assertion failure and terminate. An attacker could deliberately construct a query, enabling denial-of-service against a server if it was configured to use the DNS64 feature and other preconditions were met. Affects BIND 9.8.0 -> 9.8.8-P1, 9.9.0 -> 9.9.9-P6, 9.9.10b1->9.9.10rc1, 9.10.0 -> 9.10.4-P6, 9.10.5b1->9.10.5rc1, 9.11.0 -> 9.11.0-P3, 9.11.1b1->9.11.1rc1, 9.9.3-S1 -> 9.9.9-S8.",https://nvd.nist.gov/vuln/detail/CVE-2017-3136
CVE-2017-3137,2019-01-16,7.5,HIGH,CWE-617,dns,,,DNS_GENERIC,BIND 9,BIND 9=cpe,,,git; nvd-product,"Mistaken assumptions about the ordering of records in the answer section of a response containing CNAME or DNAME resource records could lead to a situation in which named would exit with an assertion failure when processing a response in which records occurred in an unusual order. Affects BIND 9.9.9-P6, 9.9.10b1->9.9.10rc1, 9.10.4-P6, 9.10.5b1->9.10.5rc1, 9.11.0-P3, 9.11.1b1->9.11.1rc1, and 9.9.9-S8.",https://nvd.nist.gov/vuln/detail/CVE-2017-3137
CVE-2017-3138,2019-01-16,6.5,MEDIUM,CWE-617,dns,,,DNS_GENERIC,BIND 9,BIND 9=cpe,,,git; nvd-product,"named contains a feature which allows operators to issue commands to a running server by communicating with the server process over a control channel, using a utility program such as rndc. A regression introduced in a recent feature change has created a situation under which some versions of named can be caused to exit with a REQUIRE assertion failure if they are sent a null command string. Affects BIND 9.9.9->9.9.9-P7, 9.9.10b1->9.9.10rc2, 9.10.4->9.10.4-P7, 9.10.5b1->9.10.5rc2, 9.11.0->9.11.0-P4, 9.11.1b1->9.11.1rc2, 9.9.9-S1->9.9.9-S9.",https://nvd.nist.gov/vuln/detail/CVE-2017-3138
CVE-2017-3139,2019-04-09,7.5,HIGH,,dnssec,validation,RFC 4035,validation,,,,,nvd-keyword,A denial of service flaw was found in the way BIND handled DNSSEC validation. A remote attacker could use this flaw to make named exit unexpectedly with an assertion failure via a specially crafted DNS response.,https://nvd.nist.gov/vuln/detail/CVE-2017-3139
CVE-2017-3140,2019-01-16,3.7,LOW,CWE-400,dns,,,DNS_GENERIC,BIND 9,BIND 9=cpe,,,git; nvd-product,"If named is configured to use Response Policy Zones (RPZ) an error processing some rule types can lead to a condition where BIND will endlessly loop while handling a query. Affects BIND 9.9.10, 9.10.5, 9.11.0->9.11.1, 9.9.10-S1, 9.10.5-S1.",https://nvd.nist.gov/vuln/detail/CVE-2017-3140
CVE-2017-3141,2019-01-16,7.2,HIGH,CWE-428,dns,,,PRODUCT_CPE,BIND 9,BIND 9=cpe,,,git; nvd-product,"The BIND installer on Windows uses an unquoted service path which can enable a local user to achieve privilege escalation if the host file system permissions allow this. Affects BIND 9.2.6-P2->9.2.9, 9.3.2-P1->9.3.6, 9.4.0->9.8.8, 9.9.0->9.9.10, 9.10.0->9.10.5, 9.11.0->9.11.1, 9.9.3-S1->9.9.10-S1, 9.10.5-S1.",https://nvd.nist.gov/vuln/detail/CVE-2017-3141
CVE-2017-3142,2019-01-16,5.3,MEDIUM,CWE-20,dns,,,DNS_GENERIC,BIND 9,BIND 9=cpe,,,git; nvd-product,"An attacker who is able to send and receive messages to an authoritative DNS server and who has knowledge of a valid TSIG key name may be able to circumvent TSIG authentication of AXFR requests via a carefully constructed request packet. A server that relies solely on TSIG keys for protection with no other ACL protection could be manipulated into: providing an AXFR of a zone to an unauthorized recipient or accepting bogus NOTIFY packets. Affects BIND 9.4.0->9.8.8, 9.9.0->9.9.10-P1, 9.10.0->9.10.5-P1, 9.11.0->9.11.1-P1, 9.9.3-S1->9.9.10-S2, 9.10.5-S1->9.10.5-S2.",https://nvd.nist.gov/vuln/detail/CVE-2017-3142
CVE-2017-3143,2019-01-16,7.5,HIGH,,dns,,,DNS_GENERIC,BIND 9,BIND 9=cpe,,,git; nvd-product,"An attacker who is able to send and receive messages to an authoritative DNS server and who has knowledge of a valid TSIG key name for the zone and service being targeted may be able to manipulate BIND into accepting an unauthorized dynamic update. Affects BIND 9.4.0->9.8.8, 9.9.0->9.9.10-P1, 9.10.0->9.10.5-P1, 9.11.0->9.11.1-P1, 9.9.3-S1->9.9.10-S2, 9.10.5-S1->9.10.5-S2.",https://nvd.nist.gov/vuln/detail/CVE-2017-3143
CVE-2017-3145,2019-01-16,7.5,HIGH,CWE-416,dns,,,DNS_GENERIC,BIND 9,BIND 9=cpe,,,git; nvd-product,"BIND was improperly sequencing cleanup operations on upstream recursion fetch contexts, leading in some cases to a use-after-free error that can trigger an assertion failure and crash in named. Affects BIND 9.0.0 to 9.8.x, 9.9.0 to 9.9.11, 9.10.0 to 9.10.6, 9.11.0 to 9.11.2, 9.9.3-S1 to 9.9.11-S1, 9.10.5-S1 to 9.10.6-S1, 9.12.0a1 to 9.12.0rc1.",https://nvd.nist.gov/vuln/detail/CVE-2017-3145
CVE-2018-1000002,2018-01-22,3.7,LOW,CWE-20,dnssec,validation,RFC 4035,validation,Knot DNS; Knot Resolver,Knot DNS=keyword; Knot Resolver=keyword,Knot Resolver 1.5.2,2018-01-22,git; nvd-keyword; nvd-product,Improper input validation bugs in DNSSEC validators components in Knot Resolver (prior version 1.5.2) allow attacker in man-in-the-middle position to deny existence of some data in DNS via packet replay.,https://nvd.nist.gov/vuln/detail/CVE-2018-1000002
CVE-2018-1000003,2018-01-22,3.7,LOW,CWE-20,dnssec,validation,RFC 4035,validation,PowerDNS Recursor,PowerDNS Recursor=cpe,,,nvd-keyword; nvd-product,Improper input validation bugs in DNSSEC validators components in PowerDNS version 4.1.0 allow attacker in man-in-the-middle position to deny existence of some data in DNS via packet replay.,https://nvd.nist.gov/vuln/detail/CVE-2018-1000003
CVE-2018-1046,,,,,dns,,,PRODUCT_CPE,PowerDNS Authoritative; PowerDNS Recursor,PowerDNS Authoritative=cpe; PowerDNS Recursor=cpe,PowerDNS Authoritative 4.2.0; PowerDNS Recursor 4.2.0,2019-07-12,git,Merge pull request #6581 from rgacogne/docs-sec-2018-02,https://nvd.nist.gov/vuln/detail/CVE-2018-1046
CVE-2018-10851,2018-11-29,5.3,MEDIUM,CWE-400; CWE-772,dns,,,PRODUCT_CPE,PowerDNS Recursor,PowerDNS Recursor=cpe,,,nvd-product,"PowerDNS Authoritative Server 3.3.0 up to 4.1.4 excluding 4.1.5 and 4.0.6, and PowerDNS Recursor 3.2 up to 4.1.4 excluding 4.1.5 and 4.0.9, are vulnerable to a memory leak while parsing malformed records that can lead to remote denial of service.",https://nvd.nist.gov/vuln/detail/CVE-2018-10851
CVE-2018-10920,2018-08-02,6.8,MEDIUM,CWE-20,dns,,,DNS_GENERIC,Knot DNS; Knot Resolver,Knot DNS=keyword; Knot Resolver=keyword,Knot Resolver 2.4.1,2018-08-02,git; nvd-product,Improper input validation bug in DNS resolver component of Knot Resolver before 2.4.1 allows remote attacker to poison cache.,https://nvd.nist.gov/vuln/detail/CVE-2018-10920
CVE-2018-1110,2021-03-30,7.5,HIGH,CWE-20,dns,,,DNS_GENERIC,Knot DNS; Knot Resolver,Knot DNS=keyword; Knot Resolver=keyword,Knot Resolver 2.3.0,2018-04-23,git; nvd-product,A flaw was found in knot-resolver before version 2.3.0. Malformed DNS messages may cause denial of service.,https://nvd.nist.gov/vuln/detail/CVE-2018-1110
CVE-2018-14626,2018-11-29,5.3,MEDIUM,CWE-400,dns,,,PRODUCT_CPE,PowerDNS Recursor,PowerDNS Recursor=cpe,,,nvd-product,PowerDNS Authoritative Server 4.1.0 up to 4.1.4 inclusive and PowerDNS Recursor 4.0.0 up to 4.1.4 inclusive are vulnerable to a packet cache pollution via crafted query that can lead to denial of service.,https://nvd.nist.gov/vuln/detail/CVE-2018-14626
CVE-2018-14644,2018-11-09,5.3,MEDIUM,CWE-20,dnssec,validation,RFC 4035,validation,PowerDNS Recursor,PowerDNS Recursor=cpe,,,nvd-keyword; nvd-product,"An issue has been found in PowerDNS Recursor from 4.0.0 up to and including 4.1.4. A remote attacker sending a DNS query for a meta-type like OPT can lead to a zone being wrongly cached as failing DNSSEC validation. It only arises if the parent zone is signed, and all the authoritative servers for that parent zone answer with FORMERR to a query for at least one of the meta-types. As a result, subsequent queries from clients requesting DNSSEC validation will be answered with a ServFail.",https://nvd.nist.gov/vuln/detail/CVE-2018-14644
CVE-2018-16855,2018-12-03,7.5,HIGH,CWE-125,dns,,,DNS_GENERIC,PowerDNS Recursor,PowerDNS Recursor=cpe,,,nvd-product,"An issue has been found in PowerDNS Recursor before version 4.1.8 where a remote attacker sending a DNS query can trigger an out-of-bounds memory read while computing the hash of the query for a packet cache lookup, possibly leading to a crash.",https://nvd.nist.gov/vuln/detail/CVE-2018-16855
CVE-2018-20869,2019-07-30,7.8,HIGH,,dnssec,dnssec-other,RFC 4033,dnssec-other,,,,,nvd-keyword,cPanel before 76.0.8 allows arbitrary code execution in the context of the root account via dnssec adminbin (SEC-465).,https://nvd.nist.gov/vuln/detail/CVE-2018-20869
CVE-2018-5734,2019-01-16,7.5,HIGH,CWE-617,dns,,,PRODUCT_CPE,BIND 9,BIND 9=cpe,,,nvd-product,"While handling a particular type of malformed packet BIND erroneously selects a SERVFAIL rcode instead of a FORMERR rcode. If the receiving view has the SERVFAIL cache feature enabled, this can trigger an assertion failure in badcache.c when the request doesn't contain all of the expected information. Affects BIND 9.10.5-S1 to 9.10.5-S4, 9.10.6-S1, 9.10.6-S2.",https://nvd.nist.gov/vuln/detail/CVE-2018-5734
CVE-2018-5736,2019-01-16,5.3,MEDIUM,CWE-617,dns,,,DNS_GENERIC,BIND 9,BIND 9=cpe,,,nvd-product,"An error in zone database reference counting can lead to an assertion failure if a server which is running an affected version of BIND attempts several transfers of a slave zone in quick succession. This defect could be deliberately exercised by an attacker who is permitted to cause a vulnerable server to initiate zone transfers (for example: by sending valid NOTIFY messages), causing the named process to exit after failing the assertion test. Affects BIND 9.12.0 and 9.12.1.",https://nvd.nist.gov/vuln/detail/CVE-2018-5736
CVE-2018-5737,2019-01-16,5.9,MEDIUM,CWE-617,dnssec,nsec,RFC 4034,nsec,BIND 9,BIND 9=cpe,BIND 9 9.13.0,2018-05-22,git; nvd-product,"A problem with the implementation of the new serve-stale feature in BIND 9.12 can lead to an assertion failure in rbtdb.c, even when stale-answer-enable is off. Additionally, problematic interaction between the serve-stale feature and NSEC aggressive negative caching can in some cases cause undesirable behavior from named, such as a recursion loop or excessive logging. Deliberate exploitation of this condition could cause operational problems depending on the particular manifestation -- either degradation or denial of service. Affects BIND 9.12.0 and 9.12.1.",https://nvd.nist.gov/vuln/detail/CVE-2018-5737
CVE-2018-5738,2019-01-16,5.3,MEDIUM,CWE-200,dns,,,DNS_GENERIC,BIND 9,BIND 9=cpe,,,nvd-product,"Change #4777 (introduced in October 2017) introduced an unforeseen issue in releases which were issued after that date, affecting which clients are permitted to make recursive queries to a BIND nameserver. The intended (and documented) behavior is that if an operator has not specified a value for the ""allow-recursion"" setting, it SHOULD default to one of the following: none, if ""recursion no;"" is set in named.conf; a value inherited from the ""allow-query-cache"" or ""allow-query"" settings IF ""recursion yes;"" (the default for that setting) AND match lists are explicitly set for ""allow-query-cache"" or ""allow-query"" (see the BIND9 Administrative Reference Manual section 6.2 for more details); or the intended default of ""allow-recursion {localhost; localnets;};"" if ""recursion yes;"" is in effect and no values are explicitly set for ""allow-query-cache"" or ""allow-query"". However, because of the regression introduced by change #4777, it is possible when ""recursion yes;"" is in effect and no match list values are provided for ""allow-query-cache"" or ""allow-query"" for the setting of ""allow-recursion"" to inherit a setting of all hosts from the ""allow-query"" setting default, improperly permitting recursion to all clients. Affects BIND 9.9.12, 9.10.7, 9.11.3, 9.12.0->9.12.1-P2, the development release 9.13.0, and also releases 9.9.12-S1, 9.10.7-S1, 9.11.3-S1, and 9.11.3-S2 from BIND 9 Supported Preview Edition.",https://nvd.nist.gov/vuln/detail/CVE-2018-5738
CVE-2018-5740,2019-01-16,7.5,HIGH,CWE-617,dns,,,DNS_GENERIC,BIND 9,BIND 9=cpe,BIND 9 9.11.5,2018-10-06,git; nvd-product,"""deny-answer-aliases"" is a little-used feature intended to help recursive server operators protect end users against DNS rebinding attacks, a potential method of circumventing the security model used by client browsers. However, a defect in this feature makes it easy, when the feature is in use, to experience an assertion failure in name.c. Affects BIND 9.7.0->9.8.8, 9.9.0->9.9.13, 9.10.0->9.10.8, 9.11.0->9.11.4, 9.12.0->9.12.2, 9.13.0->9.13.2.",https://nvd.nist.gov/vuln/detail/CVE-2018-5740
CVE-2018-5741,2019-01-16,6.5,MEDIUM,CWE-863,dependency,,,DEPENDENCY,BIND 9,BIND 9=cpe,,,nvd-product,"To provide fine-grained controls over the ability to use Dynamic DNS (DDNS) to update records in a zone, BIND 9 provides a feature called update-policy. Various rules can be configured to limit the types of updates that can be performed by a client, depending on the key used when sending the update request. Unfortunately, some rule types were not initially documented, and when documentation for them was added to the Administrator Reference Manual (ARM) in change #3112, the language that was added to the ARM at that time incorrectly described the behavior of two rule types, krb5-subdomain and ms-subdomain. This incorrect documentation could mislead operators into believing that policies they had configured were more restrictive than they actually were. This affects BIND versions prior to BIND 9.11.5 and BIND 9.12.3.",https://nvd.nist.gov/vuln/detail/CVE-2018-5741
CVE-2018-5742,2019-10-30,7.5,HIGH,CWE-617,dns,,,PRODUCT_CPE,BIND 9,BIND 9=cpe,,,nvd-product,"While backporting a feature for a newer branch of BIND9, RedHat introduced a path leading to an assertion failure in buffer.c:420. Affects RedHat versions bind-9.9.4-65.el7 -> bind-9.9.4-72.el7. No ISC releases are affected. Other packages from other distributions who made the same error may also be affected.",https://nvd.nist.gov/vuln/detail/CVE-2018-5742
CVE-2018-5743,2019-10-09,7.5,HIGH,CWE-770,dns,,,PRODUCT_CPE,BIND 9,BIND 9=cpe,,,nvd-product,"By design, BIND is intended to limit the number of TCP clients that can be connected at any given time. The number of allowed connections is a tunable parameter which, if unset, defaults to a conservative value for most servers. Unfortunately, the code which was intended to limit the number of simultaneous connections contained an error which could be exploited to grow the number of simultaneous connections beyond this limit. Versions affected: BIND 9.9.0 -> 9.10.8-P1, 9.11.0 -> 9.11.6, 9.12.0 -> 9.12.4, 9.14.0. BIND 9 Supported Preview Edition versions 9.9.3-S1 -> 9.11.5-S3, and 9.11.5-S5. Versions 9.13.0 -> 9.13.7 of the 9.13 development branch are also affected. Versions prior to BIND 9.9.0 have not been evaluated for vulnerability to CVE-2018-5743.",https://nvd.nist.gov/vuln/detail/CVE-2018-5743
CVE-2018-5744,2019-10-09,7.5,HIGH,CWE-772,dns,,,DNS_GENERIC,BIND 9,BIND 9=cpe,,,nvd-product,"A failure to free memory can occur when processing messages having a specific combination of EDNS options. Versions affected are: BIND 9.10.7 -> 9.10.8-P1, 9.11.3 -> 9.11.5-P1, 9.12.0 -> 9.12.3-P1, and versions 9.10.7-S1 -> 9.11.5-S3 of BIND 9 Supported Preview Edition. Versions 9.13.0 -> 9.13.6 of the 9.13 development branch are also affected.",https://nvd.nist.gov/vuln/detail/CVE-2018-5744
CVE-2018-5745,2019-10-09,4.9,MEDIUM,CWE-327,dnssec,trust-anchor,RFC 5011,trust-anchor,BIND 9,BIND 9=cpe,,,nvd-keyword; nvd-product,"""managed-keys"" is a feature which allows a BIND resolver to automatically maintain the keys used by trust anchors which operators configure for use in DNSSEC validation. Due to an error in the managed-keys feature it is possible for a BIND server which uses managed-keys to exit due to an assertion failure if, during key rollover, a trust anchor's keys are replaced with keys which use an unsupported algorithm. Versions affected: BIND 9.9.0 -> 9.10.8-P1, 9.11.0 -> 9.11.5-P1, 9.12.0 -> 9.12.3-P1, and versions 9.9.3-S1 -> 9.11.5-S3 of BIND 9 Supported Preview Edition. Versions 9.13.0 -> 9.13.6 of the 9.13 development branch are also affected. Versions prior to BIND 9.9.0 have not been evaluated for vulnerability to CVE-2018-5745.",https://nvd.nist.gov/vuln/detail/CVE-2018-5745
CVE-2019-10190,2019-07-16,7.5,HIGH,CWE-20,dnssec,validation,RFC 4035,validation,Knot DNS; Knot Resolver,Knot DNS=keyword; Knot Resolver=keyword,Knot Resolver 4.1.0,2019-07-10,git; nvd-keyword; nvd-product,"A vulnerability was discovered in DNS resolver component of knot resolver through version 3.2.0 before 4.1.0 which allows remote attackers to bypass DNSSEC validation for non-existence answer. NXDOMAIN answer would get passed through to the client even if its DNSSEC validation failed, instead of sending a SERVFAIL packet. Caching is not affected by this particular bug but see CVE-2019-10191.",https://nvd.nist.gov/vuln/detail/CVE-2019-10190
CVE-2019-10191,2019-07-16,7.5,HIGH,CWE-20,dnssec,dnssec-other,RFC 4033,dnssec-other,Knot DNS; Knot Resolver,Knot DNS=keyword; Knot Resolver=keyword,Knot Resolver 4.1.0,2019-07-10,git; nvd-keyword; nvd-product,"A vulnerability was discovered in DNS resolver of knot resolver before version 4.1.0 which allows remote attackers to downgrade DNSSEC-secure domains to DNSSEC-insecure state, opening possibility of domain hijack using attacks against insecure DNS protocol.",https://nvd.nist.gov/vuln/detail/CVE-2019-10191
CVE-2019-10203,2019-11-22,4.3,MEDIUM,CWE-681,dns,,,PRODUCT_CPE,PowerDNS Authoritative,PowerDNS Authoritative=cpe,,,nvd-product,"PowerDNS Authoritative daemon , pdns versions 4.0.x before 4.0.9, 4.1.x before 4.1.11, exiting when encountering a serial between 2^31 and 2^32-1 while trying to notify a slave leads to DoS.",https://nvd.nist.gov/vuln/detail/CVE-2019-10203
CVE-2019-13207,,,,,dns,,,PRODUCT_CPE,NSD,NSD=cpe,NSD 4.2.2,2019-08-13,git,- Fix #20: CVE-2019-13207 Stack-based Buffer Overflow in the   dname_concatenate() function.  Reported by Frederic Cambus.   It causes the zone parser,https://nvd.nist.gov/vuln/detail/CVE-2019-13207
CVE-2019-16866,2019-10-03,7.5,HIGH,CWE-755; CWE-908,dns,,,PRODUCT_CPE,Unbound,Unbound=cpe,Unbound 1.9.6,2019-12-06,git; nvd-product,"Unbound before 1.9.4 accesses uninitialized memory, which allows remote attackers to trigger a crash via a crafted NOTIFY query. The source IP address of the query must match an access-control rule.",https://nvd.nist.gov/vuln/detail/CVE-2019-16866
CVE-2019-18934,2019-11-19,7.3,HIGH,CWE-78,dns,,,PRODUCT_CPE,Unbound,Unbound=cpe,Unbound 1.9.6,2019-12-06,git; nvd-product,"Unbound 1.6.4 through 1.9.4 contain a vulnerability in the ipsec module that can cause shell code execution after receiving a specially crafted answer. This issue can only be triggered if unbound was compiled with `--enable-ipsecmod` support, and ipsecmod is enabled and used in the configuration.",https://nvd.nist.gov/vuln/detail/CVE-2019-18934
CVE-2019-19331,2019-12-16,7.5,HIGH,CWE-404; CWE-407,dns,,,DNS_GENERIC,Knot DNS; Knot Resolver,Knot DNS=keyword; Knot Resolver=keyword,Knot Resolver 4.3.0,2019-12-04,git; nvd-product,"knot-resolver before version 4.3.0 is vulnerable to denial of service through high CPU utilization. DNS replies with very many resource records might be processed very inefficiently, in extreme cases taking even several CPU seconds for each such uncached message. For example, a few thousand A records can be squashed into one DNS message (limit is 64kB).",https://nvd.nist.gov/vuln/detail/CVE-2019-19331
CVE-2019-25031,2021-04-27,5.9,MEDIUM,CWE-74,dns,,,PRODUCT_CPE,Unbound,Unbound=cpe,,,nvd-product,Unbound before 1.9.5 allows configuration injection in create_unbound_ad_servers.sh upon a successful man-in-the-middle attack against a cleartext HTTP session. NOTE: The vendor does not consider this a vulnerability of the Unbound software. create_unbound_ad_servers.sh is a contributed script from the community that facilitates automatic configuration creation. It is not part of the Unbound installation,https://nvd.nist.gov/vuln/detail/CVE-2019-25031
CVE-2019-25032,2021-04-27,9.8,CRITICAL,CWE-190,dns,,,PRODUCT_CPE,Unbound,Unbound=cpe,,,nvd-product,"Unbound before 1.9.5 allows an integer overflow in the regional allocator via regional_alloc. NOTE: The vendor disputes that this is a vulnerability. Although the code may be vulnerable, a running Unbound installation cannot be remotely or locally exploited",https://nvd.nist.gov/vuln/detail/CVE-2019-25032
CVE-2019-25033,2021-04-27,9.8,CRITICAL,CWE-190,dns,,,PRODUCT_CPE,Unbound,Unbound=cpe,,,nvd-product,"Unbound before 1.9.5 allows an integer overflow in the regional allocator via the ALIGN_UP macro. NOTE: The vendor disputes that this is a vulnerability. Although the code may be vulnerable, a running Unbound installation cannot be remotely or locally exploited",https://nvd.nist.gov/vuln/detail/CVE-2019-25033
CVE-2019-25034,2021-04-27,9.8,CRITICAL,CWE-190,dns,,,PRODUCT_CPE,Unbound,Unbound=cpe,,,nvd-product,"Unbound before 1.9.5 allows an integer overflow in sldns_str2wire_dname_buf_origin, leading to an out-of-bounds write. NOTE: The vendor disputes that this is a vulnerability. Although the code may be vulnerable, a running Unbound installation cannot be remotely or locally exploited",https://nvd.nist.gov/vuln/detail/CVE-2019-25034
CVE-2019-25035,2021-04-27,9.8,CRITICAL,CWE-787,dns,,,PRODUCT_CPE,Unbound,Unbound=cpe,,,nvd-product,"Unbound before 1.9.5 allows an out-of-bounds write in sldns_bget_token_par. NOTE: The vendor disputes that this is a vulnerability. Although the code may be vulnerable, a running Unbound installation cannot be remotely or locally exploited",https://nvd.nist.gov/vuln/detail/CVE-2019-25035
CVE-2019-25036,2021-04-27,7.5,HIGH,CWE-617,dns,,,PRODUCT_CPE,Unbound,Unbound=cpe,,,nvd-product,"Unbound before 1.9.5 allows an assertion failure and denial of service in synth_cname. NOTE: The vendor disputes that this is a vulnerability. Although the code may be vulnerable, a running Unbound installation cannot be remotely or locally exploited",https://nvd.nist.gov/vuln/detail/CVE-2019-25036
CVE-2019-25037,2021-04-27,7.5,HIGH,CWE-617,dns,,,PRODUCT_CPE,Unbound,Unbound=cpe,,,nvd-product,"Unbound before 1.9.5 allows an assertion failure and denial of service in dname_pkt_copy via an invalid packet. NOTE: The vendor disputes that this is a vulnerability. Although the code may be vulnerable, a running Unbound installation cannot be remotely or locally exploited",https://nvd.nist.gov/vuln/detail/CVE-2019-25037
CVE-2019-25038,2021-04-27,9.8,CRITICAL,CWE-190,dns,,,PRODUCT_CPE,Unbound,Unbound=cpe,,,nvd-product,"Unbound before 1.9.5 allows an integer overflow in a size calculation in dnscrypt/dnscrypt.c. NOTE: The vendor disputes that this is a vulnerability. Although the code may be vulnerable, a running Unbound installation cannot be remotely or locally exploited",https://nvd.nist.gov/vuln/detail/CVE-2019-25038
CVE-2019-25039,2021-04-27,9.8,CRITICAL,CWE-190,dns,,,PRODUCT_CPE,Unbound,Unbound=cpe,,,nvd-product,"Unbound before 1.9.5 allows an integer overflow in a size calculation in respip/respip.c. NOTE: The vendor disputes that this is a vulnerability. Although the code may be vulnerable, a running Unbound installation cannot be remotely or locally exploited",https://nvd.nist.gov/vuln/detail/CVE-2019-25039
CVE-2019-25040,2021-04-27,7.5,HIGH,CWE-835,dns,,,PRODUCT_CPE,Unbound,Unbound=cpe,,,nvd-product,"Unbound before 1.9.5 allows an infinite loop via a compressed name in dname_pkt_copy. NOTE: The vendor disputes that this is a vulnerability. Although the code may be vulnerable, a running Unbound installation cannot be remotely or locally exploited",https://nvd.nist.gov/vuln/detail/CVE-2019-25040
CVE-2019-25041,2021-04-27,7.5,HIGH,CWE-617,dns,,,PRODUCT_CPE,Unbound,Unbound=cpe,,,nvd-product,"Unbound before 1.9.5 allows an assertion failure via a compressed name in dname_pkt_copy. NOTE: The vendor disputes that this is a vulnerability. Although the code may be vulnerable, a running Unbound installation cannot be remotely or locally exploited",https://nvd.nist.gov/vuln/detail/CVE-2019-25041
CVE-2019-25042,2021-04-27,9.8,CRITICAL,CWE-787,dns,,,PRODUCT_CPE,Unbound,Unbound=cpe,,,nvd-product,"Unbound before 1.9.5 allows an out-of-bounds write via a compressed name in rdata_copy. NOTE: The vendor disputes that this is a vulnerability. Although the code may be vulnerable, a running Unbound installation cannot be remotely or locally exploited",https://nvd.nist.gov/vuln/detail/CVE-2019-25042
CVE-2019-3806,2019-01-29,8.1,HIGH,CWE-358,dependency,,,DEPENDENCY,PowerDNS Recursor,PowerDNS Recursor=cpe,,,nvd-product,"An issue has been found in PowerDNS Recursor versions after 4.1.3 before 4.1.9 where Lua hooks are not properly applied to queries received over TCP in some specific combination of settings, possibly bypassing security policies enforced using Lua.",https://nvd.nist.gov/vuln/detail/CVE-2019-3806
CVE-2019-3807,2019-01-29,3.7,LOW,CWE-295; CWE-345,dnssec,validation,RFC 4035,validation,PowerDNS Recursor,PowerDNS Recursor=cpe,,,nvd-keyword; nvd-product,"An issue has been found in PowerDNS Recursor versions 4.1.x before 4.1.9 where records in the answer section of responses received from authoritative servers with the AA flag not set were not properly validated, allowing an attacker to bypass DNSSEC validation.",https://nvd.nist.gov/vuln/detail/CVE-2019-3807
CVE-2019-3871,2019-03-21,6.5,MEDIUM,CWE-20,dns,,,DNS_GENERIC,PowerDNS Authoritative,PowerDNS Authoritative=cpe,,,nvd-product,"A vulnerability was found in PowerDNS Authoritative Server before 4.0.7 and before 4.1.7. An insufficient validation of data coming from the user when building a HTTP request from a DNS query in the HTTP Connector of the Remote backend, allowing a remote user to cause a denial of service by making the server connect to an invalid endpoint, or possibly information disclosure by making the server connect to an internal endpoint and somehow extracting meaningful information about the response",https://nvd.nist.gov/vuln/detail/CVE-2019-3871
CVE-2019-3978,2019-10-29,7.5,HIGH,,dns,,,DNS_GENERIC,,,,,nvd-keyword,"RouterOS versions 6.45.6 Stable, 6.44.5 Long-term, and below allow remote unauthenticated attackers to trigger DNS queries via port 8291. The queries are sent from the router to a server of the attacker's choice. The DNS responses are cached by the router, potentially resulting in cache poisoning",https://nvd.nist.gov/vuln/detail/CVE-2019-3978
CVE-2019-6465,2019-10-09,5.3,MEDIUM,CWE-732,dns,,,DNS_GENERIC,BIND 9,BIND 9=cpe,,,nvd-product,"Controls for zone transfers may not be properly applied to Dynamically Loadable Zones (DLZs) if the zones are writable Versions affected: BIND 9.9.0 -> 9.10.8-P1, 9.11.0 -> 9.11.5-P2, 9.12.0 -> 9.12.3-P2, and versions 9.9.3-S1 -> 9.11.5-S3 of BIND 9 Supported Preview Edition. Versions 9.13.0 -> 9.13.6 of the 9.13 development branch are also affected. Versions prior to BIND 9.9.0 have not been evaluated for vulnerability to CVE-2019-6465.",https://nvd.nist.gov/vuln/detail/CVE-2019-6465
CVE-2019-6467,2019-10-09,7.5,HIGH,CWE-617,dns,,,PRODUCT_CPE,BIND 9,BIND 9=cpe,,,git; nvd-product,"A programming error in the nxdomain-redirect feature can cause an assertion failure in query.c if the alternate namespace used by nxdomain-redirect is a descendant of a zone that is served locally. The most likely scenario where this might occur is if the server, in addition to performing NXDOMAIN redirection for recursive clients, is also serving a local copy of the root zone or using mirroring to provide the root zone, although other configurations are also possible. Versions affected: BIND 9.12.0-> 9.12.4, 9.14.0. Also affects all releases in the 9.13 development branch.",https://nvd.nist.gov/vuln/detail/CVE-2019-6467
CVE-2019-6468,2019-10-09,7.5,HIGH,CWE-617,dns,,,DNS_GENERIC,BIND 9,BIND 9=cpe,,,nvd-product,"In BIND Supported Preview Edition, an error in the nxdomain-redirect feature can occur in versions which support EDNS Client Subnet (ECS) features. In those versions which have ECS support, enabling nxdomain-redirect is likely to lead to BIND exiting due to assertion failure. Versions affected: BIND Supported Preview Edition version 9.10.5-S1 -> 9.11.5-S5. ONLY BIND Supported Preview Edition releases are affected.",https://nvd.nist.gov/vuln/detail/CVE-2019-6468
CVE-2019-6469,2019-10-09,7.5,HIGH,CWE-617,dns,,,DNS_GENERIC,BIND 9,BIND 9=cpe,,,nvd-keyword; nvd-product,An error in the EDNS Client Subnet (ECS) feature for recursive resolvers can cause BIND to exit with an assertion failure when processing a response that has malformed RRSIGs. Versions affected: BIND 9.10.5-S1 -> 9.11.6-S1 of BIND 9 Supported Preview Edition.,https://nvd.nist.gov/vuln/detail/CVE-2019-6469
CVE-2019-6471,2019-10-09,5.9,MEDIUM,CWE-362; CWE-617,dns,,,PRODUCT_CPE,BIND 9,BIND 9=cpe,,,nvd-product,"A race condition which may occur when discarding malformed packets can result in BIND exiting due to a REQUIRE assertion failure in dispatch.c. Versions affected: BIND 9.11.0 -> 9.11.7, 9.12.0 -> 9.12.4-P1, 9.14.0 -> 9.14.2. Also all releases of the BIND 9.13 development branch and version 9.15.0 of the BIND 9.15 development branch and BIND Supported Preview Edition versions 9.11.3-S1 -> 9.11.7-S1.",https://nvd.nist.gov/vuln/detail/CVE-2019-6471
CVE-2019-6475,2019-10-17,5.9,MEDIUM,CWE-345,dnssec,trust-anchor,RFC 5011,trust-anchor,BIND 9,BIND 9=cpe,,,nvd-keyword; nvd-product,"Mirror zones are a BIND feature allowing recursive servers to pre-cache zone data provided by other servers. A mirror zone is similar to a zone of type secondary, except that its data is subject to DNSSEC validation before being used in answers, as if it had been looked up via traditional recursion, and when mirror zone data cannot be validated, BIND falls back to using traditional recursion instead of the mirror zone. However, an error in the validity checks for the incoming zone data can allow an on-path attacker to replace zone data that was validated with a configured trust anchor with forged data of the attacker's choosing. The mirror zone feature is most often used to serve a local copy of the root zone. If an attacker was able to insert themselves into the network path between a recursive server using a mirror zone and a root name server, this vulnerability could then be used to cause the recursive server to accept a copy of falsified root zone data. This affects BIND versions 9.14.0 up to 9.14.6, and 9.15.0 up to 9.15.4.",https://nvd.nist.gov/vuln/detail/CVE-2019-6475
CVE-2019-6476,2019-10-17,5.9,MEDIUM,CWE-617,dns,,,DNS_GENERIC,BIND 9,BIND 9=cpe,,,nvd-product,"A defect in code added to support QNAME minimization can cause named to exit with an assertion failure if a forwarder returns a referral rather than resolving the query. This affects BIND versions 9.14.0 up to 9.14.6, and 9.15.0 up to 9.15.4.",https://nvd.nist.gov/vuln/detail/CVE-2019-6476
CVE-2019-6477,2019-11-26,7.5,HIGH,CWE-400,dns,,,PRODUCT_CPE,BIND 9,BIND 9=cpe,BIND 9 9.15.7,2019-12-13,git; nvd-product,"With pipelining enabled each incoming query on a TCP connection requires a similar resource allocation to a query received via UDP or via TCP without pipelining enabled. A client using a TCP-pipelined connection to a server could consume more resources than the server has been provisioned to handle. When a TCP connection with a large number of pipelined queries is closed, the load on the server releasing these multiple resources can cause it to become unresponsive, even for queries that can be answered authoritatively or from cache. (This is most likely to be perceived as an intermittent server problem).",https://nvd.nist.gov/vuln/detail/CVE-2019-6477
CVE-2019-9512,,,,,dependency,,,DEPENDENCY,PowerDNS Authoritative; PowerDNS Recursor,PowerDNS Authoritative=cpe; PowerDNS Recursor=cpe,PowerDNS Authoritative 4.3.0; PowerDNS Recursor 4.3.0,2020-02-26,git,Merge pull request #8200 from rgacogne/update-h2o-2.2.6,https://nvd.nist.gov/vuln/detail/CVE-2019-9512
CVE-2019-9514,,,,,dependency,,,DEPENDENCY,PowerDNS Authoritative; PowerDNS Recursor,PowerDNS Authoritative=cpe; PowerDNS Recursor=cpe,PowerDNS Authoritative 4.3.0; PowerDNS Recursor 4.3.0,2020-02-26,git,Merge pull request #8200 from rgacogne/update-h2o-2.2.6,https://nvd.nist.gov/vuln/detail/CVE-2019-9514
CVE-2019-9515,,,,,dependency,,,DEPENDENCY,PowerDNS Authoritative; PowerDNS Recursor,PowerDNS Authoritative=cpe; PowerDNS Recursor=cpe,PowerDNS Authoritative 4.3.0; PowerDNS Recursor 4.3.0,2020-02-26,git,Merge pull request #8200 from rgacogne/update-h2o-2.2.6,https://nvd.nist.gov/vuln/detail/CVE-2019-9515
CVE-2020-10030,2020-05-19,8.8,HIGH,CWE-125,dns,,,PRODUCT_CPE,PowerDNS Recursor,PowerDNS Recursor=cpe,,,nvd-product,"An issue has been found in PowerDNS Recursor 4.1.0 up to and including 4.3.0. It allows an attacker (with enough privileges to change the system's hostname) to cause disclosure of uninitialized memory content via a stack-based out-of-bounds read. It only occurs on systems where gethostname() does not have '\0' termination of the returned string if the hostname is larger than the supplied buffer. (Linux systems are not affected because the buffer is always large enough. OpenBSD systems are not affected because the returned hostname always has '\0' termination.) Under some conditions, this issue can lead to the writing of one '\0' byte out-of-bounds on the stack, causing a denial of service or possibly arbitrary code execution.",https://nvd.nist.gov/vuln/detail/CVE-2020-10030
CVE-2020-10772,2020-11-27,7.5,HIGH,CWE-400; CWE-406,dns,,,PRODUCT_CPE,Unbound,Unbound=cpe,,,nvd-product,"An incomplete fix for CVE-2020-12662 was shipped for Unbound in Red Hat Enterprise Linux 7, as part of erratum RHSA-2020:2414. Vulnerable versions of Unbound could still amplify an incoming query into a large number of queries directed to a target, even with a lower amplification ratio compared to versions of Unbound that shipped before the mentioned erratum. This issue is about the incomplete fix for CVE-2020-12662, and it does not affect upstream versions of Unbound.",https://nvd.nist.gov/vuln/detail/CVE-2020-10772
CVE-2020-10995,2020-05-19,7.5,HIGH,CWE-400,dns,,,DNS_GENERIC,PowerDNS Recursor,PowerDNS Recursor=cpe,,,nvd-product,"PowerDNS Recursor from 4.1.0 up to and including 4.3.0 does not sufficiently defend against amplification attacks. An issue in the DNS protocol has been found that allow malicious parties to use recursive DNS services to attack third party authoritative name servers. The attack uses a crafted reply by an authoritative name server to amplify the resulting traffic between the recursive and other authoritative name servers. Both types of service can suffer degraded performance as an effect. This is triggered by random subdomains in the NSDNAME in NS records. PowerDNS Recursor 4.1.16, 4.2.2 and 4.3.1 contain a mitigation to limit the impact of this DNS protocol issue.",https://nvd.nist.gov/vuln/detail/CVE-2020-10995
CVE-2020-12244,2020-05-19,7.5,HIGH,CWE-347,dnssec,validation,RFC 4035,validation,PowerDNS Recursor,PowerDNS Recursor=cpe,,,nvd-keyword; nvd-product,"An issue has been found in PowerDNS Recursor 4.1.0 through 4.3.0 where records in the answer section of a NXDOMAIN response lacking an SOA were not properly validated in SyncRes::processAnswer, allowing an attacker to bypass DNSSEC validation.",https://nvd.nist.gov/vuln/detail/CVE-2020-12244
CVE-2020-12662,2020-05-19,7.5,HIGH,CWE-400,dns,,,PRODUCT_CPE,Unbound,Unbound=cpe,Unbound 1.11.0,2020-07-20,git; nvd-product,"Unbound before 1.10.1 has Insufficient Control of Network Message Volume, aka an ""NXNSAttack"" issue. This is triggered by random subdomains in the NSDNAME in NS records.",https://nvd.nist.gov/vuln/detail/CVE-2020-12662
CVE-2020-12663,2020-05-19,7.5,HIGH,CWE-835,dns,,,DNS_GENERIC,Unbound,Unbound=cpe,Unbound 1.11.0,2020-07-20,git; nvd-product,Unbound before 1.10.1 has an infinite loop via malformed DNS answers received from upstream servers.,https://nvd.nist.gov/vuln/detail/CVE-2020-12663
CVE-2020-12667,2020-05-19,7.5,HIGH,CWE-400,dns,,,DNS_GENERIC,Knot DNS; Knot Resolver,Knot DNS=keyword; Knot Resolver=keyword,Knot Resolver 5.1.1,2020-05-19,git; nvd-product,"Knot Resolver before 5.1.1 allows traffic amplification via a crafted DNS answer from an attacker-controlled server, aka an ""NXNSAttack"" issue. This is triggered by random subdomains in the NSDNAME in NS records.",https://nvd.nist.gov/vuln/detail/CVE-2020-12667
CVE-2020-14196,2020-07-01,5.3,MEDIUM,CWE-863,dns,,,PRODUCT_CPE,PowerDNS Recursor,PowerDNS Recursor=cpe,,,nvd-product,"In PowerDNS Recursor versions up to and including 4.3.1, 4.2.2 and 4.1.16, the ACL restricting access to the internal web server is not properly enforced.",https://nvd.nist.gov/vuln/detail/CVE-2020-14196
CVE-2020-17439,2020-12-11,8.3,HIGH,,dns,,,DNS_GENERIC,,,,,nvd-keyword,"An issue was discovered in uIP 1.0, as used in Contiki 3.0 and other products. The code that parses incoming DNS packets does not validate that the incoming DNS replies match outgoing DNS queries in newdata() in resolv.c. Also, arbitrary DNS replies are parsed if there was any outgoing DNS query with a transaction ID that matches the transaction ID of an incoming reply. Provided that the default DNS cache is quite small (only four records) and that the transaction ID has a very limited set of values that is quite easy to guess, this can lead to DNS cache poisoning.",https://nvd.nist.gov/vuln/detail/CVE-2020-17439
CVE-2020-17470,2020-12-11,5.3,MEDIUM,,dns,,,DNS_GENERIC,,,,,nvd-keyword,An issue was discovered in FNET through 4.6.4. The code that initializes the DNS client interface structure does not set sufficiently random transaction IDs (they are always set to 1 in _fnet_dns_poll in fnet_dns.c). This significantly simplifies DNS cache poisoning attacks.,https://nvd.nist.gov/vuln/detail/CVE-2020-17470
CVE-2020-25681,2021-01-20,8.1,HIGH,,dnssec,validation,RFC 4035,validation,,,,,nvd-keyword,"A flaw was found in dnsmasq before version 2.83. A heap-based buffer overflow was discovered in the way RRSets are sorted before validating with DNSSEC data. An attacker on the network, who can forge DNS replies such as that they are accepted as valid, could use this flaw to cause a buffer overflow with arbitrary data in a heap memory segment, possibly executing code on the machine. The highest threat from this vulnerability is to data confidentiality and integrity as well as system availability.",https://nvd.nist.gov/vuln/detail/CVE-2020-25681
CVE-2020-25682,2021-01-20,8.1,HIGH,,dnssec,validation,RFC 4035,validation,,,,,nvd-keyword,"A flaw was found in dnsmasq before 2.83. A buffer overflow vulnerability was discovered in the way dnsmasq extract names from DNS packets before validating them with DNSSEC data. An attacker on the network, who can create valid DNS replies, could use this flaw to cause an overflow with arbitrary data in a heap-allocated memory, possibly executing code on the machine. The flaw is in the rfc1035.c:extract_name() function, which writes data to the memory pointed by name assuming MAXDNAME*2 bytes are available in the buffer. However, in some code execution paths, it is possible extract_name() gets passed an offset from the base buffer, thus reducing, in practice, the number of available bytes that can be written in the buffer. The highest threat from this vulnerability is to data confidentiality and integrity as well as system availability.",https://nvd.nist.gov/vuln/detail/CVE-2020-25682
CVE-2020-25683,2021-01-20,5.9,MEDIUM,,dnssec,validation,RFC 4035,validation,,,,,nvd-keyword,"A flaw was found in dnsmasq before version 2.83. A heap-based buffer overflow was discovered in dnsmasq when DNSSEC is enabled and before it validates the received DNS entries. A remote attacker, who can create valid DNS replies, could use this flaw to cause an overflow in a heap-allocated memory. This flaw is caused by the lack of length checks in rfc1035.c:extract_name(), which could be abused to make the code execute memcpy() with a negative size in get_rdata() and cause a crash in dnsmasq, resulting in a denial of service. The highest threat from this vulnerability is to system availability.",https://nvd.nist.gov/vuln/detail/CVE-2020-25683
CVE-2020-25684,2021-01-20,3.7,LOW,,dns,,,DNS_GENERIC,,,,,nvd-keyword,"A flaw was found in dnsmasq before version 2.83. When getting a reply from a forwarded query, dnsmasq checks in the forward.c:reply_query() if the reply destination address/port is used by the pending forwarded queries. However, it does not use the address/port to retrieve the exact forwarded query, substantially reducing the number of attempts an attacker on the network would have to perform to forge a reply and get it accepted by dnsmasq. This issue contrasts with RFC5452, which specifies a query's attributes that all must be used to match a reply. This flaw allows an attacker to perform a DNS Cache Poisoning attack. If chained with CVE-2020-25685 or CVE-2020-25686, the attack complexity of a successful attack is reduced. The highest threat from this vulnerability is to data integrity.",https://nvd.nist.gov/vuln/detail/CVE-2020-25684
CVE-2020-25685,2021-01-20,3.7,LOW,,dnssec,ds-digest,RFC 4509,ds-digest,,,,,nvd-keyword,"A flaw was found in dnsmasq before version 2.83. When getting a reply from a forwarded query, dnsmasq checks in forward.c:reply_query(), which is the forwarded query that matches the reply, by only using a weak hash of the query name. Due to the weak hash (CRC32 when dnsmasq is compiled without DNSSEC, SHA-1 when it is) this flaw allows an off-path attacker to find several different domains all having the same hash, substantially reducing the number of attempts they would have to perform to forge a reply and get it accepted by dnsmasq. This is in contrast with RFC5452, which specifies that the query name is one of the attributes of a query that must be used to match a reply. This flaw could be abused to perform a DNS Cache Poisoning attack. If chained with CVE-2020-25684 the attack complexity of a successful attack is reduced. The highest threat from this vulnerability is to data integrity.",https://nvd.nist.gov/vuln/detail/CVE-2020-25685
CVE-2020-25687,2021-01-20,5.9,MEDIUM,,dnssec,validation,RFC 4035,validation,,,,,nvd-keyword,"A flaw was found in dnsmasq before version 2.83. A heap-based buffer overflow was discovered in dnsmasq when DNSSEC is enabled and before it validates the received DNS entries. This flaw allows a remote attacker, who can create valid DNS replies, to cause an overflow in a heap-allocated memory. This flaw is caused by the lack of length checks in rfc1035.c:extract_name(), which could be abused to make the code execute memcpy() with a negative size in sort_rrset() and cause a crash in dnsmasq, resulting in a denial of service. The highest threat from this vulnerability is to system availability.",https://nvd.nist.gov/vuln/detail/CVE-2020-25687
CVE-2020-25829,2020-10-16,7.5,HIGH,,dnssec,validation,RFC 4035,validation,PowerDNS Authoritative; PowerDNS Recursor,PowerDNS Authoritative=cpe; PowerDNS Recursor=cpe,PowerDNS Recursor 4.2.5,2020-10-13,git; nvd-keyword; nvd-product,"An issue has been found in PowerDNS Recursor before 4.1.18, 4.2.x before 4.2.5, and 4.3.x before 4.3.5. A remote attacker can cause the cached records for a given name to be updated to the Bogus DNSSEC validation state, instead of their actual DNSSEC Secure state, via a DNS ANY query. This results in a denial of service for installation that always validate (dnssec=validate), and for clients requesting validation when on-demand validation is enabled (dnssec=process).",https://nvd.nist.gov/vuln/detail/CVE-2020-25829
CVE-2020-25926,2021-08-18,7.5,HIGH,,dns,,,DNS_GENERIC,,,,,nvd-keyword,The DNS client in InterNiche NicheStack TCP/IP 4.0.1 is affected by: Insufficient entropy in the DNS transaction id. The impact is: DNS cache poisoning (remote). The component is: dns_query_type(). The attack vector is: a specific DNS response packet.,https://nvd.nist.gov/vuln/detail/CVE-2020-25926
CVE-2020-26110,2020-09-25,6.1,MEDIUM,,dnssec,dnssec-other,RFC 4033,dnssec-other,,,,,nvd-keyword,cPanel before 88.0.13 allows self XSS via DNS Zone Manager DNSSEC interfaces (SEC-564).,https://nvd.nist.gov/vuln/detail/CVE-2020-26110
CVE-2020-28935,2020-12-07,5.5,MEDIUM,CWE-59,dns,,,PRODUCT_CPE,NSD; Unbound,NSD=cpe; Unbound=cpe,NSD 4.3.4; Unbound 1.13.0,2020-11-24,git; nvd-product,"NLnet Labs Unbound, up to and including version 1.12.0, and NLnet Labs NSD, up to and including version 4.3.3, contain a local vulnerability that would allow for a local symlink attack. When writing the PID file, Unbound and NSD create the file if it is not there, or open an existing file for writing. In case the file was already present, they would follow symlinks if the file happened to be a symlink instead of a regular file. An additional chown of the file would then take place after it was written, making the user Unbound/NSD is supposed to run as the new owner of the file. If an attacker has local access to the user Unbound/NSD runs as, she could create a symlink in place of the PID file pointing to a file that she would like to erase. If then Unbound/NSD is killed and the PID file is not cleared, upon restarting with root privileges, Unbound/NSD will rewrite any file pointed at by the symlink. This is a local vulnerability that could create a Denial of Service of the system Unbound/NSD is running on. It requires an attacker having access to the limited permission user Unbound/NSD runs as and point through the symlink to a critical file on the system.",https://nvd.nist.gov/vuln/detail/CVE-2020-28935
CVE-2020-8616,2020-05-19,8.6,HIGH,CWE-400,dns,,,PRODUCT_CPE,BIND 9,BIND 9=cpe,BIND 9 9.11.20,2020-06-10,git; nvd-product,"A malicious actor who intentionally exploits this lack of effective limitation on the number of fetches performed when processing referrals can, through the use of specially crafted referrals, cause a recursing server to issue a very large number of fetches in an attempt to process the referral. This has at least two potential effects: The performance of the recursing server can potentially be degraded by the additional work required to perform these fetches, and The attacker can exploit this behavior to use the recursing server as a reflector in a reflection attack with a high amplification factor.",https://nvd.nist.gov/vuln/detail/CVE-2020-8616
CVE-2020-8617,2020-05-19,7.5,HIGH,CWE-617,dns,,,DNS_GENERIC,BIND 9,BIND 9=cpe,BIND 9 9.11.20,2020-06-10,git; nvd-product,"Using a specially-crafted message, an attacker may potentially cause a BIND server to reach an inconsistent state if the attacker knows (or successfully guesses) the name of a TSIG key used by the server. Since BIND, by default, configures a local session key even on servers whose configuration does not otherwise make use of it, almost all current BIND servers are vulnerable. In releases of BIND dating from March 2018 and after, an assertion check in tsig.c detects this inconsistent state and deliberately exits. Prior to the introduction of the check the server would continue operating in an inconsistent state, with potentially harmful results.",https://nvd.nist.gov/vuln/detail/CVE-2020-8617
CVE-2020-8618,2020-06-17,4.9,MEDIUM,CWE-617,dns,,,DNS_GENERIC,BIND 9,BIND 9=cpe,BIND 9 9.16.5,2020-07-03,git; nvd-product,"An attacker who is permitted to send zone data to a server via zone transfer can exploit this to intentionally trigger the assertion failure with a specially constructed zone, denying service to clients.",https://nvd.nist.gov/vuln/detail/CVE-2020-8618
CVE-2020-8619,2020-06-17,4.9,MEDIUM,CWE-404,dns,,,DNS_GENERIC,BIND 9,BIND 9=cpe,BIND 9 9.11.21,2020-07-03,git; nvd-product,"In ISC BIND9 versions BIND 9.11.14 -> 9.11.19, BIND 9.14.9 -> 9.14.12, BIND 9.16.0 -> 9.16.3, BIND Supported Preview Edition 9.11.14-S1 -> 9.11.19-S1: Unless a nameserver is providing authoritative service for one or more zones and at least one zone contains an empty non-terminal entry containing an asterisk (""*"") character, this defect cannot be encountered. A would-be attacker who is allowed to change zone content could theoretically introduce such a record in order to exploit this condition to cause denial of service, though we consider the use of this vector unlikely because any such attack would require a significant privilege level and be easily traceable.",https://nvd.nist.gov/vuln/detail/CVE-2020-8619
CVE-2020-8620,2020-08-21,7.5,HIGH,CWE-617,dns,,,PRODUCT_CPE,BIND 9,BIND 9=cpe,BIND 9 9.16.6,2020-08-10,git; nvd-product,"In BIND 9.15.6 -> 9.16.5, 9.17.0 -> 9.17.3, An attacker who can establish a TCP connection with the server and send data on that connection can exploit this to trigger the assertion failure, causing the server to exit.",https://nvd.nist.gov/vuln/detail/CVE-2020-8620
CVE-2020-8621,2020-08-21,7.5,HIGH,CWE-617,dns,,,PRODUCT_CPE,BIND 9,BIND 9=cpe,BIND 9 9.16.6,2020-08-10,git; nvd-product,"In BIND 9.14.0 -> 9.16.5, 9.17.0 -> 9.17.3, If a server is configured with both QNAME minimization and 'forward first' then an attacker who can send queries to it may be able to trigger the condition that will cause the server to crash. Servers that 'forward only' are not affected.",https://nvd.nist.gov/vuln/detail/CVE-2020-8621
CVE-2020-8622,2020-08-21,6.5,MEDIUM,CWE-617,dns,,,DNS_GENERIC,BIND 9,BIND 9=cpe,BIND 9 9.11.22,2020-08-06,git; nvd-product,"In BIND 9.0.0 -> 9.11.21, 9.12.0 -> 9.16.5, 9.17.0 -> 9.17.3, also affects 9.9.3-S1 -> 9.11.21-S1 of the BIND 9 Supported Preview Edition, An attacker on the network path for a TSIG-signed request, or operating the server receiving the TSIG-signed request, could send a truncated response to that request, triggering an assertion failure, causing the server to exit. Alternately, an off-path attacker would have to correctly guess when a TSIG-signed request was sent, along with other characteristics of the packet and message, and spoof a truncated response to trigger an assertion failure, causing the server to exit.",https://nvd.nist.gov/vuln/detail/CVE-2020-8622
CVE-2020-8623,2020-08-21,7.5,HIGH,CWE-617,dns,,,PRODUCT_CPE,BIND 9,BIND 9=cpe,BIND 9 9.11.22,2020-08-06,git; nvd-product,"In BIND 9.10.0 -> 9.11.21, 9.12.0 -> 9.16.5, 9.17.0 -> 9.17.3, also affects 9.10.5-S1 -> 9.11.21-S1 of the BIND 9 Supported Preview Edition, An attacker that can reach a vulnerable system with a specially crafted query packet can trigger a crash. To be vulnerable, the system must: * be running BIND that was built with ""--enable-native-pkcs11"" * be signing one or more zones with an RSA key * be able to receive queries from a possible attacker",https://nvd.nist.gov/vuln/detail/CVE-2020-8623
CVE-2020-8624,2020-08-21,4.3,MEDIUM,CWE-269,dns,,,PRODUCT_CPE,BIND 9,BIND 9=cpe,BIND 9 9.11.22,2020-08-06,git; nvd-product,"In BIND 9.9.12 -> 9.9.13, 9.10.7 -> 9.10.8, 9.11.3 -> 9.11.21, 9.12.1 -> 9.16.5, 9.17.0 -> 9.17.3, also affects 9.9.12-S1 -> 9.9.13-S1, 9.11.3-S1 -> 9.11.21-S1 of the BIND 9 Supported Preview Edition, An attacker who has been granted privileges to change a specific subset of the zone's content could abuse these unintended additional privileges to update other contents of the zone.",https://nvd.nist.gov/vuln/detail/CVE-2020-8624
CVE-2020-8625,2021-02-17,8.1,HIGH,CWE-120,dependency,,,DEPENDENCY,BIND 9,BIND 9=cpe,BIND 9 9.11.29,2021-03-09,git; nvd-product,"BIND servers are vulnerable if they are running an affected version and are configured to use GSS-TSIG features. In a configuration which uses BIND's default settings the vulnerable code path is not exposed, but a server can be rendered vulnerable by explicitly setting valid values for the tkey-gssapi-keytab or tkey-gssapi-credentialconfiguration options. Although the default configuration is not vulnerable, GSS-TSIG is frequently used in networks where BIND is integrated with Samba, as well as in mixed-server environments that combine BIND servers with Active Directory domain controllers. The most likely outcome of a successful exploitation of the vulnerability is a crash of the named process. However, remote code execution, while unproven, is theoretically possible. Affects: BIND 9.5.0 -> 9.11.27, 9.12.0 -> 9.16.11, and versions BIND 9.11.3-S1 -> 9.11.27-S1 and 9.16.8-S1 -> 9.16.11-S1 of BIND Supported Preview Edition. Also release versions 9.17.0 -> 9.17.1 of the BIND 9.17 development branch",https://nvd.nist.gov/vuln/detail/CVE-2020-8625
CVE-2021-25214,2021-04-29,6.5,MEDIUM,CWE-617,dns,,,DNS_GENERIC,BIND 9,BIND 9=cpe,BIND 9 9.11.32,2021-05-12,git; nvd-product,"In BIND 9.8.5 -> 9.8.8, 9.9.3 -> 9.11.29, 9.12.0 -> 9.16.13, and versions BIND 9.9.3-S1 -> 9.11.29-S1 and 9.16.8-S1 -> 9.16.13-S1 of BIND 9 Supported Preview Edition, as well as release versions 9.17.0 -> 9.17.11 of the BIND 9.17 development branch, when a vulnerable version of named receives a malformed IXFR triggering the flaw described above, the named process will terminate due to a failed assertion the next time the transferred secondary zone is refreshed.",https://nvd.nist.gov/vuln/detail/CVE-2021-25214
CVE-2021-25215,2021-04-29,7.5,HIGH,CWE-617,dns,,,DNS_GENERIC,BIND 9,BIND 9=cpe,BIND 9 9.11.32,2021-05-12,git; nvd-product,"In BIND 9.0.0 -> 9.11.29, 9.12.0 -> 9.16.13, and versions BIND 9.9.3-S1 -> 9.11.29-S1 and 9.16.8-S1 -> 9.16.13-S1 of BIND Supported Preview Edition, as well as release versions 9.17.0 -> 9.17.11 of the BIND 9.17 development branch, when a vulnerable version of named receives a query for a record triggering the flaw described above, the named process will terminate due to a failed assertion check. The vulnerability affects all currently maintained BIND 9 branches (9.11, 9.11-S, 9.16, 9.16-S, 9.17) as well as all other versions of BIND 9.",https://nvd.nist.gov/vuln/detail/CVE-2021-25215
CVE-2021-25216,2021-04-29,8.1,HIGH,CWE-125,dependency,,,DEPENDENCY,BIND 9,BIND 9=cpe,BIND 9 9.11.32,2021-05-12,git; nvd-product,"In BIND 9.5.0 -> 9.11.29, 9.12.0 -> 9.16.13, and versions BIND 9.11.3-S1 -> 9.11.29-S1 and 9.16.8-S1 -> 9.16.13-S1 of BIND Supported Preview Edition, as well as release versions 9.17.0 -> 9.17.1 of the BIND 9.17 development branch, BIND servers are vulnerable if they are running an affected version and are configured to use GSS-TSIG features. In a configuration which uses BIND's default settings the vulnerable code path is not exposed, but a server can be rendered vulnerable by explicitly setting values for the tkey-gssapi-keytab or tkey-gssapi-credential configuration options. Although the default configuration is not vulnerable, GSS-TSIG is frequently used in networks where BIND is integrated with Samba, as well as in mixed-server environments that combine BIND servers with Active Directory domain controllers. For servers that meet these conditions, the ISC SPNEGO implementation is vulnerable to various attacks, depending on the CPU architecture for which BIND was built: For named binaries compiled for 64-bit platforms, this flaw can be used to trigger a buffer over-read, leading to a server crash. For named binaries compiled for 32-bit platforms, this flaw can be used to trigger a server crash due to a buffer overflow and possibly also to achieve remote code execution. We have determined that standard SPNEGO implementations are available in the MIT and Heimdal Kerberos libraries, which support a broad range of operating systems, rendering the ISC implementation unnecessary and obsolete. Therefore, to reduce the attack surface for BIND users, we will be removing the ISC SPNEGO implementation in the April releases of BIND 9.11 and 9.16 (it had already been dropped from BIND 9.17). We would not normally remove something from a stable ESV (Extended Support Version) of BIND, but since system libraries can replace the ISC SPNEGO implementation, we have made an exception in this case for reasons of stability and security.",https://nvd.nist.gov/vuln/detail/CVE-2021-25216
CVE-2021-25218,2021-08-18,7.5,HIGH,CWE-617,dns,,,DNS_GENERIC,BIND 9,BIND 9=cpe,BIND 9 9.17.18,2021-09-07,git; nvd-product,"In BIND 9.16.19, 9.17.16. Also, version 9.16.19-S1 of BIND Supported Preview Edition When a vulnerable version of named receives a query under the circumstances described above, the named process will terminate due to a failed assertion check. The vulnerability affects only BIND 9 releases 9.16.19, 9.17.16, and release 9.16.19-S1 of the BIND Supported Preview Edition.",https://nvd.nist.gov/vuln/detail/CVE-2021-25218
CVE-2021-25219,2021-10-27,5.3,MEDIUM,,dns,,,DNS_GENERIC,BIND 9,BIND 9=cpe,BIND 9 9.11.37,2022-03-07,git; nvd-product,"In BIND 9.3.0 -> 9.11.35, 9.12.0 -> 9.16.21, and versions 9.9.3-S1 -> 9.11.35-S1 and 9.16.8-S1 -> 9.16.21-S1 of BIND Supported Preview Edition, as well as release versions 9.17.0 -> 9.17.18 of the BIND 9.17 development branch, exploitation of broken authoritative servers using a flaw in response processing can cause degradation in BIND resolver performance. The way the lame cache is currently designed makes it possible for its internal data structures to grow almost infinitely, which may cause significant delays in client query processing.",https://nvd.nist.gov/vuln/detail/CVE-2021-25219
CVE-2021-25220,2022-03-23,6.8,MEDIUM,CWE-444,dns,,,PRODUCT_CPE,BIND 9,BIND 9=cpe,BIND 9 9.16.28,2022-04-11,git; nvd-product,"BIND 9.11.0 -> 9.11.36 9.12.0 -> 9.16.26 9.17.0 -> 9.18.0 BIND Supported Preview Editions: 9.11.4-S1 -> 9.11.36-S1 9.16.8-S1 -> 9.16.26-S1 Versions of BIND 9 earlier than those shown - back to 9.1.0, including Supported Preview Editions - are also believed to be affected but have not been tested as they are EOL. The cache could become poisoned with incorrect records leading to queries being made to the wrong servers, which might also result in false information being returned to clients.",https://nvd.nist.gov/vuln/detail/CVE-2021-25220
CVE-2021-3448,2021-04-08,4.0,MEDIUM,,dns,,,DNS_GENERIC,,,,,nvd-keyword,"A flaw was found in dnsmasq in versions before 2.85. When configured to use a specific server for a given network interface, dnsmasq uses a fixed port while forwarding queries. An attacker on the network, able to find the outgoing port used by dnsmasq, only needs to guess the random transmission ID to forge a reply and get it accepted by dnsmasq. This flaw makes a DNS Cache Poisoning attack much easier. The highest threat from this vulnerability is to data integrity.",https://nvd.nist.gov/vuln/detail/CVE-2021-3448
CVE-2021-36754,2021-07-30,7.5,HIGH,CWE-119,dns,,,PRODUCT_CPE,PowerDNS Authoritative,PowerDNS Authoritative=cpe,,,nvd-product,PowerDNS Authoritative Server 4.5.0 before 4.5.1 allows anybody to crash the process by sending a specific query (QTYPE 65535) that causes an out-of-bounds exception.,https://nvd.nist.gov/vuln/detail/CVE-2021-36754
CVE-2021-40083,2021-08-25,7.5,HIGH,CWE-617,dnssec,nsec3,RFC 5155,nsec3,Knot Resolver,Knot Resolver=keyword,Knot Resolver 5.4.2,2021-10-13,git; nvd-product,"Knot Resolver before 5.3.2 is prone to an assertion failure, triggerable by a remote attacker in an edge case (NSEC3 with too many iterations used for a positive wildcard proof).",https://nvd.nist.gov/vuln/detail/CVE-2021-40083
CVE-2021-43105,2022-03-28,4.3,MEDIUM,,dns,,,DNS_GENERIC,,,,,nvd-keyword,A vulnerability in the bailiwick checking function in Technitium DNS Server <= v7.0 exists that allows specific malicious users to inject `NS` records of any domain (even TLDs) into the cache and conduct a DNS cache poisoning attack.,https://nvd.nist.gov/vuln/detail/CVE-2021-43105
CVE-2022-0396,2022-03-23,5.3,MEDIUM,CWE-404,dns,,,PRODUCT_CPE,BIND 9,BIND 9=cpe,BIND 9 9.16.28,2022-04-11,git; nvd-product,"BIND 9.16.11 -> 9.16.26, 9.17.0 -> 9.18.0 and versions 9.16.11-S1 -> 9.16.26-S1 of the BIND Supported Preview Edition. Specifically crafted TCP streams can cause connections to BIND to remain in CLOSE_WAIT status for an indefinite period of time, even after the client has terminated the connection.",https://nvd.nist.gov/vuln/detail/CVE-2022-0396
CVE-2022-0635,2022-03-23,7.5,HIGH,CWE-617,dns,,,DNS_GENERIC,BIND 9,BIND 9=cpe,BIND 9 9.18.2,2022-04-11,git; nvd-product,"Versions affected: BIND 9.18.0 When a vulnerable version of named receives a series of specific queries, the named process will eventually terminate due to a failed assertion check.",https://nvd.nist.gov/vuln/detail/CVE-2022-0635
CVE-2022-0667,2022-03-22,7.5,HIGH,CWE-617,dns,,,PRODUCT_CPE,BIND 9,BIND 9=cpe,BIND 9 9.18.2,2022-04-11,git; nvd-product,When the vulnerability is triggered the BIND process will exit. BIND 9.18.0,https://nvd.nist.gov/vuln/detail/CVE-2022-0667
CVE-2022-1183,2022-05-19,7.5,HIGH,CWE-617,dns,,,DNS_GENERIC,BIND 9,BIND 9=cpe,BIND 9 9.18.3,2022-05-09,git; nvd-product,"On vulnerable configurations, the named daemon may, in some circumstances, terminate with an assertion failure. Vulnerable configurations are those that include a reference to http within the listen-on statements in their named.conf. TLS is used by both DNS over TLS (DoT) and DNS over HTTPS (DoH), but configurations using DoT alone are unaffected. Affects BIND 9.18.0 -> 9.18.2 and version 9.19.0 of the BIND 9.19 development branch.",https://nvd.nist.gov/vuln/detail/CVE-2022-1183
CVE-2022-27227,2022-03-25,7.5,HIGH,,dns,,,DNS_GENERIC,PowerDNS Authoritative; PowerDNS Recursor,PowerDNS Authoritative=cpe; PowerDNS Recursor=cpe,,,nvd-product,"In PowerDNS Authoritative Server before 4.4.3, 4.5.x before 4.5.4, and 4.6.x before 4.6.1 and PowerDNS Recursor before 4.4.8, 4.5.x before 4.5.8, and 4.6.x before 4.6.1, insufficient validation of an IXFR end condition causes incomplete zone transfers to be handled as successful transfers.",https://nvd.nist.gov/vuln/detail/CVE-2022-27227
CVE-2022-2795,2022-09-21,5.3,MEDIUM,,dns,,,DNS_GENERIC,BIND 9,BIND 9=cpe,,,git; nvd-product,"By flooding the target resolver with queries exploiting this flaw an attacker can significantly impair the resolver's performance, effectively denying legitimate clients access to the DNS resolution service.",https://nvd.nist.gov/vuln/detail/CVE-2022-2795
CVE-2022-2881,2022-09-21,5.5,MEDIUM,CWE-125,dns,,,PRODUCT_CPE,BIND 9,BIND 9=cpe,BIND 9 9.18.7,2022-09-08,git; nvd-product,"The underlying bug might cause read past end of the buffer and either read memory it should not read, or crash the process.",https://nvd.nist.gov/vuln/detail/CVE-2022-2881
CVE-2022-2906,2022-09-21,7.5,HIGH,CWE-401,dependency,,,DEPENDENCY,BIND 9,BIND 9=cpe,BIND 9 9.18.7,2022-09-08,git; nvd-product,"An attacker can leverage this flaw to gradually erode available memory to the point where named crashes for lack of resources. Upon restart the attacker would have to begin again, but nevertheless there is the potential to deny service.",https://nvd.nist.gov/vuln/detail/CVE-2022-2906
CVE-2022-30295,2022-05-06,6.5,MEDIUM,,dns,,,DNS_GENERIC,,,,,nvd-keyword,uClibc-ng through 1.0.40 and uClibc through 0.9.33.2 use predictable DNS transaction IDs that may lead to DNS cache poisoning. This is related to a reset of a value to 0x2.,https://nvd.nist.gov/vuln/detail/CVE-2022-30295
CVE-2022-30698,2022-08-01,6.5,MEDIUM,CWE-613,dns,,,DNS_GENERIC,Unbound,Unbound=cpe,Unbound 1.16.2,2022-08-01,git; nvd-product,"NLnet Labs Unbound, up to and including version 1.16.1 is vulnerable to a novel type of the ""ghost domain names"" attack. The vulnerability works by targeting an Unbound instance. Unbound is queried for a subdomain of a rogue domain name. The rogue nameserver returns delegation information for the subdomain that updates Unbound's delegation cache. This action can be repeated before expiry of the delegation information by querying Unbound for a second level subdomain which the rogue nameserver provides new delegation information. Since Unbound is a child-centric resolver, the ever-updating child delegation information can keep a rogue domain name resolvable long after revocation. From version 1.16.2 on, Unbound checks the validity of parent delegation records before using cached delegation information.",https://nvd.nist.gov/vuln/detail/CVE-2022-30698
CVE-2022-30699,2022-08-01,6.5,MEDIUM,CWE-613,dns,,,DNS_GENERIC,Unbound,Unbound=cpe,Unbound 1.16.2,2022-08-01,git; nvd-product,"NLnet Labs Unbound, up to and including version 1.16.1, is vulnerable to a novel type of the ""ghost domain names"" attack. The vulnerability works by targeting an Unbound instance. Unbound is queried for a rogue domain name when the cached delegation information is about to expire. The rogue nameserver delays the response so that the cached delegation information is expired. Upon receiving the delayed answer containing the delegation information, Unbound overwrites the now expired entries. This action can be repeated when the delegation information is about to expire making the rogue delegation information ever-updating. From version 1.16.2 on, Unbound stores the start time for a query and uses that to decide if the cached delegation information can be overwritten.",https://nvd.nist.gov/vuln/detail/CVE-2022-30699
CVE-2022-3080,2022-09-21,7.5,HIGH,CWE-613,dns,,,DNS_GENERIC,BIND 9,BIND 9=cpe,BIND 9 9.16.33,2022-09-08,git; nvd-product,"By sending specific queries to the resolver, an attacker can cause named to crash.",https://nvd.nist.gov/vuln/detail/CVE-2022-3080
CVE-2022-3094,2023-01-26,7.5,HIGH,CWE-400; CWE-416,dns,,,DNS_GENERIC,BIND 9,BIND 9=cpe,BIND 9 9.16.37,2023-01-12,git; nvd-product,"Sending a flood of dynamic DNS updates may cause `named` to allocate large amounts of memory. This, in turn, may cause `named` to exit due to a lack of free memory. We are not aware of any cases where this has been exploited.  Memory is allocated prior to the checking of access permissions (ACLs) and is retained during the processing of a dynamic update from a client whose access credentials are accepted. Memory allocated to clients that are not permitted to send updates is released immediately upon rejection. The scope of this vulnerability is limited therefore to trusted clients who are permitted to make dynamic zone changes.  If a dynamic update is REFUSED, memory will be released again very quickly. Therefore it is only likely to be possible to degrade or stop `named` by sending a flood of unaccepted dynamic updates comparable in magnitude to a query flood intended to achieve the same detrimental outcome.  BIND 9.11 and earlier branches are also affected, but through exhaustion of internal resources rather than memory constraints. This may reduce performance but should not be a significant problem for most servers. Therefore we don't intend to address this for BIND versions prior to BIND 9.16. This issue affects BIND 9 versions 9.16.0 through 9.16.36, 9.18.0 through 9.18.10, 9.19.0 through 9.19.8, and 9.16.8-S1 through 9.16.36-S1.",https://nvd.nist.gov/vuln/detail/CVE-2022-3094
CVE-2022-3204,2022-09-26,7.5,HIGH,CWE-400,dnssec,dnskey,RFC 4034,dnskey,Unbound,Unbound=cpe,Unbound 1.16.3,2022-09-21,git; nvd-keyword; nvd-product,"A vulnerability named 'Non-Responsive Delegation Attack' (NRDelegation Attack) has been discovered in various DNS resolving software. The NRDelegation Attack works by having a malicious delegation with a considerable number of non responsive nameservers. The attack starts by querying a resolver for a record that relies on those unresponsive nameservers. The attack can cause a resolver to spend a lot of time/resources resolving records under a malicious delegation point where a considerable number of unresponsive NS records reside. It can trigger high CPU usage in some resolver implementations that continually look in the cache for resolved NS records in that delegation. This can lead to degraded performance and eventually denial of service in orchestrated attacks. Unbound does not suffer from high CPU usage, but resources are still needed for resolving the malicious delegation. Unbound will keep trying to resolve the record until hard limits are reached. Based on the nature of the attack and the replies, different limits could be reached. From version 1.16.3 on, Unbound introduces fixes for better performance when under load, by cutting opportunistic queries for nameserver discovery and DNSKEY prefetching and limiting the number of times a delegation point can issue a cache lookup for missing records.",https://nvd.nist.gov/vuln/detail/CVE-2022-3204
CVE-2022-32983,2022-06-20,5.3,MEDIUM,CWE-290,dns,,,DNS_GENERIC,Knot DNS; Knot Resolver,Knot DNS=keyword; Knot Resolver=keyword,,,nvd-keyword; nvd-product,Knot Resolver through 5.5.1 may allow DNS cache poisoning when there is an attempt to limit forwarding actions by filters.,https://nvd.nist.gov/vuln/detail/CVE-2022-32983
CVE-2022-3346,2022-12-28,6.5,MEDIUM,,dnssec,rrsig,RFC 4035,rrsig,,,,,nvd-keyword,"DNSSEC validation is not performed correctly. An attacker can cause this package to report successful validation for invalid, attacker-controlled records. The owner name of RRSIG RRs is not validated, permitting an attacker to present the RRSIG for an attacker-controlled domain in a response for any other domain.",https://nvd.nist.gov/vuln/detail/CVE-2022-3346
CVE-2022-3347,2022-12-28,7.5,HIGH,,dnssec,validation,RFC 4035,validation,,,,,nvd-keyword,"DNSSEC validation is not performed correctly. An attacker can cause this package to report successful validation for invalid, attacker-controlled records. Root DNSSEC public keys are not validated, permitting an attacker to present a self-signed root key and delegation chain.",https://nvd.nist.gov/vuln/detail/CVE-2022-3347
CVE-2022-33989,2022-08-15,5.3,MEDIUM,,dns,,,DNS_GENERIC,,,,,nvd-keyword,dproxy-nexgen (aka dproxy nexgen) uses a static UDP source port (selected randomly only at boot time) in upstream queries sent to DNS resolvers. This allows DNS cache poisoning because there is not enough entropy to prevent traffic injection attacks.,https://nvd.nist.gov/vuln/detail/CVE-2022-33989
CVE-2022-33991,2022-08-15,5.3,MEDIUM,,dnssec,dnssec-other,RFC 4033,dnssec-other,,,,,nvd-keyword,dproxy-nexgen (aka dproxy nexgen) forwards and caches DNS queries with the CD (aka checking disabled) bit set to 1. This leads to disabling of DNSSEC protection provided by upstream resolvers.,https://nvd.nist.gov/vuln/detail/CVE-2022-33991
CVE-2022-33992,2022-08-15,7.5,HIGH,,dnssec,dnssec-other,RFC 4033,dnssec-other,,,,,nvd-keyword,DNRD (aka Domain Name Relay Daemon) 2.20.3 forwards and caches DNS queries with the CD (aka checking disabled) bit set to 1. This leads to disabling of DNSSEC protection provided by upstream resolvers.,https://nvd.nist.gov/vuln/detail/CVE-2022-33992
CVE-2022-34294,2022-08-15,9.8,CRITICAL,,dns,,,DNS_GENERIC,,,,,nvd-keyword,totd 1.5.3 uses a fixed UDP source port in upstream queries sent to DNS resolvers. This allows DNS cache poisoning because there is not enough entropy to prevent traffic injection attacks.,https://nvd.nist.gov/vuln/detail/CVE-2022-34294
CVE-2022-3488,2023-01-26,7.5,HIGH,CWE-617,dns,,,DNS_GENERIC,BIND 9,BIND 9=cpe,,,nvd-product,"Processing of repeated responses to the same query, where both responses contain ECS pseudo-options, but where the first is broken in some way, can cause BIND to exit with an assertion failure.  'Broken' in this context is anything that would cause the resolver to reject the query response, such as a mismatch between query and answer name. This issue affects BIND 9 versions 9.11.4-S1 through 9.11.37-S1 and 9.16.8-S1 through 9.16.36-S1.",https://nvd.nist.gov/vuln/detail/CVE-2022-3488
CVE-2022-3736,2023-01-26,7.5,HIGH,CWE-20,dnssec,rrsig,RFC 4035,rrsig,BIND 9,BIND 9=cpe,BIND 9 9.16.37,2023-01-12,git; nvd-keyword; nvd-product,"BIND 9 resolver can crash when stale cache and stale answers are enabled, option `stale-answer-client-timeout` is set to a positive integer, and the resolver receives an RRSIG query. This issue affects BIND 9 versions 9.16.12 through 9.16.36, 9.18.0 through 9.18.10, 9.19.0 through 9.19.8, and 9.16.12-S1 through 9.16.36-S1.",https://nvd.nist.gov/vuln/detail/CVE-2022-3736
CVE-2022-37428,2022-08-23,6.5,MEDIUM,CWE-459,dependency,,,DEPENDENCY,PowerDNS Authoritative; PowerDNS Recursor,PowerDNS Authoritative=cpe; PowerDNS Recursor=cpe,PowerDNS Recursor 4.5.10,2022-08-23,git; nvd-product,"PowerDNS Recursor up to and including 4.5.9, 4.6.2 and 4.7.1, when protobuf logging is enabled, has Improper Cleanup upon a Thrown Exception, leading to a denial of service (daemon crash) via a DNS query that leads to an answer with specific properties.",https://nvd.nist.gov/vuln/detail/CVE-2022-37428
CVE-2022-38177,2022-09-21,7.5,HIGH,CWE-401,dnssec,algorithm,RFC 6605/8080,algorithm,BIND 9,BIND 9=cpe,BIND 9 9.16.33,2022-09-08,git; nvd-product,"By spoofing the target resolver with responses that have a malformed ECDSA signature, an attacker can trigger a small memory leak. It is possible to gradually erode available memory to the point where named crashes for lack of resources.",https://nvd.nist.gov/vuln/detail/CVE-2022-38177
CVE-2022-38178,2022-09-21,7.5,HIGH,CWE-401,dnssec,algorithm,RFC 6605/8080,algorithm,BIND 9,BIND 9=cpe,BIND 9 9.16.33,2022-09-08,git; nvd-product,"By spoofing the target resolver with responses that have a malformed EdDSA signature, an attacker can trigger a small memory leak. It is possible to gradually erode available memory to the point where named crashes for lack of resources.",https://nvd.nist.gov/vuln/detail/CVE-2022-38178
CVE-2022-3924,2023-01-26,7.5,HIGH,CWE-617,dns,,,DNS_GENERIC,BIND 9,BIND 9=cpe,BIND 9 9.16.39,2023-03-06,git; nvd-product,"This issue can affect BIND 9 resolvers with `stale-answer-enable yes;` that also make use of the option `stale-answer-client-timeout`, configured with a value greater than zero.  If the resolver receives many queries that require recursion, there will be a corresponding increase in the number of clients that are waiting for recursion to complete. If there are sufficient clients already waiting when a new client query is received so that it is necessary to SERVFAIL the longest waiting client (see BIND 9 ARM `recursive-clients` limit and soft quota), then it is possible for a race to occur between providing a stale answer to this older client and sending an early timeout SERVFAIL, which may cause an assertion failure. This issue affects BIND 9 versions 9.16.12 through 9.16.36, 9.18.0 through 9.18.10, 9.19.0 through 9.19.8, and 9.16.12-S1 through 9.16.36-S1.",https://nvd.nist.gov/vuln/detail/CVE-2022-3924
CVE-2022-40188,2022-09-23,7.5,HIGH,CWE-407,dns,,,DNS_GENERIC,Knot Resolver,Knot Resolver=keyword,,,git; nvd-product,"Knot Resolver before 5.5.3 allows remote attackers to cause a denial of service (CPU consumption) because of algorithmic complexity. During an attack, an authoritative server must return large NS sets or address sets.",https://nvd.nist.gov/vuln/detail/CVE-2022-40188
CVE-2022-41787,2022-10-19,7.5,HIGH,,dnssec,dnssec-other,RFC 4033,dnssec-other,,,,,nvd-keyword,"In BIG-IP versions 17.0.x before 17.0.0.1, 16.1.x before 16.1.3.1, 15.1.x before 15.1.6.1, 14.1.x before 14.1.5.1, and 13.1.x before 13.1.5.1, when DNS profile is configured on a virtual server with DNS Express enabled, undisclosed DNS queries with DNSSEC can cause TMM to terminate.",https://nvd.nist.gov/vuln/detail/CVE-2022-41787
CVE-2023-22617,2023-01-21,7.5,HIGH,CWE-674,dnssec,ds-digest,RFC 4509,ds-digest,PowerDNS Recursor,PowerDNS Recursor=cpe,,,nvd-product,"A remote attacker might be able to cause infinite recursion in PowerDNS Recursor 4.8.0 via a DNS query that retrieves DS records for a misconfigured domain, because QName minimization is used in QM fallback mode. This is fixed in 4.8.1.",https://nvd.nist.gov/vuln/detail/CVE-2023-22617
CVE-2023-26249,2023-02-21,7.5,HIGH,CWE-770,dns,,,DNS_GENERIC,Knot DNS; Knot Resolver,Knot DNS=keyword; Knot Resolver=keyword,,,nvd-product,"Knot Resolver before 5.6.0 enables attackers to consume its resources, launching amplification attacks and potentially causing a denial of service. Specifically, a single client query may lead to a hundred TCP connection attempts if a DNS server closes connections without providing a response.",https://nvd.nist.gov/vuln/detail/CVE-2023-26249
CVE-2023-26437,2023-04-04,3.4,LOW,CWE-400,dns,,,DNS_GENERIC,PowerDNS Authoritative; PowerDNS Recursor,PowerDNS Authoritative=cpe; PowerDNS Recursor=cpe,PowerDNS Recursor 4.6.6,2023-03-29,git; nvd-product,"Denial of service vulnerability in PowerDNS Recursor allows authoritative servers to be marked unavailable.This issue affects Recursor: through 4.6.5, through 4.7.4 , through 4.8.3.",https://nvd.nist.gov/vuln/detail/CVE-2023-26437
CVE-2023-2828,2023-06-21,7.5,HIGH,CWE-770,dns,,,DNS_GENERIC,BIND 9,BIND 9=cpe,,,git; nvd-product,"Every `named` instance configured to run as a recursive resolver maintains a cache database holding the responses to the queries it has recently sent to authoritative servers. The size limit for that cache database can be configured using the `max-cache-size` statement in the configuration file; it defaults to 90% of the total amount of memory available on the host. When the size of the cache reaches 7/8 of the configured limit, a cache-cleaning algorithm starts to remove expired and/or least-recently used RRsets from the cache, to keep memory use below the configured limit.  It has been discovered that the effectiveness of the cache-cleaning algorithm used in `named` can be severely diminished by querying the resolver for specific RRsets in a certain order, effectively allowing the configured `max-cache-size` limit to be significantly exceeded. This issue affects BIND 9 versions 9.11.0 through 9.16.41, 9.18.0 through 9.18.15, 9.19.0 through 9.19.13, 9.11.3-S1 through 9.16.41-S1, and 9.18.11-S1 through 9.18.15-S1.",https://nvd.nist.gov/vuln/detail/CVE-2023-2828
CVE-2023-2829,2023-06-21,7.5,HIGH,,dnssec,nsec,RFC 4034,nsec,BIND 9,BIND 9=cpe,,,nvd-keyword; nvd-product,A `named` instance configured to run as a DNSSEC-validating recursive resolver with the Aggressive Use of DNSSEC-Validated Cache (RFC 8198) option (`synth-from-dnssec`) enabled can be remotely terminated using a zone with a malformed NSEC record. This issue affects BIND 9 versions 9.16.8-S1 through 9.16.41-S1 and 9.18.11-S1 through 9.18.15-S1.,https://nvd.nist.gov/vuln/detail/CVE-2023-2829
CVE-2023-28457,2024-09-18,7.5,HIGH,,dns,,,DNS_GENERIC,,,,,nvd-keyword,"An issue was discovered in Technitium through 11.0.3. It enables attackers to conduct a DNS cache poisoning attack and inject fake responses within 1 second, which is impactful.",https://nvd.nist.gov/vuln/detail/CVE-2023-28457
CVE-2023-2911,2023-06-21,7.5,HIGH,CWE-787,dns,,,DNS_GENERIC,BIND 9,BIND 9=cpe,BIND 9 9.16.42,2023-06-09,git; nvd-product,"If the `recursive-clients` quota is reached on a BIND 9 resolver configured with both `stale-answer-enable yes;` and `stale-answer-client-timeout 0;`, a sequence of serve-stale-related lookups could cause `named` to loop and terminate unexpectedly due to a stack overflow. This issue affects BIND 9 versions 9.16.33 through 9.16.41, 9.18.7 through 9.18.15, 9.16.33-S1 through 9.16.41-S1, and 9.18.11-S1 through 9.18.15-S1.",https://nvd.nist.gov/vuln/detail/CVE-2023-2911
CVE-2023-30464,2024-09-18,7.5,HIGH,,dns,,,DNS_GENERIC,,,,,nvd-keyword,CoreDNS through 1.10.1 enables attackers to achieve DNS cache poisoning and inject fake responses via a birthday attack.,https://nvd.nist.gov/vuln/detail/CVE-2023-30464
CVE-2023-3341,2023-09-20,7.5,HIGH,CWE-1325; CWE-787,dns,,,DNS_GENERIC,BIND 9,BIND 9=cpe,BIND 9 9.18.20,2023-11-09,git; nvd-product,"The code that processes control channel messages sent to `named` calls certain functions recursively during packet parsing. Recursion depth is only limited by the maximum accepted packet size; depending on the environment, this may cause the packet-parsing code to run out of available stack memory, causing `named` to terminate unexpectedly. Since each incoming control channel message is fully parsed before its contents are authenticated, exploiting this flaw does not require the attacker to hold a valid RNDC key; only network access to the control channel's configured TCP port is necessary. This issue affects BIND 9 versions 9.2.0 through 9.16.43, 9.18.0 through 9.18.18, 9.19.0 through 9.19.16, 9.9.3-S1 through 9.16.43-S1, and 9.18.0-S1 through 9.18.18-S1.",https://nvd.nist.gov/vuln/detail/CVE-2023-3341
CVE-2023-41045,2023-08-31,3.7,LOW,,dns,,,DNS_GENERIC,,,,,nvd-keyword,"Graylog is a free and open log management platform. Graylog makes use of only one single source port for DNS queries. Graylog binds a single socket for outgoing DNS queries and while that socket is bound to a random port number it is never changed again. This goes against recommended practice since 2008, when Dan Kaminsky discovered how easy is to carry out DNS cache poisoning attacks. In order to prevent cache poisoning with spoofed DNS responses, it is necessary to maximise the uncertainty in the choice of a source port for a DNS query. Although unlikely in many setups, an external attacker could inject forged DNS responses into a Graylog's lookup table cache. In order to prevent this, it is at least recommendable to distribute the DNS queries through a pool of distinct sockets, each of them with a random source port and renew them periodically. This issue has been addressed in versions 5.0.9 and 5.1.3. Users are advised to upgrade. There are no known workarounds for this issue.",https://nvd.nist.gov/vuln/detail/CVE-2023-41045
CVE-2023-4236,2023-09-20,7.5,HIGH,CWE-617,dns,,,DNS_GENERIC,BIND 9,BIND 9=cpe,BIND 9 9.18.19,2023-09-11,git; nvd-product,A flaw in the networking code handling DNS-over-TLS queries may cause `named` to terminate unexpectedly due to an assertion failure. This happens when internal data structures are incorrectly reused under significant DNS-over-TLS query load. This issue affects BIND 9 versions 9.18.0 through 9.18.18 and 9.18.11-S1 through 9.18.18-S1.,https://nvd.nist.gov/vuln/detail/CVE-2023-4236
CVE-2023-4408,2024-02-13,7.5,HIGH,CWE-407,dns,,,DNS_GENERIC,BIND 9,BIND 9=cpe,BIND 9 9.16.48,2024-02-11,git; nvd-product,"The DNS message parsing code in `named` includes a section whose computational complexity is overly high. It does not cause problems for typical DNS traffic, but crafted queries and responses may cause excessive CPU load on the affected `named` instance by exploiting this flaw. This issue affects both authoritative servers and recursive resolvers. This issue affects BIND 9 versions 9.0.0 through 9.16.45, 9.18.0 through 9.18.21, 9.19.0 through 9.19.19, 9.9.3-S1 through 9.11.37-S1, 9.16.8-S1 through 9.16.45-S1, and 9.18.11-S1 through 9.18.21-S1.",https://nvd.nist.gov/vuln/detail/CVE-2023-4408
CVE-2023-46317,2023-10-22,7.5,HIGH,,dns,,,DNS_GENERIC,Knot Resolver,Knot Resolver=keyword,Knot Resolver 5.7.0,2023-08-22,git; nvd-product,Knot Resolver before 5.7.0 performs many TCP reconnections upon receiving certain nonsensical responses from servers.,https://nvd.nist.gov/vuln/detail/CVE-2023-46317
CVE-2023-50387,2024-02-14,7.5,HIGH,CWE-770,dnssec,dnskey,RFC 4034,dnskey,BIND 9; Knot Resolver; PowerDNS Authoritative; PowerDNS Recursor; Unbound,BIND 9=cpe; Knot Resolver=keyword; PowerDNS Authoritative=cpe; PowerDNS Recursor=cpe; Unbound=cpe,BIND 9 9.16.48; PowerDNS Authoritative 4.9.0; PowerDNS Recursor 5.1.0; Unbound 1.19.1,2024-02-11,git; nvd-keyword; nvd-product,"Certain DNSSEC aspects of the DNS protocol (in RFC 4033, 4034, 4035, 6840, and related RFCs) allow remote attackers to cause a denial of service (CPU consumption) via one or more DNSSEC responses, aka the ""KeyTrap"" issue. One of the concerns is that, when there is a zone with many DNSKEY and RRSIG records, the protocol specification implies that an algorithm must evaluate all combinations of DNSKEY and RRSIG records.",https://nvd.nist.gov/vuln/detail/CVE-2023-50387
CVE-2023-50868,2024-02-14,7.5,HIGH,CWE-400,dnssec,nsec3,RFC 5155,nsec3,BIND 9; Knot Resolver; PowerDNS Authoritative; PowerDNS Recursor; Unbound,BIND 9=cpe; Knot Resolver=keyword; PowerDNS Authoritative=cpe; PowerDNS Recursor=cpe; Unbound=cpe,BIND 9 9.16.50; PowerDNS Authoritative 4.9.0; PowerDNS Recursor 5.1.0; Unbound 1.19.1,2024-02-13,git; nvd-keyword; nvd-product,"The Closest Encloser Proof aspect of the DNS protocol (in RFC 5155 when RFC 9276 guidance is skipped) allows remote attackers to cause a denial of service (CPU consumption for SHA-1 computations) via DNSSEC responses in a random subdomain attack, aka the ""NSEC3"" issue. The RFC 5155 specification implies that an algorithm must perform thousands of iterations of a hash function in certain situations.",https://nvd.nist.gov/vuln/detail/CVE-2023-50868
CVE-2023-5517,2024-02-13,7.5,HIGH,CWE-617,dns,,,DNS_GENERIC,BIND 9,BIND 9=cpe,BIND 9 9.16.48,2024-02-11,git; nvd-product,"A flaw in query-handling code can cause `named` to exit prematurely with an assertion failure when:    - `nxdomain-redirect <domain>;` is configured, and   - the resolver receives a PTR query for an RFC 1918 address that would normally result in an authoritative NXDOMAIN response. This issue affects BIND 9 versions 9.12.0 through 9.16.45, 9.18.0 through 9.18.21, 9.19.0 through 9.19.19, 9.16.8-S1 through 9.16.45-S1, and 9.18.11-S1 through 9.18.21-S1.",https://nvd.nist.gov/vuln/detail/CVE-2023-5517
CVE-2023-5679,2024-02-13,7.5,HIGH,CWE-617,dns,,,DNS_GENERIC,BIND 9,BIND 9=cpe,BIND 9 9.16.48,2024-02-11,git; nvd-product,"A bad interaction between DNS64 and serve-stale may cause `named` to crash with an assertion failure during recursive resolution, when both of these features are enabled. This issue affects BIND 9 versions 9.16.12 through 9.16.45, 9.18.0 through 9.18.21, 9.19.0 through 9.19.19, 9.16.12-S1 through 9.16.45-S1, and 9.18.11-S1 through 9.18.21-S1.",https://nvd.nist.gov/vuln/detail/CVE-2023-5679
CVE-2023-5680,2024-02-13,5.3,MEDIUM,,dns,,,DNS_GENERIC,BIND 9,BIND 9=cpe,,,nvd-product,"If a resolver cache has a very large number of ECS records stored for the same name, the process of cleaning the cache database node for this name can significantly impair query performance.  This issue affects BIND 9 versions 9.11.3-S1 through 9.11.37-S1, 9.16.8-S1 through 9.16.45-S1, and 9.18.11-S1 through 9.18.21-S1.",https://nvd.nist.gov/vuln/detail/CVE-2023-5680
CVE-2023-6193,,,,,dns,,,PRODUCT_CPE,PowerDNS Authoritative; PowerDNS Recursor,PowerDNS Authoritative=cpe; PowerDNS Recursor=cpe,PowerDNS Authoritative 4.9.0; PowerDNS Recursor 5.1.0,2024-03-14,git,dnsdist: Update Quiche to 0.20.0,https://nvd.nist.gov/vuln/detail/CVE-2023-6193
CVE-2023-6516,2024-02-13,7.5,HIGH,CWE-770; CWE-789,dns,,,DNS_GENERIC,BIND 9,BIND 9=cpe,BIND 9 9.16.48,2024-02-11,git; nvd-product,"To keep its cache database efficient, `named` running as a recursive resolver occasionally attempts to clean up the database. It uses several methods, including some that are asynchronous: a small chunk of memory pointing to the cache element that can be cleaned up is first allocated and then queued for later processing. It was discovered that if the resolver is continuously processing query patterns triggering this type of cache-database maintenance, `named` may not be able to handle the cleanup events in a timely manner. This in turn enables the list of queued cleanup events to grow infinitely large over time, allowing the configured `max-cache-size` limit to be significantly exceeded. This issue affects BIND 9 versions 9.16.0 through 9.16.45 and 9.16.8-S1 through 9.16.45-S1.",https://nvd.nist.gov/vuln/detail/CVE-2023-6516
CVE-2023-7008,2023-12-23,5.9,MEDIUM,,dependency,,,DEPENDENCY,,,,,nvd-keyword,"A vulnerability was found in systemd-resolved. This issue may allow systemd-resolved to accept records of DNSSEC-signed domains even when they have no signature, allowing man-in-the-middles (or the upstream DNS resolver) to manipulate records.",https://nvd.nist.gov/vuln/detail/CVE-2023-7008
CVE-2024-0760,,,,,dns,,,PRODUCT_CPE,BIND 9,BIND 9=cpe,BIND 9 9.18.28,2024-07-08,git,Merge branch '4481-security-tcp-flood-9.18' into 'v9.18.28-release',https://nvd.nist.gov/vuln/detail/CVE-2024-0760
CVE-2024-11187,,,,,dns,,,PRODUCT_CPE,BIND 9,BIND 9=cpe,BIND 9 9.18.33,2025-01-20,git,[9.18] [CVE-2024-11187] sec: usr: Limit the additional processing for large RDATA sets,https://nvd.nist.gov/vuln/detail/CVE-2024-11187
CVE-2024-12705,,,,,dns,,,DNS_GENERIC,BIND 9,BIND 9=cpe,BIND 9 9.18.33,2025-01-20,git,[9.18] [CVE-2024-12705] sec: usr: DNS-over-HTTP(s) flooding fixes,https://nvd.nist.gov/vuln/detail/CVE-2024-12705
CVE-2024-1737,,,,,dns,,,PRODUCT_CPE,BIND 9,BIND 9=cpe,BIND 9 9.18.28,2024-07-08,git,Merge branch '3405-security-limit-the-number-of-resource-records-in-rrset-nxdomain-9.18' into 'v9.18.28-release',https://nvd.nist.gov/vuln/detail/CVE-2024-1737
CVE-2024-1931,2024-03-07,7.5,HIGH,CWE-835,dns,,,PRODUCT_CPE,Unbound,Unbound=cpe,Unbound 1.19.3,2024-03-11,git; nvd-product,"NLnet Labs Unbound version 1.18.0 up to and including version 1.19.1 contain a vulnerability that can cause denial of service by a certain code path that can lead to an infinite loop. Unbound 1.18.0 introduced a feature that removes EDE records from responses with size higher than the client's advertised buffer size. Before removing all the EDE records however, it would try to see if trimming the extra text fields on those records would result in an acceptable size while still retaining the EDE codes. Due to an unchecked condition, the code that trims the text of the EDE records could loop indefinitely. This happens when Unbound would reply with attached EDE information on a positive reply and the client's buffer size is smaller than the needed space to include EDE records. The vulnerability can only be triggered when the 'ede: yes' option is used; non default configuration. From version 1.19.2 on, the code is fixed to avoid looping indefinitely.",https://nvd.nist.gov/vuln/detail/CVE-2024-1931
CVE-2024-1975,2024-07-23,7.5,HIGH,,dnssec,validation,RFC 4035,validation,BIND 9,BIND 9=cpe,BIND 9 9.18.28,2024-07-08,git; nvd-keyword,"If a server hosts a zone containing a ""KEY"" Resource Record, or a resolver DNSSEC-validates a ""KEY"" Resource Record from a DNSSEC-signed domain in cache, a client can exhaust resolver CPU resources by sending a stream of SIG(0) signed requests. This issue affects BIND 9 versions 9.0.0 through 9.11.37, 9.16.0 through 9.16.50, 9.18.0 through 9.18.27, 9.19.0 through 9.19.24, 9.9.3-S1 through 9.11.37-S1, 9.16.8-S1 through 9.16.49-S1, and 9.18.11-S1 through 9.18.27-S1.",https://nvd.nist.gov/vuln/detail/CVE-2024-1975
CVE-2024-25583,,,,,dns,,,PRODUCT_CPE,PowerDNS Authoritative; PowerDNS Recursor,PowerDNS Authoritative=cpe; PowerDNS Recursor=cpe,PowerDNS Recursor 4.8.8,2024-04-09,git,rec: backport CVE-2024-25583 to rel/rec-4.8.8-branch,https://nvd.nist.gov/vuln/detail/CVE-2024-25583
CVE-2024-25590,,,,,dns,,,PRODUCT_CPE,PowerDNS Authoritative; PowerDNS Recursor,PowerDNS Authoritative=cpe; PowerDNS Recursor=cpe,,,git,Merge pull request #14745 from omoerbeek/rec-4.9.9-branch,https://nvd.nist.gov/vuln/detail/CVE-2024-25590
CVE-2024-33655,,,,,dns,,,PRODUCT_CPE,Unbound,Unbound=cpe,Unbound 1.20.0,2024-05-01,git,- Fix for the DNSBomb vulnerability CVE-2024-33655. Thanks to Xiang Li   from the Network and Information Security Lab of Tsinghua University   for re,https://nvd.nist.gov/vuln/detail/CVE-2024-33655
CVE-2024-4076,,,,,dns,,,PRODUCT_CPE,BIND 9,BIND 9=cpe,BIND 9 9.18.28,2024-07-08,git,Merge branch '4507-confidential-clear-zversion-v9_18' into 'v9.18.28-release',https://nvd.nist.gov/vuln/detail/CVE-2024-4076
CVE-2024-47477,2026-06-17,6.5,MEDIUM,,dns,,,DNS_GENERIC,,,,,nvd-keyword,"Dell PowerFlex Manager, versions prior to 4.5.1.1, contain an improper certificate validation vulnerability. A remote unauthenticated attacker could potentially exploit this vulnerability leading to man-in-the-middle attack in tandem with DNS cache poisoning.",https://nvd.nist.gov/vuln/detail/CVE-2024-47477
CVE-2024-56089,2025-12-01,7.5,HIGH,,dns,,,DNS_GENERIC,,,,,nvd-keyword,An issue in Technitium through v13.2.2 enables attackers to conduct a DNS cache poisoning attack and inject fake responses by reviving the birthday attack.,https://nvd.nist.gov/vuln/detail/CVE-2024-56089
CVE-2024-8508,2024-10-03,5.3,MEDIUM,CWE-1284; CWE-606,dns,,,DNS_GENERIC,Unbound,Unbound=cpe,Unbound 1.22.0,2024-10-16,git; nvd-product,"NLnet Labs Unbound up to and including version 1.21.0 contains a vulnerability when handling replies with very large RRsets that it needs to perform name compression for. Malicious upstreams responses with very large RRsets can cause Unbound to spend a considerable time applying name compression to downstream replies. This can lead to degraded performance and eventually denial of service in well orchestrated attacks. The vulnerability can be exploited by a malicious actor querying Unbound for the specially crafted contents of a malicious zone with very large RRsets. Before Unbound replies to the query it will try to apply name compression which was an unbounded operation that could lock the CPU until the whole packet was complete. Unbound version 1.21.1 introduces a hard limit on the number of name compression calculations it is willing to do per packet. Packets that need more compression will result in semi-compressed packets or truncated packets, even on TCP for huge messages, to avoid locking the CPU for long. This change should not affect normal DNS traffic.",https://nvd.nist.gov/vuln/detail/CVE-2024-8508
CVE-2025-11411,,,,,dns,,,PRODUCT_CPE,Unbound,Unbound=cpe,Unbound 1.24.1,2025-10-22,git,"- Fix CVE-2025-11411 (possible domain hijacking attack), reported by Yuxiao Wu,   Yunyi Zhang, Baojun Liu and Haixin Duan from Tsinghua University.",https://nvd.nist.gov/vuln/detail/CVE-2025-11411
CVE-2025-13878,,,,,dns,,,PRODUCT_CPE,BIND 9,BIND 9=cpe,BIND 9 9.18.44,2026-01-09,git,[9.18] [CVE-2025-13878] sec: usr: Fix incorrect length checks for BRID and HHIT records,https://nvd.nist.gov/vuln/detail/CVE-2025-13878
CVE-2025-21087,2025-02-05,7.5,HIGH,,dnssec,dnssec-other,RFC 4033,dnssec-other,,,,,nvd-keyword,"When Client or Server SSL profiles are configured on a Virtual Server, or DNSSEC signing operations are in use, undisclosed traffic can cause an increase in memory and CPU resource utilization.      Note: Software versions which have reached End of Technical Support (EoTS) are not evaluated",https://nvd.nist.gov/vuln/detail/CVE-2025-21087
CVE-2025-25188,2025-02-10,,,,dnssec,trust-anchor,RFC 5011,trust-anchor,,,,,nvd-keyword,"Hickory DNS is a Rust based DNS client, server, and resolver. A vulnerability present starting in version 0.8.0 and prior to versions 0.24.3 and 0.25.0-alpha.5 impacts Hickory DNS users relying on DNSSEC verification in the client library, stub resolver, or recursive resolver. The DNSSEC validation routines treat entire RRsets of DNSKEY records as trusted once they have established trust in only one of the DNSKEYs. As a result, if a zone includes a DNSKEY with a public key that matches a configured trust anchor, all keys in that zone will be trusted to authenticate other records in the zone. There is a second variant of this vulnerability involving DS records, where an authenticated DS record covering one DNSKEY leads to trust in signatures made by an unrelated DNSKEY in the same zone. Versions 0.24.3 and 0.25.0-alpha.5 fix the issue.",https://nvd.nist.gov/vuln/detail/CVE-2025-25188
CVE-2025-40775,,,,,dns,,,DNS_GENERIC,BIND 9,BIND 9=cpe,BIND 9 9.20.9,2025-05-08,git,[9.20] [CVE-2025-40775] sec: usr: Prevent assertion when processing TSIG algorithm,https://nvd.nist.gov/vuln/detail/CVE-2025-40775
CVE-2025-40777,,,,,dns,,,PRODUCT_CPE,BIND 9,BIND 9=cpe,BIND 9 9.20.11,2025-07-04,git,[9.20] [CVE-2025-40777] sec: usr: Fix a possible assertion failure when using the 'stale-answer-client-timeout 0' option,https://nvd.nist.gov/vuln/detail/CVE-2025-40777
CVE-2025-40778,,,,,dns,,,PRODUCT_CPE,BIND 9,BIND 9=cpe,BIND 9 9.18.44,2026-01-09,git,Test that positive answer cannot overwrite sibling NS RRs,https://nvd.nist.gov/vuln/detail/CVE-2025-40778
CVE-2025-40780,,,,,dns,,,PRODUCT_CPE,BIND 9,BIND 9=cpe,BIND 9 9.18.41,2025-10-18,git,[9.18] [CVE-2025-40780] sec: usr: Cache-poisoning due to weak pseudo-random number generator,https://nvd.nist.gov/vuln/detail/CVE-2025-40780
CVE-2025-59023,2026-02-09,8.2,HIGH,CWE-294,dns,,,PRODUCT_CPE,PowerDNS Recursor,PowerDNS Recursor=cpe,,,nvd-product,Crafted delegations or IP fragments can poison cached delegations in Recursor.,https://nvd.nist.gov/vuln/detail/CVE-2025-59023
CVE-2025-59024,2026-02-09,6.5,MEDIUM,CWE-345,dns,,,PRODUCT_CPE,PowerDNS Recursor,PowerDNS Recursor=cpe,,,nvd-product,Crafted delegations or IP fragments can poison cached delegations in Recursor.,https://nvd.nist.gov/vuln/detail/CVE-2025-59024
CVE-2025-59029,2025-12-09,5.3,MEDIUM,CWE-617,dns,,,DNS_GENERIC,PowerDNS Recursor,PowerDNS Recursor=cpe,,,nvd-product,"An attacker can trigger an assertion failure by requesting crafted DNS records, waiting for them to be inserted into the records cache, then send a query with qtype set to ANY.",https://nvd.nist.gov/vuln/detail/CVE-2025-59029
CVE-2025-59030,2025-12-09,7.5,HIGH,CWE-276,dns,,,PRODUCT_CPE,PowerDNS Recursor,PowerDNS Recursor=cpe,,,nvd-product,An attacker can trigger the removal of cached records by sending a NOTIFY query over TCP.,https://nvd.nist.gov/vuln/detail/CVE-2025-59030
CVE-2025-5994,2025-07-16,,,,dns,,,DNS_GENERIC,Unbound,Unbound=cpe,Unbound 1.24.0,2025-09-17,git; nvd-keyword,"A multi-vendor cache poisoning vulnerability named 'Rebirthday Attack' has been discovered in caching resolvers that support EDNS Client Subnet (ECS). Unbound is also vulnerable when compiled with ECS support, i.e., '--enable-subnet', AND configured to send ECS information along with queries to upstream name servers, i.e., at least one of the 'send-client-subnet', 'client-subnet-zone' or 'client-subnet-always-forward' options is used. Resolvers supporting ECS need to segregate outgoing queries to accommodate for different outgoing ECS information. This re-opens up resolvers to a birthday paradox attack (Rebirthday Attack) that tries to match the DNS transaction ID in order to cache non-ECS poisonous replies.",https://nvd.nist.gov/vuln/detail/CVE-2025-5994
CVE-2025-8677,2025-10-22,7.5,HIGH,,dnssec,dnskey,RFC 4034,dnskey,BIND 9,BIND 9=cpe,BIND 9 9.18.41,2025-10-18,git; nvd-keyword,"Querying for records within a specially crafted zone containing certain malformed DNSKEY records can lead to CPU exhaustion. This issue affects BIND 9 versions 9.18.0 through 9.18.39, 9.20.0 through 9.20.13, 9.21.0 through 9.21.12, 9.18.11-S1 through 9.18.39-S1, and 9.20.9-S1 through 9.20.13-S1.",https://nvd.nist.gov/vuln/detail/CVE-2025-8677
CVE-2026-0398,2026-02-09,5.3,MEDIUM,CWE-770,dns,,,DNS_GENERIC,PowerDNS Recursor,PowerDNS Recursor=cpe,,,nvd-product,Crafted zones can lead to increased resource usage and crafted CNAME chains can lead to cache poisoning in Recursor.,https://nvd.nist.gov/vuln/detail/CVE-2026-0398
CVE-2026-10723,2026-07-22,6.8,MEDIUM,,dnssec,nsec3,RFC 5155,nsec3,BIND 9,BIND 9=cpe,,,git; nvd-keyword,"BIND may accept incorrect child-zone NSEC3 records as valid, which could allow an attacker to forge authenticated NXDOMAIN responses. This issue affects BIND 9 versions 9.18.0 through 9.18.50, 9.20.0 through 9.20.24, 9.21.0 through 9.21.23, 9.11.3-S1 through 9.18.50-S1, and 9.20.9-S1 through 9.20.24-S1.",https://nvd.nist.gov/vuln/detail/CVE-2026-10723
CVE-2026-10822,2026-07-22,6.5,MEDIUM,,dnssec,dnskey,RFC 4034,dnskey,BIND 9,BIND 9=cpe,,,git; nvd-keyword,"If BIND encounters a particular invalid data structure in a DNS record, it will accept the invalid data, and may subsequently abort and exit.  BIND will first need to store a DNS record for a key (KEY, DNSKEY, etc.). That key must specify a PRIVATEDNS algorithm (253), and in the algorithm identifier, improperly give a length longer than the actual identifier data. The invalid identifier will be stored. If BIND later needs to render that record to text, it will use the invalid length during processing, leading to a consistency check failing. This issue affects BIND 9 versions 9.18.0 through 9.18.50, 9.20.0 through 9.20.24, 9.21.0 through 9.21.23, 9.18.11-S1 through 9.18.50-S1, and 9.20.9-S1 through 9.20.24-S1.",https://nvd.nist.gov/vuln/detail/CVE-2026-10822
CVE-2026-11331,,,,,dns,,,PRODUCT_CPE,BIND 9,BIND 9=cpe,,,git,[9.16] [CVE-2026-11331] sec: usr: Fix handling of rpz CNAME expansion that returns name too long,https://nvd.nist.gov/vuln/detail/CVE-2026-11331
CVE-2026-11605,2026-07-22,7.5,HIGH,,dnssec,rrsig,RFC 4035,rrsig,BIND 9,BIND 9=cpe,BIND 9 9.20.26,2026-07-20,git; nvd-keyword,"The issue is a resource exhaustion vulnerability associated with DNSSEC validation. BIND always validates all RRSIG records in an answer, even if they are not strictly needed. A query to an authoritative server/zone which returns many valid but superfluous RRSIG records causes the validator to waste disproportionate CPU time. This issue affects BIND 9 versions 9.20.0 through 9.20.24, 9.21.0 through 9.21.23, and 9.20.9-S1 through 9.20.24-S1.",https://nvd.nist.gov/vuln/detail/CVE-2026-11605
CVE-2026-11622,2026-07-22,7.5,HIGH,,dnssec,validation,RFC 4035,validation,BIND 9,BIND 9=cpe,,,git; nvd-keyword,"A DNSSEC validating resolver that is under a random subdomain attack against a DNSSEC-signed zone can suffer from runaway memory usage. The attacker needs to be able to send queries faster than the resolver can perform validation. The increased memory usage can be orders of magnitude beyond the limit configured in the `max-cache-size` parameter. This issue affects BIND 9 versions 9.11.0 through 9.18.50, 9.20.0 through 9.20.24, 9.21.0 through 9.21.23, 9.11.3-S1 through 9.18.50-S1, and 9.20.9-S1 through 9.20.24-S1.",https://nvd.nist.gov/vuln/detail/CVE-2026-11622
CVE-2026-11721,2026-07-22,7.5,HIGH,,dnssec,rrsig,RFC 4035,rrsig,BIND 9,BIND 9=cpe,BIND 9 9.21.24,2026-07-13,git; nvd-keyword,"It is possible for an attacker's zone to respond to a query with an RRSIG that has a smaller number of labels than the zone in which the RRSIG is contained. This causes `named` to produce a wildcard name for a zone that is shorter than the attacker's zone, which can result in cache poisoning. For this attack to have any effect, the resolver under attack must have set `synth-from-dnssec yes;` (which is the default). This issue affects BIND 9 versions 9.11.0 through 9.18.50, 9.20.0 through 9.20.24, 9.21.0 through 9.21.23, 9.11.3-S1 through 9.18.50-S1, and 9.20.9-S1 through 9.20.24-S1.",https://nvd.nist.gov/vuln/detail/CVE-2026-11721
CVE-2026-12244,2026-06-25,8.8,HIGH,CWE-122; CWE-190,dns,,,DNS_GENERIC,NSD,NSD=cpe,,,nvd-product,"If NSD is configured as secondary for a zone, the primary of that zone can crash NSD with an AXFR containing a DNS message with a special crafted SVCB RR with an rdata size of 65512, that let's an (uint16_t) variable that is used to allocate space needed for the RR wrap (because total size > 65535), causing a heap overflow. The attacker can perform a controlled (RCE class) head write of up to 65509 bytes",https://nvd.nist.gov/vuln/detail/CVE-2026-12244
CVE-2026-12245,2026-06-25,7.5,HIGH,CWE-416,dns,,,DNS_GENERIC,NSD,NSD=cpe,,,nvd-product,"NSD from version 4.13.0 has a heap use-after-free bug in logging errors on TLS connections, causing a crash of the server process, which can be triggered trivially by sending a DNS query over a DoT connection, and closing the connection without reading the response.",https://nvd.nist.gov/vuln/detail/CVE-2026-12245
CVE-2026-12246,2026-06-25,8.1,HIGH,CWE-120; CWE-20,dns,,,PRODUCT_CPE,NSD,NSD=cpe,,,nvd-product,"NSD version 4.14.0 introduced a bug where a specially crafted APL RR, with an adflength larger than permitted for the address family will overwrite the stack when the zone is written to disk, with a maximum of 111 attacker controlled bytes.",https://nvd.nist.gov/vuln/detail/CVE-2026-12246
CVE-2026-12490,2026-06-25,7.5,HIGH,CWE-284; CWE-306,dns,,,PRODUCT_CPE,NSD,NSD=cpe,,,nvd-product,"When a provide-xfr is given with a tls-auth-name, a secondary requesting a transfer should provide a client certificate with that name. However, no client certificate is needed when the request comes in over TLS over the regular tls-port (and not the tls-auth-port) or over over TCP over the regular port, when the other conditions of the provide-xfr rule match.",https://nvd.nist.gov/vuln/detail/CVE-2026-12490
CVE-2026-12617,,,,,dns,,,PRODUCT_CPE,BIND 9,BIND 9=cpe,,,git,Reproducer for #5946 (assertion in some CNAME/DNAME queries),https://nvd.nist.gov/vuln/detail/CVE-2026-12617
CVE-2026-12725,2026-06-22,5.9,MEDIUM,,dnssec,ds-digest,RFC 4509,ds-digest,,,,,nvd-keyword,"A heap-based buffer overflow was found in dnsmasq. When DNSSEC validation and query logging are both enabled, logging of DS or DNSKEY replies containing unsupported algorithm or digest types can cause dnsmasq to write past the end of an internal logging buffer. A remote attacker able to supply such a DNS response may crash the dnsmasq process, resulting in denial of service.",https://nvd.nist.gov/vuln/detail/CVE-2026-12725
CVE-2026-13002,2026-08-14,4.4,MEDIUM,,dnssec,dnssec-other,RFC 4033,dnssec-other,,,,,nvd-keyword,"A flow has been identified into dnssec.c library, causing an infinite loop to dnsmasq service. An attacker who controls any DNSSEC-signed zone can hang the dnsmasq process with a single crafted response, killing all DNS resolution for its clients.",https://nvd.nist.gov/vuln/detail/CVE-2026-13002
CVE-2026-13204,2026-07-22,7.5,HIGH,,dnssec,nsec3,RFC 5155,nsec3,BIND 9,BIND 9=cpe,BIND 9 9.20.26,2026-07-20,git; nvd-keyword,"If a provably insecure domain is covered by both an NSEC and NSEC3 record at the parent, and there exist an RRSIG for only one of these types, then BIND may exit unexpectedly with an assertion while validating this proof. This issue affects BIND 9 versions 9.11.0 through 9.18.50, 9.20.0 through 9.20.24, 9.21.0 through 9.21.23, 9.11.3-S1 through 9.18.50-S1, and 9.20.9-S1 through 9.20.24-S1.",https://nvd.nist.gov/vuln/detail/CVE-2026-13204
CVE-2026-13321,,,,,dnssec,nsec,RFC 4034,nsec,BIND 9,BIND 9=cpe,BIND 9 9.21.24,2026-07-13,git,[CVE-2026-13321] sec: usr: Fix DNSSEC validation bypass via out-of-zone NSEC Next Field,https://nvd.nist.gov/vuln/detail/CVE-2026-13321
CVE-2026-14586,,,,,dns,,,DNS_GENERIC,Unbound,Unbound=cpe,Unbound 1.25.2,2026-07-22,git,"- Fix CVE-2026-14586, Assertion in libngtcp2 when under pressure   in high concurrency DNS-over-QUIC environments. Thanks to Kunta   Chu, Kaihua Wang,",https://nvd.nist.gov/vuln/detail/CVE-2026-14586
CVE-2026-1519,2026-03-25,7.5,HIGH,CWE-606; CWE-770,dnssec,validation,RFC 4035,validation,BIND 9,BIND 9=cpe,BIND 9 9.18.47,2026-03-13,git; nvd-keyword; nvd-product,"If a BIND resolver is performing DNSSEC validation and encounters a maliciously crafted zone, the resolver may consume excessive CPU. Authoritative-only servers are generally unaffected, although there are circumstances where authoritative servers may make recursive queries (see: https://kb.isc.org/docs/why-does-my-authoritative-server-make-recursive-queries). This issue affects BIND 9 versions 9.11.0 through 9.16.50, 9.18.0 through 9.18.46, 9.20.0 through 9.20.20, 9.21.0 through 9.21.19, 9.11.3-S1 through 9.16.50-S1, 9.18.11-S1 through 9.18.46-S1, and 9.20.9-S1 through 9.20.20-S1.",https://nvd.nist.gov/vuln/detail/CVE-2026-1519
CVE-2026-18664,2026-08-26,9.1,CRITICAL,CWE-284; CWE-697,dns,,,PRODUCT_CPE,NSD,NSD=cpe,NSD 4.15.2,2026-09-02,git; nvd-product,"When ranges are used for access control (i.e. of the form 1.2.3.4-1.2.3.25), because NSD wrongly compares the IP address with the range on little endian systems, IPs that were meant to be allowed may be denied, and, IPs that were meant to be denied access could be allowed. An IPv4 address is compared with IPv4 ranges as unsigned 32 bit numbers directly with the endianness of the host, but the values to compare are in network byte order (big-endian).  With IPv6 addresses the comparison is done in 4 times a unsigned 32 bit number comparison, again with the endianness of the host where all values are actually in network bye order.",https://nvd.nist.gov/vuln/detail/CVE-2026-18664
CVE-2026-18916,2026-08-26,7.5,HIGH,CWE-191,dns,,,PRODUCT_CPE,NSD,NSD=cpe,NSD 4.15.2,2026-09-02,git; nvd-product,"Any remote client can crash a NSD serve child, by throttling the TCP receive window after a TCP query. By continuously crashing the serve childs, the remote client can denial all TCP service to this NSD instance.",https://nvd.nist.gov/vuln/detail/CVE-2026-18916
CVE-2026-19401,2026-08-26,7.5,HIGH,CWE-400; CWE-617,dns,,,DNS_GENERIC,NSD,NSD=cpe,NSD 4.15.2,2026-09-02,git; nvd-product,"Any remote client can crash a (debugging/non-release build type) NSD serve child by sending it a special crafted message with a specially tuned number of DNS Cookie options (17 when UDP payload size is 512). By continuously crashing the serve childs, the remote client can severely hamper or, when positioned sufficiently close, deny all DNS service.",https://nvd.nist.gov/vuln/detail/CVE-2026-19401
CVE-2026-19538,2026-08-26,7.5,HIGH,CWE-290; CWE-672,dns,,,PRODUCT_CPE,NSD,NSD=cpe,NSD 4.15.2,2026-09-02,git; nvd-product,The BLOCKED access control list items that are evaluated to deny access on the the proxy protocol port can be bypassed completely when connecting over TCP or TLS and sending the query twice on connection that is kept open.,https://nvd.nist.gov/vuln/detail/CVE-2026-19538
CVE-2026-22866,2026-02-25,7.5,HIGH,,dnssec,algorithm,RFC 6605/8080,algorithm,,,,,nvd-keyword,"Ethereum Name Service (ENS) is a distributed, open, and extensible naming system based on the Ethereum blockchain. In versions 1.6.2 and prior, the `RSASHA256Algorithm` and `RSASHA1Algorithm` contracts fail to validate PKCS#1 v1.5 padding structure when verifying RSA signatures. The contracts only check if the last 32 (or 20) bytes of the decrypted signature match the expected hash. This enables Bleichenbacher's 2006 signature forgery attack against DNS zones using RSA keys with low public exponents (e=3). Two ENS-supported TLDs (.cc and .name) use e=3 for their Key Signing Keys, allowing any domain under these TLDs to be fraudulently claimed on ENS without DNS ownership. Apatch was merged at commit c76c5ad0dc9de1c966443bd946fafc6351f87587. Possible workarounds include deploying the patched contracts and pointing DNSSECImpl.setAlgorithm to the deployed contract.",https://nvd.nist.gov/vuln/detail/CVE-2026-22866
CVE-2026-24027,2026-02-09,5.3,MEDIUM,CWE-294,dns,,,PRODUCT_CPE,PowerDNS Recursor,PowerDNS Recursor=cpe,,,nvd-product,Crafted zones can lead to increased incoming network traffic.,https://nvd.nist.gov/vuln/detail/CVE-2026-24027
CVE-2026-28810,2026-04-07,3.7,LOW,,dns,,,DNS_GENERIC,,,,,nvd-keyword,"Generation of Predictable Numbers or Identifiers vulnerability in Erlang/OTP kernel (inet_res, inet_db modules) allows DNS Cache Poisoning.  The built-in DNS resolver (inet_res) uses a sequential, process-global 16-bit transaction ID for UDP queries and does not implement source port randomization. Response validation relies almost entirely on this ID, making DNS cache poisoning practical for an attacker who can observe one query or predict the next ID. This conflicts with RFC 5452 recommendations for mitigating forged DNS answers.  inet_res is intended for use in trusted network environments and with trusted recursive resolvers. Earlier documentation did not clearly state this deployment assumption, which could lead users to deploy the resolver in environments where spoofed DNS responses are possible.  This vulnerability is associated with program files lib/kernel/src/inet_db.erl and lib/kernel/src/inet_res.erl.  This issue affects OTP from OTP 17.0 before OTP 28.4.2, OTP 27.3.4.10 and OTP 26.2.5.19, corresponding to kernel from 3.0 before 10.6.2, 10.2.7.4 and 9.2.4.11.",https://nvd.nist.gov/vuln/detail/CVE-2026-28810
CVE-2026-3039,2026-05-20,7.5,HIGH,CWE-770; CWE-771,dependency,,,DEPENDENCY,BIND 9,BIND 9=cpe,,,git; nvd-product,"BIND servers that are configured to use TKEY-based authentication via GSS-API tokens are vulnerable to excessive memory consumption when receiving and processing maliciously-constructed packets.  Typically these servers will be found in Active Directory integrated DNS deployments and/or Kerberos-secured DNS environments. This issue affects BIND 9 versions 9.0.0 through 9.16.50, 9.18.0 through 9.18.48, 9.20.0 through 9.20.22, 9.21.0 through 9.21.21, 9.9.3-S1 through 9.16.50-S1, 9.18.11-S1 through 9.18.48-S1, and 9.20.9-S1 through 9.20.22-S1.",https://nvd.nist.gov/vuln/detail/CVE-2026-3039
CVE-2026-3104,2026-03-25,7.5,HIGH,CWE-401; CWE-772,dnssec,dnssec-other,RFC 4033,dnssec-other,BIND 9,BIND 9=cpe,BIND 9 9.20.21,2026-03-13,git; nvd-product,"A specially crafted domain can be used to cause a memory leak in a BIND resolver simply by querying this domain. This issue affects BIND 9 versions 9.20.0 through 9.20.20, 9.21.0 through 9.21.19, and 9.20.9-S1 through 9.20.20-S1. BIND 9 versions 9.18.0 through 9.18.46 and 9.18.11-S1 through 9.18.46-S1 are NOT affected.",https://nvd.nist.gov/vuln/detail/CVE-2026-3104
CVE-2026-3119,2026-03-25,6.5,MEDIUM,CWE-617,dns,,,DNS_GENERIC,BIND 9,BIND 9=cpe,BIND 9 9.20.21,2026-03-13,git; nvd-product,"Under certain conditions, `named` may crash when processing a correctly signed query containing a TKEY record. The affected code can only be reached if an incoming request has a valid transaction signature (TSIG) from a key declared in the `named` configuration. This issue affects BIND 9 versions 9.20.0 through 9.20.20, 9.21.0 through 9.21.19, and 9.20.9-S1 through 9.20.20-S1. BIND 9 versions 9.18.0 through 9.18.46 and 9.18.11-S1 through 9.18.46-S1 are NOT affected.",https://nvd.nist.gov/vuln/detail/CVE-2026-3119
CVE-2026-32665,2026-07-22,7.5,HIGH,CWE-1284,dns,,,DNS_GENERIC,Unbound,Unbound=cpe,Unbound 1.25.2,2026-07-22,git; nvd-product,"In NLnet Labs Unbound 1.22.0 up to and including 1.25.1, when downstream DNS-over-QUIC (DoQ) is enabled, the first two bidirectional streams on a new QUIC connection (stream_id 0 and 4) bypass the per-stream 'quic-size' gate entirely, and large input buffers are allocated later, after only the 2-byte length prefix has been received from the initial streams. As a result, a remote client can make Unbound exceed the configured 'quic-size' limit with low-cost input. Using only one connection and two streams, each sending a declared 65535-byte length prefix and then holding the streams open, a client can already trivially make Unbound roughly allocate double that amount. This is a remote availability issue / memory-accounting bypass in the downstream DoQ implementation that leads to denial of service for new DoQ clients. This vulnerability needs Unbound to be compiled with DoQ support ('--with-libngtcp2') and the 'quic-port' to be configured for the listening interfaces.",https://nvd.nist.gov/vuln/detail/CVE-2026-32665
CVE-2026-32792,2026-05-20,5.3,MEDIUM,CWE-125; CWE-166,dns,,,PRODUCT_CPE,Unbound,Unbound=cpe,Unbound 1.25.1,2026-05-20,git; nvd-product,"NLnet Labs Unbound 1.6.2 up to and including version 1.25.0 has a denial of service vulnerability when compiled with DNSCrypt support ('--enable-dnscrypt'). A bad DNSCrypt query could underflow Unbound's DNSCrypt packet reading procedure that may lead to heap overflow. A malicious actor can exploit the vulnerability with a single bad DNSCrypt query that its decrypted plaintext consists entirely of '0x00' bytes and does not contain the expected '0x80' marker. Unbound would then start reading more bytes than necessary until it finds a non-'0x00' byte. Based on the underlying memory allocator and the memory layout, it could lead to heap overflow while reading followed by a crash. Likelihood of a crash is low, since it relies heavily on the underlying memory allocator and the memory layout. If the heap overflow does not happen, Unbound's later packet checks will deny the packet. Unbound 1.25.1 contains a patch with a fix to bound reading in the given buffer space.",https://nvd.nist.gov/vuln/detail/CVE-2026-32792
CVE-2026-33256,2026-04-22,5.3,MEDIUM,CWE-770,dns,,,PRODUCT_CPE,PowerDNS Recursor,PowerDNS Recursor=cpe,,,nvd-product,"An attacker can send a web request that causes unlimited memory allocation in the internal web server, leading to a denial of service. The internal web server is disabled by default.",https://nvd.nist.gov/vuln/detail/CVE-2026-33256
CVE-2026-33257,2026-04-22,5.3,MEDIUM,CWE-770,dns,,,PRODUCT_CPE,PowerDNS Authoritative; PowerDNS Recursor,PowerDNS Authoritative=cpe; PowerDNS Recursor=cpe,PowerDNS Authoritative 5.0.4,2026-04-22,git; nvd-product,"An attacker can send a web request that causes unlimited memory allocation in the internal web server, leading to a denial of service. The internal web server is disabled by default.",https://nvd.nist.gov/vuln/detail/CVE-2026-33257
CVE-2026-33258,2026-04-22,5.3,MEDIUM,CWE-770,dnssec,nsec,RFC 4034,nsec,PowerDNS Recursor,PowerDNS Recursor=cpe,,,nvd-product,By publishing and querying a crafted zone an attacker can cause allocation of large entries in the negative and aggressive NSEC(3) caches.,https://nvd.nist.gov/vuln/detail/CVE-2026-33258
CVE-2026-33259,2026-04-22,5.0,MEDIUM,CWE-416,dns,,,PRODUCT_CPE,PowerDNS Recursor,PowerDNS Recursor=cpe,,,nvd-product,"Having many concurrent transfers of the same RPZ can lead to inconsistent RPZ data, use after free and/or a crash of the recursor. Normally concurrent transfers of the same RPZ zone can only occur with a malfunctioning RPZ provider.",https://nvd.nist.gov/vuln/detail/CVE-2026-33259
CVE-2026-33260,2026-04-22,5.3,MEDIUM,CWE-770,dns,,,PRODUCT_CPE,PowerDNS Authoritative; PowerDNS Recursor,PowerDNS Authoritative=cpe; PowerDNS Recursor=cpe,PowerDNS Authoritative 5.0.4,2026-04-22,git; nvd-product,"An attacker can send a web request that causes unlimited memory allocation in the internal web server, leading to a denial of service. The internal web server is disabled by default.",https://nvd.nist.gov/vuln/detail/CVE-2026-33260
CVE-2026-33261,2026-04-22,5.9,MEDIUM,CWE-353,dnssec,nsec3,RFC 5155,nsec3,PowerDNS Recursor,PowerDNS Recursor=cpe,,,nvd-keyword; nvd-product,A zone transition from NSEC to NSEC3 might trigger an internal inconsistency and cause a denial of service.,https://nvd.nist.gov/vuln/detail/CVE-2026-33261
CVE-2026-33262,2026-04-22,5.9,MEDIUM,CWE-476,dns,,,PRODUCT_CPE,PowerDNS Recursor,PowerDNS Recursor=cpe,,,nvd-product,"An attacker can send replies that result in a null pointer dereference, caused by a missing consistency check and leading to a denial of service. Cookies are disabled by default.",https://nvd.nist.gov/vuln/detail/CVE-2026-33262
CVE-2026-33278,2026-05-20,9.8,CRITICAL,CWE-416; CWE-672,dnssec,nsec3,RFC 5155,nsec3,Unbound,Unbound=cpe,Unbound 1.26.0,2026-07-24,git; nvd-keyword; nvd-product,"NLnet Labs Unbound 1.19.1 up to and including version 1.25.0 has a vulnerability in the DNSSEC validator that enables denial of service and possible remote code execution as a result of deep copying a data structure and erroneously overwriting a destination pointer. An adversary can exploit the vulnerability by controlling a malicious signed zone and querying a vulnerable Unbound. When DS sub-queries need to suspend validation due to NSEC3 computational budget exhaustion (introduced in Unbound 1.19.1), Unbound deep-copies response messages to preserve them across memory region teardown. A struct-assignment bug overwrites the destination's pointer with the source's pointer. After the sub-query region is freed, the resumed validator dereferences this dangling pointer, triggering a crash or potentially enabling arbitrary code execution. Unbound 1.25.1 contains a patch with a fix to preserve the correct pointer when deep copying the data structure.",https://nvd.nist.gov/vuln/detail/CVE-2026-33278
CVE-2026-33600,2026-04-22,4.4,MEDIUM,CWE-476,dns,,,PRODUCT_CPE,PowerDNS Recursor,PowerDNS Recursor=cpe,,,nvd-product,"An RPZ sent by a malicious authoritative server can result in a null pointer dereference, caused by a missing consistency check and leading to a denial of service.",https://nvd.nist.gov/vuln/detail/CVE-2026-33600
CVE-2026-33601,2026-04-22,4.4,MEDIUM,CWE-476,dns,,,PRODUCT_CPE,PowerDNS Recursor,PowerDNS Recursor=cpe,,,nvd-product,"If you use the zoneToCache function with a malicious authoritative server, an attacker can send a zone that result in a null pointer dereference, caused by a missing consistency check and leading to a denial of service.",https://nvd.nist.gov/vuln/detail/CVE-2026-33601
CVE-2026-33608,,,,,dns,,,PRODUCT_CPE,PowerDNS Authoritative; PowerDNS Recursor,PowerDNS Authoritative=cpe; PowerDNS Recursor=cpe,PowerDNS Authoritative 5.1.0,2026-06-02,git,Prevent creadeSecondaryDomain from creating an invalid bind configuration.,https://nvd.nist.gov/vuln/detail/CVE-2026-33608
CVE-2026-33609,,,,,dns,,,PRODUCT_CPE,PowerDNS Authoritative; PowerDNS Recursor,PowerDNS Authoritative=cpe; PowerDNS Recursor=cpe,PowerDNS Authoritative 5.1.0,2026-06-02,git,"Rewrite the ldap escape function, and always escape network-controlled input.",https://nvd.nist.gov/vuln/detail/CVE-2026-33609
CVE-2026-33610,,,,,dns,,,PRODUCT_CPE,PowerDNS Authoritative; PowerDNS Recursor,PowerDNS Authoritative=cpe; PowerDNS Recursor=cpe,PowerDNS Authoritative 5.1.0,2026-06-02,git,Make sure to wrap the socket in a unique_ptr to close it in all cases.,https://nvd.nist.gov/vuln/detail/CVE-2026-33610
CVE-2026-33611,,,,,dns,,,PRODUCT_CPE,PowerDNS Authoritative; PowerDNS Recursor,PowerDNS Authoritative=cpe; PowerDNS Recursor=cpe,PowerDNS Authoritative 5.1.0,2026-06-02,git,Fix writer and text parser for too long alpn values.,https://nvd.nist.gov/vuln/detail/CVE-2026-33611
CVE-2026-3591,2026-03-25,5.4,MEDIUM,CWE-305; CWE-562,dns,,,DNS_GENERIC,BIND 9,BIND 9=cpe,BIND 9 9.20.21,2026-03-13,git; nvd-product,"A use-after-return vulnerability exists in the `named` server when handling DNS queries signed with SIG(0). Using a specially-crafted DNS request, an attacker may be able to cause an ACL to improperly (mis)match an IP address. In a default-allow ACL (denying only specific IP addresses), this may lead to unauthorized access. Default-deny ACLs should fail-secure. This issue affects BIND 9 versions 9.20.0 through 9.20.20, 9.21.0 through 9.21.19, and 9.20.9-S1 through 9.20.20-S1. BIND 9 versions 9.18.0 through 9.18.46 and 9.18.11-S1 through 9.18.46-S1 are NOT affected.",https://nvd.nist.gov/vuln/detail/CVE-2026-3591
CVE-2026-3592,2026-05-20,5.3,MEDIUM,CWE-408,dns,,,DNS_GENERIC,BIND 9,BIND 9=cpe,,,git; nvd-product,"BIND resolvers are vulnerable to an amplified resource consumption/exhaustion attack.  If a victim resolver makes a query to a specially crafted zone, the resolver will consume disproportionate resources. This issue affects BIND 9 versions 9.11.0 through 9.16.50, 9.18.0 through 9.18.48, 9.20.0 through 9.20.22, 9.21.0 through 9.21.21, 9.11.3-S1 through 9.16.50-S1, 9.18.11-S1 through 9.18.48-S1, and 9.20.9-S1 through 9.20.22-S1.",https://nvd.nist.gov/vuln/detail/CVE-2026-3592
CVE-2026-3593,2026-05-20,7.4,HIGH,CWE-416; CWE-825,dns,,,DNS_GENERIC,BIND 9,BIND 9=cpe,BIND 9 9.21.22,2026-05-08,git; nvd-product,"A use-after-free vulnerability exists within the DNS-over-HTTPS implementation. This issue affects BIND 9 versions 9.20.0 through 9.20.22, 9.21.0 through 9.21.21, and 9.20.9-S1 through 9.20.22-S1. BIND 9 versions 9.18.0 through 9.18.48 and 9.18.11-S1 through 9.18.48-S1 are NOT affected.",https://nvd.nist.gov/vuln/detail/CVE-2026-3593
CVE-2026-39155,2026-07-23,6.5,MEDIUM,CWE-345,dnssec,nsec,RFC 4034,nsec,Knot DNS; Knot Resolver,Knot DNS=keyword; Knot Resolver=keyword,,,nvd-product,"Knot DNS before 3.4.10 and 3.5.x before 3.5.4 contains a vulnerability in mod-onlinesign where the next NSEC owner name can be computed incorrectly. This can create an overly broad authenticated denial interval, allowing downstream validating resolvers using aggressive negative caching to synthesize negative answers for legitimate names and causing resolver-side denial of service.",https://nvd.nist.gov/vuln/detail/CVE-2026-39155
CVE-2026-40622,2026-05-20,7.5,HIGH,CWE-346,dns,,,PRODUCT_CPE,Unbound,Unbound=cpe,Unbound 1.26.0,2026-07-24,git; nvd-product,"NLnet Labs Unbound 1.16.2 up to and including version 1.25.0 has a vulnerability of the 'ghost domain names' family of attacks that could extend the ghost domain window by up to one cached TTL configured value. Similar to other 'ghost domain names' attacks, an adversary needs to control a (ghost) zone and be able to query a vulnerable Unbound. A single client NS query can cause Unbound to overwrite the cached expired parent-side referral NS rrset with the child-side apex NS rrset and essentially extend the ghost domain window by up to one cached TTL configured value ('cache-max-ttl'). In configurations where 'harden-referral-path: yes' is used (non-default configuration), no client NS query is required since Unbound implicitly performs that query. Unbound 1.25.1 contains a patch with a fix that does not allow extension of TTLs for (parent) NS records regardless of their trust.",https://nvd.nist.gov/vuln/detail/CVE-2026-40622
CVE-2026-40691,2026-07-22,7.5,HIGH,CWE-122; CWE-787,dns,,,DNS_GENERIC,Unbound,Unbound=cpe,Unbound 1.25.2,2026-07-22,git; nvd-product,"In Unbound 1.9.0 up to and including 1.25.1, when a DNSCrypt query is received over TCP, the routine that encrypts the reply in place fails to bound the reply length against the destination buffer size. The size clamp that protects the UDP path is not applied on the TCP path, so a reply larger than 65504 bytes is shifted forward by 48 bytes inside a buffer of capacity equal to 'msg-buffer-size', writing past the end of the heap allocation. A single malicious encrypted query crashes the resolver and lead to denial of service. This vulnerability needs Unbound to be compiled with DNSCrypt support ('--enable-dnscrypt') and the 'dnscrypt:' clause to be configured and enabled for the listening interfaces.",https://nvd.nist.gov/vuln/detail/CVE-2026-40691
CVE-2026-41292,2026-05-20,7.5,HIGH,CWE-1050; CWE-407; CWE-770,dns,,,DNS_GENERIC,Unbound,Unbound=cpe,Unbound 1.25.1,2026-05-20,git; nvd-product,NLnet Labs Unbound up to and including version 1.25.0 is vulnerable to a degradation of service attack related to parsing long lists of incoming EDNS options. An adversary sending queries with too many EDNS options can hold Unbound threads hostage while they are parsing and creating internal data structures for the options. Coordinated attacks can result in degradation and/or denial of service. Unbound 1.25.1 contains a patch with a fix to limit acceptable incoming EDNS options (100).,https://nvd.nist.gov/vuln/detail/CVE-2026-41292
CVE-2026-41637,2026-07-22,3.7,LOW,CWE-772,dns,,,DNS_GENERIC,Unbound,Unbound=cpe,Unbound 1.25.2,2026-07-22,git; nvd-product,"In NLnet Labs Unbound 1.22.0 up to and including 1.25.1, client terminated DNS-over-QUIC (DoQ) queries are not accounted properly by Unbound resulting in low-cost inflation of the waiting number of replies for already in-flight resolution queries. This results in degradation of resolution service for new clients for already in-flight queries. A malicious actor can exploit the vulnerability by issuing DoQ queries for query names that need resolution and proceeding on immediately terminating the query by one of STOP_SENDING/RESET_STREAM/CONNECTION_CLOSE QUIC frames. Those terminated DoQ queries are not properly counted for and keep inflating the number of waiting replies for in-flight queries. When the maximum is reached, it results in silent query drops for new clients needing resolution for already in-flight queries. This vulnerability needs Unbound to be compiled with DoQ support ('--with-libngtcp2') and the 'quic-port' to be configured for the listening interfaces. Additionally, a malicious actor needs access to multiple source IPs to bypass the by-default configured 'wait-limit' option.",https://nvd.nist.gov/vuln/detail/CVE-2026-41637
CVE-2026-42254,2026-04-26,4.0,MEDIUM,,dns,,,DNS_GENERIC,,,,,nvd-keyword,Hickory DNS hickory-recursor 0.1 through 0.25.2 allows cross-zone poisoning because cached data is not directly associated with a query that triggered a response.,https://nvd.nist.gov/vuln/detail/CVE-2026-42254
CVE-2026-42534,2026-05-20,5.3,MEDIUM,CWE-440; CWE-911,dns,,,PRODUCT_CPE,Unbound,Unbound=cpe,Unbound 1.25.1,2026-05-20,git; nvd-product,"NLnet Labs Unbound up to and including version 1.25.0 has a vulnerability in the jostle logic that could defeat its purpose and degrade resolution performance. Retransmits of the same query could renew the age of slow running queries and not allow the jostle logic to see them as aged and potential targets for replacement with new queries. An adversary who can query a vulnerable Unbound and who can control a domain name server that replies slowly and/or maliciously to Unbound's queries can exploit the vulnerability and degrade the resolution performance of Unbound. When Unbound's 'num-queries-per-thread' reaches its limit, the jostle logic kicks in. When a new query comes in, half of the available queries that are also slow to resolve are candidates for replacement. The vulnerability then happens because duplicate queries that need resolution would skew the aging result by using the timestamp of the latest duplicate query instead of the original one that started the resolution effort. Cache and local data response performance remains unaffected. Coordinated attacks could raise this to a denial of resolution service. Unbound 1.25.1 contains a patch with a fix to attach an initial, non-updatable start time for incoming queries that allow the jostle logic to work as intended.",https://nvd.nist.gov/vuln/detail/CVE-2026-42534
CVE-2026-42923,2026-05-20,5.3,MEDIUM,CWE-407,dnssec,nsec3,RFC 5155,nsec3,Unbound,Unbound=cpe,Unbound 1.25.1,2026-05-20,git; nvd-keyword; nvd-product,"NLnet Labs Unbound up to and including version 1.25.0 has a vulnerability in the DNSSEC validator where the code path to consult the negative cache for DS records does not take into account the limit on NSEC3 hash calculations introduced in 1.19.1. This leads to degradation of service during the attack. An adversary that controls a DNSSEC signed zone can exploit this by signing NSEC3 records with acceptably high iterations for child delegations and querying a vulnerable Unbound. Unbound will keep performing the allowed hash calculations on the NSEC3 records and will not limit the work by the mitigation introduced in 1.19.1. As a side effect, a global lock for the negative cache will be held for the duration of the hashing, blocking other threads that need to consult the negative cache. Coordinated attacks could raise the vulnerability to denial of service. Unbound 1.25.1 contains a patch with a fix to bound the vulnerable code path with the existing limit for NSEC3 hash calculations.",https://nvd.nist.gov/vuln/detail/CVE-2026-42923
CVE-2026-42944,2026-05-20,7.5,HIGH,CWE-131; CWE-197; CWE-787,dns,,,DNS_GENERIC,Unbound,Unbound=cpe,Unbound 1.26.0,2026-07-24,git; nvd-product,"NLnet Labs Unbound 1.14.0 up to and including version 1.25.0 has a vulnerability that results in heap overflow when encoding multiple NSID and/or DNS Cookie EDNS and/or EDNS Padding options in the reply packet. The relevant options ('nsid', 'answer-cookie', 'pad-responses' (default)) need to be enabled for the vulnerability to be exploited. An adversary who can query Unbound can exploit the vulnerability by attaching multiple NSID and/or DNS Cookie EDNS and/or EDNS Padding options to the query. A flaw in the size calculation of the EDNS field truncates the correct value which allows the encoder to overflow the available space when writing. Those two combined lead to a heap overflow write of Unbound controlled data and eventually a crash. Unbound 1.25.1 contains a patch with a fix to de-duplicate the EDNS options and a fix to prevent truncation of the EDNS field size calculation.",https://nvd.nist.gov/vuln/detail/CVE-2026-42944
CVE-2026-42955,2026-07-22,3.7,LOW,CWE-672,dns,,,PRODUCT_CPE,Unbound,Unbound=cpe,Unbound 1.26.0,2026-07-24,git; nvd-product,"In NLnet Labs Unbound 1.16.2 up to and including 1.25.1, a similar vulnerability as with CVE-2026-40622 in the 'ghost domain names' family of attacks was found in Unbound that could extend the ghost domain window by up to one cached TTL configured value for A/AAAA glue records. Similar to other 'ghost domain names' attacks, an adversary needs to control a (ghost) zone and be able to query a vulnerable Unbound. A single client A/AAAA query can cause Unbound to overwrite the cached expired parent-side glue rrset and essentially extend the ghost domain window by up to one cached TTL configured value ('cache-max-ttl'). In configurations where 'harden-referral-path: yes' is used (non-default configuration), no client query is required since Unbound implicitly performs that query. This is a variant of CVE-2026-40622 which only addressed the NS query.",https://nvd.nist.gov/vuln/detail/CVE-2026-42955
CVE-2026-42959,2026-05-20,7.5,HIGH,CWE-824,dnssec,validation,RFC 4035,validation,Unbound,Unbound=cpe,Unbound 1.26.0,2026-07-24,git; nvd-keyword; nvd-product,"NLnet Labs Unbound up to and including version 1.25.0 has a denial of service vulnerability in the DNSSEC validator that can lead to a crash given malicious upstream replies. When Unbound constructs chase-reply messages for validation, the code uses the wrong counter to calculate write offsets for ADDITIONAL section rrsets. DNAME duplication could increase the ANSWER section count and authority filtering could decrease the AUTHORITY section count and create an uninitialized array slot. Combining these two, the validator later dereferences this uninitialized pointer, causing an immediate process crash. An adversary controlling a DNSSEC-signed domain can trigger this bug with a single query by configuring a DNAME chain with unsigned CNAMEs and a response containing unsigned AUTHORITY records alongside signed ADDITIONAL glue records. Unbound 1.25.1 contains a patch with a fix to use the proper counters to calculate the write offsets.",https://nvd.nist.gov/vuln/detail/CVE-2026-42959
CVE-2026-42960,2026-05-20,10.0,CRITICAL,CWE-349,dns,,,DNS_GENERIC,Unbound,Unbound=cpe,Unbound 1.26.0,2026-07-24,git; nvd-keyword; nvd-product,"NLnet Labs Unbound up to and including version 1.25.0 is vulnerable to poisoning via promiscuous records for the authority section. Promiscuous RRSets that complement DNS replies in the authority section can be used to trick Unbound to cache such records. If an adversary is able to attach such records in a reply (i.e., spoofed packet, fragmentation attack) he would be able to poison Unbound's cache. A malicious actor can exploit the possible poisonous effect by injecting RRSets other than NS that are also accompanied by address records in a reply, for example MX. This could be achieved by trying to spoof a reply packet or fragmentation attacks. Unbound would then accept the relative address records in the additional section and cache them if the authority RRSet has enough trust at this point, i.e., in-zone data for the delegation point. Unbound 1.25.1 contains a patch with a fix that disregards address records from the additional section if they are not explicitly relevant only to authority NS records, mitigating the possible poison effect. This is a complement fix to CVE-2025-11411.",https://nvd.nist.gov/vuln/detail/CVE-2026-42960
CVE-2026-44390,2026-05-20,5.3,MEDIUM,CWE-1050; CWE-407,dns,,,PRODUCT_CPE,Unbound,Unbound=cpe,Unbound 1.26.0,2026-07-24,git; nvd-product,NLnet Labs Unbound up to and including version 1.25.0 has a vulnerability when handling replies with very large RRsets that Unbound needs to perform name compression for. Malicious upstream responses with very large RRsets with records that don't share a suffix above the root can cause Unbound to spend a considerable time applying name compression to downstream replies. This can lead to degraded performance and eventually denial of service in well orchestrated attacks. An adversary can exploit the vulnerability by querying Unbound for the specially crafted contents of a malicious zone with very large RRsets. Before Unbound replies to the query it will try to apply name compression which was an unbounded operation that could lock the CPU until the whole packet was complete. A compression limit was introduced in 1.21.1 for this but it didn't account for the case where records would not share any suffix above the root. That causes Unbound to go in a different code path because of the compression tree lookup failure and eventually not increment the compression counter for those operations. Unbound 1.25.1 contains a patch with a fix that increments the compression counter regardless of the compression tree lookup. This is a complement fix to CVE-2024-8508.,https://nvd.nist.gov/vuln/detail/CVE-2026-44390
CVE-2026-44608,2026-05-20,5.9,MEDIUM,CWE-413,dns,,,PRODUCT_CPE,Unbound,Unbound=cpe,Unbound 1.25.1,2026-05-20,git; nvd-product,"NLnet Labs Unbound 1.14.0 up to and including version 1.25.0 has a locking inconsistency vulnerability that when certain conditions are met (multi-threaded, RPZ XFR reload, RPZ zone with 'rpz-nsip'/'rpz-nsdname' triggers) it could result in heap use-after-free and eventual crash. An adversary can exploit the vulnerability if conditions are first met on a vulnerable Unbound, i.e., multi-threaded, an RPZ zone with 'rpz-nsip'/'rpz-nsdname' triggers and an ongoing XFR for that RPZ zone. Local RPZ files do not trigger the vulnerability. If the timing is right and an XFR happens at the same time another thread needs to read that RPZ zone, the reader may not hold the lock long enough and the thread applying the XFR may free objects that the reader is about to walk causing the use-after-free. Unbound 1.25.1 contains a patch with a fix to the locking code.",https://nvd.nist.gov/vuln/detail/CVE-2026-44608
CVE-2026-44621,2026-07-22,5.9,MEDIUM,CWE-754,dns,,,PRODUCT_CPE,Unbound,Unbound=cpe,Unbound 1.25.2,2026-07-22,git; nvd-product,"With NLnet Labs Unbound up to and including version 1.25.1, applications using libunbound and configured with 'unwanted-reply-threshold', could eventually be abruptly terminated if the threshold is reached and libunbound needs to call 'libworker_alloc_cleanup' since the function is absent from the function call allow list. When an application using libunbound sets 'unwanted-reply-threshold' to any non-zero value and the iterator queries an authoritative that replies with enough wrong-transaction-ID UDP datagrams to cross the threshold, the 'libworker_alloc_cleanup' will eventually be called. Since the function is absent from the function call allow list, this leads to a fatal exit of libunbound and eventual termination of the embedding application.Unbound itself is not affected since its relevant function 'worker_alloc_cleanup' is registed in the allow list and proceeds to perform the documented cache flush.",https://nvd.nist.gov/vuln/detail/CVE-2026-44621
CVE-2026-44687,2026-07-22,3.7,LOW,CWE-193,dnssec,dnssec-other,RFC 4033,dnssec-other,Unbound,Unbound=cpe,Unbound 1.26.0,2026-07-24,git; nvd-keyword; nvd-product,"In NLnet Labs Unbound 1.13.2 up to and including 1.25.1, stub or forward zones where the name is below an intermediate labed below a DNSSEC signed zone could be shadowed by the intermediate label's secure NXDOMAIN answer from the parent. This is caused by an off-by-one error in 'harden-below-nxdomain' logic; enabled by default. It effectively bypasses the configuration and the configured stub/forward zone is never contacted. 'harden-below-nxdomain' does an upward DNS cache walk together with a delegation point guard that does not allow NXDOMAIN synthesis above stub/forward zones. The guard tests the domain name but before stripping a label. This results in an iteration where the domain name equals the configured stub/forward zone apex that passes the guard, strips one more label, and probes the cache at the apex's immediate public parent. If that parent has a cached DNSSEC-secure NXDOMAIN, which it will for any private namespace nested two or more labels under a signed public name, the walk returns it and the configured stub/forward upstream is never contacted. This can only be triggered by the query for the intermediate label (between the stub/forward apex and the DNSSEC parent zone).",https://nvd.nist.gov/vuln/detail/CVE-2026-44687
CVE-2026-44690,2026-07-22,7.5,HIGH,CWE-345,dnssec,nsec,RFC 4034,nsec,Unbound,Unbound=cpe,Unbound 1.26.0,2026-07-24,git; nvd-keyword; nvd-product,"In NLnet Labs Unbound 1.7.0 up to and including 1.25.1, insufficient validation of the RRSIG.Labels field combined with premature cache writes during RFC 8198 aggressive NSEC processing leads to cache poisoning that permits a malicious actor controlling a single delegated zone to poison arbitrary sibling zones under NSEC-signed parent domains. A malicious actor with one registered domain under an NSEC-signed TLD can serve malicious insecure DNS responses for unrelated sibling domains (sharing the same parent zone). Arbitrary delegations that do not exist under the parent domain and are covered by the parent's NSEC chain can be brought into insecure existence by fraudulent wildcard DS records (less labels than expected, unknown algorithm) from the malicious sibling domain. This allows the malicious actor to inject insecure wildcard records for those delegations.",https://nvd.nist.gov/vuln/detail/CVE-2026-44690
CVE-2026-45557,2026-05-19,5.8,MEDIUM,,dnssec,dnskey,RFC 4034,dnskey,,,,,nvd-keyword,Technitium DNS Server aggressively tries to fetch missing RRSIG records or mismatched DNSKEY records. An attacker in control of a domain can cause a vulnerable system to generate excessive network traffic. Fixed in 15.0.,https://nvd.nist.gov/vuln/detail/CVE-2026-45557
CVE-2026-45673,2026-06-12,6.8,MEDIUM,,dns,,,DNS_GENERIC,,,,,nvd-keyword,"Netty is a network application framework for development of protocol servers and clients. Prior to versions 4.1.135.Final and 4.2.15.Final, Netty's DNS resolver uses a predictable PRNG for generating DNS transaction IDs and defaults to a static UDP source port. This combination reduces the entropy of DNS queries, enabling DNS Cache Poisoning (Kaminsky attack). Versions 4.1.135.Final and 4.2.15.Final patch the issue.",https://nvd.nist.gov/vuln/detail/CVE-2026-45673
CVE-2026-46582,2026-07-22,3.7,LOW,CWE-358,dnssec,nsec,RFC 4034,nsec,Unbound,Unbound=cpe,Unbound 1.26.0,2026-07-24,git; nvd-keyword; nvd-product,"In NLnet Labs Unbound 1.6.0 up to and including 1.25.1, a replay of a wildcard rrset as another piece of data, could be briefly considered DNSSEC secure based only on the RRSIG validation and stored into cache, before later validation treats it as bogus based on NSEC validation. When the resolving thread puts secure on the rrset, and another thread that is on the serve expired path then picks up the updated rrset contents with the secure status for a reply, it can be used to change a specific record, next to a wildcard that could be covered by the wildcard, into the wildcard. A malicious actor can exploit the possible poisonous effect by having any DNSSEC-singed domain (irrelevant to the victim domain) and a CNAME wrapper record that points to a record next to a wildcard (that could be covered by the wildcard). Then quering Unbound for the wildcard sibling record would seed the secure message. A later (after expiry) query for the CNAME wrapper would need to resolve the target sibling record. If the wildcard replay is injected into the response, the wildcard rrset will update the expired sibling record with a secure status before completing proper wildcard validation with NSEC records and eventually treating the CNAME wrapper answer as bogus. The updated poisoned rrset is now secure and points to the wildcard. This vulnerability is explicit for the serve expired path and needs injection of the signed wildcard rrset without the NSEC accompanying rrset.",https://nvd.nist.gov/vuln/detail/CVE-2026-46582
CVE-2026-47691,2026-06-12,8.7,HIGH,,dns,,,DNS_GENERIC,,,,,nvd-keyword,"Netty is a network application framework for development of protocol servers and clients. Prior to versions 4.1.135.Final and 4.2.15.Final, Netty's `DnsResolveContext` insufficiently validates the bailiwick of NS records, enabling DNS Cache Poisoning. An attacker controlling an authoritative name server for a subdomain can poison the cache for parent domains (like `.co.uk`). In `io.netty.resolver.dns.DnsResolveContext.AuthoritativeNameServerList#add` method accepts any NS record from the AUTHORITY section as long as the record's name is a suffix of the questionName. Subsequently, the `handleWithAdditional` method caches the associated A records from the ADDITIONAL section directly into the `authoritativeDnsServerCache` under the parent domain's key. This bypasses standard bailiwick rules, where a server authoritative for a subdomain should not be trusted to provide authoritative records for its parent. The poisoned cache is then used for all future resolutions under the parent domain's key. Versions 4.1.135.Final and 4.2.15.Final patch the issue.",https://nvd.nist.gov/vuln/detail/CVE-2026-47691
CVE-2026-4890,2026-05-11,7.5,HIGH,,dnssec,validation,RFC 4035,validation,,,,,nvd-keyword,A Denial of Service (DoS) vulnerability in the DNSSEC validation of dnsmasq allows remote attackers to cause a denial of service via a crafted DNS packet.,https://nvd.nist.gov/vuln/detail/CVE-2026-4890
CVE-2026-4891,2026-05-11,5.3,MEDIUM,,dnssec,validation,RFC 4035,validation,,,,,nvd-keyword,A heap-based out-of-bounds read vulnerability in the DNSSEC validation of dnsmasq allows remote attackers to cause a denial of service via a crafted DNS packet.,https://nvd.nist.gov/vuln/detail/CVE-2026-4891
CVE-2026-49975,,,,,dependency,,,DEPENDENCY,PowerDNS Authoritative; PowerDNS Recursor,PowerDNS Authoritative=cpe; PowerDNS Recursor=cpe,,,git,Merge pull request #17669 from rgacogne/ddist19-h2o-2.2.6-pdns4,https://nvd.nist.gov/vuln/detail/CVE-2026-49975
CVE-2026-50045,2026-07-22,5.3,MEDIUM,CWE-406,dnssec,dnssec-other,RFC 4033,dnssec-other,Unbound,Unbound=cpe,Unbound 1.26.0,2026-07-24,git; nvd-keyword; nvd-product,"In NLnet Labs Unbound 1.22.0 up to and including 1.25.1, a single client query for a deeply nested name under a DNSSEC-signed parent can cause Unbound to send more upstream packets per client query than the configured 'max-global-quota'. This effectively bypasses a security configuration that limits upstream amplification traffic.",https://nvd.nist.gov/vuln/detail/CVE-2026-50045
CVE-2026-50046,2026-07-22,5.9,MEDIUM,CWE-416,dns,,,DNS_GENERIC,Unbound,Unbound=cpe,Unbound 1.25.2,2026-07-22,git; nvd-product,"In NLnet Labs Unbound 1.15.0 up to and including 1.25.1, the TLS server name used for DNS-over-TLS (DoT) forwarded queries is tied to a struct's ('serviced_query') lifetime but also referenced by another struct ('waiting_tcp'). When the owning struct is jostled out of the mesh while the DoT TCP stream is still handshaking it frees the storage behind the referenced string and if the TLS stream then errors out, it dereferences the freed pointer. The dereference is read-only and the practical impact is a daemon crash resulting in denial of service. A malicious actor that knows a DoT forwarding/stub Unbound's configuration could exploit the vulnerability by quering records in the appropriate zone while keeping Unbound uder pressure so that the jostle logic kicks in. If answers for the vulnerable zone are slow, the likelihood of jostling such queries is higher, although the timing of the jostle needs to be precise. Requirements for a vulnerable Unbound is the existence of a stub/forward zone configured for DoT together with a configured '#authname' suffix on the server identification. The connectivity to the server needs to exhibit a transient failure at the correct time in order to kick off the vulnerable error path.",https://nvd.nist.gov/vuln/detail/CVE-2026-50046
CVE-2026-50243,2026-07-22,3.7,LOW,CWE-348,dnssec,rrsig,RFC 4035,rrsig,Unbound,Unbound=cpe,Unbound 1.26.0,2026-07-24,git; nvd-keyword; nvd-product,"In NLnet Labs Unbound 1.6.2 up to and including 1.25.1, when Unbound is configured with the 'respip' module in front of the validator together with a 'response-ip' redirect rule or an RPZ file with an RPZ-IP trigger, the rewriting handler does not check the security status of the upstream answer and can instead rewrite a BOGUS A/AAAA answer to point to an operator's configured IP. If the validator finds an expired or otherwise invalid RRSIG on an answer whose A record falls within a 'response-ip'/RPZ configuration, the answer is still rewritten and given a hard coded security level of INSECURE. This results in the client receiving an INSECURE NOERROR reply rewritten by the operator's configured IP. A malicious actor can exploit the possible poisonous effect by spoofing a BOGUS A/AAAA answer that falls inside the operator's configured subnet rewrites. Such DNSSEC protected answers are then insecurely redirected to the operator's configured target.",https://nvd.nist.gov/vuln/detail/CVE-2026-50243
CVE-2026-50248,2026-07-22,6.5,MEDIUM,CWE-345,dnssec,rrsig,RFC 4035,rrsig,Unbound,Unbound=cpe,Unbound 1.26.0,2026-07-24,git; nvd-keyword; nvd-product,"In NLnet Labs Unbound 1.7.0 up to and including 1.25.1, when an auth/rpz zone has a configured primary hostname that resolves to BOGUS A/AAAA, it is still considered as a possible XFR endpoint. A malicious actor that can spoof the hostname's A/AAAA record (no valid RRSIG required) becomes the zone's XFR primary and can replaces the entire zone/the resolver's entire response policy.",https://nvd.nist.gov/vuln/detail/CVE-2026-50248
CVE-2026-50251,2026-07-22,5.3,MEDIUM,CWE-184,dns,,,DNS_GENERIC,Unbound,Unbound=cpe,Unbound 1.25.2,2026-07-22,git; nvd-product,"In NLnet Labs Unbound up to and including version 1.25.1, when 'unwanted-reply-threshold' is enabled (set to any value greater than zero), glue records of 0.0.0.0/::0 can short-circuit Unbound, on systems that can direct such traffic, by issuing DNS queries and receiving seemingly unwanted replies since the remote IP does not match the original source IP of 0.0.0.0/::0. This behavior keeps on looping for the glue records and pushing the counter to the configured 'unwanted-reply-threshold' that triggers a defensive cache clear. A malicious actor who controls a delegation that returns in-bailiwick glue of 0.0.0.0/::0 can drive the counter to the limit of 'unwanted-reply-threshold' to the threshold and trigger a cache clean of the message and rrset caches; at will, indefinitely, without sending a single spoofed packet. The iterator uses the 0.0.0.0/::0 glue, and a system that can route this (e.g., Linux kernel routes the datagram over loopback), Unbound's own listener answers from 127.0.0.1. Because of the mismatch of 0.0.0.0 and 127.0.0.1, in this example, Unbound accounts the reply as an unwanted (probably spoofed) answer. The counter resets to zero on every cache flush, so the attack loops forever.",https://nvd.nist.gov/vuln/detail/CVE-2026-50251
CVE-2026-50252,2026-07-22,9.3,CRITICAL,CWE-349,dns,,,DNS_GENERIC,Unbound,Unbound=cpe,Unbound 1.25.2,2026-07-22,git; nvd-keyword; nvd-product,"In NLnet Labs Unbound 1.4.22 up to and including 1.25.1, UDP source port is randomized and intended to serve as a secret value that increases the entropy of DNS transactions. When resolver load balancing policies depend on the source port while their outcome is revealed this secrecy is undermined. The vulnerability arises when the load balancing policy is consistent with respect to the incoming source UDP port and IP address while heavily depending on the incoming source UDP port as a randomization source. When the SO_REUSEPORT configuration option is enabled ('so-reuseport: yes') in Unbound (by default), it meets these conditions, making it vulnerable for DNS cache poisoning attacks. Upon startup, Unbound randomly partitions the available UDP source port space into disjoint subsets of (almost) equal size, assigning each subset to a specific worker thread. When an incoming DNS query is received, the kernel’s SO_REUSEPORT load balancing mechanism deterministically assigns the query to a socket associated with a particular thread. All outgoing DNS queries generated during the resolution of that request use source ports selected exclusively from the port subset assigned to the corresponding thread. Since these port subsets are disjoint across threads, the source port observed in a resolver’s outgoing query to an authoritative name server serves as a reliable indicator of the worker thread that processed the original client query. A malicious actor can acquire the mapping between incoming UDP source ports (for a given fixed source IP address) and Unbound worker threads and leverage it to conduct DNS cache poisoning attacks by effectively lowering the random port population per thread.",https://nvd.nist.gov/vuln/detail/CVE-2026-50252
CVE-2026-52686,2026-07-23,3.7,LOW,,dnssec,nsec3,RFC 5155,nsec3,,,,,nvd-keyword,The issue is a DNSSEC validation bypass where wildcard expansion proofs (NSEC/NSEC3 records) are accepted without signature validation when the wildcard answer is a CNAME or DNAME record.,https://nvd.nist.gov/vuln/detail/CVE-2026-52686
CVE-2026-52688,2026-07-23,7.5,HIGH,,dnssec,validation,RFC 4035,validation,,,,,nvd-keyword,RRSIGs with too few labels can lead to bypass of DNSSEC wildcard validation,https://nvd.nist.gov/vuln/detail/CVE-2026-52688
CVE-2026-52690,2026-06-25,5.9,MEDIUM,,dnssec,dnssec-other,RFC 4033,dnssec-other,,,,,nvd-keyword,"Spoofing replies to Recursor might mark an IP of an authoritative server as not supporting EDNS, causing valdiation of DNSSEC records served by that server to fail.",https://nvd.nist.gov/vuln/detail/CVE-2026-52690
CVE-2026-52863,2026-07-22,5.9,MEDIUM,CWE-416,dns,,,PRODUCT_CPE,Unbound,Unbound=cpe,Unbound 1.25.2,2026-07-22,git; nvd-product,"In NLnet Labs Unbound 1.25.0 up to and including 1.25.1, a fix that makes the 'respip' and 'dns64' modules work together, creates a shallow copy of the view name in effect that could lead to memory corruption if the owner of the original view name is jostled out when Unbound is under pressure. Unbound needs to be configured with one of 'respip'/'rpz' modules, together with a module that can attach subqueries (respip CNAME redirection, dns64, subnetcache) and a configured 'access-control-view' while Unbound is under pressure so that joslte logic kicks in and starts dropping slow queries. The subquery is getting a shallow copy of the view name and if the super query which owns the view name is jostled out, memory corruption can occur. Likelihood of a crash is low, since it relies heavily on the underlying memory allocator and the memory layout. Debug memory builds (e.g., ASAN) that catch the free terminate the server.",https://nvd.nist.gov/vuln/detail/CVE-2026-52863
CVE-2026-54478,2026-07-22,3.7,LOW,CWE-290,dns,,,DNS_GENERIC,Unbound,Unbound=cpe,Unbound 1.25.2,2026-07-22,git; nvd-product,"In NLnet Labs Unbound 1.18.0 up to and including 1.25.1, when Unbound listens on a 'proxy-protocol-port' interface with 'answer-cookie: yes', the RFC 9018 server-cookie SipHash is computed over the proxy's wire address instead of the PROXYv2-declared client. One server cookie obtained through a given proxy node therefore validates for every PROXYv2-declared source behind that node. On a UDP+proxy-protocol front, an off-path attacker can harvest one cookie with a single legitimate query, then replay it under any spoofed source and pass DNS Cookie checks that were deployed to defeat this in the first place.",https://nvd.nist.gov/vuln/detail/CVE-2026-54478
CVE-2026-55708,2026-07-22,3.1,LOW,CWE-1188,dns,,,DNS_GENERIC,Unbound,Unbound=cpe,Unbound 1.25.2,2026-07-22,git; nvd-product,"In NLnet Labs Unbound 1.6.0 up to and including 1.25.1, the 'view_local_data' and 'view_local_datas' commands of 'unbound-control' create a bare local zones tree for an already configured named view when the view is configured with no local data to begin with. However, the creation through the control interface omits adding the default-protected zones (e.g., RFC 1918 reverse, AS112 zones, .onion, .localhost). Once the local zone tree exists without the defaults, every query for a default-protected name from a client mapped to that view escapes to the public DNS via the iterator instead of being answered locally, bypassing local policy expectations.",https://nvd.nist.gov/vuln/detail/CVE-2026-55708
CVE-2026-55717,2026-07-22,5.9,MEDIUM,CWE-476,dns,,,PRODUCT_CPE,Unbound,Unbound=cpe,Unbound 1.26.0,2026-07-24,git; nvd-product,"In NLnet Labs Unbound 1.10.0 up to and including 1.25.1, when 'serve-expired: yes' is set together with a 'response-ip: <net> redirect' /'response-ip-data: <net> CNAME <target>' rule (or the RPZ 'rpz-cname-override' equivalent), a remote client who controls any delegated domain can crash the daemon. The serve-expired-client-timeout callback runs a two-pass loop to chase the respip-generated CNAME alias; on the second pass it resets 'alias_rrset' but not 'partial_rep'. Later, this inconsistency leads to a NULL pointer dereference and an eventual crash. A malicious actor can exploit the vulnerability by controlling any zone that replies with an A/AAAA record that falls inside the configured response-ip/rpz subnet. By delaying the answer when the previous record has expired, the vulnerable path of 'serve-expired-client-timeout' is taken leading to denial of service via the server crash.",https://nvd.nist.gov/vuln/detail/CVE-2026-55717
CVE-2026-55973,2026-07-22,7.5,HIGH,CWE-20,dns,,,DNS_GENERIC,Unbound,Unbound=cpe,Unbound 1.26.0,2026-07-24,git; nvd-product,"In NLnet Labs Unbound 1.23.0 up to and including 1.25.1, when 'dns-error-reporting: yes' is set, the EDNS Report-Channel option (code 18) from the last upstream response is read and uses the option's length as the length of the agent domain. When a domain name check is performed on the agent domain, the returned lenght is not used and if the agent domain is followed by garbage, those bytes are moved onto the tail of the synthetic '_er.' report query name. That query name is later used in the iterator via a subquery to send out the DNS Error Report and when Unbound tries to walk that query name during 'find_closest_of_type()', it strips labels using the query name length rather than stopping at the embedded root, walks one byte past it, and feeds the first garbage byte to 'dname_query_hash()' as a label length writing over the stack variable 'labuf'. One ordinary upstream response from a delegated zone the attacker controls is sufficient to terminate the daemon.",https://nvd.nist.gov/vuln/detail/CVE-2026-55973
CVE-2026-55990,2026-07-22,5.9,MEDIUM,CWE-457,dns,,,PRODUCT_CPE,Unbound,Unbound=cpe,Unbound 1.25.2,2026-07-22,git; nvd-product,"In NLnet Labs Unbound 1.7.0 up to and including 1.25.1, when the 'dnscrypt:' clause lists more 'dnscrypt-provider-cert:' files than there are matching 'dnscrypt-secret-key:' files, Unbound fills only the matched prefix and leaves the tail slots at the '0xdb' fill that libsodium's allocator writes into every allocation. Unbound would then iterate over the number of cert files, not the actual slots, so it walks into a slot with garbage data filled with '0xdb' bytes. Any unauthenticated client that sends one UDP datagram of ≥ 68 bytes whose first 8 bytes are '0xdb' to 'dnscrypt-port' will use that garbage entry which leads to a garbage dereference killing the server. This is a silent faulty configuration that goes unnoticed until triggered with the right client query. Unbound needs to be compiled with DNSCrypt support ('--enable-dnscrypt').",https://nvd.nist.gov/vuln/detail/CVE-2026-55990
CVE-2026-55991,2026-07-22,5.9,MEDIUM,CWE-195,dns,,,DNS_GENERIC,Unbound,Unbound=cpe,Unbound 1.25.2,2026-07-22,git; nvd-product,"In NLnet Labs Unbound 1.22.0 up to and including 1.25.1, a remote unauthenticated client can trigger a libngtcp2 assertion (if compiled with assertions on) and terminate the entire Unbound process using a single DNS-over-QUIC (DoQ) connection and one normal DNS query. This is caused by an erroneous error value passed to libngtcp2. When 'ngtcp2_conn_writev_stream()' returns 'NGTCP2_ERR_STREAM_DATA_BLOCKED', Unbound continues to call 'ngtcp2_ccerr_set_application_error()' with a '-1' error value. The 'int' literal '-1' is implicitly converted to the function's 'uint64_t error_code' parameter as '0xFFFFFFFFFFFFFFFF'. The follow-on 'ngtcp2_conn_write_connection_close()' serialises that value as a QUIC variable-length integer; because '2^64-1' exceeds the 62-bit varint ceiling, 'ngtcp2_put_uvarintlen()' fails 'assert(n < 4611686018427387904ULL)' and the whole resolver process aborts. A remote, unauthenticated DoQ client can trigger this deterministically with a single QUIC connection by advertising 'initial_max_stream_data_bidi_local = 1' in its transport parameters and sending one DoQ query without ever reading the stream.",https://nvd.nist.gov/vuln/detail/CVE-2026-55991
CVE-2026-56416,2026-07-22,4.8,MEDIUM,CWE-354,dnssec,rrsig,RFC 4035,rrsig,Unbound,Unbound=cpe,Unbound 1.26.0,2026-07-24,git; nvd-keyword; nvd-product,"In NLnet Labs Unbound up to and including version 1.25.1, when the validator builds the canonical RDATA form for an RRSIG-covered PX/RP/MINFO/SOA RRset, it computes the address of the second embedded domain name as 'datstart + dname_valid(datstart, ...)' and passes it straight to 'query_dname_tolower()' without checking that a second name is actually present in the RDATA. The wire-format parser accepts multi-dname RRs whose RDATA ends after the first name, so an attacker who runs a DNSSEC-signed authoritative server can deliver a record with an absent second domain name (e.g. SOA record) and cause 'query_dname_tolower()' to walk label-by-label through stale bytes in the per-worker 'env->scratch_buffer', past the end of that heap allocation if 'msg-buffer-size' has been lowered from the default. This leads to heap buffer overflow and on a release build the outcome relies heavily on the contents of the buffer tail and the adjacent heap chunk.",https://nvd.nist.gov/vuln/detail/CVE-2026-56416
CVE-2026-56444,2026-07-22,5.9,MEDIUM,CWE-772,dns,,,DNS_GENERIC,Unbound,Unbound=cpe,Unbound 1.25.2,2026-07-22,git; nvd-product,"In NLnet Labs Unbound 1.20.0 up to and including 1.25.1, when Unbound is configured with 'serve-expired: yes' and 'serve-expired-client-timeout > discard-timeout > 0' (contrary to the suggested values), the discard-timeout branch during the serve expired logic drops an aged client reply without performing the correct accounting for the number of reply addresses for the query. Other identical branches outside of serve expired perform the correct decrement. Since the counter is never decremented in such scenario, it can reach the maximum limit and new clients for duplicate in-flight queries are silently dropped resulting in degradation of resolution service. A malicious actor can exploit the vulnerability by querying the resolver for a client-controlled slow-on-demand authoritative zone that can drive the counter past the threshold. Shipped defaults for 'serve-expired-client-timeout: 1800' and 'discard-timeout: 1900' make the branch unreachable.",https://nvd.nist.gov/vuln/detail/CVE-2026-56444
CVE-2026-5946,2026-05-20,7.5,HIGH,CWE-125; CWE-1287; CWE-20; CWE-617; CWE-754; CWE-843,dns,,,DNS_GENERIC,BIND 9,BIND 9=cpe,BIND 9 9.20.26,2026-07-20,git; nvd-product,"Multiple flaws have been identified in `named` related to the handling of DNS messages whose CLASS is not Internet (`IN`) — for example, `CHAOS` or `HESIOD`, or DNS messages that specify meta-classes (`ANY` or `NONE`) in the question section. Specially crafted requests reaching the affected code paths — recursion, dynamic updates (`UPDATE`), zone change notifications (`NOTIFY`), or processing of `IN`-specific record types in non-`IN` data — can cause assertion failures in `named`. This issue affects BIND 9 versions 9.11.0 through 9.16.50, 9.18.0 through 9.18.48, 9.20.0 through 9.20.22, 9.21.0 through 9.21.21, 9.11.3-S1 through 9.16.50-S1, 9.18.11-S1 through 9.18.48-S1, and 9.20.9-S1 through 9.20.22-S1.",https://nvd.nist.gov/vuln/detail/CVE-2026-5946
CVE-2026-5947,2026-05-20,7.5,HIGH,CWE-362; CWE-367; CWE-416,dns,,,DNS_GENERIC,BIND 9,BIND 9=cpe,BIND 9 9.21.22,2026-05-08,git; nvd-product,"Undefined behavior may result due to a race condition leading to a use-after-free violation.  If BIND receives an incoming DNS message signed with SIG(0), it begins work to validate that signature.  If, during that validation, the ""recursive-clients"" limit is reached (as would occur during a query flood), and that same DNS message is discarded per the limit, there is a brief window of time while the SIG(0) validation may attempt to read the now-discarded DNS message. This issue affects BIND 9 versions 9.20.0 through 9.20.22, 9.21.0 through 9.21.21, and 9.20.9-S1 through 9.20.22-S1. BIND 9 versions 9.18.28 through 9.18.49 and 9.18.28-S1 through 9.18.49-S1 are NOT affected.",https://nvd.nist.gov/vuln/detail/CVE-2026-5947
CVE-2026-5950,2026-05-20,5.3,MEDIUM,CWE-606,dns,,,DNS_GENERIC,BIND 9,BIND 9=cpe,,,git; nvd-product,"An unbounded resend loop vulnerability exists in the BIND 9 resolver state machine during bad-server handling, enabling a remote unauthenticated attacker to cause severe resource exhaustion by sending queries that trigger specific retry conditions. This issue affects BIND 9 versions 9.18.36 through 9.18.48, 9.20.8 through 9.20.22, 9.21.7 through 9.21.21, 9.18.36-S1 through 9.18.48-S1, and 9.20.9-S1 through 9.20.22-S1.",https://nvd.nist.gov/vuln/detail/CVE-2026-5950
CVE-2026-66374,2026-07-25,8.1,HIGH,CWE-1284,dns,,,DNS_GENERIC,Knot Resolver,Knot Resolver=keyword,,,nvd-product,Knot Resolver before 6.4.1 allows remote code execution via a heap-based buffer overflow in the DoQ (DNS-over-QUIC) receive path.,https://nvd.nist.gov/vuln/detail/CVE-2026-66374
