corpus,source,month,metric,numerator,denominator,numerator_domain_days,denominator_domain_days,pct,measured_days
forward,ch,2020-05,dnskey_share,118253,1956747,1582262.0,26247429.0,6.0283,14
forward,ch,2020-06,dnskey_share,121533,1966694,3596070.0,58790195.0,6.1168,31
forward,ch,2020-07,dnskey_share,123883,1976599,3806762.0,61097007.0,6.2307,32
forward,ch,2020-08,dnskey_share,126134,1987712,3878312.0,61423942.0,6.314,32
forward,ch,2020-09,dnskey_share,128991,1998547,3825266.0,59753387.0,6.4018,31
forward,ch,2020-10,dnskey_share,131868,2007707,4043660.0,61983626.0,6.5238,32
forward,ch,2020-11,dnskey_share,134519,2019355,4005463.0,60512440.0,6.6192,31
forward,ch,2020-12,dnskey_share,137048,2028138,4210478.0,62618975.0,6.724,32
forward,ch,2021-01,dnskey_share,140506,2036797,4298438.0,62928716.0,6.8306,32
forward,ch,2021-02,dnskey_share,144033,2050299,3989231.0,57229425.0,6.9706,29
forward,ch,2021-03,dnskey_share,147278,2061348,4513309.0,63580019.0,7.0986,32
forward,ch,2021-04,dnskey_share,150024,2065840,4459649.0,61826097.0,7.2132,31
forward,ch,2021-05,dnskey_share,154190,2085940,4717503.0,64488830.0,7.3152,32
forward,ch,2021-06,dnskey_share,194737,2106793,5220383.0,62879472.0,8.3022,31
forward,ch,2021-07,dnskey_share,244269,2121476,6712921.0,65668010.0,10.2225,32
forward,ch,2021-08,dnskey_share,417160,2135089,10091082.0,65768319.0,15.3434,32
forward,ch,2021-09,dnskey_share,573504,2149403,15002339.0,64309668.0,23.3283,31
forward,ch,2021-10,dnskey_share,643717,2155854,19348986.0,66622155.0,29.0429,32
forward,ch,2021-11,dnskey_share,752844,2169795,20795477.0,65096651.0,31.9455,31
forward,ch,2021-12,dnskey_share,851003,2185349,25266237.0,67547758.0,37.405,32
forward,ch,2022-01,dnskey_share,856418,2192955,26499821.0,68026394.0,38.9552,32
forward,ch,2022-02,dnskey_share,871684,2199412,24206276.0,61425832.0,39.4073,29
forward,ch,2022-03,dnskey_share,882821,2207273,27162281.0,68132433.0,39.8669,32
forward,ch,2022-04,dnskey_share,890968,2214280,26601476.0,66285006.0,40.132,31
forward,ch,2022-05,dnskey_share,908096,2220162,27858514.0,68625477.0,40.595,32
forward,ch,2022-06,dnskey_share,976536,2220892,27933742.0,66444014.0,42.041,31
forward,ch,2022-07,dnskey_share,999104,2225590,30789359.0,68854278.0,44.7167,32
forward,ch,2022-08,dnskey_share,1001457,2232152,30941259.0,69068276.0,44.7981,32
forward,ch,2022-09,dnskey_share,1014312,2239889,30234753.0,66980407.0,45.1397,31
forward,ch,2022-10,dnskey_share,1023182,2245977,31587649.0,69567799.0,45.4056,32
forward,ch,2022-11,dnskey_share,1076616,2295238,31039179.0,67699483.0,45.8485,31
forward,ch,2022-12,dnskey_share,1125553,2312691,34250299.0,71777037.0,47.7176,32
forward,ch,2023-01,dnskey_share,1173278,2319310,35840240.0,71490196.0,50.1331,32
forward,ch,2023-02,dnskey_share,1189881,2323496,33047412.0,64907349.0,50.9147,29
forward,ch,2023-03,dnskey_share,1195246,2326775,36863015.0,71829219.0,51.3204,32
forward,ch,2023-04,dnskey_share,1199318,2331835,35916596.0,69873200.0,51.4025,31
forward,ch,2023-05,dnskey_share,1203097,2334894,37278546.0,72361290.0,51.5172,32
forward,ch,2023-06,dnskey_share,1217154,2338100,36295575.0,69970023.0,51.873,31
forward,ch,2023-07,dnskey_share,1222902,2341647,37807678.0,72565075.0,52.1018,32
forward,ch,2023-08,dnskey_share,1222787,2345084,36625136.0,70272803.0,52.1185,31
forward,ch,2023-09,dnskey_share,1230359,2349415,36798233.0,70464831.0,52.2221,31
forward,ch,2023-10,dnskey_share,1235286,2352252,38210036.0,72854259.0,52.4472,32
forward,ch,2023-11,dnskey_share,1240034,2354665,37218373.0,70710190.0,52.6351,31
forward,ch,2023-12,dnskey_share,1244739,2355587,37937127.0,71888926.0,52.7719,31
forward,ch,2020-05,ds_share,115672,1956747,1545455.0,26247429.0,5.888,14
forward,ch,2020-06,ds_share,118901,1966694,3515939.0,58790195.0,5.9805,31
forward,ch,2020-07,ds_share,121208,1976599,3724490.0,61097007.0,6.096,32
forward,ch,2020-08,ds_share,123281,1987712,3792794.0,61423942.0,6.1748,32
forward,ch,2020-09,ds_share,125911,1998547,3734060.0,59753387.0,6.2491,31
forward,ch,2020-10,ds_share,128710,2007707,3946763.0,61983626.0,6.3674,32
forward,ch,2020-11,ds_share,131188,2019355,3908359.0,60512440.0,6.4588,31
forward,ch,2020-12,ds_share,133654,2028138,4108149.0,62618975.0,6.5605,32
forward,ch,2021-01,ds_share,136870,2036797,4190342.0,62928716.0,6.6589,32
forward,ch,2021-02,ds_share,140457,2050299,3888436.0,57229425.0,6.7945,29
forward,ch,2021-03,ds_share,143682,2061348,4402327.0,63580019.0,6.9241,32
forward,ch,2021-04,ds_share,146347,2065840,4350493.0,61826097.0,7.0367,31
forward,ch,2021-05,ds_share,149958,2085940,4596582.0,64488830.0,7.1277,32
forward,ch,2021-06,ds_share,190777,2106793,4943642.0,62879472.0,7.8621,31
forward,ch,2021-07,ds_share,223184,2121476,6352717.0,65668010.0,9.674,32
forward,ch,2021-08,ds_share,412694,2135089,9844037.0,65768319.0,14.9677,32
forward,ch,2021-09,ds_share,568797,2149403,14796595.0,64309668.0,23.0084,31
forward,ch,2021-10,ds_share,638879,2155854,19201349.0,66622155.0,28.8213,32
forward,ch,2021-11,ds_share,738514,2169795,20186526.0,65096651.0,31.0101,31
forward,ch,2021-12,ds_share,819689,2185349,24453712.0,67547758.0,36.2021,32
forward,ch,2022-01,ds_share,837358,2192955,25861205.0,68026394.0,38.0164,32
forward,ch,2022-02,ds_share,850362,2199412,23633041.0,61425832.0,38.4741,29
forward,ch,2022-03,ds_share,864565,2207273,26567607.0,68132433.0,38.9941,32
forward,ch,2022-04,ds_share,872961,2214280,26075779.0,66285006.0,39.3389,31
forward,ch,2022-05,ds_share,888752,2220162,27209972.0,68625477.0,39.65,32
forward,ch,2022-06,ds_share,957793,2220892,27149635.0,66444014.0,40.8609,31
forward,ch,2022-07,ds_share,980848,2225590,30224820.0,68854278.0,43.8968,32
forward,ch,2022-08,ds_share,984524,2232152,30397184.0,69068276.0,44.0103,32
forward,ch,2022-09,ds_share,998443,2239889,29735124.0,66980407.0,44.3938,31
forward,ch,2022-10,ds_share,1011964,2245977,31144530.0,69567799.0,44.7686,32
forward,ch,2022-11,ds_share,1065391,2295238,30703458.0,67699483.0,45.3526,31
forward,ch,2022-12,ds_share,1105069,2312691,33853351.0,71777037.0,47.1646,32
forward,ch,2023-01,ds_share,1160751,2319310,35314573.0,71490196.0,49.3978,32
forward,ch,2023-02,ds_share,1179874,2323496,32699368.0,64907349.0,50.3785,29
forward,ch,2023-03,ds_share,1184862,2326775,36550059.0,71829219.0,50.8847,32
forward,ch,2023-04,ds_share,1187441,2331835,35584285.0,69873200.0,50.9269,31
forward,ch,2023-05,ds_share,1190940,2334894,36908350.0,72361290.0,51.0057,32
forward,ch,2023-06,ds_share,1199877,2338100,35755704.0,69970023.0,51.1015,31
forward,ch,2023-07,ds_share,1206487,2341647,37380772.0,72565075.0,51.5134,32
forward,ch,2023-08,ds_share,1209178,2345084,36220380.0,70272803.0,51.5425,31
forward,ch,2023-09,ds_share,1216349,2349415,36390707.0,70464831.0,51.6438,31
forward,ch,2023-10,ds_share,1221040,2352252,37768652.0,72854259.0,51.8414,32
forward,ch,2023-11,ds_share,1226543,2354665,36802915.0,70710190.0,52.0475,31
forward,ch,2023-12,ds_share,1231138,2355587,37519866.0,71888926.0,52.1914,31
forward,ch,2020-05,rrsig_names_share,332889,4088844,4453888.0,54841482.0,8.1214,14
forward,ch,2020-06,rrsig_names_share,341570,4111495,10113619.0,122883137.0,8.2303,31
forward,ch,2020-07,rrsig_names_share,347636,4129720,10692839.0,127670471.0,8.3753,32
forward,ch,2020-08,rrsig_names_share,353533,4153434,10876032.0,128344115.0,8.4741,32
forward,ch,2020-09,rrsig_names_share,361155,4176723,10715431.0,124863063.0,8.5817,31
forward,ch,2020-10,rrsig_names_share,369334,4197389,11322215.0,129553287.0,8.7394,32
forward,ch,2020-11,rrsig_names_share,376339,4221739,11213424.0,126513831.0,8.8634,31
forward,ch,2020-12,rrsig_names_share,383190,4241134,11775107.0,130980274.0,8.99,32
forward,ch,2021-01,rrsig_names_share,392542,4262916,12013244.0,131716681.0,9.1205,32
forward,ch,2021-02,rrsig_names_share,403588,4292133,11166065.0,119788154.0,9.3215,29
forward,ch,2021-03,rrsig_names_share,412901,4318721,12649859.0,133157934.0,9.4999,32
forward,ch,2021-04,rrsig_names_share,420475,4328995,12501447.0,129538240.0,9.6508,31
forward,ch,2021-05,rrsig_names_share,431770,4351848,13219247.0,134691440.0,9.8145,32
forward,ch,2021-06,rrsig_names_share,527372,4417483,14351244.0,131420098.0,10.9201,31
forward,ch,2021-07,rrsig_names_share,663355,4476854,18074545.0,137852594.0,13.1115,32
forward,ch,2021-08,rrsig_names_share,1168981,4676197,27909180.0,141307557.0,19.7507,32
forward,ch,2021-09,rrsig_names_share,1636513,4852249,42508746.0,143194543.0,29.686,31
forward,ch,2021-10,rrsig_names_share,1845698,4939433,55420400.0,152095282.0,36.4379,32
forward,ch,2021-11,rrsig_names_share,2170850,5070709,59795038.0,150422854.0,39.7513,31
forward,ch,2021-12,rrsig_names_share,2462856,5197175,73029554.0,159592008.0,45.7602,32
forward,ch,2022-01,rrsig_names_share,2478407,5218428,76691483.0,161801656.0,47.3985,32
forward,ch,2022-02,rrsig_names_share,2523287,5248111,70066058.0,146424191.0,47.8514,29
forward,ch,2022-03,rrsig_names_share,2556028,5272746,78637529.0,162678263.0,48.3393,32
forward,ch,2022-04,rrsig_names_share,2581523,5295132,77049929.0,158463917.0,48.623,31
forward,ch,2022-05,rrsig_names_share,2631045,5320808,80702917.0,164287998.0,49.1228,32
forward,ch,2022-06,rrsig_names_share,2813465,5382332,80760169.0,160183227.0,50.4174,31
forward,ch,2022-07,rrsig_names_share,2877305,5422607,88687254.0,167728640.0,52.8754,32
forward,ch,2022-08,rrsig_names_share,2883350,5437619,89097408.0,168233714.0,52.9605,32
forward,ch,2022-09,rrsig_names_share,2921486,5468567,87079642.0,163410495.0,53.2889,31
forward,ch,2022-10,rrsig_names_share,2947635,5488512,91022280.0,169922128.0,53.5671,32
forward,ch,2022-11,rrsig_names_share,3106538,5642560,89435943.0,165712566.0,53.9705,31
forward,ch,2022-12,rrsig_names_share,3249264,5719628,98854786.0,177015097.0,55.8454,32
forward,ch,2023-01,rrsig_names_share,3454574,6024627,105300794.0,184549659.0,57.0582,32
forward,ch,2023-02,rrsig_names_share,3506182,6049894,97341206.0,168856285.0,57.6474,29
forward,ch,2023-03,rrsig_names_share,3524155,6067758,108673574.0,187247362.0,58.0374,32
forward,ch,2023-04,rrsig_names_share,3536774,6082806,105911610.0,182239765.0,58.1166,31
forward,ch,2023-05,rrsig_names_share,3548531,6095745,109947642.0,188915647.0,58.1993,32
forward,ch,2023-06,rrsig_names_share,3595452,6120707,107113972.0,182990661.0,58.5352,31
forward,ch,2023-07,rrsig_names_share,3611954,6140085,111775553.0,190057315.0,58.8115,32
forward,ch,2023-08,rrsig_names_share,3622277,6148194,108489910.0,184201120.0,58.8975,31
forward,ch,2023-09,rrsig_names_share,3650145,6166618,109086370.0,184794271.0,59.0313,31
forward,ch,2023-10,rrsig_names_share,3668212,6178465,113405827.0,191304206.0,59.2804,32
forward,ch,2023-11,rrsig_names_share,3689328,6198059,110611212.0,185953986.0,59.4831,31
forward,ch,2023-12,rrsig_names_share,3715218,6216637,113110206.0,189568624.0,59.6672,31
forward,ch,2020-05,rrsig_zone_share,118078,1956747,1579795.0,26247429.0,6.0189,14
forward,ch,2020-06,rrsig_zone_share,121330,1966694,3590350.0,58790195.0,6.1071,31
forward,ch,2020-07,rrsig_zone_share,123685,1976599,3800702.0,61097007.0,6.2208,32
forward,ch,2020-08,rrsig_zone_share,125931,1987712,3872223.0,61423942.0,6.3041,32
forward,ch,2020-09,rrsig_zone_share,128787,1998547,3819140.0,59753387.0,6.3915,31
forward,ch,2020-10,rrsig_zone_share,131716,2007707,4037312.0,61983626.0,6.5135,32
forward,ch,2020-11,rrsig_zone_share,134396,2019355,4001757.0,60512440.0,6.6131,31
forward,ch,2020-12,rrsig_zone_share,136906,2028138,4206350.0,62618975.0,6.7174,32
forward,ch,2021-01,rrsig_zone_share,140376,2036797,4294120.0,62928716.0,6.8238,32
forward,ch,2021-02,rrsig_zone_share,143906,2050299,3985688.0,57229425.0,6.9644,29
forward,ch,2021-03,rrsig_zone_share,147152,2061348,4509459.0,63580019.0,7.0926,32
forward,ch,2021-04,rrsig_zone_share,149899,2065840,4455922.0,61826097.0,7.2072,31
forward,ch,2021-05,rrsig_zone_share,154063,2085940,4713599.0,64488830.0,7.3092,32
forward,ch,2021-06,rrsig_zone_share,194605,2106793,5216560.0,62879472.0,8.2961,31
forward,ch,2021-07,rrsig_zone_share,244143,2121476,6708990.0,65668010.0,10.2165,32
forward,ch,2021-08,rrsig_zone_share,417017,2135089,10087111.0,65768319.0,15.3373,32
forward,ch,2021-09,rrsig_zone_share,573376,2149403,14998244.0,64309668.0,23.3219,31
forward,ch,2021-10,rrsig_zone_share,643592,2155854,19344977.0,66622155.0,29.0369,32
forward,ch,2021-11,rrsig_zone_share,752712,2169795,20791495.0,65096651.0,31.9394,31
forward,ch,2021-12,rrsig_zone_share,850880,2185349,25261305.0,67547758.0,37.3977,32
forward,ch,2022-01,rrsig_zone_share,856296,2192955,26496169.0,68026394.0,38.9498,32
forward,ch,2022-02,rrsig_zone_share,871570,2199412,24203052.0,61425832.0,39.4021,29
forward,ch,2022-03,rrsig_zone_share,882711,2207273,27158333.0,68132433.0,39.8611,32
forward,ch,2022-04,rrsig_zone_share,890852,2214280,26598043.0,66285006.0,40.1268,31
forward,ch,2022-05,rrsig_zone_share,907959,2220162,27854694.0,68625477.0,40.5894,32
forward,ch,2022-06,rrsig_zone_share,976411,2220892,27929956.0,66444014.0,42.0353,31
forward,ch,2022-07,rrsig_zone_share,998985,2225590,30785630.0,68854278.0,44.7113,32
forward,ch,2022-08,rrsig_zone_share,1001336,2232152,30937498.0,69068276.0,44.7926,32
forward,ch,2022-09,rrsig_zone_share,1014201,2239889,30231348.0,66980407.0,45.1346,31
forward,ch,2022-10,rrsig_zone_share,1023067,2245977,31584161.0,69567799.0,45.4005,32
forward,ch,2022-11,rrsig_zone_share,1076495,2295238,31035789.0,67699483.0,45.8435,31
forward,ch,2022-12,rrsig_zone_share,1125445,2312691,34246825.0,71777037.0,47.7128,32
forward,ch,2023-01,rrsig_zone_share,1173159,2319310,35836747.0,71490196.0,50.1282,32
forward,ch,2023-02,rrsig_zone_share,1189769,2323496,33044161.0,64907349.0,50.9097,29
forward,ch,2023-03,rrsig_zone_share,1195129,2326775,36859523.0,71829219.0,51.3155,32
forward,ch,2023-04,rrsig_zone_share,1199202,2331835,35913035.0,69873200.0,51.3974,31
forward,ch,2023-05,rrsig_zone_share,1202976,2334894,37274825.0,72361290.0,51.5121,32
forward,ch,2023-06,rrsig_zone_share,1217034,2338100,36291973.0,69970023.0,51.8679,31
forward,ch,2023-07,rrsig_zone_share,1219733,2341647,37793658.0,72565075.0,52.0824,32
forward,ch,2023-08,rrsig_zone_share,1222659,2345084,36621187.0,70272803.0,52.1129,31
forward,ch,2023-09,rrsig_zone_share,1230237,2349415,36794286.0,70464831.0,52.2165,31
forward,ch,2023-10,rrsig_zone_share,1235126,2352252,38205831.0,72854259.0,52.4415,32
forward,ch,2023-11,rrsig_zone_share,1239869,2354665,37213588.0,70710190.0,52.6283,31
forward,ch,2023-12,rrsig_zone_share,1244584,2355587,37932442.0,71888926.0,52.7653,31
forward,ee,2019-07,dnskey_share,4535,118209,13582.0,354741.0,3.8287,4
forward,ee,2019-08,dnskey_share,5340,119052,153859.0,3679016.0,4.1821,32
forward,ee,2019-09,dnskey_share,6178,119768,173870.0,3584980.0,4.85,31
forward,ee,2019-10,dnskey_share,7079,120428,205652.0,3723450.0,5.5232,32
forward,ee,2019-11,dnskey_share,8010,121237,227265.0,3627452.0,6.2651,31
forward,ee,2019-12,dnskey_share,8700,121493,260930.0,3763000.0,6.9341,32
forward,ee,2020-01,dnskey_share,9653,121227,284910.0,3755036.0,7.5874,32
forward,ee,2020-02,dnskey_share,10623,121750,295422.0,3578157.0,8.2563,30
forward,ee,2020-03,dnskey_share,11532,122494,341778.0,3728907.0,9.1656,32
forward,ee,2020-04,dnskey_share,12529,123644,362986.0,3697055.0,9.8182,31
forward,ee,2020-05,dnskey_share,13400,124578,405064.0,3848870.0,10.5242,32
forward,ee,2020-06,dnskey_share,13947,125178,412548.0,3752111.0,10.9951,31
forward,ee,2020-07,dnskey_share,14646,125938,445152.0,3896184.0,11.4253,32
forward,ee,2020-08,dnskey_share,15322,126813,466306.0,3924005.0,11.8834,32
forward,ee,2020-09,dnskey_share,16167,127825,471776.0,3820608.0,12.3482,31
forward,ee,2020-10,dnskey_share,16939,128892,512290.0,3974283.0,12.8901,32
forward,ee,2020-11,dnskey_share,17592,129797,523654.0,3943266.0,13.2797,31
forward,ee,2020-12,dnskey_share,18187,130477,556679.0,4039015.0,13.7825,32
forward,ee,2021-01,dnskey_share,19039,131302,576722.0,4046147.0,14.2536,32
forward,ee,2021-02,dnskey_share,19904,132528,546513.0,3696585.0,14.7843,29
forward,ee,2021-03,dnskey_share,20706,134116,627241.0,4089937.0,15.3362,32
forward,ee,2021-04,dnskey_share,21390,135129,633441.0,4044555.0,15.6616,31
forward,ee,2021-05,dnskey_share,21903,136097,650009.0,4065481.0,15.9885,31
forward,ee,2021-06,dnskey_share,22207,136781,663343.0,4099251.0,16.1821,31
forward,ee,2021-07,dnskey_share,22497,137302,692747.0,4249851.0,16.3005,32
forward,ee,2021-08,dnskey_share,22917,138218,704826.0,4268013.0,16.5141,32
forward,ee,2021-09,dnskey_share,23484,139299,696990.0,4164292.0,16.7373,31
forward,ee,2021-10,dnskey_share,24131,140391,737924.0,4338648.0,17.0082,32
forward,ee,2021-11,dnskey_share,24836,141326,739456.0,4257012.0,17.3703,31
forward,ee,2021-12,dnskey_share,25396,142268,781111.0,4399076.0,17.7563,32
forward,ee,2022-01,dnskey_share,26116,143322,799845.0,4429194.0,18.0585,32
forward,ee,2022-02,dnskey_share,26752,144151,742101.0,4029867.0,18.415,29
forward,ee,2022-03,dnskey_share,27025,144571,829175.0,4441615.0,18.6683,32
forward,ee,2022-04,dnskey_share,27433,145026,817700.0,4343806.0,18.8245,31
forward,ee,2022-05,dnskey_share,27851,145640,855760.0,4501278.0,19.0115,32
forward,ee,2022-06,dnskey_share,28103,146040,840127.0,4377213.0,19.1932,31
forward,ee,2022-07,dnskey_share,28445,146494,875927.0,4532740.0,19.3244,32
forward,ee,2022-08,dnskey_share,28973,147137,895212.0,4593907.0,19.4869,32
forward,ee,2022-09,dnskey_share,29566,147811,878833.0,4424104.0,19.8647,31
forward,ee,2022-10,dnskey_share,30127,148396,926741.0,4597350.0,20.1582,32
forward,ee,2022-11,dnskey_share,30533,148963,912611.0,4486456.0,20.3415,31
forward,ee,2022-12,dnskey_share,30794,149144,955184.0,4639578.0,20.5877,32
forward,ee,2023-01,dnskey_share,31466,149854,964905.0,4627153.0,20.8531,32
forward,ee,2023-02,dnskey_share,31963,150587,887882.0,4203876.0,21.1206,29
forward,ee,2023-03,dnskey_share,32673,151581,997709.0,4674538.0,21.3435,32
forward,ee,2023-04,dnskey_share,33135,152319,986680.0,4555293.0,21.6601,31
forward,ee,2023-05,dnskey_share,33611,153079,1033922.0,4725349.0,21.8803,32
forward,ee,2023-06,dnskey_share,34080,153588,1017241.0,4608308.0,22.0741,31
forward,ee,2023-07,dnskey_share,34467,153967,1062539.0,4764781.0,22.2998,32
forward,ee,2023-08,dnskey_share,35160,154909,1046057.0,4633279.0,22.577,31
forward,ee,2023-09,dnskey_share,35450,155343,1062562.0,4660632.0,22.7987,31
forward,ee,2023-10,dnskey_share,36073,156043,1108791.0,4826291.0,22.974,32
forward,ee,2023-11,dnskey_share,36576,156739,1090936.0,4693973.0,23.2412,31
forward,ee,2023-12,dnskey_share,36865,156690,1111634.0,4719904.0,23.552,31
forward,ee,2019-07,ds_share,4275,118209,12803.0,354741.0,3.6091,4
forward,ee,2019-08,ds_share,5076,119052,145779.0,3679016.0,3.9624,32
forward,ee,2019-09,ds_share,5897,119768,165536.0,3584980.0,4.6175,31
forward,ee,2019-10,ds_share,6754,120428,196557.0,3723450.0,5.2789,32
forward,ee,2019-11,ds_share,7673,121237,217262.0,3627452.0,5.9894,31
forward,ee,2019-12,ds_share,8362,121493,250564.0,3763000.0,6.6586,32
forward,ee,2020-01,ds_share,9314,121227,274585.0,3755036.0,7.3124,32
forward,ee,2020-02,ds_share,10282,121750,285413.0,3578157.0,7.9765,30
forward,ee,2020-03,ds_share,11185,122494,331247.0,3728907.0,8.8832,32
forward,ee,2020-04,ds_share,12172,123644,352368.0,3697055.0,9.531,31
forward,ee,2020-05,ds_share,13037,124578,393793.0,3848870.0,10.2314,32
forward,ee,2020-06,ds_share,13569,125178,401354.0,3752111.0,10.6968,31
forward,ee,2020-07,ds_share,14242,125938,433034.0,3896184.0,11.1143,32
forward,ee,2020-08,ds_share,14908,126813,453712.0,3924005.0,11.5625,32
forward,ee,2020-09,ds_share,15715,127825,459051.0,3820608.0,12.0151,31
forward,ee,2020-10,ds_share,16471,128892,498153.0,3974283.0,12.5344,32
forward,ee,2020-11,ds_share,17111,129797,509155.0,3943266.0,12.912,31
forward,ee,2020-12,ds_share,17691,130477,541515.0,4039015.0,13.4071,32
forward,ee,2021-01,ds_share,18548,131302,561351.0,4046147.0,13.8737,32
forward,ee,2021-02,ds_share,19420,132528,532893.0,3696585.0,14.4158,29
forward,ee,2021-03,ds_share,20217,134116,612258.0,4089937.0,14.9699,32
forward,ee,2021-04,ds_share,20897,135129,618569.0,4044555.0,15.2939,31
forward,ee,2021-05,ds_share,21404,136097,635225.0,4065481.0,15.6248,31
forward,ee,2021-06,ds_share,21699,136781,648496.0,4099251.0,15.8199,31
forward,ee,2021-07,ds_share,21992,137302,677175.0,4249851.0,15.9341,32
forward,ee,2021-08,ds_share,22409,138218,689080.0,4268013.0,16.1452,32
forward,ee,2021-09,ds_share,22976,139299,681642.0,4164292.0,16.3687,31
forward,ee,2021-10,ds_share,23620,140391,722078.0,4338648.0,16.6429,32
forward,ee,2021-11,ds_share,24317,141326,723799.0,4257012.0,17.0025,31
forward,ee,2021-12,ds_share,24883,142268,765137.0,4399076.0,17.3931,32
forward,ee,2022-01,ds_share,25604,143322,783922.0,4429194.0,17.699,32
forward,ee,2022-02,ds_share,26224,144151,727536.0,4029867.0,18.0536,29
forward,ee,2022-03,ds_share,26495,144571,813002.0,4441615.0,18.3042,32
forward,ee,2022-04,ds_share,26908,145026,801898.0,4343806.0,18.4607,31
forward,ee,2022-05,ds_share,27319,145640,839333.0,4501278.0,18.6465,32
forward,ee,2022-06,ds_share,27562,146040,823973.0,4377213.0,18.8241,31
forward,ee,2022-07,ds_share,27965,146494,860707.0,4532740.0,18.9887,32
forward,ee,2022-08,ds_share,28496,147137,880124.0,4593907.0,19.1585,32
forward,ee,2022-09,ds_share,29099,147811,864692.0,4424104.0,19.545,31
forward,ee,2022-10,ds_share,29645,148396,912031.0,4597350.0,19.8382,32
forward,ee,2022-11,ds_share,30055,148963,898091.0,4486456.0,20.0178,31
forward,ee,2022-12,ds_share,30358,149144,940414.0,4639578.0,20.2694,32
forward,ee,2023-01,ds_share,31049,149854,951735.0,4627153.0,20.5685,32
forward,ee,2023-02,ds_share,31541,150587,876097.0,4203876.0,20.8402,29
forward,ee,2023-03,ds_share,32237,151581,984590.0,4674538.0,21.0628,32
forward,ee,2023-04,ds_share,32683,152319,973471.0,4555293.0,21.3701,31
forward,ee,2023-05,ds_share,33106,153079,1019050.0,4725349.0,21.5656,32
forward,ee,2023-06,ds_share,33553,153588,1001811.0,4608308.0,21.7392,31
forward,ee,2023-07,ds_share,33904,153967,1045509.0,4764781.0,21.9424,32
forward,ee,2023-08,ds_share,34543,154909,1028272.0,4633279.0,22.1932,31
forward,ee,2023-09,ds_share,34790,155343,1043493.0,4660632.0,22.3895,31
forward,ee,2023-10,ds_share,35345,156043,1087024.0,4826291.0,22.523,32
forward,ee,2023-11,ds_share,35814,156739,1068383.0,4693973.0,22.7607,31
forward,ee,2023-12,ds_share,36055,156690,1087844.0,4719904.0,23.048,31
forward,ee,2019-07,rrsig_names_share,13686,238711,40983.0,716275.0,5.7217,4
forward,ee,2019-08,rrsig_names_share,16077,241097,463845.0,7440897.0,6.2337,32
forward,ee,2019-09,rrsig_names_share,18575,243306,523118.0,7272947.0,7.1927,31
forward,ee,2019-10,rrsig_names_share,21276,245528,617950.0,7579312.0,8.1531,32
forward,ee,2019-11,rrsig_names_share,24053,247988,682593.0,7408465.0,9.2137,31
forward,ee,2019-12,rrsig_names_share,26107,249038,783361.0,7709573.0,10.1609,32
forward,ee,2020-01,rrsig_names_share,28938,250213,854458.0,7731476.0,11.0517,32
forward,ee,2020-02,rrsig_names_share,31830,252346,885501.0,7398157.0,11.9692,30
forward,ee,2020-03,rrsig_names_share,34540,254671,1023993.0,7744728.0,13.2218,32
forward,ee,2020-04,rrsig_names_share,37559,257986,1087828.0,7701770.0,14.1244,31
forward,ee,2020-05,rrsig_names_share,40152,260795,1213855.0,8047528.0,15.0836,32
forward,ee,2020-06,rrsig_names_share,41774,262519,1235837.0,7864148.0,15.7148,31
forward,ee,2020-07,rrsig_names_share,43788,264750,1332768.0,8184393.0,16.2843,32
forward,ee,2020-08,rrsig_names_share,45807,267143,1394070.0,8258209.0,16.881,32
forward,ee,2020-09,rrsig_names_share,48303,269784,1410445.0,8055705.0,17.5086,31
forward,ee,2020-10,rrsig_names_share,50575,272591,1529988.0,8396848.0,18.221,32
forward,ee,2020-11,rrsig_names_share,52512,275076,1563271.0,8345199.0,18.7326,31
forward,ee,2020-12,rrsig_names_share,54334,276979,1662295.0,8569542.0,19.3977,32
forward,ee,2021-01,rrsig_names_share,56866,279604,1722519.0,8607163.0,20.0126,32
forward,ee,2021-02,rrsig_names_share,59773,282945,1638468.0,7883224.0,20.7842,29
forward,ee,2021-03,rrsig_names_share,62173,286825,1883443.0,8742616.0,21.5432,32
forward,ee,2021-04,rrsig_names_share,64215,289396,1901723.0,8659403.0,21.9614,31
forward,ee,2021-05,rrsig_names_share,65742,291833,1951393.0,8713045.0,22.3962,31
forward,ee,2021-06,rrsig_names_share,66651,293404,1991175.0,8791954.0,22.6477,31
forward,ee,2021-07,rrsig_names_share,67540,294778,2079367.0,9119584.0,22.8011,32
forward,ee,2021-08,rrsig_names_share,68806,296975,2115869.0,9168708.0,23.0771,32
forward,ee,2021-09,rrsig_names_share,70462,299584,2091951.0,8951794.0,23.3691,31
forward,ee,2021-10,rrsig_names_share,72372,302188,2213562.0,9334192.0,23.7146,32
forward,ee,2021-11,rrsig_names_share,74453,304515,2217126.0,9166054.0,24.1884,31
forward,ee,2021-12,rrsig_names_share,76130,306828,2341436.0,9485374.0,24.6847,32
forward,ee,2022-01,rrsig_names_share,78262,309666,2397379.0,9563905.0,25.0669,32
forward,ee,2022-02,rrsig_names_share,80129,312027,2223113.0,8717267.0,25.5024,29
forward,ee,2022-03,rrsig_names_share,80862,312976,2483000.0,9617693.0,25.817,32
forward,ee,2022-04,rrsig_names_share,82145,314276,2448531.0,9410726.0,26.0185,31
forward,ee,2022-05,rrsig_names_share,83401,315898,2562730.0,9758164.0,26.2624,32
forward,ee,2022-06,rrsig_names_share,84152,317002,2515655.0,9497190.0,26.4884,31
forward,ee,2022-07,rrsig_names_share,85220,318141,2624056.0,9841284.0,26.6638,32
forward,ee,2022-08,rrsig_names_share,86770,319977,2681292.0,9981495.0,26.8626,32
forward,ee,2022-09,rrsig_names_share,88538,321938,2631851.0,9630585.0,27.328,31
forward,ee,2022-10,rrsig_names_share,90177,323832,2774836.0,10022277.0,27.6867,32
forward,ee,2022-11,rrsig_names_share,91403,325425,2732001.0,9793555.0,27.8959,31
forward,ee,2022-12,rrsig_names_share,92212,326017,2859267.0,10144775.0,28.1846,32
forward,ee,2023-01,rrsig_names_share,97442,342478,2975806.0,10520007.0,28.2871,32
forward,ee,2023-02,rrsig_names_share,99153,344771,2752324.0,9619351.0,28.6124,29
forward,ee,2023-03,rrsig_names_share,101536,347986,3098676.0,10715415.0,28.9179,32
forward,ee,2023-04,rrsig_names_share,103151,350209,3069110.0,10467340.0,29.3208,31
forward,ee,2023-05,rrsig_names_share,104752,352391,3220471.0,10873292.0,29.6182,32
forward,ee,2023-06,rrsig_names_share,106365,354245,3173190.0,10619509.0,29.8808,31
forward,ee,2023-07,rrsig_names_share,107709,355629,3318228.0,10998680.0,30.1693,32
forward,ee,2023-08,rrsig_names_share,110033,360984,3270879.0,10718826.0,30.5153,31
forward,ee,2023-09,rrsig_names_share,111032,362615,3327226.0,10871422.0,30.6053,31
forward,ee,2023-10,rrsig_names_share,113147,365030,3475139.0,11278491.0,30.8121,32
forward,ee,2023-11,rrsig_names_share,115746,366991,3443628.0,10988229.0,31.3392,31
forward,ee,2023-12,rrsig_names_share,116840,367428,3520776.0,11068180.0,31.8099,31
forward,ee,2019-07,rrsig_zone_share,4531,118209,13569.0,354741.0,3.825,4
forward,ee,2019-08,rrsig_zone_share,5335,119052,153742.0,3679016.0,4.1789,32
forward,ee,2019-09,rrsig_zone_share,6175,119768,173779.0,3584980.0,4.8474,31
forward,ee,2019-10,rrsig_zone_share,7077,120428,205570.0,3723450.0,5.521,32
forward,ee,2019-11,rrsig_zone_share,8009,121237,227218.0,3627452.0,6.2638,31
forward,ee,2019-12,rrsig_zone_share,8699,121493,260899.0,3763000.0,6.9333,32
forward,ee,2020-01,rrsig_zone_share,9652,121227,284902.0,3755036.0,7.5872,32
forward,ee,2020-02,rrsig_zone_share,10622,121750,295395.0,3578157.0,8.2555,30
forward,ee,2020-03,rrsig_zone_share,11531,122494,341747.0,3728907.0,9.1648,32
forward,ee,2020-04,rrsig_zone_share,12529,123644,362965.0,3697055.0,9.8177,31
forward,ee,2020-05,rrsig_zone_share,13400,124578,405052.0,3848870.0,10.5239,32
forward,ee,2020-06,rrsig_zone_share,13947,125178,412534.0,3752111.0,10.9947,31
forward,ee,2020-07,rrsig_zone_share,14646,125938,445141.0,3896184.0,11.4251,32
forward,ee,2020-08,rrsig_zone_share,15321,126813,466288.0,3924005.0,11.883,32
forward,ee,2020-09,rrsig_zone_share,16166,127825,471767.0,3820608.0,12.348,31
forward,ee,2020-10,rrsig_zone_share,16938,128892,512276.0,3974283.0,12.8898,32
forward,ee,2020-11,rrsig_zone_share,17592,129797,523630.0,3943266.0,13.2791,31
forward,ee,2020-12,rrsig_zone_share,18186,130477,556661.0,4039015.0,13.7821,32
forward,ee,2021-01,rrsig_zone_share,19038,131302,576704.0,4046147.0,14.2532,32
forward,ee,2021-02,rrsig_zone_share,19904,132528,546503.0,3696585.0,14.784,29
forward,ee,2021-03,rrsig_zone_share,20705,134116,627225.0,4089937.0,15.3358,32
forward,ee,2021-04,rrsig_zone_share,21389,135129,633411.0,4044555.0,15.6608,31
forward,ee,2021-05,rrsig_zone_share,21902,136097,649979.0,4065481.0,15.9878,31
forward,ee,2021-06,rrsig_zone_share,22206,136781,663313.0,4099251.0,16.1813,31
forward,ee,2021-07,rrsig_zone_share,22496,137302,692716.0,4249851.0,16.2998,32
forward,ee,2021-08,rrsig_zone_share,22916,138218,704795.0,4268013.0,16.5134,32
forward,ee,2021-09,rrsig_zone_share,23483,139299,696960.0,4164292.0,16.7366,31
forward,ee,2021-10,rrsig_zone_share,24130,140391,737893.0,4338648.0,17.0074,32
forward,ee,2021-11,rrsig_zone_share,24834,141326,739404.0,4257012.0,17.3691,31
forward,ee,2021-12,rrsig_zone_share,25393,142268,781030.0,4399076.0,17.7544,32
forward,ee,2022-01,rrsig_zone_share,26115,143322,799789.0,4429194.0,18.0572,32
forward,ee,2022-02,rrsig_zone_share,26750,144151,742050.0,4029867.0,18.4138,29
forward,ee,2022-03,rrsig_zone_share,27023,144571,829113.0,4441615.0,18.6669,32
forward,ee,2022-04,rrsig_zone_share,27431,145026,817640.0,4343806.0,18.8231,31
forward,ee,2022-05,rrsig_zone_share,27850,145640,855700.0,4501278.0,19.0102,32
forward,ee,2022-06,rrsig_zone_share,28103,146040,840121.0,4377213.0,19.1931,31
forward,ee,2022-07,rrsig_zone_share,28445,146494,875927.0,4532740.0,19.3244,32
forward,ee,2022-08,rrsig_zone_share,28973,147137,895212.0,4593907.0,19.4869,32
forward,ee,2022-09,rrsig_zone_share,29566,147811,878832.0,4424104.0,19.8646,31
forward,ee,2022-10,rrsig_zone_share,30127,148396,926741.0,4597350.0,20.1582,32
forward,ee,2022-11,rrsig_zone_share,30533,148963,912611.0,4486456.0,20.3415,31
forward,ee,2022-12,rrsig_zone_share,30794,149144,955184.0,4639578.0,20.5877,32
forward,ee,2023-01,rrsig_zone_share,31466,149854,964905.0,4627153.0,20.8531,32
forward,ee,2023-02,rrsig_zone_share,31963,150587,887882.0,4203876.0,21.1206,29
forward,ee,2023-03,rrsig_zone_share,32673,151581,997709.0,4674538.0,21.3435,32
forward,ee,2023-04,rrsig_zone_share,33135,152319,986678.0,4555293.0,21.66,31
forward,ee,2023-05,rrsig_zone_share,33611,153079,1033921.0,4725349.0,21.8803,32
forward,ee,2023-06,rrsig_zone_share,34080,153588,1017241.0,4608308.0,22.0741,31
forward,ee,2023-07,rrsig_zone_share,34467,153967,1062539.0,4764781.0,22.2998,32
forward,ee,2023-08,rrsig_zone_share,35160,154909,1046057.0,4633279.0,22.577,31
forward,ee,2023-09,rrsig_zone_share,35450,155343,1062562.0,4660632.0,22.7987,31
forward,ee,2023-10,rrsig_zone_share,36073,156043,1108791.0,4826291.0,22.974,32
forward,ee,2023-11,rrsig_zone_share,36576,156739,1090936.0,4693973.0,23.2412,31
forward,ee,2023-12,rrsig_zone_share,36865,156690,1111634.0,4719904.0,23.552,31
forward,fed.us,2017-05,dnskey_share,0,5,0.0,156.0,0.0,32
forward,fed.us,2017-06,dnskey_share,0,5,0.0,150.0,0.0,31
forward,fed.us,2017-07,dnskey_share,0,5,0.0,154.0,0.0,32
forward,fed.us,2017-08,dnskey_share,0,5,0.0,159.0,0.0,32
forward,fed.us,2017-09,dnskey_share,0,5,0.0,149.0,0.0,30
forward,fed.us,2017-10,dnskey_share,0,5,0.0,150.0,0.0,30
forward,fed.us,2017-11,dnskey_share,0,5,0.0,140.0,0.0,28
forward,fed.us,2017-12,dnskey_share,0,5,0.0,153.0,0.0,31
forward,fed.us,2018-01,dnskey_share,0,5,0.0,155.0,0.0,31
forward,fed.us,2018-02,dnskey_share,0,5,0.0,140.0,0.0,28
forward,fed.us,2018-03,dnskey_share,0,5,0.0,154.0,0.0,31
forward,fed.us,2018-04,dnskey_share,0,5,0.0,150.0,0.0,31
forward,fed.us,2018-05,dnskey_share,0,5,0.0,156.0,0.0,32
forward,fed.us,2018-06,dnskey_share,0,5,0.0,150.0,0.0,30
forward,fed.us,2018-07,dnskey_share,0,5,0.0,152.0,0.0,31
forward,fed.us,2018-08,dnskey_share,0,5,0.0,153.0,0.0,31
forward,fed.us,2018-09,dnskey_share,0,5,0.0,150.0,0.0,30
forward,fed.us,2018-10,dnskey_share,0,5,0.0,155.0,0.0,31
forward,fed.us,2018-11,dnskey_share,0,5,0.0,150.0,0.0,30
forward,fed.us,2018-12,dnskey_share,0,5,0.0,155.0,0.0,31
forward,fed.us,2019-01,dnskey_share,0,5,0.0,155.0,0.0,31
forward,fed.us,2019-02,dnskey_share,0,5,0.0,140.0,0.0,28
forward,fed.us,2019-03,dnskey_share,0,5,0.0,155.0,0.0,31
forward,fed.us,2019-04,dnskey_share,0,5,0.0,147.0,0.0,30
forward,fed.us,2019-05,dnskey_share,0,5,0.0,158.0,0.0,32
forward,fed.us,2019-06,dnskey_share,0,5,0.0,147.0,0.0,30
forward,fed.us,2019-07,dnskey_share,0,5,0.0,155.0,0.0,32
forward,fed.us,2019-08,dnskey_share,0,5,0.0,155.0,0.0,32
forward,fed.us,2019-09,dnskey_share,0,5,0.0,150.0,0.0,31
forward,fed.us,2019-10,dnskey_share,0,5,0.0,155.0,0.0,32
forward,fed.us,2019-11,dnskey_share,0,5,0.0,150.0,0.0,31
forward,fed.us,2019-12,dnskey_share,0,5,0.0,155.0,0.0,32
forward,fed.us,2020-01,dnskey_share,0,5,0.0,155.0,0.0,32
forward,fed.us,2020-02,dnskey_share,0,5,0.0,145.0,0.0,30
forward,fed.us,2020-03,dnskey_share,0,5,0.0,154.0,0.0,32
forward,fed.us,2020-04,dnskey_share,0,5,0.0,150.0,0.0,31
forward,fed.us,2020-05,dnskey_share,0,5,0.0,155.0,0.0,32
forward,fed.us,2020-06,dnskey_share,0,5,0.0,150.0,0.0,31
forward,fed.us,2020-07,dnskey_share,0,5,0.0,155.0,0.0,32
forward,fed.us,2020-08,dnskey_share,0,5,0.0,155.0,0.0,32
forward,fed.us,2020-09,dnskey_share,0,5,0.0,150.0,0.0,31
forward,fed.us,2020-10,dnskey_share,0,5,0.0,155.0,0.0,32
forward,fed.us,2020-11,dnskey_share,0,5,0.0,152.0,0.0,31
forward,fed.us,2020-12,dnskey_share,0,5,0.0,155.0,0.0,32
forward,fed.us,2021-01,dnskey_share,0,5,0.0,151.0,0.0,32
forward,fed.us,2021-02,dnskey_share,0,5,0.0,129.0,0.0,29
forward,fed.us,2021-03,dnskey_share,0,5,0.0,153.0,0.0,32
forward,fed.us,2021-04,dnskey_share,0,5,0.0,129.0,0.0,26
forward,fed.us,2021-05,dnskey_share,0,5,0.0,105.0,0.0,21
forward,fed.us,2021-06,dnskey_share,0,5,0.0,150.0,0.0,30
forward,fed.us,2021-07,dnskey_share,0,5,0.0,155.0,0.0,31
forward,fed.us,2021-08,dnskey_share,0,5,0.0,155.0,0.0,31
forward,fed.us,2021-09,dnskey_share,0,5,0.0,150.0,0.0,30
forward,fed.us,2021-10,dnskey_share,0,5,0.0,155.0,0.0,31
forward,fed.us,2021-11,dnskey_share,0,5,0.0,150.0,0.0,30
forward,fed.us,2021-12,dnskey_share,0,5,0.0,155.0,0.0,31
forward,fed.us,2022-01,dnskey_share,0,5,0.0,155.0,0.0,31
forward,fed.us,2022-02,dnskey_share,0,5,0.0,121.0,0.0,28
forward,fed.us,2022-03,dnskey_share,0,3,0.0,93.0,0.0,31
forward,fed.us,2022-04,dnskey_share,0,3,0.0,90.0,0.0,30
forward,fed.us,2022-05,dnskey_share,0,3,0.0,93.0,0.0,31
forward,fed.us,2022-06,dnskey_share,0,2,0.0,60.0,0.0,30
forward,fed.us,2022-07,dnskey_share,0,2,0.0,62.0,0.0,31
forward,fed.us,2022-08,dnskey_share,0,2,0.0,62.0,0.0,31
forward,fed.us,2022-09,dnskey_share,0,2,0.0,53.0,0.0,30
forward,fed.us,2022-10,dnskey_share,0,1,0.0,18.0,0.0,27
forward,fed.us,2017-05,ds_share,0,5,0.0,156.0,0.0,32
forward,fed.us,2017-06,ds_share,0,5,0.0,150.0,0.0,31
forward,fed.us,2017-07,ds_share,0,5,0.0,154.0,0.0,32
forward,fed.us,2017-08,ds_share,0,5,0.0,159.0,0.0,32
forward,fed.us,2017-09,ds_share,0,5,0.0,149.0,0.0,30
forward,fed.us,2017-10,ds_share,0,5,0.0,150.0,0.0,30
forward,fed.us,2017-11,ds_share,0,5,0.0,140.0,0.0,28
forward,fed.us,2017-12,ds_share,0,5,0.0,153.0,0.0,31
forward,fed.us,2018-01,ds_share,0,5,0.0,155.0,0.0,31
forward,fed.us,2018-02,ds_share,0,5,0.0,140.0,0.0,28
forward,fed.us,2018-03,ds_share,0,5,0.0,154.0,0.0,31
forward,fed.us,2018-04,ds_share,0,5,0.0,150.0,0.0,31
forward,fed.us,2018-05,ds_share,0,5,0.0,156.0,0.0,32
forward,fed.us,2018-06,ds_share,0,5,0.0,150.0,0.0,30
forward,fed.us,2018-07,ds_share,0,5,0.0,152.0,0.0,31
forward,fed.us,2018-08,ds_share,0,5,0.0,153.0,0.0,31
forward,fed.us,2018-09,ds_share,0,5,0.0,150.0,0.0,30
forward,fed.us,2018-10,ds_share,0,5,0.0,155.0,0.0,31
forward,fed.us,2018-11,ds_share,0,5,0.0,150.0,0.0,30
forward,fed.us,2018-12,ds_share,0,5,0.0,155.0,0.0,31
forward,fed.us,2019-01,ds_share,0,5,0.0,155.0,0.0,31
forward,fed.us,2019-02,ds_share,0,5,0.0,140.0,0.0,28
forward,fed.us,2019-03,ds_share,0,5,0.0,155.0,0.0,31
forward,fed.us,2019-04,ds_share,0,5,0.0,147.0,0.0,30
forward,fed.us,2019-05,ds_share,0,5,0.0,158.0,0.0,32
forward,fed.us,2019-06,ds_share,0,5,0.0,147.0,0.0,30
forward,fed.us,2019-07,ds_share,0,5,0.0,155.0,0.0,32
forward,fed.us,2019-08,ds_share,0,5,0.0,155.0,0.0,32
forward,fed.us,2019-09,ds_share,0,5,0.0,150.0,0.0,31
forward,fed.us,2019-10,ds_share,0,5,0.0,155.0,0.0,32
forward,fed.us,2019-11,ds_share,0,5,0.0,150.0,0.0,31
forward,fed.us,2019-12,ds_share,0,5,0.0,155.0,0.0,32
forward,fed.us,2020-01,ds_share,0,5,0.0,155.0,0.0,32
forward,fed.us,2020-02,ds_share,0,5,0.0,145.0,0.0,30
forward,fed.us,2020-03,ds_share,0,5,0.0,154.0,0.0,32
forward,fed.us,2020-04,ds_share,0,5,0.0,150.0,0.0,31
forward,fed.us,2020-05,ds_share,0,5,0.0,155.0,0.0,32
forward,fed.us,2020-06,ds_share,0,5,0.0,150.0,0.0,31
forward,fed.us,2020-07,ds_share,0,5,0.0,155.0,0.0,32
forward,fed.us,2020-08,ds_share,0,5,0.0,155.0,0.0,32
forward,fed.us,2020-09,ds_share,0,5,0.0,150.0,0.0,31
forward,fed.us,2020-10,ds_share,0,5,0.0,155.0,0.0,32
forward,fed.us,2020-11,ds_share,0,5,0.0,152.0,0.0,31
forward,fed.us,2020-12,ds_share,0,5,0.0,155.0,0.0,32
forward,fed.us,2021-01,ds_share,0,5,0.0,151.0,0.0,32
forward,fed.us,2021-02,ds_share,0,5,0.0,129.0,0.0,29
forward,fed.us,2021-03,ds_share,0,5,0.0,153.0,0.0,32
forward,fed.us,2021-04,ds_share,0,5,0.0,129.0,0.0,26
forward,fed.us,2021-05,ds_share,0,5,0.0,105.0,0.0,21
forward,fed.us,2021-06,ds_share,0,5,0.0,150.0,0.0,30
forward,fed.us,2021-07,ds_share,0,5,0.0,155.0,0.0,31
forward,fed.us,2021-08,ds_share,0,5,0.0,155.0,0.0,31
forward,fed.us,2021-09,ds_share,0,5,0.0,150.0,0.0,30
forward,fed.us,2021-10,ds_share,0,5,0.0,155.0,0.0,31
forward,fed.us,2021-11,ds_share,0,5,0.0,150.0,0.0,30
forward,fed.us,2021-12,ds_share,0,5,0.0,155.0,0.0,31
forward,fed.us,2022-01,ds_share,0,5,0.0,155.0,0.0,31
forward,fed.us,2022-02,ds_share,0,5,0.0,121.0,0.0,28
forward,fed.us,2022-03,ds_share,0,3,0.0,93.0,0.0,31
forward,fed.us,2022-04,ds_share,0,3,0.0,90.0,0.0,30
forward,fed.us,2022-05,ds_share,0,3,0.0,93.0,0.0,31
forward,fed.us,2022-06,ds_share,0,2,0.0,60.0,0.0,30
forward,fed.us,2022-07,ds_share,0,2,0.0,62.0,0.0,31
forward,fed.us,2022-08,ds_share,0,2,0.0,62.0,0.0,31
forward,fed.us,2022-09,ds_share,0,2,0.0,53.0,0.0,30
forward,fed.us,2022-10,ds_share,0,1,0.0,18.0,0.0,27
forward,fed.us,2017-05,rrsig_names_share,1,10,32.0,283.0,11.3074,32
forward,fed.us,2017-06,rrsig_names_share,1,9,30.0,268.0,11.194,31
forward,fed.us,2017-07,rrsig_names_share,1,8,30.0,247.0,12.1457,32
forward,fed.us,2017-08,rrsig_names_share,1,8,31.0,254.0,12.2047,32
forward,fed.us,2017-09,rrsig_names_share,1,8,29.0,240.0,12.0833,30
forward,fed.us,2017-10,rrsig_names_share,1,8,30.0,240.0,12.5,30
forward,fed.us,2017-11,rrsig_names_share,1,8,28.0,224.0,12.5,28
forward,fed.us,2017-12,rrsig_names_share,1,8,30.0,246.0,12.1951,31
forward,fed.us,2018-01,rrsig_names_share,1,8,31.0,248.0,12.5,31
forward,fed.us,2018-02,rrsig_names_share,1,8,28.0,224.0,12.5,28
forward,fed.us,2018-03,rrsig_names_share,1,8,31.0,247.0,12.5506,31
forward,fed.us,2018-04,rrsig_names_share,1,8,30.0,240.0,12.5,31
forward,fed.us,2018-05,rrsig_names_share,1,8,31.0,249.0,12.4498,32
forward,fed.us,2018-06,rrsig_names_share,1,8,30.0,240.0,12.5,30
forward,fed.us,2018-07,rrsig_names_share,1,8,31.0,245.0,12.6531,31
forward,fed.us,2018-08,rrsig_names_share,1,8,31.0,246.0,12.6016,31
forward,fed.us,2018-09,rrsig_names_share,1,8,30.0,240.0,12.5,30
forward,fed.us,2018-10,rrsig_names_share,1,8,31.0,248.0,12.5,31
forward,fed.us,2018-11,rrsig_names_share,1,8,30.0,240.0,12.5,30
forward,fed.us,2018-12,rrsig_names_share,1,8,31.0,248.0,12.5,31
forward,fed.us,2019-01,rrsig_names_share,1,8,31.0,248.0,12.5,31
forward,fed.us,2019-02,rrsig_names_share,1,8,28.0,224.0,12.5,28
forward,fed.us,2019-03,rrsig_names_share,1,8,31.0,248.0,12.5,31
forward,fed.us,2019-04,rrsig_names_share,1,8,11.0,217.0,5.0691,30
forward,fed.us,2019-05,rrsig_names_share,0,7,0.0,221.0,0.0,32
forward,fed.us,2019-06,rrsig_names_share,0,7,0.0,206.0,0.0,30
forward,fed.us,2019-07,rrsig_names_share,0,7,0.0,217.0,0.0,32
forward,fed.us,2019-08,rrsig_names_share,0,7,0.0,217.0,0.0,32
forward,fed.us,2019-09,rrsig_names_share,0,7,0.0,210.0,0.0,31
forward,fed.us,2019-10,rrsig_names_share,0,7,0.0,217.0,0.0,32
forward,fed.us,2019-11,rrsig_names_share,0,7,0.0,210.0,0.0,31
forward,fed.us,2019-12,rrsig_names_share,0,7,0.0,217.0,0.0,32
forward,fed.us,2020-01,rrsig_names_share,0,7,0.0,217.0,0.0,32
forward,fed.us,2020-02,rrsig_names_share,0,7,0.0,204.0,0.0,30
forward,fed.us,2020-03,rrsig_names_share,0,7,0.0,215.0,0.0,32
forward,fed.us,2020-04,rrsig_names_share,0,7,0.0,210.0,0.0,31
forward,fed.us,2020-05,rrsig_names_share,0,7,0.0,217.0,0.0,32
forward,fed.us,2020-06,rrsig_names_share,0,7,0.0,210.0,0.0,31
forward,fed.us,2020-07,rrsig_names_share,0,7,0.0,217.0,0.0,32
forward,fed.us,2020-08,rrsig_names_share,0,7,0.0,217.0,0.0,32
forward,fed.us,2020-09,rrsig_names_share,0,7,0.0,210.0,0.0,31
forward,fed.us,2020-10,rrsig_names_share,0,7,0.0,217.0,0.0,32
forward,fed.us,2020-11,rrsig_names_share,0,7,0.0,213.0,0.0,31
forward,fed.us,2020-12,rrsig_names_share,0,7,0.0,217.0,0.0,32
forward,fed.us,2021-01,rrsig_names_share,0,7,0.0,217.0,0.0,32
forward,fed.us,2021-02,rrsig_names_share,0,7,0.0,196.0,0.0,29
forward,fed.us,2021-03,rrsig_names_share,0,7,0.0,214.0,0.0,32
forward,fed.us,2021-04,rrsig_names_share,0,7,0.0,180.0,0.0,26
forward,fed.us,2021-05,rrsig_names_share,0,7,0.0,147.0,0.0,21
forward,fed.us,2021-06,rrsig_names_share,0,7,0.0,210.0,0.0,30
forward,fed.us,2021-07,rrsig_names_share,0,7,0.0,217.0,0.0,31
forward,fed.us,2021-08,rrsig_names_share,0,7,0.0,217.0,0.0,31
forward,fed.us,2021-09,rrsig_names_share,0,7,0.0,210.0,0.0,30
forward,fed.us,2021-10,rrsig_names_share,0,7,0.0,217.0,0.0,31
forward,fed.us,2021-11,rrsig_names_share,0,7,0.0,210.0,0.0,30
forward,fed.us,2021-12,rrsig_names_share,0,7,0.0,217.0,0.0,31
forward,fed.us,2022-01,rrsig_names_share,0,7,0.0,217.0,0.0,31
forward,fed.us,2022-02,rrsig_names_share,0,7,0.0,182.0,0.0,28
forward,fed.us,2022-03,rrsig_names_share,0,5,0.0,155.0,0.0,31
forward,fed.us,2022-04,rrsig_names_share,0,5,0.0,150.0,0.0,30
forward,fed.us,2022-05,rrsig_names_share,0,5,0.0,155.0,0.0,31
forward,fed.us,2022-06,rrsig_names_share,0,5,0.0,121.0,0.0,30
forward,fed.us,2022-07,rrsig_names_share,0,4,0.0,124.0,0.0,31
forward,fed.us,2022-08,rrsig_names_share,0,4,0.0,111.0,0.0,31
forward,fed.us,2022-09,rrsig_names_share,0,3,0.0,84.0,0.0,30
forward,fed.us,2022-10,rrsig_names_share,0,2,0.0,45.0,0.0,27
forward,fed.us,2017-05,rrsig_zone_share,0,5,0.0,156.0,0.0,32
forward,fed.us,2017-06,rrsig_zone_share,0,5,0.0,150.0,0.0,31
forward,fed.us,2017-07,rrsig_zone_share,0,5,0.0,154.0,0.0,32
forward,fed.us,2017-08,rrsig_zone_share,0,5,0.0,159.0,0.0,32
forward,fed.us,2017-09,rrsig_zone_share,0,5,0.0,149.0,0.0,30
forward,fed.us,2017-10,rrsig_zone_share,0,5,0.0,150.0,0.0,30
forward,fed.us,2017-11,rrsig_zone_share,0,5,0.0,140.0,0.0,28
forward,fed.us,2017-12,rrsig_zone_share,0,5,0.0,153.0,0.0,31
forward,fed.us,2018-01,rrsig_zone_share,0,5,0.0,155.0,0.0,31
forward,fed.us,2018-02,rrsig_zone_share,0,5,0.0,140.0,0.0,28
forward,fed.us,2018-03,rrsig_zone_share,0,5,0.0,154.0,0.0,31
forward,fed.us,2018-04,rrsig_zone_share,0,5,0.0,150.0,0.0,31
forward,fed.us,2018-05,rrsig_zone_share,0,5,0.0,156.0,0.0,32
forward,fed.us,2018-06,rrsig_zone_share,0,5,0.0,150.0,0.0,30
forward,fed.us,2018-07,rrsig_zone_share,0,5,0.0,152.0,0.0,31
forward,fed.us,2018-08,rrsig_zone_share,0,5,0.0,153.0,0.0,31
forward,fed.us,2018-09,rrsig_zone_share,0,5,0.0,150.0,0.0,30
forward,fed.us,2018-10,rrsig_zone_share,0,5,0.0,155.0,0.0,31
forward,fed.us,2018-11,rrsig_zone_share,0,5,0.0,150.0,0.0,30
forward,fed.us,2018-12,rrsig_zone_share,0,5,0.0,155.0,0.0,31
forward,fed.us,2019-01,rrsig_zone_share,0,5,0.0,155.0,0.0,31
forward,fed.us,2019-02,rrsig_zone_share,0,5,0.0,140.0,0.0,28
forward,fed.us,2019-03,rrsig_zone_share,0,5,0.0,155.0,0.0,31
forward,fed.us,2019-04,rrsig_zone_share,0,5,0.0,147.0,0.0,30
forward,fed.us,2019-05,rrsig_zone_share,0,5,0.0,158.0,0.0,32
forward,fed.us,2019-06,rrsig_zone_share,0,5,0.0,147.0,0.0,30
forward,fed.us,2019-07,rrsig_zone_share,0,5,0.0,155.0,0.0,32
forward,fed.us,2019-08,rrsig_zone_share,0,5,0.0,155.0,0.0,32
forward,fed.us,2019-09,rrsig_zone_share,0,5,0.0,150.0,0.0,31
forward,fed.us,2019-10,rrsig_zone_share,0,5,0.0,155.0,0.0,32
forward,fed.us,2019-11,rrsig_zone_share,0,5,0.0,150.0,0.0,31
forward,fed.us,2019-12,rrsig_zone_share,0,5,0.0,155.0,0.0,32
forward,fed.us,2020-01,rrsig_zone_share,0,5,0.0,155.0,0.0,32
forward,fed.us,2020-02,rrsig_zone_share,0,5,0.0,145.0,0.0,30
forward,fed.us,2020-03,rrsig_zone_share,0,5,0.0,154.0,0.0,32
forward,fed.us,2020-04,rrsig_zone_share,0,5,0.0,150.0,0.0,31
forward,fed.us,2020-05,rrsig_zone_share,0,5,0.0,155.0,0.0,32
forward,fed.us,2020-06,rrsig_zone_share,0,5,0.0,150.0,0.0,31
forward,fed.us,2020-07,rrsig_zone_share,0,5,0.0,155.0,0.0,32
forward,fed.us,2020-08,rrsig_zone_share,0,5,0.0,155.0,0.0,32
forward,fed.us,2020-09,rrsig_zone_share,0,5,0.0,150.0,0.0,31
forward,fed.us,2020-10,rrsig_zone_share,0,5,0.0,155.0,0.0,32
forward,fed.us,2020-11,rrsig_zone_share,0,5,0.0,152.0,0.0,31
forward,fed.us,2020-12,rrsig_zone_share,0,5,0.0,155.0,0.0,32
forward,fed.us,2021-01,rrsig_zone_share,0,5,0.0,151.0,0.0,32
forward,fed.us,2021-02,rrsig_zone_share,0,5,0.0,129.0,0.0,29
forward,fed.us,2021-03,rrsig_zone_share,0,5,0.0,153.0,0.0,32
forward,fed.us,2021-04,rrsig_zone_share,0,5,0.0,129.0,0.0,26
forward,fed.us,2021-05,rrsig_zone_share,0,5,0.0,105.0,0.0,21
forward,fed.us,2021-06,rrsig_zone_share,0,5,0.0,150.0,0.0,30
forward,fed.us,2021-07,rrsig_zone_share,0,5,0.0,155.0,0.0,31
forward,fed.us,2021-08,rrsig_zone_share,0,5,0.0,155.0,0.0,31
forward,fed.us,2021-09,rrsig_zone_share,0,5,0.0,150.0,0.0,30
forward,fed.us,2021-10,rrsig_zone_share,0,5,0.0,155.0,0.0,31
forward,fed.us,2021-11,rrsig_zone_share,0,5,0.0,150.0,0.0,30
forward,fed.us,2021-12,rrsig_zone_share,0,5,0.0,155.0,0.0,31
forward,fed.us,2022-01,rrsig_zone_share,0,5,0.0,155.0,0.0,31
forward,fed.us,2022-02,rrsig_zone_share,0,5,0.0,121.0,0.0,28
forward,fed.us,2022-03,rrsig_zone_share,0,3,0.0,93.0,0.0,31
forward,fed.us,2022-04,rrsig_zone_share,0,3,0.0,90.0,0.0,30
forward,fed.us,2022-05,rrsig_zone_share,0,3,0.0,93.0,0.0,31
forward,fed.us,2022-06,rrsig_zone_share,0,2,0.0,60.0,0.0,30
forward,fed.us,2022-07,rrsig_zone_share,0,2,0.0,62.0,0.0,31
forward,fed.us,2022-08,rrsig_zone_share,0,2,0.0,62.0,0.0,31
forward,fed.us,2022-09,rrsig_zone_share,0,2,0.0,53.0,0.0,30
forward,fed.us,2022-10,rrsig_zone_share,0,1,0.0,18.0,0.0,27
forward,gov,2017-05,dnskey_share,1134,1280,35429.0,40011.0,88.5481,32
forward,gov,2017-06,dnskey_share,1129,1275,34102.0,38477.0,88.6296,31
forward,gov,2017-07,dnskey_share,1132,1270,35011.0,39408.0,88.8424,32
forward,gov,2017-08,dnskey_share,1131,1265,35290.0,39524.0,89.2875,32
forward,gov,2017-09,dnskey_share,1130,1264,33730.0,37739.0,89.377,30
forward,gov,2017-10,dnskey_share,1122,1255,33553.0,37532.0,89.3984,31
forward,gov,2017-11,dnskey_share,1114,1246,31052.0,34767.0,89.3146,29
forward,gov,2017-12,dnskey_share,1109,1240,34181.0,38225.0,89.4205,31
forward,gov,2018-01,dnskey_share,1103,1234,33709.0,37610.0,89.6278,32
forward,gov,2018-02,dnskey_share,1222,5553,33008.0,103752.0,31.8143,29
forward,gov,2018-03,dnskey_share,1223,5564,37565.0,171402.0,21.9163,32
forward,gov,2018-04,dnskey_share,1219,5564,36324.0,166625.0,21.7998,31
forward,gov,2018-05,dnskey_share,1215,5577,37683.0,173095.0,21.7701,32
forward,gov,2018-06,dnskey_share,1212,5579,36304.0,167158.0,21.7184,30
forward,gov,2018-07,dnskey_share,1213,5600,37467.0,172917.0,21.6676,31
forward,gov,2018-08,dnskey_share,1207,5612,37269.0,173618.0,21.4661,31
forward,gov,2018-09,dnskey_share,1207,5626,35960.0,168507.0,21.3404,30
forward,gov,2018-10,dnskey_share,1205,5619,37088.0,174027.0,21.3116,31
forward,gov,2018-11,dnskey_share,1204,5632,35945.0,168604.0,21.3192,30
forward,gov,2018-12,dnskey_share,1203,5658,37227.0,174941.0,21.2797,31
forward,gov,2019-01,dnskey_share,1208,5657,37317.0,174920.0,21.3338,31
forward,gov,2019-02,dnskey_share,1211,5659,33822.0,158242.0,21.3736,28
forward,gov,2019-03,dnskey_share,1214,5673,37531.0,175347.0,21.4038,31
forward,gov,2019-04,dnskey_share,1212,5676,35712.0,167110.0,21.3704,30
forward,gov,2019-05,dnskey_share,1216,5722,38214.0,179519.0,21.2869,32
forward,gov,2019-06,dnskey_share,1223,5761,35725.0,168247.0,21.2337,30
forward,gov,2019-07,dnskey_share,1225,5777,37968.0,178971.0,21.2146,32
forward,gov,2019-08,dnskey_share,1223,5777,37846.0,178946.0,21.1494,32
forward,gov,2019-09,dnskey_share,1223,5843,36597.0,174458.0,20.9775,31
forward,gov,2019-10,dnskey_share,1233,5865,37962.0,181122.0,20.9594,32
forward,gov,2019-11,dnskey_share,1240,5864,37396.0,176986.0,21.1294,31
forward,gov,2019-12,dnskey_share,1245,5903,38467.0,182454.0,21.0831,32
forward,gov,2020-01,dnskey_share,1253,5924,38570.0,183225.0,21.0506,32
forward,gov,2020-02,dnskey_share,1254,5938,36356.0,172095.0,21.1255,30
forward,gov,2020-03,dnskey_share,1254,5960,38673.0,183915.0,21.0276,32
forward,gov,2020-04,dnskey_share,1265,6023,37705.0,179619.0,20.9917,31
forward,gov,2020-05,dnskey_share,1265,6014,38641.0,185038.0,20.8827,32
forward,gov,2020-06,dnskey_share,1272,6107,38219.0,183078.0,20.8758,31
forward,gov,2020-07,dnskey_share,1276,6141,39531.0,189736.0,20.8347,32
forward,gov,2020-08,dnskey_share,1289,6164,39746.0,190784.0,20.833,32
forward,gov,2020-09,dnskey_share,1296,6189,38715.0,185192.0,20.9053,31
forward,gov,2020-10,dnskey_share,1298,6205,39814.0,190495.0,20.9003,32
forward,gov,2020-11,dnskey_share,1297,6214,39275.0,188102.0,20.8796,31
forward,gov,2020-12,dnskey_share,1300,6241,40202.0,193025.0,20.8274,32
forward,gov,2021-01,dnskey_share,1299,6263,40095.0,193496.0,20.7214,32
forward,gov,2021-02,dnskey_share,1298,6298,36251.0,175878.0,20.6114,29
forward,gov,2021-03,dnskey_share,1301,6341,39952.0,195006.0,20.4876,32
forward,gov,2021-04,dnskey_share,1302,6364,33040.0,161550.0,20.4519,31
forward,gov,2021-05,dnskey_share,1306,6421,27275.0,134307.0,20.308,30
forward,gov,2021-06,dnskey_share,1322,6529,39439.0,194597.0,20.267,31
forward,gov,2021-07,dnskey_share,1377,6656,41450.0,204460.0,20.2729,32
forward,gov,2021-08,dnskey_share,1393,6746,42923.0,207773.0,20.6586,32
forward,gov,2021-09,dnskey_share,1406,6844,41890.0,203420.0,20.5929,31
forward,gov,2021-10,dnskey_share,1420,6927,43801.0,213633.0,20.5029,32
forward,gov,2021-11,dnskey_share,1425,7029,42588.0,209558.0,20.3228,31
forward,gov,2021-12,dnskey_share,1438,7173,44282.0,220166.0,20.113,32
forward,gov,2022-01,dnskey_share,1443,7283,44629.0,223965.0,19.9268,32
forward,gov,2022-02,dnskey_share,1451,7369,40464.0,205153.0,19.7238,29
forward,gov,2022-03,dnskey_share,1463,7493,45125.0,230200.0,19.6025,32
forward,gov,2022-04,dnskey_share,1480,7629,44146.0,226744.0,19.4695,31
forward,gov,2022-05,dnskey_share,1503,7802,46172.0,238684.0,19.3444,32
forward,gov,2022-06,dnskey_share,1526,7876,45472.0,235152.0,19.3373,31
forward,gov,2022-07,dnskey_share,1538,7975,47392.0,245562.0,19.2994,32
forward,gov,2022-08,dnskey_share,1547,8102,47939.0,250271.0,19.1548,32
forward,gov,2022-09,dnskey_share,1556,8192,46527.0,244345.0,19.0415,31
forward,gov,2022-10,dnskey_share,1568,8284,48365.0,255368.0,18.9393,32
forward,gov,2022-11,dnskey_share,1577,8366,47103.0,249962.0,18.8441,31
forward,gov,2022-12,dnskey_share,1581,8458,48862.0,260534.0,18.7546,32
forward,gov,2023-01,dnskey_share,1586,8527,48952.0,262997.0,18.6131,32
forward,gov,2023-02,dnskey_share,1592,8613,44406.0,240507.0,18.4635,29
forward,gov,2023-03,dnskey_share,1613,8708,49182.0,266709.0,18.4403,32
forward,gov,2023-04,dnskey_share,1616,8800,48218.0,262708.0,18.3542,31
forward,gov,2023-05,dnskey_share,1646,8963,50269.0,275455.0,18.2494,32
forward,gov,2023-06,dnskey_share,1665,9077,49224.0,268853.0,18.3089,31
forward,gov,2023-07,dnskey_share,1690,9168,52486.0,284885.0,18.4236,32
forward,gov,2023-08,dnskey_share,1709,9276,50998.0,276781.0,18.4254,31
forward,gov,2023-09,dnskey_share,1732,9356,51735.0,279712.0,18.4958,31
forward,gov,2023-10,dnskey_share,1741,9451,53309.0,291596.0,18.2818,32
forward,gov,2023-11,dnskey_share,1723,9631,51440.0,286718.0,17.941,31
forward,gov,2023-12,dnskey_share,1766,9636,52531.0,289040.0,18.1743,31
forward,gov,2017-05,ds_share,1128,1280,35220.0,40011.0,88.0258,32
forward,gov,2017-06,ds_share,1122,1275,33876.0,38477.0,88.0422,31
forward,gov,2017-07,ds_share,1123,1270,34740.0,39408.0,88.1547,32
forward,gov,2017-08,ds_share,1122,1265,35038.0,39524.0,88.6499,32
forward,gov,2017-09,ds_share,1121,1264,33452.0,37739.0,88.6404,30
forward,gov,2017-10,ds_share,1109,1255,33183.0,37532.0,88.4126,31
forward,gov,2017-11,ds_share,1101,1246,30703.0,34767.0,88.3108,29
forward,gov,2017-12,ds_share,1097,1240,33698.0,38225.0,88.157,31
forward,gov,2018-01,ds_share,1091,1234,33359.0,37610.0,88.6972,32
forward,gov,2018-02,ds_share,1188,5553,32366.0,103752.0,31.1955,29
forward,gov,2018-03,ds_share,1187,5564,36593.0,171402.0,21.3492,32
forward,gov,2018-04,ds_share,1184,5564,35135.0,166625.0,21.0863,31
forward,gov,2018-05,ds_share,1171,5577,36334.0,173095.0,20.9908,32
forward,gov,2018-06,ds_share,1166,5579,34950.0,167158.0,20.9084,30
forward,gov,2018-07,ds_share,1167,5600,36089.0,172917.0,20.8707,31
forward,gov,2018-08,ds_share,1163,5612,35938.0,173618.0,20.6995,31
forward,gov,2018-09,ds_share,1159,5626,34678.0,168507.0,20.5796,30
forward,gov,2018-10,ds_share,1159,5619,35754.0,174027.0,20.5451,31
forward,gov,2018-11,ds_share,1159,5632,34614.0,168604.0,20.5298,30
forward,gov,2018-12,ds_share,1157,5658,35601.0,174941.0,20.3503,31
forward,gov,2019-01,ds_share,1151,5657,35487.0,174920.0,20.2876,31
forward,gov,2019-02,ds_share,1158,5659,32332.0,158242.0,20.432,28
forward,gov,2019-03,ds_share,1159,5673,35881.0,175347.0,20.4629,31
forward,gov,2019-04,ds_share,1159,5676,34070.0,167110.0,20.3878,30
forward,gov,2019-05,ds_share,1169,5722,36652.0,179519.0,20.4168,32
forward,gov,2019-06,ds_share,1175,5761,34411.0,168247.0,20.4527,30
forward,gov,2019-07,ds_share,1179,5777,36523.0,178971.0,20.4072,32
forward,gov,2019-08,ds_share,1180,5777,36527.0,178946.0,20.4123,32
forward,gov,2019-09,ds_share,1172,5843,35102.0,174458.0,20.1206,31
forward,gov,2019-10,ds_share,1183,5865,36431.0,181122.0,20.1141,32
forward,gov,2019-11,ds_share,1190,5864,35896.0,176986.0,20.2818,31
forward,gov,2019-12,ds_share,1194,5903,36850.0,182454.0,20.1969,32
forward,gov,2020-01,ds_share,1198,5924,36954.0,183225.0,20.1686,32
forward,gov,2020-02,ds_share,1197,5938,34718.0,172095.0,20.1737,30
forward,gov,2020-03,ds_share,1197,5960,36911.0,183915.0,20.0696,32
forward,gov,2020-04,ds_share,1199,6023,35878.0,179619.0,19.9745,31
forward,gov,2020-05,ds_share,1200,6014,36656.0,185038.0,19.81,32
forward,gov,2020-06,ds_share,1208,6107,36287.0,183078.0,19.8205,31
forward,gov,2020-07,ds_share,1210,6141,37486.0,189736.0,19.7569,32
forward,gov,2020-08,ds_share,1221,6164,37671.0,190784.0,19.7454,32
forward,gov,2020-09,ds_share,1229,6189,36714.0,185192.0,19.8248,31
forward,gov,2020-10,ds_share,1230,6205,37721.0,190495.0,19.8016,32
forward,gov,2020-11,ds_share,1229,6214,37216.0,188102.0,19.785,31
forward,gov,2020-12,ds_share,1232,6241,38089.0,193025.0,19.7327,32
forward,gov,2021-01,ds_share,1231,6263,38050.0,193496.0,19.6645,32
forward,gov,2021-02,ds_share,1230,6298,34397.0,175878.0,19.5573,29
forward,gov,2021-03,ds_share,1232,6341,37861.0,195006.0,19.4153,32
forward,gov,2021-04,ds_share,1235,6364,31343.0,161550.0,19.4014,31
forward,gov,2021-05,ds_share,1242,6421,25943.0,134307.0,19.3162,30
forward,gov,2021-06,ds_share,1254,6529,37431.0,194597.0,19.2351,31
forward,gov,2021-07,ds_share,1310,6656,39383.0,204460.0,19.262,32
forward,gov,2021-08,ds_share,1322,6746,40796.0,207773.0,19.6349,32
forward,gov,2021-09,ds_share,1333,6844,39716.0,203420.0,19.5241,31
forward,gov,2021-10,ds_share,1343,6927,41484.0,213633.0,19.4183,32
forward,gov,2021-11,ds_share,1340,7029,40045.0,209558.0,19.1093,31
forward,gov,2021-12,ds_share,1352,7173,41640.0,220166.0,18.913,32
forward,gov,2022-01,ds_share,1357,7283,41870.0,223965.0,18.6949,32
forward,gov,2022-02,ds_share,1356,7369,37828.0,205153.0,18.4389,29
forward,gov,2022-03,ds_share,1368,7493,42187.0,230200.0,18.3262,32
forward,gov,2022-04,ds_share,1380,7629,41216.0,226744.0,18.1773,31
forward,gov,2022-05,ds_share,1398,7802,42948.0,238684.0,17.9937,32
forward,gov,2022-06,ds_share,1418,7876,42214.0,235152.0,17.9518,31
forward,gov,2022-07,ds_share,1426,7975,44004.0,245562.0,17.9197,32
forward,gov,2022-08,ds_share,1430,8102,44390.0,250271.0,17.7368,32
forward,gov,2022-09,ds_share,1442,8192,43045.0,244345.0,17.6165,31
forward,gov,2022-10,ds_share,1450,8284,44713.0,255368.0,17.5092,32
forward,gov,2022-11,ds_share,1456,8366,43555.0,249962.0,17.4246,31
forward,gov,2022-12,ds_share,1461,8458,45149.0,260534.0,17.3294,32
forward,gov,2023-01,ds_share,1460,8527,45107.0,262997.0,17.1511,32
forward,gov,2023-02,ds_share,1464,8613,40865.0,240507.0,16.9912,29
forward,gov,2023-03,ds_share,1482,8708,45203.0,266709.0,16.9484,32
forward,gov,2023-04,ds_share,1479,8800,44124.0,262708.0,16.7958,31
forward,gov,2023-05,ds_share,1503,8963,45892.0,275455.0,16.6604,32
forward,gov,2023-06,ds_share,1513,9077,44666.0,268853.0,16.6135,31
forward,gov,2023-07,ds_share,1527,9168,47546.0,284885.0,16.6895,32
forward,gov,2023-08,ds_share,1534,9276,45491.0,276781.0,16.4357,31
forward,gov,2023-09,ds_share,1513,9356,45201.0,279712.0,16.1598,31
forward,gov,2023-10,ds_share,1522,9451,46991.0,291596.0,16.1151,32
forward,gov,2023-11,ds_share,1542,9631,46033.0,286718.0,16.0551,31
forward,gov,2023-12,ds_share,1552,9636,46496.0,289040.0,16.0864,31
forward,gov,2017-05,rrsig_names_share,3444,3792,102825.0,112823.0,91.1383,32
forward,gov,2017-06,rrsig_names_share,3265,3581,98646.0,108179.0,91.1878,31
forward,gov,2017-07,rrsig_names_share,3269,3567,101159.0,110769.0,91.3243,32
forward,gov,2017-08,rrsig_names_share,3266,3562,101911.0,111214.0,91.635,32
forward,gov,2017-09,rrsig_names_share,3260,3554,97341.0,106202.0,91.6565,30
forward,gov,2017-10,rrsig_names_share,3234,3529,96751.0,105598.0,91.622,31
forward,gov,2017-11,rrsig_names_share,3210,3504,89373.0,97821.0,91.3638,29
forward,gov,2017-12,rrsig_names_share,3191,3492,98344.0,107645.0,91.3596,31
forward,gov,2018-01,rrsig_names_share,3174,3474,96954.0,105879.0,91.5706,32
forward,gov,2018-02,rrsig_names_share,3545,12007,95447.0,234217.0,40.7515,29
forward,gov,2018-03,rrsig_names_share,3544,12035,109132.0,370688.0,29.4404,32
forward,gov,2018-04,rrsig_names_share,3538,12019,105390.0,360164.0,29.2617,31
forward,gov,2018-05,rrsig_names_share,3525,12040,109279.0,374201.0,29.2033,32
forward,gov,2018-06,rrsig_names_share,3516,12052,105324.0,361187.0,29.1605,30
forward,gov,2018-07,rrsig_names_share,3520,12086,108752.0,373766.0,29.0963,31
forward,gov,2018-08,rrsig_names_share,3503,12110,108200.0,374763.0,28.8716,31
forward,gov,2018-09,rrsig_names_share,3504,12133,104588.0,363606.0,28.7641,30
forward,gov,2018-10,rrsig_names_share,3506,12135,108028.0,375761.0,28.7491,31
forward,gov,2018-11,rrsig_names_share,3505,12145,104668.0,363865.0,28.7656,30
forward,gov,2018-12,rrsig_names_share,3501,12198,108344.0,377520.0,28.6989,31
forward,gov,2019-01,rrsig_names_share,3520,12215,108766.0,377882.0,28.7831,31
forward,gov,2019-02,rrsig_names_share,3524,12222,98502.0,341903.0,28.8099,28
forward,gov,2019-03,rrsig_names_share,3533,12248,109358.0,378681.0,28.8787,31
forward,gov,2019-04,rrsig_names_share,3538,12257,104199.0,361035.0,28.8612,30
forward,gov,2019-05,rrsig_names_share,3551,12344,111598.0,387373.0,28.8089,32
forward,gov,2019-06,rrsig_names_share,3584,12419,104568.0,362944.0,28.8111,30
forward,gov,2019-07,rrsig_names_share,3588,12456,111275.0,385966.0,28.8303,32
forward,gov,2019-08,rrsig_names_share,3576,12457,109723.0,385930.0,28.4308,32
forward,gov,2019-09,rrsig_names_share,3533,12589,105782.0,376025.0,28.1316,31
forward,gov,2019-10,rrsig_names_share,3572,12650,109892.0,390605.0,28.1338,32
forward,gov,2019-11,rrsig_names_share,3642,12650,109531.0,381956.0,28.6763,31
forward,gov,2019-12,rrsig_names_share,3655,12726,112899.0,393564.0,28.6863,32
forward,gov,2020-01,rrsig_names_share,3680,12767,113212.0,395132.0,28.6517,32
forward,gov,2020-02,rrsig_names_share,3679,12791,106676.0,370888.0,28.7623,30
forward,gov,2020-03,rrsig_names_share,3683,12825,112993.0,395881.0,28.5422,32
forward,gov,2020-04,rrsig_names_share,3658,12943,109121.0,386262.0,28.2505,31
forward,gov,2020-05,rrsig_names_share,3674,12936,111851.0,398071.0,28.0983,32
forward,gov,2020-06,rrsig_names_share,3786,13092,111730.0,393122.0,28.4212,31
forward,gov,2020-07,rrsig_names_share,3858,13174,119345.0,406999.0,29.3232,32
forward,gov,2020-08,rrsig_names_share,3901,13224,120253.0,409284.0,29.3813,32
forward,gov,2020-09,rrsig_names_share,3927,13277,117256.0,397226.0,29.5187,31
forward,gov,2020-10,rrsig_names_share,3934,13302,120761.0,408768.0,29.5427,32
forward,gov,2020-11,rrsig_names_share,3937,13329,119245.0,403580.0,29.5468,31
forward,gov,2020-12,rrsig_names_share,3953,13375,122160.0,413844.0,29.5184,32
forward,gov,2021-01,rrsig_names_share,3955,13415,121988.0,414615.0,29.422,32
forward,gov,2021-02,rrsig_names_share,3975,13471,110757.0,376477.0,29.4193,29
forward,gov,2021-03,rrsig_names_share,3994,13557,122636.0,417015.0,29.4081,32
forward,gov,2021-04,rrsig_names_share,4003,13592,101595.0,345262.0,29.4255,31
forward,gov,2021-05,rrsig_names_share,4020,13712,84039.0,286891.0,29.293,30
forward,gov,2021-06,rrsig_names_share,4064,13938,121253.0,415609.0,29.1748,31
forward,gov,2021-07,rrsig_names_share,4219,14218,127078.0,436180.0,29.1343,32
forward,gov,2021-08,rrsig_names_share,4272,14407,131650.0,443788.0,29.6651,32
forward,gov,2021-09,rrsig_names_share,4304,14592,128441.0,434320.0,29.5729,31
forward,gov,2021-10,rrsig_names_share,4340,14759,133911.0,455383.0,29.4062,32
forward,gov,2021-11,rrsig_names_share,4353,14951,130141.0,446149.0,29.1699,31
forward,gov,2021-12,rrsig_names_share,4390,15225,135174.0,467956.0,28.886,32
forward,gov,2022-01,rrsig_names_share,4402,15419,136178.0,474864.0,28.6773,32
forward,gov,2022-02,rrsig_names_share,4419,15621,123336.0,434767.0,28.3683,29
forward,gov,2022-03,rrsig_names_share,4459,15886,137457.0,488006.0,28.1671,32
forward,gov,2022-04,rrsig_names_share,4508,16132,134446.0,480044.0,28.007,31
forward,gov,2022-05,rrsig_names_share,4577,16469,140579.0,504301.0,27.876,32
forward,gov,2022-06,rrsig_names_share,4648,16664,138412.0,497272.0,27.8343,31
forward,gov,2022-07,rrsig_names_share,4890,16834,147803.0,519036.0,28.4764,32
forward,gov,2022-08,rrsig_names_share,4915,17063,152469.0,527681.0,28.8942,32
forward,gov,2022-09,rrsig_names_share,4946,17244,147860.0,514671.0,28.729,31
forward,gov,2022-10,rrsig_names_share,4986,17436,153742.0,537472.0,28.6047,32
forward,gov,2022-11,rrsig_names_share,5009,17590,149772.0,525580.0,28.4965,31
forward,gov,2022-12,rrsig_names_share,5019,17755,155161.0,548191.0,28.3042,32
forward,gov,2023-01,rrsig_names_share,6196,20846,187815.0,632905.0,29.6751,32
forward,gov,2023-02,rrsig_names_share,6228,21073,173746.0,588331.0,29.532,29
forward,gov,2023-03,rrsig_names_share,6300,21406,192331.0,653984.0,29.4091,32
forward,gov,2023-04,rrsig_names_share,6306,21657,187961.0,646058.0,29.0935,31
forward,gov,2023-05,rrsig_names_share,6356,21997,194021.0,676874.0,28.6643,32
forward,gov,2023-06,rrsig_names_share,6502,22314,191701.0,660490.0,29.0241,31
forward,gov,2023-07,rrsig_names_share,6590,22583,204782.0,701522.0,29.1911,32
forward,gov,2023-08,rrsig_names_share,6632,22855,198229.0,681962.0,29.0675,31
forward,gov,2023-09,rrsig_names_share,6689,23056,200010.0,689358.0,29.014,31
forward,gov,2023-10,rrsig_names_share,6720,23252,206303.0,718373.0,28.7181,32
forward,gov,2023-11,rrsig_names_share,6689,23575,199689.0,703509.0,28.3847,31
forward,gov,2023-12,rrsig_names_share,6858,23755,203923.0,712580.0,28.6176,31
forward,gov,2017-05,rrsig_zone_share,1134,1280,35429.0,40011.0,88.5481,32
forward,gov,2017-06,rrsig_zone_share,1129,1275,34102.0,38477.0,88.6296,31
forward,gov,2017-07,rrsig_zone_share,1132,1270,35011.0,39408.0,88.8424,32
forward,gov,2017-08,rrsig_zone_share,1131,1265,35290.0,39524.0,89.2875,32
forward,gov,2017-09,rrsig_zone_share,1130,1264,33727.0,37739.0,89.3691,30
forward,gov,2017-10,rrsig_zone_share,1122,1255,33553.0,37532.0,89.3984,31
forward,gov,2017-11,rrsig_zone_share,1114,1246,31052.0,34767.0,89.3146,29
forward,gov,2017-12,rrsig_zone_share,1109,1240,34178.0,38225.0,89.4127,31
forward,gov,2018-01,rrsig_zone_share,1103,1234,33703.0,37610.0,89.6118,32
forward,gov,2018-02,rrsig_zone_share,1220,5553,32981.0,103752.0,31.7883,29
forward,gov,2018-03,rrsig_zone_share,1222,5564,37529.0,171402.0,21.8953,32
forward,gov,2018-04,rrsig_zone_share,1217,5564,36298.0,166625.0,21.7842,31
forward,gov,2018-05,rrsig_zone_share,1214,5577,37648.0,173095.0,21.7499,32
forward,gov,2018-06,rrsig_zone_share,1211,5579,36274.0,167158.0,21.7004,30
forward,gov,2018-07,rrsig_zone_share,1212,5600,37443.0,172917.0,21.6537,31
forward,gov,2018-08,rrsig_zone_share,1205,5612,37229.0,173618.0,21.4431,31
forward,gov,2018-09,rrsig_zone_share,1207,5626,35929.0,168507.0,21.322,30
forward,gov,2018-10,rrsig_zone_share,1205,5619,37071.0,174027.0,21.3019,31
forward,gov,2018-11,rrsig_zone_share,1204,5632,35920.0,168604.0,21.3044,30
forward,gov,2018-12,rrsig_zone_share,1202,5658,37196.0,174941.0,21.262,31
forward,gov,2019-01,rrsig_zone_share,1208,5657,37310.0,174920.0,21.3298,31
forward,gov,2019-02,rrsig_zone_share,1211,5659,33822.0,158242.0,21.3736,28
forward,gov,2019-03,rrsig_zone_share,1214,5673,37531.0,175347.0,21.4038,31
forward,gov,2019-04,rrsig_zone_share,1212,5676,35712.0,167110.0,21.3704,30
forward,gov,2019-05,rrsig_zone_share,1216,5722,38214.0,179519.0,21.2869,32
forward,gov,2019-06,rrsig_zone_share,1222,5761,35721.0,168247.0,21.2313,30
forward,gov,2019-07,rrsig_zone_share,1224,5777,37952.0,178971.0,21.2057,32
forward,gov,2019-08,rrsig_zone_share,1223,5777,37832.0,178946.0,21.1416,32
forward,gov,2019-09,rrsig_zone_share,1222,5843,36581.0,174458.0,20.9684,31
forward,gov,2019-10,rrsig_zone_share,1232,5865,37944.0,181122.0,20.9494,32
forward,gov,2019-11,rrsig_zone_share,1240,5864,37377.0,176986.0,21.1186,31
forward,gov,2019-12,rrsig_zone_share,1245,5903,38447.0,182454.0,21.0722,32
forward,gov,2020-01,rrsig_zone_share,1253,5924,38553.0,183225.0,21.0413,32
forward,gov,2020-02,rrsig_zone_share,1253,5938,36327.0,172095.0,21.1087,30
forward,gov,2020-03,rrsig_zone_share,1254,5960,38656.0,183915.0,21.0184,32
forward,gov,2020-04,rrsig_zone_share,1264,6023,37679.0,179619.0,20.9772,31
forward,gov,2020-05,rrsig_zone_share,1265,6014,38626.0,185038.0,20.8746,32
forward,gov,2020-06,rrsig_zone_share,1271,6107,38189.0,183078.0,20.8594,31
forward,gov,2020-07,rrsig_zone_share,1275,6141,39510.0,189736.0,20.8237,32
forward,gov,2020-08,rrsig_zone_share,1289,6164,39733.0,190784.0,20.8262,32
forward,gov,2020-09,rrsig_zone_share,1295,6189,38700.0,185192.0,20.8972,31
forward,gov,2020-10,rrsig_zone_share,1297,6205,39793.0,190495.0,20.8893,32
forward,gov,2020-11,rrsig_zone_share,1297,6214,39263.0,188102.0,20.8732,31
forward,gov,2020-12,rrsig_zone_share,1299,6241,40187.0,193025.0,20.8196,32
forward,gov,2021-01,rrsig_zone_share,1298,6263,40083.0,193496.0,20.7152,32
forward,gov,2021-02,rrsig_zone_share,1297,6298,36235.0,175878.0,20.6023,29
forward,gov,2021-03,rrsig_zone_share,1301,6341,39942.0,195006.0,20.4824,32
forward,gov,2021-04,rrsig_zone_share,1302,6364,33025.0,161550.0,20.4426,31
forward,gov,2021-05,rrsig_zone_share,1305,6421,27256.0,134307.0,20.2938,30
forward,gov,2021-06,rrsig_zone_share,1322,6529,39421.0,194597.0,20.2578,31
forward,gov,2021-07,rrsig_zone_share,1377,6656,41423.0,204460.0,20.2597,32
forward,gov,2021-08,rrsig_zone_share,1393,6746,42904.0,207773.0,20.6495,32
forward,gov,2021-09,rrsig_zone_share,1405,6844,41859.0,203420.0,20.5776,31
forward,gov,2021-10,rrsig_zone_share,1419,6927,43739.0,213633.0,20.4739,32
forward,gov,2021-11,rrsig_zone_share,1423,7029,42524.0,209558.0,20.2922,31
forward,gov,2021-12,rrsig_zone_share,1435,7173,44194.0,220166.0,20.073,32
forward,gov,2022-01,rrsig_zone_share,1440,7283,44526.0,223965.0,19.8808,32
forward,gov,2022-02,rrsig_zone_share,1445,7369,40333.0,205153.0,19.66,29
forward,gov,2022-03,rrsig_zone_share,1458,7493,44952.0,230200.0,19.5274,32
forward,gov,2022-04,rrsig_zone_share,1475,7629,43978.0,226744.0,19.3954,31
forward,gov,2022-05,rrsig_zone_share,1499,7802,46024.0,238684.0,19.2824,32
forward,gov,2022-06,rrsig_zone_share,1521,7876,45312.0,235152.0,19.2692,31
forward,gov,2022-07,rrsig_zone_share,1532,7975,47207.0,245562.0,19.2241,32
forward,gov,2022-08,rrsig_zone_share,1542,8102,47758.0,250271.0,19.0825,32
forward,gov,2022-09,rrsig_zone_share,1551,8192,46370.0,244345.0,18.9773,31
forward,gov,2022-10,rrsig_zone_share,1565,8284,48233.0,255368.0,18.8876,32
forward,gov,2022-11,rrsig_zone_share,1573,8366,46989.0,249962.0,18.7985,31
forward,gov,2022-12,rrsig_zone_share,1577,8458,48720.0,260534.0,18.7001,32
forward,gov,2023-01,rrsig_zone_share,1582,8527,48813.0,262997.0,18.5603,32
forward,gov,2023-02,rrsig_zone_share,1588,8613,44259.0,240507.0,18.4024,29
forward,gov,2023-03,rrsig_zone_share,1609,8708,49056.0,266709.0,18.3931,32
forward,gov,2023-04,rrsig_zone_share,1613,8800,48095.0,262708.0,18.3074,31
forward,gov,2023-05,rrsig_zone_share,1642,8963,50134.0,275455.0,18.2004,32
forward,gov,2023-06,rrsig_zone_share,1662,9077,49103.0,268853.0,18.2639,31
forward,gov,2023-07,rrsig_zone_share,1687,9168,52366.0,284885.0,18.3815,32
forward,gov,2023-08,rrsig_zone_share,1705,9276,50879.0,276781.0,18.3824,31
forward,gov,2023-09,rrsig_zone_share,1727,9356,51602.0,279712.0,18.4483,31
forward,gov,2023-10,rrsig_zone_share,1737,9451,53170.0,291596.0,18.2341,32
forward,gov,2023-11,rrsig_zone_share,1719,9631,51306.0,286718.0,17.8942,31
forward,gov,2023-12,rrsig_zone_share,1761,9636,52376.0,289040.0,18.1207,31
forward,li,2020-05,dnskey_share,1875,52627,24996.0,705539.0,3.5428,14
forward,li,2020-06,dnskey_share,1875,52762,55943.0,1578882.0,3.5432,31
forward,li,2020-07,dnskey_share,1888,52876,58150.0,1637074.0,3.5521,32
forward,li,2020-08,dnskey_share,1920,53065,59133.0,1641822.0,3.6017,32
forward,li,2020-09,dnskey_share,1950,53597,57999.0,1593262.0,3.6403,31
forward,li,2020-10,dnskey_share,1958,54022,60451.0,1661228.0,3.6389,32
forward,li,2020-11,dnskey_share,1988,54147,59432.0,1624568.0,3.6583,31
forward,li,2020-12,dnskey_share,2036,54359,62382.0,1674980.0,3.7243,32
forward,li,2021-01,dnskey_share,2114,54464,64311.0,1684068.0,3.8188,32
forward,li,2021-02,dnskey_share,2158,54563,59724.0,1526013.0,3.9137,29
forward,li,2021-03,dnskey_share,2197,54636,67445.0,1687852.0,3.9959,32
forward,li,2021-04,dnskey_share,2235,54713,66284.0,1637797.0,4.0471,31
forward,li,2021-05,dnskey_share,2305,55340,70565.0,1707550.0,4.1325,32
forward,li,2021-06,dnskey_share,3097,55744,80602.0,1665763.0,4.8387,31
forward,li,2021-07,dnskey_share,3726,55907,104590.0,1731880.0,6.0391,32
forward,li,2021-08,dnskey_share,5533,56022,140685.0,1731500.0,8.125,32
forward,li,2021-09,dnskey_share,7816,56406,199244.0,1688171.0,11.8024,31
forward,li,2021-10,dnskey_share,9021,56813,269305.0,1754223.0,15.3518,32
forward,li,2021-11,dnskey_share,10488,56924,295447.0,1708280.0,17.295,31
forward,li,2021-12,dnskey_share,12292,57254,356918.0,1769948.0,20.1655,32
forward,li,2022-01,dnskey_share,12417,57557,383821.0,1786035.0,21.4901,32
forward,li,2022-02,dnskey_share,12724,57754,350832.0,1611816.0,21.7663,29
forward,li,2022-03,dnskey_share,12885,57756,396129.0,1782892.0,22.2183,32
forward,li,2022-04,dnskey_share,12975,57990,387971.0,1735100.0,22.3602,31
forward,li,2022-05,dnskey_share,13266,58047,406849.0,1792918.0,22.692,32
forward,li,2022-06,dnskey_share,14053,58127,407698.0,1741204.0,23.4147,31
forward,li,2022-07,dnskey_share,14133,58520,436779.0,1807786.0,24.161,32
forward,li,2022-08,dnskey_share,14132,58790,436274.0,1815910.0,24.0251,32
forward,li,2022-09,dnskey_share,14400,59012,427292.0,1765140.0,24.2073,31
forward,li,2022-10,dnskey_share,14786,59197,450918.0,1833211.0,24.5972,32
forward,li,2022-11,dnskey_share,18268,62075,468795.0,1793293.0,26.1416,31
forward,li,2022-12,dnskey_share,19981,63126,608769.0,1960583.0,31.0504,32
forward,li,2023-01,dnskey_share,20532,63228,628159.0,1948606.0,32.2363,32
forward,li,2023-02,dnskey_share,21046,63303,580602.0,1766875.0,32.8604,29
forward,li,2023-03,dnskey_share,21156,63267,651663.0,1952851.0,33.3698,32
forward,li,2023-04,dnskey_share,21224,63292,635547.0,1896489.0,33.5118,31
forward,li,2023-05,dnskey_share,21314,63223,659577.0,1959592.0,33.6589,32
forward,li,2023-06,dnskey_share,21666,63127,643846.0,1887494.0,34.1112,31
forward,li,2023-07,dnskey_share,21700,62980,671450.0,1949182.0,34.4478,32
forward,li,2023-08,dnskey_share,21771,63131,651513.0,1889646.0,34.478,31
forward,li,2023-09,dnskey_share,21972,63301,655529.0,1897686.0,34.5436,31
forward,li,2023-10,dnskey_share,21986,63206,677210.0,1957448.0,34.5966,32
forward,li,2023-11,dnskey_share,22008,63255,659046.0,1900259.0,34.6819,31
forward,li,2023-12,dnskey_share,22041,63300,671594.0,1930422.0,34.79,31
forward,li,2020-05,ds_share,1747,52627,23245.0,705539.0,3.2946,14
forward,li,2020-06,ds_share,1740,52762,51901.0,1578882.0,3.2872,31
forward,li,2020-07,ds_share,1750,52876,54012.0,1637074.0,3.2993,32
forward,li,2020-08,ds_share,1775,53065,54740.0,1641822.0,3.3341,32
forward,li,2020-09,ds_share,1803,53597,53577.0,1593262.0,3.3627,31
forward,li,2020-10,ds_share,1805,54022,55610.0,1661228.0,3.3475,32
forward,li,2020-11,ds_share,1819,54147,54375.0,1624568.0,3.347,31
forward,li,2020-12,ds_share,1861,54359,57167.0,1674980.0,3.413,32
forward,li,2021-01,ds_share,1930,54464,58795.0,1684068.0,3.4912,32
forward,li,2021-02,ds_share,1986,54563,54855.0,1526013.0,3.5947,29
forward,li,2021-03,ds_share,2010,54636,61886.0,1687852.0,3.6666,32
forward,li,2021-04,ds_share,2038,54713,60477.0,1637797.0,3.6926,31
forward,li,2021-05,ds_share,2110,55340,64481.0,1707550.0,3.7762,32
forward,li,2021-06,ds_share,2901,55744,71541.0,1665763.0,4.2948,31
forward,li,2021-07,ds_share,3319,55907,95686.0,1731880.0,5.525,32
forward,li,2021-08,ds_share,5323,56022,132695.0,1731500.0,7.6636,32
forward,li,2021-09,ds_share,7598,56406,191523.0,1688171.0,11.345,31
forward,li,2021-10,ds_share,8793,56813,262332.0,1754223.0,14.9543,32
forward,li,2021-11,ds_share,10081,56924,283389.0,1708280.0,16.5891,31
forward,li,2021-12,ds_share,11360,57254,336966.0,1769948.0,19.0382,32
forward,li,2022-01,ds_share,12024,57557,371406.0,1786035.0,20.795,32
forward,li,2022-02,ds_share,12175,57754,338707.0,1611816.0,21.014,29
forward,li,2022-03,ds_share,12369,57756,379778.0,1782892.0,21.3012,32
forward,li,2022-04,ds_share,12461,57990,372552.0,1735100.0,21.4715,31
forward,li,2022-05,ds_share,12741,58047,389674.0,1792918.0,21.7341,32
forward,li,2022-06,ds_share,13549,58127,389498.0,1741204.0,22.3695,31
forward,li,2022-07,ds_share,13643,58520,421441.0,1807786.0,23.3125,32
forward,li,2022-08,ds_share,13661,58790,421240.0,1815910.0,23.1972,32
forward,li,2022-09,ds_share,13942,59012,413537.0,1765140.0,23.428,31
forward,li,2022-10,ds_share,14384,59197,437383.0,1833211.0,23.8588,32
forward,li,2022-11,ds_share,17600,62075,450321.0,1793293.0,25.1114,31
forward,li,2022-12,ds_share,19224,63126,586803.0,1960583.0,29.93,32
forward,li,2023-01,ds_share,19821,63228,605103.0,1948606.0,31.0531,32
forward,li,2023-02,ds_share,20412,63303,560558.0,1766875.0,31.726,29
forward,li,2023-03,ds_share,20495,63267,631412.0,1952851.0,32.3328,32
forward,li,2023-04,ds_share,20520,63292,614549.0,1896489.0,32.4046,31
forward,li,2023-05,ds_share,20578,63223,636686.0,1959592.0,32.4907,32
forward,li,2023-06,ds_share,20689,63127,615012.0,1887494.0,32.5835,31
forward,li,2023-07,ds_share,20965,62980,648346.0,1949182.0,33.2625,32
forward,li,2023-08,ds_share,21032,63131,629494.0,1889646.0,33.3128,31
forward,li,2023-09,ds_share,21250,63301,633818.0,1897686.0,33.3995,31
forward,li,2023-10,ds_share,21257,63206,654439.0,1957448.0,33.4333,32
forward,li,2023-11,ds_share,21271,63255,637209.0,1900259.0,33.5327,31
forward,li,2023-12,ds_share,21314,63300,649358.0,1930422.0,33.6381,31
forward,li,2020-05,rrsig_names_share,5511,107283,73435.0,1438571.0,5.1047,14
forward,li,2020-06,rrsig_names_share,5504,107489,164253.0,3218287.0,5.1037,31
forward,li,2020-07,rrsig_names_share,5539,107886,170679.0,3338015.0,5.1132,32
forward,li,2020-08,rrsig_names_share,5597,108326,172642.0,3350930.0,5.1521,32
forward,li,2020-09,rrsig_names_share,5690,109200,169167.0,3252124.0,5.2017,31
forward,li,2020-10,rrsig_names_share,5710,110072,176141.0,3384892.0,5.2037,32
forward,li,2020-11,rrsig_names_share,5756,110425,172498.0,3312562.0,5.2074,31
forward,li,2020-12,rrsig_names_share,5890,110796,180561.0,3418367.0,5.2821,32
forward,li,2021-01,rrsig_names_share,6095,111167,185670.0,3437815.0,5.4008,32
forward,li,2021-02,rrsig_names_share,6327,111392,174193.0,3115244.0,5.5916,29
forward,li,2021-03,rrsig_names_share,6439,111787,197813.0,3448716.0,5.7358,32
forward,li,2021-04,rrsig_names_share,6940,112146,195256.0,3357263.0,5.8159,31
forward,li,2021-05,rrsig_names_share,6765,112987,207049.0,3490915.0,5.9311,32
forward,li,2021-06,rrsig_names_share,8579,114296,229151.0,3405598.0,6.7287,31
forward,li,2021-07,rrsig_names_share,10305,114897,287571.0,3550870.0,8.0986,32
forward,li,2021-08,rrsig_names_share,15671,116971,394182.0,3584885.0,10.9957,32
forward,li,2021-09,rrsig_names_share,22472,119784,568912.0,3554916.0,16.0035,31
forward,li,2021-10,rrsig_names_share,26028,121484,776454.0,3744862.0,20.7338,32
forward,li,2021-11,rrsig_names_share,30375,123116,854437.0,3678075.0,23.2305,31
forward,li,2021-12,rrsig_names_share,35711,125640,1036073.0,3861234.0,26.8327,32
forward,li,2022-01,rrsig_names_share,36068,126514,1114940.0,3921713.0,28.4299,32
forward,li,2022-02,rrsig_names_share,36959,127143,1018966.0,3545473.0,28.7399,29
forward,li,2022-03,rrsig_names_share,37407,127262,1150345.0,3928422.0,29.2826,32
forward,li,2022-04,rrsig_names_share,37645,127560,1125909.0,3816686.0,29.4996,31
forward,li,2022-05,rrsig_names_share,38485,127876,1180194.0,3947833.0,29.8947,32
forward,li,2022-06,rrsig_names_share,40519,128874,1179164.0,3846856.0,30.6527,31
forward,li,2022-07,rrsig_names_share,40747,129885,1259362.0,4011853.0,31.391,32
forward,li,2022-08,rrsig_names_share,40733,130607,1257531.0,4032697.0,31.1834,32
forward,li,2022-09,rrsig_names_share,41490,131628,1231401.0,3933539.0,31.3052,31
forward,li,2022-10,rrsig_names_share,42608,132297,1299488.0,4091542.0,31.7603,32
forward,li,2022-11,rrsig_names_share,53050,141576,1353619.0,4028994.0,33.5969,31
forward,li,2022-12,rrsig_names_share,58089,145099,1769906.0,4500764.0,39.3246,32
forward,li,2023-01,rrsig_names_share,61210,155486,1867645.0,4754152.0,39.2845,32
forward,li,2023-02,rrsig_names_share,62769,156290,1731909.0,4356827.0,39.7516,29
forward,li,2023-03,rrsig_names_share,63087,156202,1943389.0,4822306.0,40.3,32
forward,li,2023-04,rrsig_names_share,63281,156216,1895189.0,4682380.0,40.4749,31
forward,li,2023-05,rrsig_names_share,63597,156118,1967612.0,4839965.0,40.6534,32
forward,li,2023-06,rrsig_names_share,64731,155957,1923119.0,4667219.0,41.2048,31
forward,li,2023-07,rrsig_names_share,65018,155859,2007549.0,4822849.0,41.6258,32
forward,li,2023-08,rrsig_names_share,65292,156484,1953824.0,4675833.0,41.7856,31
forward,li,2023-09,rrsig_names_share,65850,157215,1964741.0,4707442.0,41.7369,31
forward,li,2023-10,rrsig_names_share,65912,156573,2031457.0,4849564.0,41.8895,32
forward,li,2023-11,rrsig_names_share,66086,157135,1978630.0,4715355.0,41.9614,31
forward,li,2023-12,rrsig_names_share,66250,157422,2017111.0,4800131.0,42.022,31
forward,li,2020-05,rrsig_zone_share,1868,52627,24912.0,705539.0,3.5309,14
forward,li,2020-06,rrsig_zone_share,1868,52762,55760.0,1578882.0,3.5316,31
forward,li,2020-07,rrsig_zone_share,1884,52876,57947.0,1637074.0,3.5397,32
forward,li,2020-08,rrsig_zone_share,1915,53065,58942.0,1641822.0,3.59,32
forward,li,2020-09,rrsig_zone_share,1944,53597,57804.0,1593262.0,3.628,31
forward,li,2020-10,rrsig_zone_share,1952,54022,60251.0,1661228.0,3.6269,32
forward,li,2020-11,rrsig_zone_share,1982,54147,59268.0,1624568.0,3.6482,31
forward,li,2020-12,rrsig_zone_share,2031,54359,62223.0,1674980.0,3.7149,32
forward,li,2021-01,rrsig_zone_share,2104,54464,64121.0,1684068.0,3.8075,32
forward,li,2021-02,rrsig_zone_share,2152,54563,59524.0,1526013.0,3.9006,29
forward,li,2021-03,rrsig_zone_share,2191,54636,67272.0,1687852.0,3.9857,32
forward,li,2021-04,rrsig_zone_share,2228,54713,66074.0,1637797.0,4.0343,31
forward,li,2021-05,rrsig_zone_share,2298,55340,70339.0,1707550.0,4.1193,32
forward,li,2021-06,rrsig_zone_share,3089,55744,80383.0,1665763.0,4.8256,31
forward,li,2021-07,rrsig_zone_share,3719,55907,104368.0,1731880.0,6.0263,32
forward,li,2021-08,rrsig_zone_share,5526,56022,140466.0,1731500.0,8.1124,32
forward,li,2021-09,rrsig_zone_share,7810,56406,199049.0,1688171.0,11.7908,31
forward,li,2021-10,rrsig_zone_share,9014,56813,269098.0,1754223.0,15.34,32
forward,li,2021-11,rrsig_zone_share,10481,56924,295238.0,1708280.0,17.2828,31
forward,li,2021-12,rrsig_zone_share,12285,57254,356700.0,1769948.0,20.1531,32
forward,li,2022-01,rrsig_zone_share,12412,57557,383651.0,1786035.0,21.4806,32
forward,li,2022-02,rrsig_zone_share,12719,57754,350699.0,1611816.0,21.758,29
forward,li,2022-03,rrsig_zone_share,12880,57756,395953.0,1782892.0,22.2085,32
forward,li,2022-04,rrsig_zone_share,12970,57990,387799.0,1735100.0,22.3502,31
forward,li,2022-05,rrsig_zone_share,13259,58047,406661.0,1792918.0,22.6815,32
forward,li,2022-06,rrsig_zone_share,14048,58127,407522.0,1741204.0,23.4046,31
forward,li,2022-07,rrsig_zone_share,14126,58520,436577.0,1807786.0,24.1498,32
forward,li,2022-08,rrsig_zone_share,14125,58790,436061.0,1815910.0,24.0134,32
forward,li,2022-09,rrsig_zone_share,14393,59012,427085.0,1765140.0,24.1955,31
forward,li,2022-10,rrsig_zone_share,14779,59197,450692.0,1833211.0,24.5848,32
forward,li,2022-11,rrsig_zone_share,18258,62075,468541.0,1793293.0,26.1274,31
forward,li,2022-12,rrsig_zone_share,19971,63126,608462.0,1960583.0,31.0347,32
forward,li,2023-01,rrsig_zone_share,20523,63228,627867.0,1948606.0,32.2213,32
forward,li,2023-02,rrsig_zone_share,21037,63303,580356.0,1766875.0,32.8465,29
forward,li,2023-03,rrsig_zone_share,21148,63267,651415.0,1952851.0,33.3571,32
forward,li,2023-04,rrsig_zone_share,21215,63292,635288.0,1896489.0,33.4981,31
forward,li,2023-05,rrsig_zone_share,21305,63223,659301.0,1959592.0,33.6448,32
forward,li,2023-06,rrsig_zone_share,21657,63127,643578.0,1887494.0,34.097,31
forward,li,2023-07,rrsig_zone_share,21691,62980,671163.0,1949182.0,34.4331,32
forward,li,2023-08,rrsig_zone_share,21760,63131,651223.0,1889646.0,34.4627,31
forward,li,2023-09,rrsig_zone_share,21962,63301,655219.0,1897686.0,34.5273,31
forward,li,2023-10,rrsig_zone_share,21976,63206,676894.0,1957448.0,34.5804,32
forward,li,2023-11,rrsig_zone_share,21997,63255,658729.0,1900259.0,34.6652,31
forward,li,2023-12,rrsig_zone_share,22030,63300,671268.0,1930422.0,34.7731,31
forward,nu,2016-06,dnskey_share,88110,259800,2187312.0,6480874.0,33.7503,25
forward,nu,2016-07,dnskey_share,88974,259985,2741478.0,7979475.0,34.3566,31
forward,nu,2016-08,dnskey_share,89079,260157,2746844.0,8047419.0,34.1332,31
forward,nu,2016-09,dnskey_share,88043,261330,2636302.0,7781058.0,33.881,30
forward,nu,2016-10,dnskey_share,87892,258538,2716837.0,7935725.0,34.2355,31
forward,nu,2016-11,dnskey_share,92190,263475,2645730.0,7762030.0,34.0855,30
forward,nu,2016-12,dnskey_share,95489,268313,2930313.0,8176167.0,35.8397,31
forward,nu,2017-01,dnskey_share,95706,252390,2954063.0,7754179.0,38.0964,31
forward,nu,2017-02,dnskey_share,98631,284069,2717753.0,7485070.0,36.309,28
forward,nu,2017-03,dnskey_share,99794,287497,3075601.0,8240848.0,37.3214,31
forward,nu,2017-04,dnskey_share,103226,286576,3005399.0,7814930.0,38.4571,30
forward,nu,2017-05,dnskey_share,104039,281539,3209084.0,8434086.0,38.049,32
forward,nu,2017-06,dnskey_share,103934,304769,3102129.0,9018343.0,34.398,31
forward,nu,2017-07,dnskey_share,103211,303637,3195512.0,9393368.0,34.0188,32
forward,nu,2017-08,dnskey_share,103699,303829,3189931.0,9393734.0,33.9581,32
forward,nu,2017-09,dnskey_share,103492,356341,3099174.0,10432521.0,29.7069,30
forward,nu,2017-10,dnskey_share,103383,366672,3175380.0,10966820.0,28.9544,31
forward,nu,2017-11,dnskey_share,142009,430784,3514791.0,12073901.0,29.1106,30
forward,nu,2017-12,dnskey_share,142028,466775,4344477.0,13349926.0,32.5431,31
forward,nu,2018-01,dnskey_share,150584,475374,4485888.0,14393296.0,31.1665,32
forward,nu,2018-02,dnskey_share,143292,461978,4040429.0,12982169.0,31.1229,29
forward,nu,2018-03,dnskey_share,142042,458640,4370564.0,14064745.0,31.0746,32
forward,nu,2018-04,dnskey_share,155324,455922,4429917.0,13643161.0,32.4699,31
forward,nu,2018-05,dnskey_share,155336,454465,4606611.0,13891175.0,33.1621,32
forward,nu,2018-06,dnskey_share,136784,440753,4050415.0,12776124.0,31.703,30
forward,nu,2018-07,dnskey_share,135159,414346,4186522.0,12838371.0,32.6094,31
forward,nu,2018-08,dnskey_share,135131,414080,4182796.0,12822911.0,32.6197,31
forward,nu,2018-09,dnskey_share,135132,413121,4047088.0,11563365.0,34.9992,30
forward,nu,2018-10,dnskey_share,136700,363900,4182521.0,11254580.0,37.1628,31
forward,nu,2018-11,dnskey_share,137583,364672,3883351.0,9539205.0,40.7094,30
forward,nu,2018-12,dnskey_share,119021,289684,3438477.0,8783607.0,39.1465,31
forward,nu,2019-01,dnskey_share,114244,281897,3061723.0,7480577.0,40.929,31
forward,nu,2019-02,dnskey_share,116683,232995,3219043.0,6516431.0,49.3989,28
forward,nu,2019-03,dnskey_share,118269,232498,3638058.0,7196329.0,50.5544,31
forward,nu,2019-04,dnskey_share,118991,233005,3509116.0,6883217.0,50.9808,30
forward,nu,2019-05,dnskey_share,120028,234256,3750014.0,7340803.0,51.0845,32
forward,nu,2019-06,dnskey_share,120040,234392,3535017.0,6903564.0,51.2057,30
forward,nu,2019-07,dnskey_share,119887,234410,3723553.0,7274135.0,51.1889,32
forward,nu,2019-08,dnskey_share,120434,234161,3716211.0,7241045.0,51.3215,32
forward,nu,2019-09,dnskey_share,124832,234167,3644472.0,7014188.0,51.9586,31
forward,nu,2019-10,dnskey_share,125997,235610,3883850.0,7267962.0,53.438,32
forward,nu,2019-11,dnskey_share,126030,235584,3739695.0,7047517.0,53.064,31
forward,nu,2019-12,dnskey_share,123284,232302,3809893.0,7146217.0,53.3134,32
forward,nu,2020-01,dnskey_share,122854,229739,3802702.0,7102375.0,53.5413,32
forward,nu,2020-02,dnskey_share,122807,229062,3551704.0,6628362.0,53.5834,30
forward,nu,2020-03,dnskey_share,125294,231544,3841547.0,7121339.0,53.9442,32
forward,nu,2020-04,dnskey_share,125557,232358,3758699.0,6960213.0,54.0026,31
forward,nu,2020-05,dnskey_share,126315,233258,3885146.0,7181436.0,54.0998,32
forward,nu,2020-06,dnskey_share,126615,233416,3807824.0,7023225.0,54.2176,31
forward,nu,2020-07,dnskey_share,128458,234006,3970856.0,7252756.0,54.7496,32
forward,nu,2020-08,dnskey_share,129737,235235,3998725.0,7271771.0,54.9897,32
forward,nu,2020-09,dnskey_share,130157,235546,3887243.0,7052386.0,55.1195,31
forward,nu,2020-10,dnskey_share,133126,235686,4060781.0,7254684.0,55.9746,32
forward,nu,2020-11,dnskey_share,134863,235117,4053152.0,7099215.0,57.093,31
forward,nu,2020-12,dnskey_share,136559,235380,4221144.0,7290096.0,57.9024,32
forward,nu,2021-01,dnskey_share,136955,235355,4235599.0,7280919.0,58.174,32
forward,nu,2021-02,dnskey_share,137069,235253,3833686.0,6579462.0,58.2675,29
forward,nu,2021-03,dnskey_share,136950,234836,4214447.0,7234076.0,58.2583,32
forward,nu,2021-04,dnskey_share,136014,233825,4079479.0,7005784.0,58.2302,31
forward,nu,2021-05,dnskey_share,135896,233301,4064719.0,6978926.0,58.2428,31
forward,nu,2021-06,dnskey_share,135435,232759,4060079.0,6979354.0,58.1727,31
forward,nu,2021-07,dnskey_share,135270,232129,4188690.0,7190571.0,58.2525,32
forward,nu,2021-08,dnskey_share,135167,231713,4181246.0,7170977.0,58.3079,32
forward,nu,2021-09,dnskey_share,134936,231131,4039184.0,6918300.0,58.3841,31
forward,nu,2021-10,dnskey_share,134880,230494,4174358.0,7137624.0,58.4839,32
forward,nu,2021-11,dnskey_share,134406,229654,4035384.0,6885212.0,58.6094,31
forward,nu,2021-12,dnskey_share,133246,227469,4113811.0,7029805.0,58.5196,32
forward,nu,2022-01,dnskey_share,139113,226258,4123091.0,7009629.0,58.8204,32
forward,nu,2022-02,dnskey_share,138983,225942,3884797.0,6320664.0,61.4618,29
forward,nu,2022-03,dnskey_share,138662,225284,4250980.0,6917601.0,61.4517,32
forward,nu,2022-04,dnskey_share,137516,224349,4116613.0,6719371.0,61.2649,31
forward,nu,2022-05,dnskey_share,137090,223926,4225116.0,6920303.0,61.0539,32
forward,nu,2022-06,dnskey_share,136235,223541,4074372.0,6702654.0,60.7874,31
forward,nu,2022-07,dnskey_share,135595,223263,4190462.0,6909099.0,60.6514,32
forward,nu,2022-08,dnskey_share,135010,222734,4217505.0,6972890.0,60.4843,32
forward,nu,2022-09,dnskey_share,134624,222593,4026009.0,6668395.0,60.3745,31
forward,nu,2022-10,dnskey_share,133981,222060,4146607.0,6877023.0,60.2965,32
forward,nu,2022-11,dnskey_share,133788,221299,4002688.0,6636604.0,60.3123,31
forward,nu,2022-12,dnskey_share,133577,220193,4138115.0,6836425.0,60.5304,32
forward,nu,2023-01,dnskey_share,132795,219424,4111477.0,6775603.0,60.6806,32
forward,nu,2023-02,dnskey_share,132430,218001,3697497.0,6086154.0,60.7526,29
forward,nu,2023-03,dnskey_share,131807,216988,4064782.0,6699522.0,60.6727,32
forward,nu,2023-04,dnskey_share,130637,215639,3903707.0,6448097.0,60.5405,31
forward,nu,2023-05,dnskey_share,129704,214687,4006870.0,6625030.0,60.4808,32
forward,nu,2023-06,dnskey_share,129415,213463,3872855.0,6391083.0,60.5978,31
forward,nu,2023-07,dnskey_share,128570,212109,3981648.0,6566858.0,60.6325,32
forward,nu,2023-08,dnskey_share,128374,211848,3844351.0,6344141.0,60.5969,31
forward,nu,2023-09,dnskey_share,127769,211402,3826150.0,6330506.0,60.4399,31
forward,nu,2023-10,dnskey_share,127169,210481,3938714.0,6511133.0,60.492,32
forward,nu,2023-11,dnskey_share,126873,209638,3785835.0,6267234.0,60.4068,31
forward,nu,2023-12,dnskey_share,126141,208718,3776178.0,6258284.0,60.3389,31
forward,nu,2016-06,ds_share,67582,259800,1680016.0,6480874.0,25.9227,25
forward,nu,2016-07,ds_share,68542,259985,2104011.0,7979475.0,26.3678,31
forward,nu,2016-08,ds_share,68658,260157,2115745.0,8047419.0,26.291,31
forward,nu,2016-09,ds_share,68378,261330,2044061.0,7781058.0,26.2697,30
forward,nu,2016-10,ds_share,68525,258538,2122277.0,7935725.0,26.7433,31
forward,nu,2016-11,ds_share,73900,263475,2093633.0,7762030.0,26.9728,30
forward,nu,2016-12,ds_share,77473,268313,2369259.0,8176167.0,28.9776,31
forward,nu,2017-01,ds_share,78107,252390,2404337.0,7754179.0,31.007,31
forward,nu,2017-02,ds_share,81133,284069,2226193.0,7485070.0,29.7418,28
forward,nu,2017-03,ds_share,82520,287497,2538445.0,8240848.0,30.8032,31
forward,nu,2017-04,ds_share,85841,286576,2487834.0,7814930.0,31.8344,30
forward,nu,2017-05,ds_share,86803,281539,2672968.0,8434086.0,31.6924,32
forward,nu,2017-06,ds_share,86773,304769,2582937.0,9018343.0,28.6409,31
forward,nu,2017-07,ds_share,85882,303637,2660240.0,9393368.0,28.3204,32
forward,nu,2017-08,ds_share,86459,303829,2655820.0,9393734.0,28.2723,32
forward,nu,2017-09,ds_share,86328,356341,2585356.0,10432521.0,24.7817,30
forward,nu,2017-10,ds_share,86406,366672,2653733.0,10966820.0,24.1978,31
forward,nu,2017-11,ds_share,125422,430784,3039131.0,12073901.0,25.1711,30
forward,nu,2017-12,ds_share,125434,466775,3834519.0,13349926.0,28.7231,31
forward,nu,2018-01,ds_share,132885,475374,3945457.0,14393296.0,27.4118,32
forward,nu,2018-02,ds_share,125500,461978,3539723.0,12982169.0,27.266,29
forward,nu,2018-03,ds_share,126726,458640,3893731.0,14064745.0,27.6843,32
forward,nu,2018-04,ds_share,140559,455922,3977356.0,13643161.0,29.1527,31
forward,nu,2018-05,ds_share,140579,454465,4179448.0,13891175.0,30.0871,32
forward,nu,2018-06,ds_share,129785,440753,3836143.0,12776124.0,30.0259,30
forward,nu,2018-07,ds_share,127981,414346,3963540.0,12838371.0,30.8726,31
forward,nu,2018-08,ds_share,127800,414080,3957961.0,12822911.0,30.8663,31
forward,nu,2018-09,ds_share,127864,413121,3828066.0,11563365.0,33.1051,30
forward,nu,2018-10,ds_share,127794,363900,3866440.0,11254580.0,34.3544,31
forward,nu,2018-11,ds_share,123063,364672,3451030.0,9539205.0,36.1773,30
forward,nu,2018-12,ds_share,104622,289684,2893649.0,8783607.0,32.9437,31
forward,nu,2019-01,ds_share,90327,281897,2792409.0,7480577.0,37.3288,31
forward,nu,2019-02,ds_share,92722,232995,2545802.0,6516431.0,39.0674,28
forward,nu,2019-03,ds_share,93347,232498,2876267.0,7196329.0,39.9685,31
forward,nu,2019-04,ds_share,94182,233005,2775351.0,6883217.0,40.3206,30
forward,nu,2019-05,ds_share,97639,234256,2975640.0,7340803.0,40.5356,32
forward,nu,2019-06,ds_share,97990,234392,2884410.0,6903564.0,41.7815,30
forward,nu,2019-07,ds_share,98009,234410,3043395.0,7274135.0,41.8386,32
forward,nu,2019-08,ds_share,98575,234161,3038064.0,7241045.0,41.9562,32
forward,nu,2019-09,ds_share,103294,234167,2993610.0,7014188.0,42.6794,31
forward,nu,2019-10,ds_share,104584,235610,3218771.0,7267962.0,44.2871,32
forward,nu,2019-11,ds_share,104638,235584,3107691.0,7047517.0,44.0963,31
forward,nu,2019-12,ds_share,102966,232302,3183902.0,7146217.0,44.5537,32
forward,nu,2020-01,ds_share,103167,229739,3188575.0,7102375.0,44.8945,32
forward,nu,2020-02,ds_share,104050,229062,2995375.0,6628362.0,45.1903,30
forward,nu,2020-03,ds_share,106514,231544,3262371.0,7121339.0,45.8112,32
forward,nu,2020-04,ds_share,106656,232358,3195618.0,6960213.0,45.9126,31
forward,nu,2020-05,ds_share,107573,233258,3306370.0,7181436.0,46.0405,32
forward,nu,2020-06,ds_share,108171,233416,3251612.0,7023225.0,46.298,31
forward,nu,2020-07,ds_share,110176,234006,3401603.0,7252756.0,46.9008,32
forward,nu,2020-08,ds_share,111483,235235,3431815.0,7271771.0,47.1937,32
forward,nu,2020-09,ds_share,111829,235546,3338051.0,7052386.0,47.3322,31
forward,nu,2020-10,ds_share,115044,235686,3500784.0,7254684.0,48.2555,32
forward,nu,2020-11,ds_share,116862,235117,3506738.0,7099215.0,49.3961,31
forward,nu,2020-12,ds_share,118671,235380,3664980.0,7290096.0,50.2734,32
forward,nu,2021-01,ds_share,119208,235355,3684548.0,7280919.0,50.6055,32
forward,nu,2021-02,ds_share,119423,235253,3337636.0,6579462.0,50.7281,29
forward,nu,2021-03,ds_share,119307,234836,3671164.0,7234076.0,50.7482,32
forward,nu,2021-04,ds_share,118587,233825,3556662.0,7005784.0,50.7675,31
forward,nu,2021-05,ds_share,118568,233301,3545681.0,6978926.0,50.8055,31
forward,nu,2021-06,ds_share,118105,232759,3540025.0,6979354.0,50.7214,31
forward,nu,2021-07,ds_share,118008,232129,3653300.0,7190571.0,50.8068,32
forward,nu,2021-08,ds_share,118077,231713,3651536.0,7170977.0,50.921,32
forward,nu,2021-09,ds_share,117890,231131,3528322.0,6918300.0,50.9998,31
forward,nu,2021-10,ds_share,117835,230494,3649180.0,7137624.0,51.126,32
forward,nu,2021-11,ds_share,117537,229654,3532274.0,6885212.0,51.3023,31
forward,nu,2021-12,ds_share,116939,227469,3612531.0,7029805.0,51.3888,32
forward,nu,2022-01,ds_share,123199,226258,3628528.0,7009629.0,51.7649,32
forward,nu,2022-02,ds_share,123056,225942,3439398.0,6320664.0,54.4151,29
forward,nu,2022-03,ds_share,122815,225284,3762141.0,6917601.0,54.3851,32
forward,nu,2022-04,ds_share,121431,224349,3634418.0,6719371.0,54.0887,31
forward,nu,2022-05,ds_share,121105,223926,3733235.0,6920303.0,53.9461,32
forward,nu,2022-06,ds_share,120445,223541,3605422.0,6702654.0,53.791,31
forward,nu,2022-07,ds_share,120135,223263,3711685.0,6909099.0,53.7217,32
forward,nu,2022-08,ds_share,119593,222734,3736245.0,6972890.0,53.5824,32
forward,nu,2022-09,ds_share,119954,222593,3587194.0,6668395.0,53.794,31
forward,nu,2022-10,ds_share,121464,222060,3745502.0,6877023.0,54.464,32
forward,nu,2022-11,ds_share,121887,221299,3642087.0,6636604.0,54.8788,31
forward,nu,2022-12,ds_share,121780,220193,3782334.0,6836425.0,55.3262,32
forward,nu,2023-01,ds_share,121767,219424,3769846.0,6775603.0,55.6385,32
forward,nu,2023-02,ds_share,121455,218001,3390613.0,6086154.0,55.7103,29
forward,nu,2023-03,ds_share,120918,216988,3730879.0,6699522.0,55.6887,32
forward,nu,2023-04,ds_share,120309,215639,3600656.0,6448097.0,55.8406,31
forward,nu,2023-05,ds_share,119937,214687,3707672.0,6625030.0,55.9646,32
forward,nu,2023-06,ds_share,119938,213463,3595204.0,6391083.0,56.2534,31
forward,nu,2023-07,ds_share,119730,212109,3705999.0,6566858.0,56.4349,32
forward,nu,2023-08,ds_share,119540,211848,3581160.0,6344141.0,56.4483,31
forward,nu,2023-09,ds_share,119251,211402,3572354.0,6330506.0,56.4308,31
forward,nu,2023-10,ds_share,118743,210481,3677563.0,6511133.0,56.4812,32
forward,nu,2023-11,ds_share,118592,209638,3543625.0,6267234.0,56.5421,31
forward,nu,2023-12,ds_share,118172,208718,3543536.0,6258284.0,56.6215,31
forward,nu,2016-06,rrsig_names_share,326697,822919,8110459.0,20544942.0,39.4767,25
forward,nu,2016-07,rrsig_names_share,329327,825715,10159284.0,25417463.0,39.9697,31
forward,nu,2016-08,rrsig_names_share,329635,826840,10161599.0,25582346.0,39.7211,31
forward,nu,2016-09,rrsig_names_share,325483,822992,9747406.0,24598252.0,39.6264,30
forward,nu,2016-10,rrsig_names_share,324895,819071,10045010.0,25209963.0,39.8454,31
forward,nu,2016-11,rrsig_names_share,337706,925550,9766502.0,26864187.0,36.3551,30
forward,nu,2016-12,rrsig_names_share,345249,932958,10626190.0,28467328.0,37.3277,31
forward,nu,2017-01,rrsig_names_share,346597,877883,10701495.0,27025491.0,39.5978,31
forward,nu,2017-02,rrsig_names_share,356905,880771,9827144.0,23978099.0,40.9838,28
forward,nu,2017-03,rrsig_names_share,360582,891936,11121793.0,26289114.0,42.3057,31
forward,nu,2017-04,rrsig_names_share,370881,896785,10862813.0,26764325.0,40.5869,30
forward,nu,2017-05,rrsig_names_share,370772,896705,9502570.0,22562191.0,42.1172,32
forward,nu,2017-06,rrsig_names_share,305676,787092,9117942.0,23354051.0,39.0422,31
forward,nu,2017-07,rrsig_names_share,303314,784470,9390410.0,24277397.0,38.6796,32
forward,nu,2017-08,rrsig_names_share,304801,783827,9374586.0,24231275.0,38.688,32
forward,nu,2017-09,rrsig_names_share,304307,882705,9116417.0,25959035.0,35.1185,30
forward,nu,2017-10,rrsig_names_share,304517,905200,9367437.0,27417676.0,34.1657,31
forward,nu,2017-11,rrsig_names_share,421428,1021816,10411597.0,28365827.0,36.7047,30
forward,nu,2017-12,rrsig_names_share,421770,1101483,12937375.0,31721070.0,40.7848,31
forward,nu,2018-01,rrsig_names_share,441694,1112382,13290412.0,33981268.0,39.111,32
forward,nu,2018-02,rrsig_names_share,427622,1101227,12060248.0,31037253.0,38.8573,29
forward,nu,2018-03,rrsig_names_share,424030,1093846,13048399.0,33649027.0,38.7779,32
forward,nu,2018-04,rrsig_names_share,464130,1100307,13234911.0,32769977.0,40.3873,31
forward,nu,2018-05,rrsig_names_share,464027,1098992,13790696.0,33361053.0,41.3377,32
forward,nu,2018-06,rrsig_names_share,416235,1033046,12325844.0,30036163.0,41.0367,30
forward,nu,2018-07,rrsig_names_share,411249,977564,12739162.0,30295035.0,42.0503,31
forward,nu,2018-08,rrsig_names_share,411688,977565,12739491.0,30281134.0,42.0707,31
forward,nu,2018-09,rrsig_names_share,411722,976153,12331201.0,27610502.0,44.6613,30
forward,nu,2018-10,rrsig_names_share,411460,878868,12652720.0,27132117.0,46.6337,31
forward,nu,2018-11,rrsig_names_share,411927,881023,11624129.0,23364298.0,49.7517,30
forward,nu,2018-12,rrsig_names_share,356262,711669,10295665.0,21378444.0,48.1591,31
forward,nu,2019-01,rrsig_names_share,341522,670897,9174265.0,18377598.0,49.9209,31
forward,nu,2019-02,rrsig_names_share,348812,592308,9624746.0,16545839.0,58.1702,28
forward,nu,2019-03,rrsig_names_share,353817,593327,10882119.0,18350753.0,59.3007,31
forward,nu,2019-04,rrsig_names_share,355844,594776,10496837.0,17575107.0,59.7256,30
forward,nu,2019-05,rrsig_names_share,358869,597859,11216825.0,18734917.0,59.8712,32
forward,nu,2019-06,rrsig_names_share,358902,597996,10572783.0,17622088.0,59.9973,30
forward,nu,2019-07,rrsig_names_share,358561,597627,11136266.0,18551156.0,60.03,32
forward,nu,2019-08,rrsig_names_share,360140,597559,11113352.0,18476719.0,60.1479,32
forward,nu,2019-09,rrsig_names_share,373385,600417,10899237.0,17937214.0,60.7633,31
forward,nu,2019-10,rrsig_names_share,376761,606040,11614039.0,18695222.0,62.123,32
forward,nu,2019-11,rrsig_names_share,376877,606091,11182190.0,18093714.0,61.8015,31
forward,nu,2019-12,rrsig_names_share,368633,596052,11392271.0,18348657.0,62.0878,32
forward,nu,2020-01,rrsig_names_share,367355,590094,11371082.0,18244504.0,62.3261,32
forward,nu,2020-02,rrsig_names_share,367245,588571,10621039.0,17030163.0,62.366,30
forward,nu,2020-03,rrsig_names_share,374541,596141,11486551.0,18323268.0,62.6883,32
forward,nu,2020-04,rrsig_names_share,375268,597872,11236240.0,17911704.0,62.7313,31
forward,nu,2020-05,rrsig_names_share,377559,600287,11612561.0,18483391.0,62.827,32
forward,nu,2020-06,rrsig_names_share,378456,600492,11381936.0,18071815.0,62.9817,31
forward,nu,2020-07,rrsig_names_share,383905,603708,11868012.0,18700026.0,63.4652,32
forward,nu,2020-08,rrsig_names_share,387809,607490,11952344.0,18766962.0,63.6882,32
forward,nu,2020-09,rrsig_names_share,389186,608261,11621522.0,18210974.0,63.816,31
forward,nu,2020-10,rrsig_names_share,398145,610525,12143526.0,18788170.0,64.6339,32
forward,nu,2020-11,rrsig_names_share,403228,611617,12119875.0,18462996.0,65.6441,31
forward,nu,2020-12,rrsig_names_share,408281,613244,12620292.0,18996998.0,66.4331,32
forward,nu,2021-01,rrsig_names_share,409458,613878,12663518.0,18994562.0,66.6692,32
forward,nu,2021-02,rrsig_names_share,409853,613773,11462769.0,17173683.0,66.7461,29
forward,nu,2021-03,rrsig_names_share,409496,612856,12602132.0,18883813.0,66.7351,32
forward,nu,2021-04,rrsig_names_share,406751,609928,12199574.0,18276339.0,66.7506,31
forward,nu,2021-05,rrsig_names_share,406384,608230,12154647.0,18198423.0,66.7896,31
forward,nu,2021-06,rrsig_names_share,404972,606431,12139258.0,18181280.0,66.7679,31
forward,nu,2021-07,rrsig_names_share,404393,604721,12520616.0,18732331.0,66.8396,32
forward,nu,2021-08,rrsig_names_share,403825,603698,12492965.0,18684751.0,66.8618,32
forward,nu,2021-09,rrsig_names_share,402895,601998,12062513.0,18021696.0,66.9333,31
forward,nu,2021-10,rrsig_names_share,402682,600677,12459989.0,18592679.0,67.0156,32
forward,nu,2021-11,rrsig_names_share,401182,598119,12045311.0,17938172.0,67.149,31
forward,nu,2021-12,rrsig_names_share,397739,592912,12279443.0,18317253.0,67.0376,32
forward,nu,2022-01,rrsig_names_share,412948,595391,12296974.0,18279147.0,67.2732,32
forward,nu,2022-02,rrsig_names_share,412559,595552,11532171.0,16656786.0,69.2341,29
forward,nu,2022-03,rrsig_names_share,411614,593953,12617876.0,18231182.0,69.2104,32
forward,nu,2022-04,rrsig_names_share,408360,590635,12222312.0,17697275.0,69.0632,31
forward,nu,2022-05,rrsig_names_share,407031,589212,12545226.0,18201879.0,68.9227,32
forward,nu,2022-06,rrsig_names_share,404527,587630,12097989.0,17609462.0,68.7016,31
forward,nu,2022-07,rrsig_names_share,402631,586393,12443200.0,18138823.0,68.5998,32
forward,nu,2022-08,rrsig_names_share,400947,584736,12524215.0,18297922.0,68.4461,32
forward,nu,2022-09,rrsig_names_share,399724,584009,11952508.0,17488804.0,68.3438,31
forward,nu,2022-10,rrsig_names_share,397767,582276,12308822.0,18027006.0,68.2799,32
forward,nu,2022-11,rrsig_names_share,397063,579932,11879008.0,17388976.0,68.3134,31
forward,nu,2022-12,rrsig_names_share,396392,577820,12279489.0,17923855.0,68.5092,32
forward,nu,2023-01,rrsig_names_share,422680,615977,12998670.0,18932220.0,68.659,32
forward,nu,2023-02,rrsig_names_share,421471,613671,11769073.0,17133053.0,68.6922,29
forward,nu,2023-03,rrsig_names_share,419640,610911,12944408.0,18861189.0,68.6299,32
forward,nu,2023-04,rrsig_names_share,416130,606968,12439214.0,18159660.0,68.4992,31
forward,nu,2023-05,rrsig_names_share,413426,604074,12774936.0,18667661.0,68.4335,32
forward,nu,2023-06,rrsig_names_share,412763,602200,12354725.0,18031079.0,68.5191,31
forward,nu,2023-07,rrsig_names_share,410115,598360,12703427.0,18531688.0,68.5498,32
forward,nu,2023-08,rrsig_names_share,409602,597302,12268380.0,17897893.0,68.5465,31
forward,nu,2023-09,rrsig_names_share,407857,596038,12213639.0,17856682.0,68.3981,31
forward,nu,2023-10,rrsig_names_share,406022,593477,12577797.0,18368869.0,68.4734,32
forward,nu,2023-11,rrsig_names_share,405272,591501,12095751.0,17682806.0,68.404,31
forward,nu,2023-12,rrsig_names_share,402976,588578,12067005.0,17644135.0,68.391,31
forward,nu,2016-06,rrsig_zone_share,88107,259800,2187220.0,6480874.0,33.7488,25
forward,nu,2016-07,rrsig_zone_share,88971,259985,2741363.0,7979475.0,34.3552,31
forward,nu,2016-08,rrsig_zone_share,89077,260157,2746706.0,8047419.0,34.1315,31
forward,nu,2016-09,rrsig_zone_share,88038,261330,2636179.0,7781058.0,33.8794,30
forward,nu,2016-10,rrsig_zone_share,87886,258538,2716717.0,7935725.0,34.234,31
forward,nu,2016-11,rrsig_zone_share,92186,263475,2645614.0,7762030.0,34.084,30
forward,nu,2016-12,rrsig_zone_share,95486,268313,2930189.0,8176167.0,35.8382,31
forward,nu,2017-01,rrsig_zone_share,95702,252390,2953940.0,7754179.0,38.0948,31
forward,nu,2017-02,rrsig_zone_share,98628,284069,2717647.0,7485070.0,36.3076,28
forward,nu,2017-03,rrsig_zone_share,99787,287497,3075403.0,8240848.0,37.319,31
forward,nu,2017-04,rrsig_zone_share,103219,286576,3005137.0,7814930.0,38.4538,30
forward,nu,2017-05,rrsig_zone_share,104031,281539,3208840.0,8434086.0,38.0461,32
forward,nu,2017-06,rrsig_zone_share,103924,304769,3101879.0,9018343.0,34.3952,31
forward,nu,2017-07,rrsig_zone_share,103205,303637,3195265.0,9393368.0,34.0162,32
forward,nu,2017-08,rrsig_zone_share,103691,303829,3189685.0,9393734.0,33.9555,32
forward,nu,2017-09,rrsig_zone_share,103484,356341,3098959.0,10432521.0,29.7048,30
forward,nu,2017-10,rrsig_zone_share,103376,366672,3175180.0,10966820.0,28.9526,31
forward,nu,2017-11,rrsig_zone_share,142002,430784,3514584.0,12073901.0,29.1089,30
forward,nu,2017-12,rrsig_zone_share,142021,466775,4344276.0,13349926.0,32.5416,31
forward,nu,2018-01,rrsig_zone_share,150577,475374,4485678.0,14393296.0,31.1651,32
forward,nu,2018-02,rrsig_zone_share,143286,461978,4040240.0,12982169.0,31.1215,29
forward,nu,2018-03,rrsig_zone_share,142028,458640,4369306.0,14064745.0,31.0657,32
forward,nu,2018-04,rrsig_zone_share,155250,455922,4427908.0,13643161.0,32.4551,31
forward,nu,2018-05,rrsig_zone_share,155263,454465,4604531.0,13891175.0,33.1472,32
forward,nu,2018-06,rrsig_zone_share,136721,440753,4046825.0,12776124.0,31.6749,30
forward,nu,2018-07,rrsig_zone_share,135039,414346,4182765.0,12838371.0,32.5802,31
forward,nu,2018-08,rrsig_zone_share,135013,414080,4179138.0,12822911.0,32.5912,31
forward,nu,2018-09,rrsig_zone_share,135016,413121,4043638.0,11563365.0,34.9694,30
forward,nu,2018-10,rrsig_zone_share,136584,363900,4178977.0,11254580.0,37.1313,31
forward,nu,2018-11,rrsig_zone_share,137470,364672,3879984.0,9539205.0,40.6741,30
forward,nu,2018-12,rrsig_zone_share,118909,289684,3435096.0,8783607.0,39.108,31
forward,nu,2019-01,rrsig_zone_share,114136,281897,3058353.0,7480577.0,40.8839,31
forward,nu,2019-02,rrsig_zone_share,116575,232995,3216004.0,6516431.0,49.3522,28
forward,nu,2019-03,rrsig_zone_share,118166,232498,3634743.0,7196329.0,50.5083,31
forward,nu,2019-04,rrsig_zone_share,118886,233005,3506021.0,6883217.0,50.9358,30
forward,nu,2019-05,rrsig_zone_share,119925,234256,3746817.0,7340803.0,51.041,32
forward,nu,2019-06,rrsig_zone_share,119938,234392,3532009.0,6903564.0,51.1621,30
forward,nu,2019-07,rrsig_zone_share,119786,234410,3720367.0,7274135.0,51.1451,32
forward,nu,2019-08,rrsig_zone_share,120329,234161,3713021.0,7241045.0,51.2774,32
forward,nu,2019-09,rrsig_zone_share,124729,234167,3641397.0,7014188.0,51.9147,31
forward,nu,2019-10,rrsig_zone_share,125897,235610,3880727.0,7267962.0,53.395,32
forward,nu,2019-11,rrsig_zone_share,125929,235584,3737985.0,7047517.0,53.0397,31
forward,nu,2019-12,rrsig_zone_share,123279,232302,3809716.0,7146217.0,53.3109,32
forward,nu,2020-01,rrsig_zone_share,122849,229739,3802528.0,7102375.0,53.5388,32
forward,nu,2020-02,rrsig_zone_share,122802,229062,3551537.0,6628362.0,53.5809,30
forward,nu,2020-03,rrsig_zone_share,125287,231544,3841357.0,7121339.0,53.9415,32
forward,nu,2020-04,rrsig_zone_share,125551,232358,3758515.0,6960213.0,54.0,31
forward,nu,2020-05,rrsig_zone_share,126311,233258,3884976.0,7181436.0,54.0975,32
forward,nu,2020-06,rrsig_zone_share,126609,233416,3807648.0,7023225.0,54.2151,31
forward,nu,2020-07,rrsig_zone_share,128454,234006,3970702.0,7252756.0,54.7475,32
forward,nu,2020-08,rrsig_zone_share,129732,235235,3998576.0,7271771.0,54.9877,32
forward,nu,2020-09,rrsig_zone_share,130153,235546,3887102.0,7052386.0,55.1175,31
forward,nu,2020-10,rrsig_zone_share,133121,235686,4060636.0,7254684.0,55.9726,32
forward,nu,2020-11,rrsig_zone_share,134858,235117,4053008.0,7099215.0,57.0909,31
forward,nu,2020-12,rrsig_zone_share,136554,235380,4220994.0,7290096.0,57.9004,32
forward,nu,2021-01,rrsig_zone_share,136950,235355,4235451.0,7280919.0,58.1719,32
forward,nu,2021-02,rrsig_zone_share,137064,235253,3833553.0,6579462.0,58.2654,29
forward,nu,2021-03,rrsig_zone_share,136946,234836,4214303.0,7234076.0,58.2563,32
forward,nu,2021-04,rrsig_zone_share,136009,233825,4079337.0,7005784.0,58.2281,31
forward,nu,2021-05,rrsig_zone_share,135891,233301,4064573.0,6978926.0,58.2407,31
forward,nu,2021-06,rrsig_zone_share,135430,232759,4059936.0,6979354.0,58.1707,31
forward,nu,2021-07,rrsig_zone_share,135264,232129,4188515.0,7190571.0,58.2501,32
forward,nu,2021-08,rrsig_zone_share,135161,231713,4181049.0,7170977.0,58.3052,32
forward,nu,2021-09,rrsig_zone_share,134929,231131,4038981.0,6918300.0,58.3811,31
forward,nu,2021-10,rrsig_zone_share,134873,230494,4174147.0,7137624.0,58.4809,32
forward,nu,2021-11,rrsig_zone_share,134399,229654,4035179.0,6885212.0,58.6065,31
forward,nu,2021-12,rrsig_zone_share,133239,227469,4113618.0,7029805.0,58.5168,32
forward,nu,2022-01,rrsig_zone_share,139107,226258,4122905.0,7009629.0,58.8177,32
forward,nu,2022-02,rrsig_zone_share,138977,225942,3884620.0,6320664.0,61.459,29
forward,nu,2022-03,rrsig_zone_share,138655,225284,4250776.0,6917601.0,61.4487,32
forward,nu,2022-04,rrsig_zone_share,137510,224349,4116419.0,6719371.0,61.262,31
forward,nu,2022-05,rrsig_zone_share,137083,223926,4224912.0,6920303.0,61.051,32
forward,nu,2022-06,rrsig_zone_share,136228,223541,4074178.0,6702654.0,60.7845,31
forward,nu,2022-07,rrsig_zone_share,135588,223263,4190260.0,6909099.0,60.6484,32
forward,nu,2022-08,rrsig_zone_share,135003,222734,4217298.0,6972890.0,60.4813,32
forward,nu,2022-09,rrsig_zone_share,134617,222593,4025800.0,6668395.0,60.3713,31
forward,nu,2022-10,rrsig_zone_share,133975,222060,4146394.0,6877023.0,60.2934,32
forward,nu,2022-11,rrsig_zone_share,133780,221299,4002433.0,6636604.0,60.3084,31
forward,nu,2022-12,rrsig_zone_share,133568,220193,4137851.0,6836425.0,60.5265,32
forward,nu,2023-01,rrsig_zone_share,132785,219424,4111170.0,6775603.0,60.6761,32
forward,nu,2023-02,rrsig_zone_share,132419,218001,3697166.0,6086154.0,60.7472,29
forward,nu,2023-03,rrsig_zone_share,131795,216988,4064424.0,6699522.0,60.6674,32
forward,nu,2023-04,rrsig_zone_share,130626,215639,3903364.0,6448097.0,60.5351,31
forward,nu,2023-05,rrsig_zone_share,129693,214687,4006512.0,6625030.0,60.4754,32
forward,nu,2023-06,rrsig_zone_share,129403,213463,3872508.0,6391083.0,60.5924,31
forward,nu,2023-07,rrsig_zone_share,128559,212109,3981291.0,6566858.0,60.627,32
forward,nu,2023-08,rrsig_zone_share,128363,211848,3844070.0,6344141.0,60.5924,31
forward,nu,2023-09,rrsig_zone_share,127760,211402,3825895.0,6330506.0,60.4358,31
forward,nu,2023-10,rrsig_zone_share,127161,210481,3938462.0,6511133.0,60.4881,32
forward,nu,2023-11,rrsig_zone_share,126865,209638,3785595.0,6267234.0,60.403,31
forward,nu,2023-12,rrsig_zone_share,126133,208718,3775938.0,6258284.0,60.335,31
forward,se,2016-06,dnskey_share,694101,1229994,17320999.0,30702315.0,56.4159,25
forward,se,2016-07,dnskey_share,694717,1232668,21509183.0,38164150.0,56.3597,31
forward,se,2016-08,dnskey_share,695738,1242193,21528471.0,38363720.0,56.1167,31
forward,se,2016-09,dnskey_share,701446,1250088,20913921.0,37306233.0,56.0601,30
forward,se,2016-10,dnskey_share,701669,1251289,21734501.0,38747216.0,56.0931,31
forward,se,2016-11,dnskey_share,707891,1273297,21156911.0,38023921.0,55.6411,30
forward,se,2016-12,dnskey_share,716002,1294838,22070616.0,39731740.0,55.5491,31
forward,se,2017-01,dnskey_share,721498,1306043,22270804.0,40264935.0,55.3107,31
forward,se,2017-02,dnskey_share,721910,1304394,20190717.0,36458884.0,55.3794,28
forward,se,2017-03,dnskey_share,724335,1317366,22415736.0,40622235.0,55.181,31
forward,se,2017-04,dnskey_share,743454,1326434,21902568.0,39579414.0,55.3383,30
forward,se,2017-05,dnskey_share,743743,1411040,22984321.0,42227347.0,54.4299,32
forward,se,2017-06,dnskey_share,743277,1438702,22220335.0,43061710.0,51.6011,31
forward,se,2017-07,dnskey_share,738357,1435820,22874864.0,44498736.0,51.4056,32
forward,se,2017-08,dnskey_share,738279,1487858,22890399.0,44786093.0,51.1105,32
forward,se,2017-09,dnskey_share,738115,1497893,22090692.0,44864104.0,49.2391,30
forward,se,2017-10,dnskey_share,737416,1557674,22510664.0,46380448.0,48.5348,31
forward,se,2017-11,dnskey_share,860447,1663208,22105244.0,45407398.0,48.682,30
forward,se,2017-12,dnskey_share,859678,1716232,26492777.0,51928468.0,51.0178,31
forward,se,2018-01,dnskey_share,906258,1713171,27173282.0,52180615.0,52.0754,32
forward,se,2018-02,dnskey_share,869659,1680813,24567263.0,47458635.0,51.7656,29
forward,se,2018-03,dnskey_share,863404,1680228,26643457.0,51694873.0,51.5398,32
forward,se,2018-04,dnskey_share,891230,1678464,26279962.0,50261876.0,52.2861,31
forward,se,2018-05,dnskey_share,888102,1669642,27066912.0,51519080.0,52.5376,32
forward,se,2018-06,dnskey_share,831489,1652037,24648835.0,48899631.0,50.407,30
forward,se,2018-07,dnskey_share,823304,1617031,25439093.0,50099619.0,50.777,31
forward,se,2018-08,dnskey_share,820016,1620755,25400464.0,50144882.0,50.6542,31
forward,se,2018-09,dnskey_share,823026,1621745,24555183.0,47263902.0,51.9534,30
forward,se,2018-10,dnskey_share,821692,1571232,25373493.0,48653104.0,52.1518,31
forward,se,2018-11,dnskey_share,812349,1565949,24146966.0,44705522.0,54.0134,30
forward,se,2018-12,dnskey_share,769509,1424521,22536179.0,43040436.0,52.3605,31
forward,se,2019-01,dnskey_share,745073,1338823,20005791.0,41415226.0,48.3054,31
forward,se,2019-02,dnskey_share,756990,1349267,20982642.0,37601816.0,55.8022,28
forward,se,2019-03,dnskey_share,766612,1351020,23596772.0,41739790.0,56.533,31
forward,se,2019-04,dnskey_share,767265,1352610,22630100.0,39876742.0,56.7501,30
forward,se,2019-05,dnskey_share,767379,1363780,24074641.0,42564942.0,56.5598,32
forward,se,2019-06,dnskey_share,769235,1365117,22629341.0,40144491.0,56.3697,30
forward,se,2019-07,dnskey_share,766200,1367123,23769935.0,42301101.0,56.1922,32
forward,se,2019-08,dnskey_share,766213,1363134,23679154.0,42134923.0,56.1984,32
forward,se,2019-09,dnskey_share,767753,1364287,23013801.0,40869970.0,56.3098,31
forward,se,2019-10,dnskey_share,767845,1366912,23745618.0,42235526.0,56.2219,32
forward,se,2019-11,dnskey_share,764651,1372252,23056346.0,41237944.0,55.9105,31
forward,se,2019-12,dnskey_share,764269,1373619,23646944.0,42476406.0,55.6708,32
forward,se,2020-01,dnskey_share,765890,1382035,23622827.0,42715307.0,55.303,32
forward,se,2020-02,dnskey_share,766142,1381002,22170584.0,39837898.0,55.652,30
forward,se,2020-03,dnskey_share,763426,1374394,23535021.0,42388066.0,55.5228,32
forward,se,2020-04,dnskey_share,767281,1374522,22864027.0,41111810.0,55.6143,31
forward,se,2020-05,dnskey_share,767516,1377140,23658761.0,42357662.0,55.8547,32
forward,se,2020-06,dnskey_share,770454,1375345,23169561.0,41305661.0,56.0929,31
forward,se,2020-07,dnskey_share,789728,1380303,24280561.0,42719649.0,56.837,32
forward,se,2020-08,dnskey_share,792975,1387938,24531847.0,42880758.0,57.2095,32
forward,se,2020-09,dnskey_share,796304,1400118,23825001.0,41701006.0,57.1329,31
forward,se,2020-10,dnskey_share,799336,1403149,24567921.0,43172032.0,56.907,32
forward,se,2020-11,dnskey_share,801288,1397565,24180623.0,42163543.0,57.3496,31
forward,se,2020-12,dnskey_share,803294,1427537,24831472.0,43956165.0,56.4914,32
forward,se,2021-01,dnskey_share,802333,1425021,24828697.0,44036278.0,56.3824,32
forward,se,2021-02,dnskey_share,802235,1419645,22448287.0,39722719.0,56.5125,29
forward,se,2021-03,dnskey_share,802861,1419895,24738821.0,43697700.0,56.6136,32
forward,se,2021-04,dnskey_share,801935,1411958,24067254.0,42342526.0,56.8394,31
forward,se,2021-05,dnskey_share,801441,1406800,23966573.0,41931603.0,57.1563,31
forward,se,2021-06,dnskey_share,800456,1397521,24007143.0,41779134.0,57.462,31
forward,se,2021-07,dnskey_share,800081,1389752,24772886.0,42891118.0,57.7576,32
forward,se,2021-08,dnskey_share,798885,1380503,24710642.0,42720565.0,57.8425,32
forward,se,2021-09,dnskey_share,799106,1378462,23924930.0,41281428.0,57.9557,31
forward,se,2021-10,dnskey_share,797642,1374322,24696882.0,42350058.0,58.3161,32
forward,se,2021-11,dnskey_share,796507,1363269,23940261.0,40963775.0,58.4425,31
forward,se,2021-12,dnskey_share,793301,1356268,24517304.0,41260272.0,59.4211,32
forward,se,2022-01,dnskey_share,821110,1314230,24631322.0,40735263.0,60.4668,32
forward,se,2022-02,dnskey_share,820516,1317871,22945624.0,36871767.0,62.2309,29
forward,se,2022-03,dnskey_share,821192,1317968,25221510.0,40541450.0,62.2117,32
forward,se,2022-04,dnskey_share,822541,1320206,24591005.0,39574952.0,62.1378,31
forward,se,2022-05,dnskey_share,821928,1319798,25389667.0,40780902.0,62.2587,32
forward,se,2022-06,dnskey_share,822442,1319236,24639674.0,39569695.0,62.2691,31
forward,se,2022-07,dnskey_share,822735,1319467,25442623.0,40836255.0,62.304,32
forward,se,2022-08,dnskey_share,821963,1322620,25686776.0,41319578.0,62.1661,32
forward,se,2022-09,dnskey_share,821592,1330469,24597333.0,39800065.0,61.8022,31
forward,se,2022-10,dnskey_share,821323,1336503,25423006.0,41358555.0,61.4698,32
forward,se,2022-11,dnskey_share,834574,1340853,24830786.0,40237231.0,61.711,31
forward,se,2022-12,dnskey_share,834681,1346157,25935587.0,41785316.0,62.0687,32
forward,se,2023-01,dnskey_share,835381,1353345,25865548.0,41842486.0,61.8165,32
forward,se,2023-02,dnskey_share,835190,1355921,23361456.0,37902904.0,61.635,29
forward,se,2023-03,dnskey_share,835595,1358991,25852336.0,42013979.0,61.5327,32
forward,se,2023-04,dnskey_share,835434,1359272,25028973.0,40699541.0,61.4969,31
forward,se,2023-05,dnskey_share,837727,1361918,25865788.0,42089916.0,61.4536,32
forward,se,2023-06,dnskey_share,838225,1361811,25166201.0,40894444.0,61.5394,31
forward,se,2023-07,dnskey_share,838568,1361599,25972723.0,42177263.0,61.5799,32
forward,se,2023-08,dnskey_share,839308,1360744,25141094.0,40677776.0,61.8055,31
forward,se,2023-09,dnskey_share,839608,1350708,25195010.0,40489760.0,62.2256,31
forward,se,2023-10,dnskey_share,838899,1345634,25988598.0,41618119.0,62.4454,32
forward,se,2023-11,dnskey_share,839604,1340608,25173141.0,40205260.0,62.6116,31
forward,se,2023-12,dnskey_share,840009,1339712,25274428.0,40270448.0,62.7617,31
forward,se,2016-06,ds_share,647663,1229994,16159751.0,30702315.0,52.6337,25
forward,se,2016-07,ds_share,648376,1232668,20075261.0,38164150.0,52.6024,31
forward,se,2016-08,ds_share,649239,1242193,20095405.0,38363720.0,52.3813,31
forward,se,2016-09,ds_share,651178,1250088,19500201.0,37306233.0,52.2706,30
forward,se,2016-10,ds_share,651524,1251289,20179446.0,38747216.0,52.0797,31
forward,se,2016-11,ds_share,657518,1273297,19647552.0,38023921.0,51.6716,30
forward,se,2016-12,ds_share,665832,1294838,20512998.0,39731740.0,51.6287,31
forward,se,2017-01,ds_share,671205,1306043,20713946.0,40264935.0,51.4441,31
forward,se,2017-02,ds_share,672333,1304394,18794835.0,36458884.0,51.5508,28
forward,se,2017-03,ds_share,675774,1317366,20910469.0,40622235.0,51.4754,31
forward,se,2017-04,ds_share,695076,1326434,20406216.0,39579414.0,51.5577,30
forward,se,2017-05,ds_share,695411,1411040,21492745.0,42227347.0,50.8977,32
forward,se,2017-06,ds_share,695266,1438702,20775659.0,43061710.0,48.2462,31
forward,se,2017-07,ds_share,690122,1435820,21381173.0,44498736.0,48.0489,32
forward,se,2017-08,ds_share,690052,1487858,21387678.0,44786093.0,47.7552,32
forward,se,2017-09,ds_share,689491,1497893,20632131.0,44864104.0,45.9881,30
forward,se,2017-10,ds_share,689140,1557674,21027717.0,46380448.0,45.3375,31
forward,se,2017-11,ds_share,812611,1663208,20754615.0,45407398.0,45.7076,30
forward,se,2017-12,ds_share,810962,1716232,24984375.0,51928468.0,48.1131,31
forward,se,2018-01,ds_share,849240,1713171,25320776.0,52180615.0,48.5253,32
forward,se,2018-02,ds_share,804049,1680813,22726832.0,47458635.0,47.8877,29
forward,se,2018-03,ds_share,816092,1680228,25145027.0,51694873.0,48.6412,32
forward,se,2018-04,ds_share,844568,1678464,24870152.0,50261876.0,49.4811,31
forward,se,2018-05,ds_share,841394,1669642,25755266.0,51519080.0,49.9917,32
forward,se,2018-06,ds_share,820112,1652037,24276913.0,48899631.0,49.6464,30
forward,se,2018-07,ds_share,810877,1617031,25041825.0,50099619.0,49.9841,31
forward,se,2018-08,ds_share,806952,1620755,24994964.0,50144882.0,49.8455,31
forward,se,2018-09,ds_share,809205,1621745,24144828.0,47263902.0,51.0851,30
forward,se,2018-10,ds_share,807815,1571232,24499940.0,48653104.0,50.3564,31
forward,se,2018-11,ds_share,763510,1565949,22676421.0,44705522.0,50.724,30
forward,se,2018-12,ds_share,719939,1424521,19358085.0,43040436.0,44.9765,31
forward,se,2019-01,ds_share,584535,1338823,18089543.0,41415226.0,43.6785,31
forward,se,2019-02,ds_share,714179,1349267,19080085.0,37601816.0,50.7425,28
forward,se,2019-03,ds_share,709759,1351020,21977434.0,41739790.0,52.6534,31
forward,se,2019-04,ds_share,711308,1352610,20960781.0,39876742.0,52.5639,30
forward,se,2019-05,ds_share,728154,1363780,22414754.0,42564942.0,52.6601,32
forward,se,2019-06,ds_share,730075,1365117,21481116.0,40144491.0,53.5095,30
forward,se,2019-07,ds_share,730409,1367123,22657181.0,42301101.0,53.5617,32
forward,se,2019-08,ds_share,730802,1363134,22583625.0,42134923.0,53.5984,32
forward,se,2019-09,ds_share,732475,1364287,21950262.0,40869970.0,53.7076,31
forward,se,2019-10,ds_share,732593,1366912,22643919.0,42235526.0,53.6134,32
forward,se,2019-11,ds_share,728802,1372252,21979849.0,41237944.0,53.3001,31
forward,se,2019-12,ds_share,728740,1373619,22547899.0,42476406.0,53.0833,32
forward,se,2020-01,ds_share,731209,1382035,22541270.0,42715307.0,52.7709,32
forward,se,2020-02,ds_share,731827,1381002,21177874.0,39837898.0,53.1601,30
forward,se,2020-03,ds_share,729939,1374394,22526836.0,42388066.0,53.1443,32
forward,se,2020-04,ds_share,728347,1374522,21841944.0,41111810.0,53.1281,31
forward,se,2020-05,ds_share,728075,1377140,22444744.0,42357662.0,52.9886,32
forward,se,2020-06,ds_share,730573,1375345,21976581.0,41305661.0,53.2048,31
forward,se,2020-07,ds_share,750382,1380303,23055153.0,42719649.0,53.9685,32
forward,se,2020-08,ds_share,752973,1387938,23298771.0,42880758.0,54.3339,32
forward,se,2020-09,ds_share,756218,1400118,22625684.0,41701006.0,54.2569,31
forward,se,2020-10,ds_share,759260,1403149,23328930.0,43172032.0,54.0371,32
forward,se,2020-11,ds_share,761396,1397565,22971900.0,42163543.0,54.4829,31
forward,se,2020-12,ds_share,763319,1427537,23589523.0,43956165.0,53.666,32
forward,se,2021-01,ds_share,762395,1425021,23590704.0,44036278.0,53.5711,32
forward,se,2021-02,ds_share,761476,1419645,21310342.0,39722719.0,53.6477,29
forward,se,2021-03,ds_share,761242,1419895,23462766.0,43697700.0,53.6934,32
forward,se,2021-04,ds_share,760369,1411958,22816430.0,42342526.0,53.8854,31
forward,se,2021-05,ds_share,759943,1406800,22723184.0,41931603.0,54.1911,31
forward,se,2021-06,ds_share,758856,1397521,22760196.0,41779134.0,54.4774,31
forward,se,2021-07,ds_share,758811,1389752,23493572.0,42891118.0,54.7749,32
forward,se,2021-08,ds_share,757768,1380503,23435582.0,42720565.0,54.8578,32
forward,se,2021-09,ds_share,757980,1378462,22693416.0,41281428.0,54.9725,31
forward,se,2021-10,ds_share,757330,1374322,23442812.0,42350058.0,55.3549,32
forward,se,2021-11,ds_share,757915,1363269,22744599.0,40963775.0,55.5237,31
forward,se,2021-12,ds_share,757648,1356268,23417788.0,41260272.0,56.7563,32
forward,se,2022-01,ds_share,787489,1314230,23566094.0,40735263.0,57.8518,32
forward,se,2022-02,ds_share,786542,1317871,21996610.0,36871767.0,59.6571,29
forward,se,2022-03,ds_share,787603,1317968,24171820.0,40541450.0,59.6225,32
forward,se,2022-04,ds_share,788607,1320206,23574477.0,39574952.0,59.5692,31
forward,se,2022-05,ds_share,788032,1319798,24347648.0,40780902.0,59.7036,32
forward,se,2022-06,ds_share,788505,1319236,23623360.0,39569695.0,59.7006,31
forward,se,2022-07,ds_share,789136,1319467,24397373.0,40836255.0,59.7444,32
forward,se,2022-08,ds_share,788141,1322620,24621624.0,41319578.0,59.5883,32
forward,se,2022-09,ds_share,791006,1330469,23666119.0,39800065.0,59.4625,31
forward,se,2022-10,ds_share,791555,1336503,24496601.0,41358555.0,59.2298,32
forward,se,2022-11,ds_share,803627,1340853,23919912.0,40237231.0,59.4472,31
forward,se,2022-12,ds_share,805769,1346157,25016456.0,41785316.0,59.869,32
forward,se,2023-01,ds_share,806027,1353345,24964105.0,41842486.0,59.6621,32
forward,se,2023-02,ds_share,805767,1355921,22530791.0,37902904.0,59.4434,29
forward,se,2023-03,ds_share,805410,1358991,24919705.0,42013979.0,59.3129,32
forward,se,2023-04,ds_share,807945,1359272,24174468.0,40699541.0,59.3974,31
forward,se,2023-05,ds_share,809879,1361918,25012281.0,42089916.0,59.4258,32
forward,se,2023-06,ds_share,810369,1361811,24308911.0,40894444.0,59.4431,31
forward,se,2023-07,ds_share,810343,1361599,25079922.0,42177263.0,59.4631,32
forward,se,2023-08,ds_share,810924,1360744,24288971.0,40677776.0,59.7107,31
forward,se,2023-09,ds_share,810935,1350708,24339281.0,40489760.0,60.1122,31
forward,se,2023-10,ds_share,810177,1345634,25078832.0,41618119.0,60.2594,32
forward,se,2023-11,ds_share,811408,1340608,24322011.0,40205260.0,60.4946,31
forward,se,2023-12,ds_share,811627,1339712,24416209.0,40270448.0,60.6306,31
forward,se,2016-06,rrsig_names_share,2624571,4051571,65502544.0,101154095.0,64.7552,25
forward,se,2016-07,rrsig_names_share,2626401,4057766,81327280.0,125656137.0,64.7221,31
forward,se,2016-08,rrsig_names_share,2628988,4089140,81363546.0,126348880.0,64.3959,31
forward,se,2016-09,rrsig_names_share,2642950,4108038,79026744.0,122828389.0,64.3392,30
forward,se,2016-10,rrsig_names_share,2644297,4127481,81914911.0,127418246.0,64.2882,31
forward,se,2016-11,rrsig_names_share,2666206,4170295,79743749.0,124793158.0,63.9007,30
forward,se,2016-12,rrsig_names_share,2692354,4233121,83053547.0,130040620.0,63.8674,31
forward,se,2017-01,rrsig_names_share,2715167,4255544,83778416.0,131352808.0,63.7812,31
forward,se,2017-02,rrsig_names_share,2714905,4252032,75975539.0,118881928.0,63.9084,28
forward,se,2017-03,rrsig_names_share,2724601,4285773,84315756.0,132329757.0,63.7164,31
forward,se,2017-04,rrsig_names_share,2786976,4329633,82262925.0,128976750.0,63.7812,30
forward,se,2017-05,rrsig_names_share,2787174,4329804,69171600.0,109650212.0,63.0839,32
forward,se,2017-06,rrsig_names_share,2218943,3666436,66333498.0,109771025.0,60.429,31
forward,se,2017-07,rrsig_names_share,2203913,3656929,68277722.0,113341633.0,60.2406,32
forward,se,2017-08,rrsig_names_share,2203654,3754946,68323499.0,113728924.0,60.0757,32
forward,se,2017-09,rrsig_names_share,2203148,3775122,65933906.0,113090388.0,58.302,30
forward,se,2017-10,rrsig_names_share,2201732,3906484,67204901.0,116671100.0,57.602,31
forward,se,2017-11,rrsig_names_share,2571766,4254316,66030042.0,114515876.0,57.6602,30
forward,se,2017-12,rrsig_names_share,2569018,4356331,79185450.0,132564941.0,59.7333,31
forward,se,2018-01,rrsig_names_share,2672914,4359426,80805716.0,133771348.0,60.4058,32
forward,se,2018-02,rrsig_names_share,2600009,4351603,73450018.0,123092709.0,59.6705,29
forward,se,2018-03,rrsig_names_share,2581340,4346171,79647808.0,133960578.0,59.4562,32
forward,se,2018-04,rrsig_names_share,2664700,4370445,78578090.0,130507521.0,60.2096,31
forward,se,2018-05,rrsig_names_share,2655270,4352270,81057419.0,133567443.0,60.6865,32
forward,se,2018-06,rrsig_names_share,2520866,4176138,74712712.0,123591794.0,60.4512,30
forward,se,2018-07,rrsig_names_share,2495161,4089705,77099738.0,126720115.0,60.8425,31
forward,se,2018-08,rrsig_names_share,2485561,4102865,76990196.0,126870007.0,60.6843,31
forward,se,2018-09,rrsig_names_share,2494796,4102521,74438095.0,120254698.0,61.9004,30
forward,se,2018-10,rrsig_names_share,2490581,4000506,76485197.0,123874049.0,61.7443,31
forward,se,2018-11,rrsig_names_share,2428910,3985061,72190433.0,114749769.0,62.9112,30
forward,se,2018-12,rrsig_names_share,2300318,3656764,67383612.0,109719054.0,61.4147,31
forward,se,2019-01,rrsig_names_share,2225628,3457834,59882977.0,103961193.0,57.6013,31
forward,se,2019-02,rrsig_names_share,2262206,3484191,62686292.0,97067780.0,64.5799,28
forward,se,2019-03,rrsig_names_share,2290696,3502962,70531755.0,108108616.0,65.2416,31
forward,se,2019-04,rrsig_names_share,2293297,3510524,67628917.0,103467867.0,65.3622,30
forward,se,2019-05,rrsig_names_share,2292434,3529669,71932087.0,110427395.0,65.1397,32
forward,se,2019-06,rrsig_names_share,2297911,3529961,67600354.0,103927250.0,65.0458,30
forward,se,2019-07,rrsig_names_share,2288741,3531046,71003863.0,109310743.0,64.956,32
forward,se,2019-08,rrsig_names_share,2289073,3522536,70740531.0,108893558.0,64.963,32
forward,se,2019-09,rrsig_names_share,2293627,3528595,68748089.0,105655951.0,65.0679,31
forward,se,2019-10,rrsig_names_share,2294052,3533677,70933892.0,109245335.0,64.9308,32
forward,se,2019-11,rrsig_names_share,2284374,3543287,68874765.0,106581244.0,64.6218,31
forward,se,2019-12,rrsig_names_share,2283129,3542616,70634719.0,109640620.0,64.4239,32
forward,se,2020-01,rrsig_names_share,2288102,3560056,70570863.0,110067134.0,64.1162,32
forward,se,2020-02,rrsig_names_share,2288811,3557705,66226884.0,102641450.0,64.5226,30
forward,se,2020-03,rrsig_names_share,2279762,3540200,70331856.0,109209709.0,64.4007,32
forward,se,2020-04,rrsig_names_share,2296338,3548469,68417837.0,106026960.0,64.5287,31
forward,se,2020-05,rrsig_names_share,2297048,3554237,70812900.0,109385876.0,64.7368,32
forward,se,2020-06,rrsig_names_share,2306003,3550723,69343746.0,106754762.0,64.9561,31
forward,se,2020-07,rrsig_names_share,2362987,3582961,72652844.0,110733076.0,65.6108,32
forward,se,2020-08,rrsig_names_share,2372097,3595442,73393435.0,111244371.0,65.975,32
forward,se,2020-09,rrsig_names_share,2381935,3624742,71267854.0,108051955.0,65.957,31
forward,se,2020-10,rrsig_names_share,2391521,3630331,73509094.0,111730945.0,65.7912,32
forward,se,2020-11,rrsig_names_share,2397031,3640922,72340857.0,109357626.0,66.1507,31
forward,se,2020-12,rrsig_names_share,2402978,3681284,74275114.0,113647955.0,65.3554,32
forward,se,2021-01,rrsig_names_share,2399590,3676460,74261396.0,113673719.0,65.3286,32
forward,se,2021-02,rrsig_names_share,2400001,3665196,67153550.0,102573557.0,65.4687,29
forward,se,2021-03,rrsig_names_share,2401965,3662761,74010356.0,112848582.0,65.5838,32
forward,se,2021-04,rrsig_names_share,2399226,3646962,72002941.0,109424000.0,65.8018,31
forward,se,2021-05,rrsig_names_share,2397744,3636871,71696221.0,108479523.0,66.0919,31
forward,se,2021-06,rrsig_names_share,2394687,3616729,71818081.0,108181123.0,66.3869,31
forward,se,2021-07,rrsig_names_share,2392818,3598974,74096680.0,111173061.0,66.6499,32
forward,se,2021-08,rrsig_names_share,2389361,3579352,73905020.0,110763129.0,66.7235,32
forward,se,2021-09,rrsig_names_share,2389615,3575156,71543930.0,107064998.0,66.8229,31
forward,se,2021-10,rrsig_names_share,2385294,3565581,73853597.0,109939394.0,67.1766,32
forward,se,2021-11,rrsig_names_share,2381734,3537117,71589363.0,106383227.0,67.2938,31
forward,se,2021-12,rrsig_names_share,2372717,3526078,73316641.0,107649826.0,68.1066,32
forward,se,2022-01,rrsig_names_share,2446933,3468918,73597207.0,106708653.0,68.9702,32
forward,se,2022-02,rrsig_names_share,2445396,3472327,68384358.0,97220734.0,70.3393,29
forward,se,2022-03,rrsig_names_share,2447459,3474642,75163793.0,106921818.0,70.2979,32
forward,se,2022-04,rrsig_names_share,2451181,3482147,73285788.0,104319675.0,70.2512,31
forward,se,2022-05,rrsig_names_share,2449503,3480800,75673849.0,107614853.0,70.3191,32
forward,se,2022-06,rrsig_names_share,2451602,3482250,73453104.0,104462496.0,70.3153,31
forward,se,2022-07,rrsig_names_share,2452858,3484132,75862415.0,107825603.0,70.3566,32
forward,se,2022-08,rrsig_names_share,2450600,3490403,76581232.0,109047145.0,70.2276,32
forward,se,2022-09,rrsig_names_share,2449616,3504602,73335527.0,104877800.0,69.9247,31
forward,se,2022-10,rrsig_names_share,2452462,3515569,75893460.0,108864991.0,69.7134,32
forward,se,2022-11,rrsig_names_share,2488281,3537950,74054631.0,105974128.0,69.8799,31
forward,se,2022-12,rrsig_names_share,2488224,3547024,77313881.0,110199404.0,70.1582,32
forward,se,2023-01,rrsig_names_share,2548163,3678343,78725522.0,113432226.0,69.4031,32
forward,se,2023-02,rrsig_names_share,2548260,3684542,71289674.0,103016643.0,69.2021,29
forward,se,2023-03,rrsig_names_share,2550707,3691561,78917869.0,114180242.0,69.1169,32
forward,se,2023-04,rrsig_names_share,2550870,3692831,76429116.0,110582647.0,69.1149,31
forward,se,2023-05,rrsig_names_share,2560035,3697271,79009693.0,114275136.0,69.1399,32
forward,se,2023-06,rrsig_names_share,2561646,3698315,76922070.0,111081492.0,69.2483,31
forward,se,2023-07,rrsig_names_share,2563107,3699349,79398685.0,114598548.0,69.2842,32
forward,se,2023-08,rrsig_names_share,2566559,3699266,76874430.0,110716608.0,69.4335,31
forward,se,2023-09,rrsig_names_share,2568180,3684050,77061332.0,110473714.0,69.7554,31
forward,se,2023-10,rrsig_names_share,2565904,3671698,79500998.0,113659568.0,69.9466,32
forward,se,2023-11,rrsig_names_share,2570039,3663800,77042876.0,109893719.0,70.1067,31
forward,se,2023-12,rrsig_names_share,2571213,3663131,77376013.0,110162892.0,70.2378,31
forward,se,2016-06,rrsig_zone_share,694084,1229994,17320646.0,30702315.0,56.4148,25
forward,se,2016-07,rrsig_zone_share,694705,1232668,21508623.0,38164150.0,56.3582,31
forward,se,2016-08,rrsig_zone_share,695722,1242193,21527952.0,38363720.0,56.1154,31
forward,se,2016-09,rrsig_zone_share,701427,1250088,20913464.0,37306233.0,56.0589,30
forward,se,2016-10,rrsig_zone_share,701654,1251289,21734005.0,38747216.0,56.0918,31
forward,se,2016-11,rrsig_zone_share,707872,1273297,21156416.0,38023921.0,55.6398,30
forward,se,2016-12,rrsig_zone_share,715983,1294838,22070143.0,39731740.0,55.5479,31
forward,se,2017-01,rrsig_zone_share,721484,1306043,22270359.0,40264935.0,55.3096,31
forward,se,2017-02,rrsig_zone_share,721895,1304394,20190307.0,36458884.0,55.3783,28
forward,se,2017-03,rrsig_zone_share,724320,1317366,22415289.0,40622235.0,55.1799,31
forward,se,2017-04,rrsig_zone_share,743440,1326434,21902088.0,39579414.0,55.3371,30
forward,se,2017-05,rrsig_zone_share,743729,1411040,22983814.0,42227347.0,54.4287,32
forward,se,2017-06,rrsig_zone_share,743261,1438702,22219780.0,43061710.0,51.5999,31
forward,se,2017-07,rrsig_zone_share,738339,1435820,22874302.0,44498736.0,51.4044,32
forward,se,2017-08,rrsig_zone_share,738260,1487858,22889672.0,44786093.0,51.1089,32
forward,se,2017-09,rrsig_zone_share,738091,1497893,22089988.0,44864104.0,49.2376,30
forward,se,2017-10,rrsig_zone_share,737393,1557674,22509949.0,46380448.0,48.5333,31
forward,se,2017-11,rrsig_zone_share,860423,1663208,22104564.0,45407398.0,48.6805,30
forward,se,2017-12,rrsig_zone_share,859656,1716232,26492020.0,51928468.0,51.0164,31
forward,se,2018-01,rrsig_zone_share,906233,1713171,27172600.0,52180615.0,52.0741,32
forward,se,2018-02,rrsig_zone_share,869633,1680813,24566616.0,47458635.0,51.7643,29
forward,se,2018-03,rrsig_zone_share,863376,1680228,26632991.0,51694873.0,51.5196,32
forward,se,2018-04,rrsig_zone_share,890524,1678464,26258782.0,50261876.0,52.2439,31
forward,se,2018-05,rrsig_zone_share,887387,1669642,27046061.0,51519080.0,52.4972,32
forward,se,2018-06,rrsig_zone_share,830868,1652037,24615865.0,48899631.0,50.3396,30
forward,se,2018-07,rrsig_zone_share,822193,1617031,25405677.0,50099619.0,50.7103,31
forward,se,2018-08,rrsig_zone_share,819045,1620755,25369174.0,50144882.0,50.5918,31
forward,se,2018-09,rrsig_zone_share,822070,1621745,24526370.0,47263902.0,51.8924,30
forward,se,2018-10,rrsig_zone_share,820738,1571232,25344043.0,48653104.0,52.0913,31
forward,se,2018-11,rrsig_zone_share,811406,1565949,24118937.0,44705522.0,53.9507,30
forward,se,2018-12,rrsig_zone_share,768579,1424521,22507805.0,43040436.0,52.2946,31
forward,se,2019-01,rrsig_zone_share,744170,1338823,19977968.0,41415226.0,48.2382,31
forward,se,2019-02,rrsig_zone_share,756114,1349267,20957904.0,37601816.0,55.7364,28
forward,se,2019-03,rrsig_zone_share,765750,1351020,23569673.0,41739790.0,56.4681,31
forward,se,2019-04,rrsig_zone_share,766408,1352610,22604639.0,39876742.0,56.6863,30
forward,se,2019-05,rrsig_zone_share,766540,1363780,24048032.0,42564942.0,56.4973,32
forward,se,2019-06,rrsig_zone_share,768405,1365117,22604796.0,40144491.0,56.3086,30
forward,se,2019-07,rrsig_zone_share,765372,1367123,23744384.0,42301101.0,56.1318,32
forward,se,2019-08,rrsig_zone_share,765405,1363134,23654168.0,42134923.0,56.1391,32
forward,se,2019-09,rrsig_zone_share,766962,1364287,22989946.0,40869970.0,56.2514,31
forward,se,2019-10,rrsig_zone_share,767055,1366912,23721311.0,42235526.0,56.1644,32
forward,se,2019-11,rrsig_zone_share,764087,1372252,23043517.0,41237944.0,55.8794,31
forward,se,2019-12,rrsig_zone_share,764249,1373619,23646183.0,42476406.0,55.669,32
forward,se,2020-01,rrsig_zone_share,765865,1382035,23621971.0,42715307.0,55.301,32
forward,se,2020-02,rrsig_zone_share,766120,1381002,22169883.0,39837898.0,55.6502,30
forward,se,2020-03,rrsig_zone_share,763402,1374394,23534140.0,42388066.0,55.5207,32
forward,se,2020-04,rrsig_zone_share,767256,1374522,22863228.0,41111810.0,55.6123,31
forward,se,2020-05,rrsig_zone_share,767497,1377140,23658179.0,42357662.0,55.8534,32
forward,se,2020-06,rrsig_zone_share,770435,1375345,23168973.0,41305661.0,56.0915,31
forward,se,2020-07,rrsig_zone_share,789712,1380303,24280018.0,42719649.0,56.8357,32
forward,se,2020-08,rrsig_zone_share,792960,1387938,24531304.0,42880758.0,57.2082,32
forward,se,2020-09,rrsig_zone_share,796285,1400118,23824448.0,41701006.0,57.1316,31
forward,se,2020-10,rrsig_zone_share,799318,1403149,24567346.0,43172032.0,56.9057,32
forward,se,2020-11,rrsig_zone_share,801267,1397565,24180049.0,42163543.0,57.3482,31
forward,se,2020-12,rrsig_zone_share,803274,1427537,24830840.0,43956165.0,56.49,32
forward,se,2021-01,rrsig_zone_share,802310,1425021,24828041.0,44036278.0,56.3809,32
forward,se,2021-02,rrsig_zone_share,802211,1419645,22447655.0,39722719.0,56.5109,29
forward,se,2021-03,rrsig_zone_share,802838,1419895,24738131.0,43697700.0,56.612,32
forward,se,2021-04,rrsig_zone_share,801913,1411958,24066593.0,42342526.0,56.8379,31
forward,se,2021-05,rrsig_zone_share,801419,1406800,23965904.0,41931603.0,57.1548,31
forward,se,2021-06,rrsig_zone_share,800435,1397521,24006222.0,41779134.0,57.4598,31
forward,se,2021-07,rrsig_zone_share,800038,1389752,24771552.0,42891118.0,57.7545,32
forward,se,2021-08,rrsig_zone_share,798841,1380503,24709284.0,42720565.0,57.8393,32
forward,se,2021-09,rrsig_zone_share,799064,1378462,23923653.0,41281428.0,57.9526,31
forward,se,2021-10,rrsig_zone_share,797599,1374322,24695580.0,42350058.0,58.313,32
forward,se,2021-11,rrsig_zone_share,796462,1363269,23938949.0,40963775.0,58.4393,31
forward,se,2021-12,rrsig_zone_share,793258,1356268,24515921.0,41260272.0,59.4177,32
forward,se,2022-01,rrsig_zone_share,821068,1314230,24629911.0,40735263.0,60.4634,32
forward,se,2022-02,rrsig_zone_share,820473,1317871,22944371.0,36871767.0,62.2275,29
forward,se,2022-03,rrsig_zone_share,821149,1317968,25220114.0,40541450.0,62.2082,32
forward,se,2022-04,rrsig_zone_share,822493,1320206,24589607.0,39574952.0,62.1343,31
forward,se,2022-05,rrsig_zone_share,821876,1319798,25388215.0,40780902.0,62.2552,32
forward,se,2022-06,rrsig_zone_share,822397,1319236,24638225.0,39569695.0,62.2654,31
forward,se,2022-07,rrsig_zone_share,822681,1319467,25441042.0,40836255.0,62.3001,32
forward,se,2022-08,rrsig_zone_share,821910,1322620,25685228.0,41319578.0,62.1624,32
forward,se,2022-09,rrsig_zone_share,821556,1330469,24596086.0,39800065.0,61.7991,31
forward,se,2022-10,rrsig_zone_share,821289,1336503,25421969.0,41358555.0,61.4673,32
forward,se,2022-11,rrsig_zone_share,834541,1340853,24829753.0,40237231.0,61.7084,31
forward,se,2022-12,rrsig_zone_share,834646,1346157,25934503.0,41785316.0,62.0661,32
forward,se,2023-01,rrsig_zone_share,835346,1353345,25864452.0,41842486.0,61.8139,32
forward,se,2023-02,rrsig_zone_share,835157,1355921,23360483.0,37902904.0,61.6324,29
forward,se,2023-03,rrsig_zone_share,835563,1358991,25851322.0,42013979.0,61.5303,32
forward,se,2023-04,rrsig_zone_share,835399,1359272,25028051.0,40699541.0,61.4947,31
forward,se,2023-05,rrsig_zone_share,837693,1361918,25864781.0,42089916.0,61.4513,32
forward,se,2023-06,rrsig_zone_share,838191,1361811,25165176.0,40894444.0,61.5369,31
forward,se,2023-07,rrsig_zone_share,838532,1361599,25971681.0,42177263.0,61.5774,32
forward,se,2023-08,rrsig_zone_share,839276,1360744,25140093.0,40677776.0,61.803,31
forward,se,2023-09,rrsig_zone_share,839576,1350708,25194011.0,40489760.0,62.2232,31
forward,se,2023-10,rrsig_zone_share,838868,1345634,25987563.0,41618119.0,62.4429,32
forward,se,2023-11,rrsig_zone_share,839573,1340608,25172189.0,40205260.0,62.6092,31
forward,se,2023-12,rrsig_zone_share,839978,1339712,25273491.0,40270448.0,62.7594,31
reverse,afrinic,2009-04,ds_share,0,10190,0.0,10190.0,0.0,1
reverse,afrinic,2009-05,ds_share,0,10257,0.0,10257.0,0.0,1
reverse,afrinic,2009-08,ds_share,0,10906,0.0,10906.0,0.0,1
reverse,afrinic,2009-09,ds_share,0,10960,0.0,10960.0,0.0,1
reverse,afrinic,2009-10,ds_share,0,11076,0.0,11076.0,0.0,1
reverse,afrinic,2009-11,ds_share,0,11271,0.0,11271.0,0.0,1
reverse,afrinic,2009-12,ds_share,0,11348,0.0,11348.0,0.0,1
reverse,afrinic,2010-01,ds_share,0,11389,0.0,11389.0,0.0,1
reverse,afrinic,2010-02,ds_share,0,12694,0.0,12694.0,0.0,1
reverse,afrinic,2010-03,ds_share,0,12694,0.0,12694.0,0.0,1
reverse,afrinic,2010-04,ds_share,0,12845,0.0,12845.0,0.0,1
reverse,afrinic,2010-05,ds_share,0,13269,0.0,13269.0,0.0,1
reverse,afrinic,2010-06,ds_share,0,13512,0.0,13512.0,0.0,1
reverse,afrinic,2010-07,ds_share,0,13616,0.0,13616.0,0.0,1
reverse,afrinic,2010-08,ds_share,0,13818,0.0,13818.0,0.0,1
reverse,afrinic,2010-09,ds_share,0,14167,0.0,14167.0,0.0,1
reverse,afrinic,2010-10,ds_share,0,14210,0.0,14210.0,0.0,1
reverse,afrinic,2010-11,ds_share,0,14374,0.0,14374.0,0.0,1
reverse,afrinic,2011-05,ds_share,0,15422,0.0,15422.0,0.0,1
reverse,afrinic,2011-06,ds_share,0,15699,0.0,15699.0,0.0,1
reverse,afrinic,2011-07,ds_share,0,17902,0.0,17902.0,0.0,1
reverse,afrinic,2011-08,ds_share,0,18039,0.0,18039.0,0.0,1
reverse,afrinic,2011-09,ds_share,0,18255,0.0,18255.0,0.0,1
reverse,afrinic,2011-10,ds_share,0,18588,0.0,18588.0,0.0,1
reverse,afrinic,2011-11,ds_share,0,18911,0.0,18911.0,0.0,1
reverse,afrinic,2011-12,ds_share,0,19053,0.0,19053.0,0.0,1
reverse,afrinic,2012-01,ds_share,0,19213,0.0,19213.0,0.0,1
reverse,afrinic,2012-02,ds_share,0,19251,0.0,19251.0,0.0,1
reverse,afrinic,2012-03,ds_share,0,19365,0.0,19365.0,0.0,1
reverse,afrinic,2012-04,ds_share,0,19412,0.0,19412.0,0.0,1
reverse,afrinic,2012-05,ds_share,0,19487,0.0,19487.0,0.0,1
reverse,afrinic,2012-06,ds_share,13,19544,13.0,19544.0,0.0665,1
reverse,afrinic,2012-08,ds_share,15,19822,15.0,19822.0,0.0757,1
reverse,afrinic,2012-09,ds_share,15,19948,15.0,19948.0,0.0752,1
reverse,afrinic,2012-10,ds_share,14,19959,14.0,19959.0,0.0701,1
reverse,afrinic,2012-11,ds_share,13,20164,13.0,20164.0,0.0645,1
reverse,afrinic,2012-12,ds_share,13,20496,13.0,20496.0,0.0634,1
reverse,afrinic,2013-01,ds_share,13,21318,13.0,21318.0,0.061,1
reverse,afrinic,2013-02,ds_share,13,21351,13.0,21351.0,0.0609,1
reverse,afrinic,2013-03,ds_share,13,21291,13.0,21291.0,0.0611,1
reverse,afrinic,2013-04,ds_share,13,21169,13.0,21169.0,0.0614,1
reverse,afrinic,2013-05,ds_share,13,21547,13.0,21547.0,0.0603,1
reverse,afrinic,2013-06,ds_share,13,21978,13.0,21978.0,0.0592,1
reverse,afrinic,2013-07,ds_share,13,22325,13.0,22325.0,0.0582,1
reverse,afrinic,2013-08,ds_share,13,22906,13.0,22906.0,0.0568,1
reverse,afrinic,2013-09,ds_share,13,23246,13.0,23246.0,0.0559,1
reverse,afrinic,2013-10,ds_share,12,23397,12.0,23397.0,0.0513,1
reverse,afrinic,2013-11,ds_share,12,23103,12.0,23103.0,0.0519,1
reverse,afrinic,2013-12,ds_share,21,23592,21.0,23592.0,0.089,1
reverse,afrinic,2014-01,ds_share,12,23690,12.0,23690.0,0.0507,1
reverse,afrinic,2014-02,ds_share,12,23881,12.0,23881.0,0.0502,1
reverse,afrinic,2014-03,ds_share,12,24058,12.0,24058.0,0.0499,1
reverse,afrinic,2014-04,ds_share,12,24189,12.0,24189.0,0.0496,1
reverse,afrinic,2014-05,ds_share,12,27254,12.0,27254.0,0.044,1
reverse,afrinic,2014-06,ds_share,12,27402,12.0,27402.0,0.0438,1
reverse,afrinic,2014-07,ds_share,20,27448,20.0,27448.0,0.0729,1
reverse,afrinic,2014-08,ds_share,20,27629,20.0,27629.0,0.0724,1
reverse,afrinic,2014-09,ds_share,20,27624,20.0,27624.0,0.0724,1
reverse,afrinic,2014-10,ds_share,57,27656,57.0,27656.0,0.2061,1
reverse,afrinic,2014-11,ds_share,196,27802,196.0,27802.0,0.705,1
reverse,afrinic,2014-12,ds_share,196,28811,196.0,28811.0,0.6803,1
reverse,afrinic,2015-01,ds_share,196,29187,196.0,29187.0,0.6715,1
reverse,afrinic,2015-02,ds_share,196,29368,196.0,29368.0,0.6674,1
reverse,afrinic,2015-03,ds_share,196,29650,196.0,29650.0,0.661,1
reverse,afrinic,2015-04,ds_share,200,29816,200.0,29816.0,0.6708,1
reverse,afrinic,2015-05,ds_share,200,29990,200.0,29990.0,0.6669,1
reverse,afrinic,2015-06,ds_share,200,30221,200.0,30221.0,0.6618,1
reverse,afrinic,2015-07,ds_share,200,30608,200.0,30608.0,0.6534,1
reverse,afrinic,2015-08,ds_share,202,30867,202.0,30867.0,0.6544,1
reverse,afrinic,2015-09,ds_share,202,30817,202.0,30817.0,0.6555,1
reverse,afrinic,2015-10,ds_share,202,30797,202.0,30797.0,0.6559,1
reverse,afrinic,2015-11,ds_share,203,30849,203.0,30849.0,0.658,1
reverse,afrinic,2015-12,ds_share,204,30945,204.0,30945.0,0.6592,1
reverse,afrinic,2016-01,ds_share,204,31551,204.0,31551.0,0.6466,1
reverse,afrinic,2016-02,ds_share,204,31719,204.0,31719.0,0.6431,1
reverse,afrinic,2016-04,ds_share,220,31897,220.0,31897.0,0.6897,1
reverse,afrinic,2016-05,ds_share,220,32318,220.0,32318.0,0.6807,1
reverse,afrinic,2016-06,ds_share,220,32499,220.0,32499.0,0.6769,1
reverse,afrinic,2016-07,ds_share,220,32882,220.0,32882.0,0.6691,1
reverse,afrinic,2016-08,ds_share,218,33049,218.0,33049.0,0.6596,1
reverse,afrinic,2016-09,ds_share,218,33031,218.0,33031.0,0.66,1
reverse,afrinic,2016-10,ds_share,218,33043,218.0,33043.0,0.6597,1
reverse,afrinic,2016-11,ds_share,234,33042,234.0,33042.0,0.7082,1
reverse,afrinic,2016-12,ds_share,234,33287,234.0,33287.0,0.703,1
reverse,afrinic,2017-01,ds_share,252,33429,252.0,33429.0,0.7538,1
reverse,afrinic,2017-02,ds_share,252,33893,252.0,33893.0,0.7435,1
reverse,afrinic,2017-03,ds_share,253,34242,253.0,34242.0,0.7389,1
reverse,afrinic,2017-04,ds_share,254,34144,254.0,34144.0,0.7439,1
reverse,afrinic,2017-05,ds_share,256,34379,256.0,34379.0,0.7446,1
reverse,afrinic,2017-06,ds_share,256,34513,256.0,34513.0,0.7417,1
reverse,afrinic,2017-07,ds_share,257,34857,257.0,34857.0,0.7373,1
reverse,afrinic,2017-08,ds_share,257,34913,257.0,34913.0,0.7361,1
reverse,afrinic,2017-09,ds_share,257,34915,257.0,34915.0,0.7361,1
reverse,afrinic,2017-10,ds_share,259,35186,259.0,35186.0,0.7361,1
reverse,afrinic,2017-11,ds_share,259,35338,259.0,35338.0,0.7329,1
reverse,afrinic,2017-12,ds_share,258,35630,258.0,35630.0,0.7241,1
reverse,afrinic,2018-01,ds_share,259,35702,259.0,35702.0,0.7254,1
reverse,afrinic,2018-02,ds_share,251,36036,251.0,36036.0,0.6965,1
reverse,afrinic,2018-03,ds_share,251,36669,251.0,36669.0,0.6845,1
reverse,afrinic,2018-04,ds_share,251,37116,251.0,37116.0,0.6763,1
reverse,afrinic,2018-05,ds_share,259,37754,259.0,37754.0,0.686,1
reverse,afrinic,2018-06,ds_share,258,37925,258.0,37925.0,0.6803,1
reverse,afrinic,2018-07,ds_share,258,37937,258.0,37937.0,0.6801,1
reverse,afrinic,2018-08,ds_share,258,38072,258.0,38072.0,0.6777,1
reverse,afrinic,2018-09,ds_share,258,38106,258.0,38106.0,0.6771,1
reverse,afrinic,2018-10,ds_share,258,37958,258.0,37958.0,0.6797,1
reverse,afrinic,2018-11,ds_share,366,38293,366.0,38293.0,0.9558,1
reverse,afrinic,2018-12,ds_share,370,38223,370.0,38223.0,0.968,1
reverse,afrinic,2019-01,ds_share,410,38228,410.0,38228.0,1.0725,1
reverse,afrinic,2019-02,ds_share,409,38500,409.0,38500.0,1.0623,1
reverse,afrinic,2019-03,ds_share,425,37926,425.0,37926.0,1.1206,1
reverse,afrinic,2019-04,ds_share,427,38107,427.0,38107.0,1.1205,1
reverse,afrinic,2019-05,ds_share,436,38200,436.0,38200.0,1.1414,1
reverse,afrinic,2019-06,ds_share,437,38425,437.0,38425.0,1.1373,1
reverse,afrinic,2019-07,ds_share,437,38454,437.0,38454.0,1.1364,1
reverse,afrinic,2019-08,ds_share,437,38523,437.0,38523.0,1.1344,1
reverse,afrinic,2019-09,ds_share,443,38533,443.0,38533.0,1.1497,1
reverse,afrinic,2019-10,ds_share,445,38677,445.0,38677.0,1.1506,1
reverse,afrinic,2019-11,ds_share,445,39751,445.0,39751.0,1.1195,1
reverse,afrinic,2019-12,ds_share,452,39916,452.0,39916.0,1.1324,1
reverse,afrinic,2020-01,ds_share,453,39966,453.0,39966.0,1.1335,1
reverse,afrinic,2020-02,ds_share,452,39807,452.0,39807.0,1.1355,1
reverse,afrinic,2020-03,ds_share,455,39814,455.0,39814.0,1.1428,1
reverse,afrinic,2020-04,ds_share,455,39926,455.0,39926.0,1.1396,1
reverse,afrinic,2020-05,ds_share,456,39994,456.0,39994.0,1.1402,1
reverse,afrinic,2020-06,ds_share,456,40017,456.0,40017.0,1.1395,1
reverse,afrinic,2020-07,ds_share,456,40200,456.0,40200.0,1.1343,1
reverse,afrinic,2020-08,ds_share,455,40434,455.0,40434.0,1.1253,1
reverse,afrinic,2020-09,ds_share,456,40605,456.0,40605.0,1.123,1
reverse,afrinic,2020-10,ds_share,425,40400,425.0,40400.0,1.052,1
reverse,afrinic,2020-11,ds_share,425,40529,425.0,40529.0,1.0486,1
reverse,afrinic,2020-12,ds_share,425,40712,425.0,40712.0,1.0439,1
reverse,afrinic,2021-02,ds_share,479,40654,479.0,40654.0,1.1782,1
reverse,afrinic,2021-03,ds_share,479,41144,479.0,41144.0,1.1642,1
reverse,afrinic,2021-04,ds_share,503,41218,503.0,41218.0,1.2203,1
reverse,afrinic,2021-05,ds_share,500,41196,500.0,41196.0,1.2137,1
reverse,afrinic,2021-06,ds_share,502,38407,502.0,38407.0,1.3071,1
reverse,afrinic,2021-07,ds_share,502,37913,502.0,37913.0,1.3241,1
reverse,afrinic,2021-08,ds_share,501,37691,501.0,37691.0,1.3292,1
reverse,afrinic,2021-09,ds_share,503,37521,503.0,37521.0,1.3406,1
reverse,afrinic,2021-10,ds_share,503,37499,503.0,37499.0,1.3414,1
reverse,afrinic,2021-11,ds_share,503,37505,503.0,37505.0,1.3412,1
reverse,afrinic,2021-12,ds_share,509,37544,509.0,37544.0,1.3557,1
reverse,afrinic,2022-01,ds_share,527,37616,527.0,37616.0,1.401,1
reverse,afrinic,2022-02,ds_share,526,37865,526.0,37865.0,1.3891,1
reverse,afrinic,2022-03,ds_share,532,37825,532.0,37825.0,1.4065,1
reverse,afrinic,2022-04,ds_share,532,37871,532.0,37871.0,1.4048,1
reverse,afrinic,2022-05,ds_share,532,38062,532.0,38062.0,1.3977,1
reverse,afrinic,2022-06,ds_share,535,38001,535.0,38001.0,1.4079,1
reverse,afrinic,2022-07,ds_share,528,38107,528.0,38107.0,1.3856,1
reverse,afrinic,2022-08,ds_share,528,38151,528.0,38151.0,1.384,1
reverse,afrinic,2022-09,ds_share,531,38218,531.0,38218.0,1.3894,1
reverse,afrinic,2022-10,ds_share,535,38351,535.0,38351.0,1.395,1
reverse,afrinic,2022-11,ds_share,560,38309,560.0,38309.0,1.4618,1
reverse,afrinic,2022-12,ds_share,561,38257,561.0,38257.0,1.4664,1
reverse,afrinic,2023-01,ds_share,562,38305,562.0,38305.0,1.4672,1
reverse,afrinic,2023-02,ds_share,562,38292,562.0,38292.0,1.4677,1
reverse,afrinic,2023-03,ds_share,567,38343,567.0,38343.0,1.4788,1
reverse,afrinic,2023-04,ds_share,566,38398,566.0,38398.0,1.474,1
reverse,afrinic,2023-05,ds_share,570,38510,570.0,38510.0,1.4801,1
reverse,afrinic,2023-06,ds_share,566,38937,566.0,38937.0,1.4536,1
reverse,afrinic,2023-07,ds_share,572,38764,572.0,38764.0,1.4756,1
reverse,afrinic,2023-08,ds_share,572,38917,572.0,38917.0,1.4698,1
reverse,afrinic,2023-09,ds_share,590,38600,590.0,38600.0,1.5285,1
reverse,afrinic,2023-10,ds_share,601,38937,601.0,38937.0,1.5435,1
reverse,afrinic,2023-11,ds_share,618,39058,618.0,39058.0,1.5823,1
reverse,afrinic,2023-12,ds_share,618,39134,618.0,39134.0,1.5792,1
reverse,afrinic,2024-01,ds_share,619,39309,619.0,39309.0,1.5747,1
reverse,afrinic,2024-02,ds_share,606,39344,606.0,39344.0,1.5403,1
reverse,afrinic,2024-03,ds_share,610,39271,610.0,39271.0,1.5533,1
reverse,afrinic,2024-04,ds_share,614,39445,614.0,39445.0,1.5566,1
reverse,afrinic,2024-05,ds_share,615,39538,615.0,39538.0,1.5555,1
reverse,afrinic,2024-06,ds_share,622,39665,622.0,39665.0,1.5681,1
reverse,afrinic,2024-07,ds_share,623,39727,623.0,39727.0,1.5682,1
reverse,afrinic,2024-08,ds_share,623,39819,623.0,39819.0,1.5646,1
reverse,afrinic,2024-09,ds_share,619,39795,619.0,39795.0,1.5555,1
reverse,afrinic,2024-10,ds_share,621,39861,621.0,39861.0,1.5579,1
reverse,afrinic,2024-11,ds_share,621,39947,621.0,39947.0,1.5546,1
reverse,afrinic,2024-12,ds_share,621,39890,621.0,39890.0,1.5568,1
reverse,afrinic,2025-01,ds_share,626,39859,626.0,39859.0,1.5705,1
reverse,afrinic,2025-02,ds_share,629,39873,629.0,39873.0,1.5775,1
reverse,afrinic,2025-03,ds_share,630,39958,630.0,39958.0,1.5767,1
reverse,afrinic,2025-04,ds_share,630,39977,630.0,39977.0,1.5759,1
reverse,afrinic,2025-05,ds_share,632,39627,632.0,39627.0,1.5949,1
reverse,afrinic,2025-06,ds_share,634,39646,634.0,39646.0,1.5992,1
reverse,afrinic,2025-07,ds_share,630,39652,630.0,39652.0,1.5888,1
reverse,afrinic,2025-08,ds_share,630,39683,630.0,39683.0,1.5876,1
reverse,afrinic,2025-09,ds_share,633,39690,633.0,39690.0,1.5949,1
reverse,afrinic,2025-10,ds_share,630,39797,630.0,39797.0,1.583,1
reverse,afrinic,2025-11,ds_share,601,39818,601.0,39818.0,1.5094,1
reverse,afrinic,2025-12,ds_share,609,39726,609.0,39726.0,1.533,1
reverse,afrinic,2026-01,ds_share,614,39599,614.0,39599.0,1.5505,1
reverse,afrinic,2026-02,ds_share,617,39732,617.0,39732.0,1.5529,1
reverse,afrinic,2026-03,ds_share,621,39835,621.0,39835.0,1.5589,1
reverse,afrinic,2026-04,ds_share,622,39911,622.0,39911.0,1.5585,1
reverse,afrinic,2026-05,ds_share,623,40094,623.0,40094.0,1.5538,1
reverse,afrinic,2026-06,ds_share,623,40077,623.0,40077.0,1.5545,1
reverse,afrinic,2026-07,ds_share,625,40111,625.0,40111.0,1.5582,1
reverse,afrinic,2026-08,ds_share,625,40184,625.0,40184.0,1.5553,1
reverse,afrinic,2026-09,ds_share,627,40227,627.0,40227.0,1.5587,1
reverse,apnic,2009-04,ds_share,0,225430,0.0,225430.0,0.0,1
reverse,apnic,2009-05,ds_share,0,227512,0.0,227512.0,0.0,1
reverse,apnic,2009-08,ds_share,0,239915,0.0,239915.0,0.0,1
reverse,apnic,2009-09,ds_share,0,241681,0.0,241681.0,0.0,1
reverse,apnic,2009-10,ds_share,0,245428,0.0,245428.0,0.0,1
reverse,apnic,2009-11,ds_share,0,247061,0.0,247061.0,0.0,1
reverse,apnic,2009-12,ds_share,0,250987,0.0,250987.0,0.0,1
reverse,apnic,2010-01,ds_share,0,252751,0.0,252751.0,0.0,1
reverse,apnic,2010-02,ds_share,0,256573,0.0,256573.0,0.0,1
reverse,apnic,2010-03,ds_share,0,261599,0.0,261599.0,0.0,1
reverse,apnic,2010-04,ds_share,0,263750,0.0,263750.0,0.0,1
reverse,apnic,2010-05,ds_share,0,266682,0.0,266682.0,0.0,1
reverse,apnic,2010-06,ds_share,0,271842,0.0,271842.0,0.0,1
reverse,apnic,2010-07,ds_share,0,274898,0.0,274898.0,0.0,1
reverse,apnic,2010-08,ds_share,0,277330,0.0,277330.0,0.0,1
reverse,apnic,2010-09,ds_share,0,283575,0.0,283575.0,0.0,1
reverse,apnic,2010-10,ds_share,0,286398,0.0,286398.0,0.0,1
reverse,apnic,2010-11,ds_share,0,290880,0.0,290880.0,0.0,1
reverse,apnic,2011-05,ds_share,0,321361,0.0,321361.0,0.0,1
reverse,apnic,2011-06,ds_share,2,325396,2.0,325396.0,0.0006,1
reverse,apnic,2011-07,ds_share,2,328477,2.0,328477.0,0.0006,1
reverse,apnic,2011-08,ds_share,2,330051,2.0,330051.0,0.0006,1
reverse,apnic,2011-09,ds_share,6,333305,6.0,333305.0,0.0018,1
reverse,apnic,2011-10,ds_share,7,336292,7.0,336292.0,0.0021,1
reverse,apnic,2011-11,ds_share,6,339533,6.0,339533.0,0.0018,1
reverse,apnic,2011-12,ds_share,8,342492,8.0,342492.0,0.0023,1
reverse,apnic,2012-01,ds_share,43,343359,43.0,343359.0,0.0125,1
reverse,apnic,2012-02,ds_share,78,344923,78.0,344923.0,0.0226,1
reverse,apnic,2012-03,ds_share,78,347469,78.0,347469.0,0.0224,1
reverse,apnic,2012-04,ds_share,78,351094,78.0,351094.0,0.0222,1
reverse,apnic,2012-05,ds_share,78,352157,78.0,352157.0,0.0221,1
reverse,apnic,2012-06,ds_share,90,353671,90.0,353671.0,0.0254,1
reverse,apnic,2012-08,ds_share,94,361526,94.0,361526.0,0.026,1
reverse,apnic,2012-09,ds_share,94,364682,94.0,364682.0,0.0258,1
reverse,apnic,2012-10,ds_share,94,367691,94.0,367691.0,0.0256,1
reverse,apnic,2012-11,ds_share,94,371074,94.0,371074.0,0.0253,1
reverse,apnic,2012-12,ds_share,95,370705,95.0,370705.0,0.0256,1
reverse,apnic,2013-01,ds_share,95,371987,95.0,371987.0,0.0255,1
reverse,apnic,2013-02,ds_share,94,376735,94.0,376735.0,0.025,1
reverse,apnic,2013-03,ds_share,96,377631,96.0,377631.0,0.0254,1
reverse,apnic,2013-04,ds_share,96,379635,96.0,379635.0,0.0253,1
reverse,apnic,2013-05,ds_share,96,382705,96.0,382705.0,0.0251,1
reverse,apnic,2013-06,ds_share,96,383670,96.0,383670.0,0.025,1
reverse,apnic,2013-07,ds_share,97,385819,97.0,385819.0,0.0251,1
reverse,apnic,2013-08,ds_share,97,387319,97.0,387319.0,0.025,1
reverse,apnic,2013-09,ds_share,97,389598,97.0,389598.0,0.0249,1
reverse,apnic,2013-10,ds_share,98,390478,98.0,390478.0,0.0251,1
reverse,apnic,2013-11,ds_share,99,391481,99.0,391481.0,0.0253,1
reverse,apnic,2013-12,ds_share,99,393086,99.0,393086.0,0.0252,1
reverse,apnic,2014-01,ds_share,102,394128,102.0,394128.0,0.0259,1
reverse,apnic,2014-02,ds_share,105,395667,105.0,395667.0,0.0265,1
reverse,apnic,2014-03,ds_share,112,394050,112.0,394050.0,0.0284,1
reverse,apnic,2014-04,ds_share,166,398855,166.0,398855.0,0.0416,1
reverse,apnic,2014-05,ds_share,174,402926,174.0,402926.0,0.0432,1
reverse,apnic,2014-06,ds_share,178,404249,178.0,404249.0,0.044,1
reverse,apnic,2014-07,ds_share,180,406742,180.0,406742.0,0.0443,1
reverse,apnic,2014-08,ds_share,180,408264,180.0,408264.0,0.0441,1
reverse,apnic,2014-09,ds_share,180,409511,180.0,409511.0,0.044,1
reverse,apnic,2014-10,ds_share,184,417033,184.0,417033.0,0.0441,1
reverse,apnic,2014-11,ds_share,185,418889,185.0,418889.0,0.0442,1
reverse,apnic,2014-12,ds_share,193,420656,193.0,420656.0,0.0459,1
reverse,apnic,2015-01,ds_share,192,421942,192.0,421942.0,0.0455,1
reverse,apnic,2015-02,ds_share,192,422807,192.0,422807.0,0.0454,1
reverse,apnic,2015-03,ds_share,192,423556,192.0,423556.0,0.0453,1
reverse,apnic,2015-04,ds_share,230,424967,230.0,424967.0,0.0541,1
reverse,apnic,2015-05,ds_share,230,426347,230.0,426347.0,0.0539,1
reverse,apnic,2015-06,ds_share,234,426459,234.0,426459.0,0.0549,1
reverse,apnic,2015-07,ds_share,234,427861,234.0,427861.0,0.0547,1
reverse,apnic,2015-08,ds_share,244,428331,244.0,428331.0,0.057,1
reverse,apnic,2015-09,ds_share,244,424594,244.0,424594.0,0.0575,1
reverse,apnic,2015-10,ds_share,244,426352,244.0,426352.0,0.0572,1
reverse,apnic,2015-11,ds_share,245,430482,245.0,430482.0,0.0569,1
reverse,apnic,2015-12,ds_share,584,433044,584.0,433044.0,0.1349,1
reverse,apnic,2016-01,ds_share,586,434415,586.0,434415.0,0.1349,1
reverse,apnic,2016-02,ds_share,587,441656,587.0,441656.0,0.1329,1
reverse,apnic,2016-04,ds_share,590,442297,590.0,442297.0,0.1334,1
reverse,apnic,2016-05,ds_share,593,442691,593.0,442691.0,0.134,1
reverse,apnic,2016-06,ds_share,591,444060,591.0,444060.0,0.1331,1
reverse,apnic,2016-07,ds_share,595,446193,595.0,446193.0,0.1334,1
reverse,apnic,2016-08,ds_share,595,447721,595.0,447721.0,0.1329,1
reverse,apnic,2016-09,ds_share,599,446903,599.0,446903.0,0.134,1
reverse,apnic,2016-10,ds_share,607,448325,607.0,448325.0,0.1354,1
reverse,apnic,2016-11,ds_share,614,449067,614.0,449067.0,0.1367,1
reverse,apnic,2016-12,ds_share,1327,450026,1327.0,450026.0,0.2949,1
reverse,apnic,2017-01,ds_share,1557,451310,1557.0,451310.0,0.345,1
reverse,apnic,2017-02,ds_share,1558,452412,1558.0,452412.0,0.3444,1
reverse,apnic,2017-03,ds_share,1558,453263,1558.0,453263.0,0.3437,1
reverse,apnic,2017-04,ds_share,1553,454196,1553.0,454196.0,0.3419,1
reverse,apnic,2017-05,ds_share,1550,457186,1550.0,457186.0,0.339,1
reverse,apnic,2017-06,ds_share,1551,458976,1551.0,458976.0,0.3379,1
reverse,apnic,2017-07,ds_share,1552,460800,1552.0,460800.0,0.3368,1
reverse,apnic,2017-08,ds_share,1560,461328,1560.0,461328.0,0.3382,1
reverse,apnic,2017-09,ds_share,1720,462183,1720.0,462183.0,0.3721,1
reverse,apnic,2017-10,ds_share,1721,463210,1721.0,463210.0,0.3715,1
reverse,apnic,2017-11,ds_share,1721,464491,1721.0,464491.0,0.3705,1
reverse,apnic,2017-12,ds_share,1729,466294,1729.0,466294.0,0.3708,1
reverse,apnic,2018-01,ds_share,1723,469409,1723.0,469409.0,0.3671,1
reverse,apnic,2018-02,ds_share,1744,471340,1744.0,471340.0,0.37,1
reverse,apnic,2018-03,ds_share,1722,470217,1722.0,470217.0,0.3662,1
reverse,apnic,2018-04,ds_share,1725,470883,1725.0,470883.0,0.3663,1
reverse,apnic,2018-05,ds_share,1700,471711,1700.0,471711.0,0.3604,1
reverse,apnic,2018-06,ds_share,1819,472488,1819.0,472488.0,0.385,1
reverse,apnic,2018-07,ds_share,1815,473794,1815.0,473794.0,0.3831,1
reverse,apnic,2018-08,ds_share,1811,475230,1811.0,475230.0,0.3811,1
reverse,apnic,2018-09,ds_share,1815,476238,1815.0,476238.0,0.3811,1
reverse,apnic,2018-10,ds_share,1816,477289,1816.0,477289.0,0.3805,1
reverse,apnic,2018-11,ds_share,1817,478629,1817.0,478629.0,0.3796,1
reverse,apnic,2018-12,ds_share,2084,479489,2084.0,479489.0,0.4346,1
reverse,apnic,2019-01,ds_share,2184,479747,2184.0,479747.0,0.4552,1
reverse,apnic,2019-02,ds_share,2484,480909,2484.0,480909.0,0.5165,1
reverse,apnic,2019-03,ds_share,2495,481625,2495.0,481625.0,0.518,1
reverse,apnic,2019-04,ds_share,2497,481575,2497.0,481575.0,0.5185,1
reverse,apnic,2019-05,ds_share,2495,483206,2495.0,483206.0,0.5163,1
reverse,apnic,2019-06,ds_share,2748,483782,2748.0,483782.0,0.568,1
reverse,apnic,2019-07,ds_share,3049,483498,3049.0,483498.0,0.6306,1
reverse,apnic,2019-08,ds_share,3050,485884,3050.0,485884.0,0.6277,1
reverse,apnic,2019-09,ds_share,3050,486392,3050.0,486392.0,0.6271,1
reverse,apnic,2019-10,ds_share,3046,487064,3046.0,487064.0,0.6254,1
reverse,apnic,2019-11,ds_share,3046,487935,3046.0,487935.0,0.6243,1
reverse,apnic,2019-12,ds_share,3046,488876,3046.0,488876.0,0.6231,1
reverse,apnic,2020-01,ds_share,3402,490795,3402.0,490795.0,0.6932,1
reverse,apnic,2020-02,ds_share,3426,491271,3426.0,491271.0,0.6974,1
reverse,apnic,2020-03,ds_share,3426,491874,3426.0,491874.0,0.6965,1
reverse,apnic,2020-04,ds_share,3430,493632,3430.0,493632.0,0.6948,1
reverse,apnic,2020-05,ds_share,3432,494186,3432.0,494186.0,0.6945,1
reverse,apnic,2020-06,ds_share,3418,498793,3418.0,498793.0,0.6853,1
reverse,apnic,2020-07,ds_share,3420,500119,3420.0,500119.0,0.6838,1
reverse,apnic,2020-08,ds_share,3413,500483,3413.0,500483.0,0.6819,1
reverse,apnic,2020-09,ds_share,3432,501935,3432.0,501935.0,0.6838,1
reverse,apnic,2020-10,ds_share,3439,503236,3439.0,503236.0,0.6834,1
reverse,apnic,2020-11,ds_share,3451,503093,3451.0,503093.0,0.686,1
reverse,apnic,2020-12,ds_share,3450,504940,3450.0,504940.0,0.6832,1
reverse,apnic,2021-02,ds_share,3462,506274,3462.0,506274.0,0.6838,1
reverse,apnic,2021-03,ds_share,3468,506685,3468.0,506685.0,0.6844,1
reverse,apnic,2021-04,ds_share,3480,506400,3480.0,506400.0,0.6872,1
reverse,apnic,2021-05,ds_share,3488,507676,3488.0,507676.0,0.6871,1
reverse,apnic,2021-06,ds_share,3484,508924,3484.0,508924.0,0.6846,1
reverse,apnic,2021-07,ds_share,3486,510242,3486.0,510242.0,0.6832,1
reverse,apnic,2021-08,ds_share,3493,511393,3493.0,511393.0,0.683,1
reverse,apnic,2021-09,ds_share,3518,513019,3518.0,513019.0,0.6857,1
reverse,apnic,2021-10,ds_share,3529,513627,3529.0,513627.0,0.6871,1
reverse,apnic,2021-11,ds_share,3530,514692,3530.0,514692.0,0.6858,1
reverse,apnic,2021-12,ds_share,3538,515323,3538.0,515323.0,0.6866,1
reverse,apnic,2022-01,ds_share,3552,515929,3552.0,515929.0,0.6885,1
reverse,apnic,2022-02,ds_share,3575,517517,3575.0,517517.0,0.6908,1
reverse,apnic,2022-03,ds_share,3575,518334,3575.0,518334.0,0.6897,1
reverse,apnic,2022-04,ds_share,3573,518916,3573.0,518916.0,0.6886,1
reverse,apnic,2022-05,ds_share,3574,521959,3574.0,521959.0,0.6847,1
reverse,apnic,2022-06,ds_share,3577,520607,3577.0,520607.0,0.6871,1
reverse,apnic,2022-07,ds_share,3581,522736,3581.0,522736.0,0.685,1
reverse,apnic,2022-08,ds_share,3578,524161,3578.0,524161.0,0.6826,1
reverse,apnic,2022-09,ds_share,3583,524512,3583.0,524512.0,0.6831,1
reverse,apnic,2022-10,ds_share,3580,526518,3580.0,526518.0,0.6799,1
reverse,apnic,2022-11,ds_share,3584,526579,3584.0,526579.0,0.6806,1
reverse,apnic,2022-12,ds_share,3589,526703,3589.0,526703.0,0.6814,1
reverse,apnic,2023-01,ds_share,3595,527527,3595.0,527527.0,0.6815,1
reverse,apnic,2023-02,ds_share,3613,527603,3613.0,527603.0,0.6848,1
reverse,apnic,2023-03,ds_share,3630,527367,3630.0,527367.0,0.6883,1
reverse,apnic,2023-04,ds_share,3630,528450,3630.0,528450.0,0.6869,1
reverse,apnic,2023-05,ds_share,3630,528598,3630.0,528598.0,0.6867,1
reverse,apnic,2023-06,ds_share,3633,529445,3633.0,529445.0,0.6862,1
reverse,apnic,2023-07,ds_share,3646,529954,3646.0,529954.0,0.688,1
reverse,apnic,2023-08,ds_share,3648,531148,3648.0,531148.0,0.6868,1
reverse,apnic,2023-09,ds_share,3650,530678,3650.0,530678.0,0.6878,1
reverse,apnic,2023-10,ds_share,3651,532543,3651.0,532543.0,0.6856,1
reverse,apnic,2023-11,ds_share,3662,529583,3662.0,529583.0,0.6915,1
reverse,apnic,2023-12,ds_share,3667,530028,3667.0,530028.0,0.6919,1
reverse,apnic,2024-01,ds_share,3667,529820,3667.0,529820.0,0.6921,1
reverse,apnic,2024-02,ds_share,3667,531223,3667.0,531223.0,0.6903,1
reverse,apnic,2024-03,ds_share,3666,531677,3666.0,531677.0,0.6895,1
reverse,apnic,2024-04,ds_share,3674,531990,3674.0,531990.0,0.6906,1
reverse,apnic,2024-05,ds_share,3685,532292,3685.0,532292.0,0.6923,1
reverse,apnic,2024-06,ds_share,3689,532961,3689.0,532961.0,0.6922,1
reverse,apnic,2024-07,ds_share,3692,533408,3692.0,533408.0,0.6922,1
reverse,apnic,2024-08,ds_share,3691,568196,3691.0,568196.0,0.6496,1
reverse,apnic,2024-09,ds_share,3692,568094,3692.0,568094.0,0.6499,1
reverse,apnic,2024-10,ds_share,3696,568182,3696.0,568182.0,0.6505,1
reverse,apnic,2024-11,ds_share,3710,572751,3710.0,572751.0,0.6478,1
reverse,apnic,2024-12,ds_share,3711,573053,3711.0,573053.0,0.6476,1
reverse,arin,2009-04,ds_share,0,374294,0.0,374294.0,0.0,1
reverse,arin,2009-05,ds_share,0,375219,0.0,375219.0,0.0,1
reverse,arin,2009-08,ds_share,0,379682,0.0,379682.0,0.0,1
reverse,arin,2009-09,ds_share,0,380890,0.0,380890.0,0.0,1
reverse,arin,2009-10,ds_share,0,382069,0.0,382069.0,0.0,1
reverse,arin,2009-11,ds_share,0,384397,0.0,384397.0,0.0,1
reverse,arin,2009-12,ds_share,0,385899,0.0,385899.0,0.0,1
reverse,arin,2010-01,ds_share,0,387742,0.0,387742.0,0.0,1
reverse,arin,2010-02,ds_share,0,389037,0.0,389037.0,0.0,1
reverse,arin,2010-03,ds_share,0,390889,0.0,390889.0,0.0,1
reverse,arin,2010-04,ds_share,0,393412,0.0,393412.0,0.0,1
reverse,arin,2010-05,ds_share,0,394886,0.0,394886.0,0.0,1
reverse,arin,2010-06,ds_share,0,396763,0.0,396763.0,0.0,1
reverse,arin,2010-07,ds_share,0,398486,0.0,398486.0,0.0,1
reverse,arin,2010-08,ds_share,0,399704,0.0,399704.0,0.0,1
reverse,arin,2010-09,ds_share,0,401150,0.0,401150.0,0.0,1
reverse,arin,2010-10,ds_share,0,402812,0.0,402812.0,0.0,1
reverse,arin,2010-11,ds_share,0,404833,0.0,404833.0,0.0,1
reverse,arin,2011-05,ds_share,32,416628,32.0,416628.0,0.0077,1
reverse,arin,2011-06,ds_share,82,417752,82.0,417752.0,0.0196,1
reverse,arin,2011-07,ds_share,86,418956,86.0,418956.0,0.0205,1
reverse,arin,2011-08,ds_share,100,419874,100.0,419874.0,0.0238,1
reverse,arin,2011-09,ds_share,101,421366,101.0,421366.0,0.024,1
reverse,arin,2011-10,ds_share,101,423115,101.0,423115.0,0.0239,1
reverse,arin,2011-11,ds_share,103,424744,103.0,424744.0,0.0242,1
reverse,arin,2011-12,ds_share,103,427275,103.0,427275.0,0.0241,1
reverse,arin,2012-01,ds_share,104,430755,104.0,430755.0,0.0241,1
reverse,arin,2012-02,ds_share,121,432389,121.0,432389.0,0.028,1
reverse,arin,2012-03,ds_share,122,434773,122.0,434773.0,0.0281,1
reverse,arin,2012-04,ds_share,126,437330,126.0,437330.0,0.0288,1
reverse,arin,2012-05,ds_share,127,438648,127.0,438648.0,0.029,1
reverse,arin,2012-06,ds_share,134,439701,134.0,439701.0,0.0305,1
reverse,arin,2012-08,ds_share,137,442862,137.0,442862.0,0.0309,1
reverse,arin,2012-09,ds_share,137,446387,137.0,446387.0,0.0307,1
reverse,arin,2012-10,ds_share,138,448357,138.0,448357.0,0.0308,1
reverse,arin,2012-11,ds_share,162,450024,162.0,450024.0,0.036,1
reverse,arin,2012-12,ds_share,118,451274,118.0,451274.0,0.0261,1
reverse,arin,2013-01,ds_share,166,454194,166.0,454194.0,0.0365,1
reverse,arin,2013-02,ds_share,168,455712,168.0,455712.0,0.0369,1
reverse,arin,2013-03,ds_share,175,457276,175.0,457276.0,0.0383,1
reverse,arin,2013-04,ds_share,179,459269,179.0,459269.0,0.039,1
reverse,arin,2013-05,ds_share,179,460479,179.0,460479.0,0.0389,1
reverse,arin,2013-06,ds_share,187,462026,187.0,462026.0,0.0405,1
reverse,arin,2013-07,ds_share,191,463089,191.0,463089.0,0.0412,1
reverse,arin,2013-08,ds_share,198,464940,198.0,464940.0,0.0426,1
reverse,arin,2013-09,ds_share,206,466825,206.0,466825.0,0.0441,1
reverse,arin,2013-10,ds_share,208,468902,208.0,468902.0,0.0444,1
reverse,arin,2013-11,ds_share,209,470425,209.0,470425.0,0.0444,1
reverse,arin,2013-12,ds_share,226,472885,226.0,472885.0,0.0478,1
reverse,arin,2014-01,ds_share,265,474714,265.0,474714.0,0.0558,1
reverse,arin,2014-02,ds_share,269,477461,269.0,477461.0,0.0563,1
reverse,arin,2014-03,ds_share,269,480016,269.0,480016.0,0.056,1
reverse,arin,2014-04,ds_share,269,482125,269.0,482125.0,0.0558,1
reverse,arin,2014-05,ds_share,277,484876,277.0,484876.0,0.0571,1
reverse,arin,2014-06,ds_share,272,485710,272.0,485710.0,0.056,1
reverse,arin,2014-07,ds_share,274,487420,274.0,487420.0,0.0562,1
reverse,arin,2014-08,ds_share,293,489813,293.0,489813.0,0.0598,1
reverse,arin,2014-09,ds_share,359,491034,359.0,491034.0,0.0731,1
reverse,arin,2014-10,ds_share,462,489131,462.0,489131.0,0.0945,1
reverse,arin,2014-11,ds_share,467,491044,467.0,491044.0,0.0951,1
reverse,arin,2014-12,ds_share,472,493750,472.0,493750.0,0.0956,1
reverse,arin,2015-01,ds_share,484,494449,484.0,494449.0,0.0979,1
reverse,arin,2015-02,ds_share,484,498402,484.0,498402.0,0.0971,1
reverse,arin,2015-03,ds_share,489,500266,489.0,500266.0,0.0977,1
reverse,arin,2015-04,ds_share,521,503893,521.0,503893.0,0.1034,1
reverse,arin,2015-05,ds_share,534,506159,534.0,506159.0,0.1055,1
reverse,arin,2015-06,ds_share,547,509297,547.0,509297.0,0.1074,1
reverse,arin,2015-07,ds_share,566,512479,566.0,512479.0,0.1104,1
reverse,arin,2015-08,ds_share,572,513408,572.0,513408.0,0.1114,1
reverse,arin,2015-09,ds_share,583,514517,583.0,514517.0,0.1133,1
reverse,arin,2015-10,ds_share,586,515447,586.0,515447.0,0.1137,1
reverse,arin,2015-11,ds_share,592,516882,592.0,516882.0,0.1145,1
reverse,arin,2015-12,ds_share,599,518646,599.0,518646.0,0.1155,1
reverse,arin,2016-01,ds_share,609,520960,609.0,520960.0,0.1169,1
reverse,arin,2016-02,ds_share,613,522798,613.0,522798.0,0.1173,1
reverse,arin,2016-04,ds_share,619,526766,619.0,526766.0,0.1175,1
reverse,arin,2016-05,ds_share,618,528815,618.0,528815.0,0.1169,1
reverse,arin,2016-06,ds_share,621,530248,621.0,530248.0,0.1171,1
reverse,arin,2016-07,ds_share,625,532387,625.0,532387.0,0.1174,1
reverse,arin,2016-08,ds_share,596,534149,596.0,534149.0,0.1116,1
reverse,arin,2016-09,ds_share,596,536145,596.0,536145.0,0.1112,1
reverse,arin,2016-10,ds_share,632,537183,632.0,537183.0,0.1177,1
reverse,arin,2016-11,ds_share,633,537873,633.0,537873.0,0.1177,1
reverse,arin,2016-12,ds_share,636,539455,636.0,539455.0,0.1179,1
reverse,arin,2017-01,ds_share,633,540417,633.0,540417.0,0.1171,1
reverse,arin,2017-02,ds_share,669,542208,669.0,542208.0,0.1234,1
reverse,arin,2017-03,ds_share,669,543025,669.0,543025.0,0.1232,1
reverse,arin,2017-04,ds_share,678,544819,678.0,544819.0,0.1244,1
reverse,arin,2017-05,ds_share,724,547122,724.0,547122.0,0.1323,1
reverse,arin,2017-06,ds_share,724,549021,724.0,549021.0,0.1319,1
reverse,arin,2017-07,ds_share,812,552648,812.0,552648.0,0.1469,1
reverse,arin,2017-08,ds_share,818,553450,818.0,553450.0,0.1478,1
reverse,arin,2017-09,ds_share,858,555008,858.0,555008.0,0.1546,1
reverse,arin,2017-10,ds_share,860,555891,860.0,555891.0,0.1547,1
reverse,arin,2017-11,ds_share,863,556223,863.0,556223.0,0.1552,1
reverse,arin,2017-12,ds_share,865,558102,865.0,558102.0,0.155,1
reverse,arin,2018-01,ds_share,876,565332,876.0,565332.0,0.155,1
reverse,arin,2018-02,ds_share,870,574920,870.0,574920.0,0.1513,1
reverse,arin,2018-03,ds_share,875,575815,875.0,575815.0,0.152,1
reverse,arin,2018-04,ds_share,876,577879,876.0,577879.0,0.1516,1
reverse,arin,2018-05,ds_share,895,580902,895.0,580902.0,0.1541,1
reverse,arin,2018-06,ds_share,914,583659,914.0,583659.0,0.1566,1
reverse,arin,2018-07,ds_share,939,585052,939.0,585052.0,0.1605,1
reverse,arin,2018-08,ds_share,945,586136,945.0,586136.0,0.1612,1
reverse,arin,2018-09,ds_share,997,588499,997.0,588499.0,0.1694,1
reverse,arin,2018-10,ds_share,997,589196,997.0,589196.0,0.1692,1
reverse,arin,2018-11,ds_share,1036,591056,1036.0,591056.0,0.1753,1
reverse,arin,2018-12,ds_share,1063,591356,1063.0,591356.0,0.1798,1
reverse,arin,2019-01,ds_share,1119,588076,1119.0,588076.0,0.1903,1
reverse,arin,2019-02,ds_share,1123,589604,1123.0,589604.0,0.1905,1
reverse,arin,2019-03,ds_share,1187,590765,1187.0,590765.0,0.2009,1
reverse,arin,2019-04,ds_share,1208,592438,1208.0,592438.0,0.2039,1
reverse,arin,2019-05,ds_share,1213,593550,1213.0,593550.0,0.2044,1
reverse,arin,2019-06,ds_share,1617,595229,1617.0,595229.0,0.2717,1
reverse,arin,2019-07,ds_share,1669,596542,1669.0,596542.0,0.2798,1
reverse,arin,2019-08,ds_share,1696,598911,1696.0,598911.0,0.2832,1
reverse,arin,2019-09,ds_share,1717,600646,1717.0,600646.0,0.2859,1
reverse,arin,2019-10,ds_share,1756,603349,1756.0,603349.0,0.291,1
reverse,arin,2019-11,ds_share,1775,604963,1775.0,604963.0,0.2934,1
reverse,arin,2019-12,ds_share,1811,606030,1811.0,606030.0,0.2988,1
reverse,arin,2020-01,ds_share,1878,607057,1878.0,607057.0,0.3094,1
reverse,arin,2020-02,ds_share,1905,610074,1905.0,610074.0,0.3123,1
reverse,arin,2020-03,ds_share,1921,611139,1921.0,611139.0,0.3143,1
reverse,arin,2020-04,ds_share,1925,611440,1925.0,611440.0,0.3148,1
reverse,arin,2020-05,ds_share,1965,614399,1965.0,614399.0,0.3198,1
reverse,arin,2020-06,ds_share,2238,624104,2238.0,624104.0,0.3586,1
reverse,arin,2020-07,ds_share,2103,625916,2103.0,625916.0,0.336,1
reverse,arin,2020-08,ds_share,1999,627885,1999.0,627885.0,0.3184,1
reverse,arin,2020-09,ds_share,2014,630311,2014.0,630311.0,0.3195,1
reverse,arin,2020-10,ds_share,2038,633053,2038.0,633053.0,0.3219,1
reverse,arin,2020-11,ds_share,2127,634395,2127.0,634395.0,0.3353,1
reverse,arin,2020-12,ds_share,2213,635903,2213.0,635903.0,0.348,1
reverse,arin,2021-02,ds_share,2326,640728,2326.0,640728.0,0.363,1
reverse,arin,2021-03,ds_share,2350,643637,2350.0,643637.0,0.3651,1
reverse,arin,2021-04,ds_share,2440,645486,2440.0,645486.0,0.378,1
reverse,arin,2021-05,ds_share,2473,648259,2473.0,648259.0,0.3815,1
reverse,arin,2021-06,ds_share,2473,648674,2473.0,648674.0,0.3812,1
reverse,arin,2021-07,ds_share,2478,650372,2478.0,650372.0,0.381,1
reverse,arin,2021-08,ds_share,2531,652167,2531.0,652167.0,0.3881,1
reverse,arin,2021-09,ds_share,2591,653869,2591.0,653869.0,0.3963,1
reverse,arin,2021-10,ds_share,2632,655332,2632.0,655332.0,0.4016,1
reverse,arin,2021-11,ds_share,2685,656661,2685.0,656661.0,0.4089,1
reverse,arin,2021-12,ds_share,2731,656011,2731.0,656011.0,0.4163,1
reverse,arin,2022-01,ds_share,2787,658401,2787.0,658401.0,0.4233,1
reverse,arin,2022-02,ds_share,2872,660753,2872.0,660753.0,0.4347,1
reverse,arin,2022-03,ds_share,2924,663699,2924.0,663699.0,0.4406,1
reverse,arin,2022-04,ds_share,2952,665757,2952.0,665757.0,0.4434,1
reverse,arin,2022-05,ds_share,3075,667219,3075.0,667219.0,0.4609,1
reverse,arin,2022-06,ds_share,3188,667567,3188.0,667567.0,0.4776,1
reverse,arin,2022-07,ds_share,3227,668810,3227.0,668810.0,0.4825,1
reverse,arin,2022-08,ds_share,3239,669897,3239.0,669897.0,0.4835,1
reverse,arin,2022-09,ds_share,3273,671534,3273.0,671534.0,0.4874,1
reverse,arin,2022-10,ds_share,3229,672657,3229.0,672657.0,0.48,1
reverse,arin,2022-11,ds_share,3249,673636,3249.0,673636.0,0.4823,1
reverse,arin,2022-12,ds_share,3351,674458,3351.0,674458.0,0.4968,1
reverse,arin,2023-01,ds_share,3378,675432,3378.0,675432.0,0.5001,1
reverse,arin,2023-02,ds_share,3479,678744,3479.0,678744.0,0.5126,1
reverse,arin,2023-03,ds_share,3512,679736,3512.0,679736.0,0.5167,1
reverse,arin,2023-04,ds_share,3547,680040,3547.0,680040.0,0.5216,1
reverse,arin,2023-05,ds_share,3555,680454,3555.0,680454.0,0.5224,1
reverse,arin,2023-06,ds_share,3648,681476,3648.0,681476.0,0.5353,1
reverse,arin,2023-07,ds_share,3676,681744,3676.0,681744.0,0.5392,1
reverse,arin,2023-08,ds_share,3716,682634,3716.0,682634.0,0.5444,1
reverse,arin,2023-09,ds_share,3767,683784,3767.0,683784.0,0.5509,1
reverse,arin,2023-10,ds_share,3858,684665,3858.0,684665.0,0.5635,1
reverse,arin,2023-11,ds_share,3897,685559,3897.0,685559.0,0.5684,1
reverse,arin,2023-12,ds_share,3942,686181,3942.0,686181.0,0.5745,1
reverse,arin,2024-01,ds_share,3987,687049,3987.0,687049.0,0.5803,1
reverse,arin,2024-02,ds_share,4024,687255,4024.0,687255.0,0.5855,1
reverse,arin,2024-03,ds_share,4038,689652,4038.0,689652.0,0.5855,1
reverse,arin,2024-04,ds_share,4081,690830,4081.0,690830.0,0.5907,1
reverse,arin,2024-05,ds_share,4116,691552,4116.0,691552.0,0.5952,1
reverse,arin,2024-06,ds_share,4186,693151,4186.0,693151.0,0.6039,1
reverse,arin,2024-07,ds_share,4258,693738,4258.0,693738.0,0.6138,1
reverse,arin,2024-08,ds_share,4328,694777,4328.0,694777.0,0.6229,1
reverse,arin,2024-09,ds_share,4305,695605,4305.0,695605.0,0.6189,1
reverse,arin,2024-10,ds_share,4417,696517,4417.0,696517.0,0.6342,1
reverse,arin,2024-11,ds_share,4497,696978,4497.0,696978.0,0.6452,1
reverse,arin,2024-12,ds_share,4562,696503,4562.0,696503.0,0.655,1
reverse,arin,2025-01,ds_share,4624,695593,4624.0,695593.0,0.6648,1
reverse,arin,2025-02,ds_share,4686,695969,4686.0,695969.0,0.6733,1
reverse,arin,2025-03,ds_share,4792,700443,4792.0,700443.0,0.6841,1
reverse,arin,2025-04,ds_share,4850,712109,4850.0,712109.0,0.6811,1
reverse,arin,2025-05,ds_share,4912,713921,4912.0,713921.0,0.688,1
reverse,arin,2025-06,ds_share,4919,714540,4919.0,714540.0,0.6884,1
reverse,arin,2025-07,ds_share,5012,715226,5012.0,715226.0,0.7008,1
reverse,arin,2025-08,ds_share,5080,714711,5080.0,714711.0,0.7108,1
reverse,arin,2025-09,ds_share,5119,707701,5119.0,707701.0,0.7233,1
reverse,arin,2025-10,ds_share,5327,706426,5327.0,706426.0,0.7541,1
reverse,arin,2025-11,ds_share,5298,707466,5298.0,707466.0,0.7489,1
reverse,arin,2025-12,ds_share,5374,709476,5374.0,709476.0,0.7575,1
reverse,arin,2026-01,ds_share,5394,712276,5394.0,712276.0,0.7573,1
reverse,arin,2026-02,ds_share,5470,711968,5470.0,711968.0,0.7683,1
reverse,arin,2026-03,ds_share,5647,712729,5647.0,712729.0,0.7923,1
reverse,arin,2026-04,ds_share,5683,714632,5683.0,714632.0,0.7952,1
reverse,arin,2026-05,ds_share,5741,713103,5741.0,713103.0,0.8051,1
reverse,arin,2026-06,ds_share,5804,712512,5804.0,712512.0,0.8146,1
reverse,arin,2026-07,ds_share,5884,711139,5884.0,711139.0,0.8274,1
reverse,arin,2026-08,ds_share,5980,710504,5980.0,710504.0,0.8417,1
reverse,arin,2026-09,ds_share,6080,710116,6080.0,710116.0,0.8562,1
reverse,lacnic,2009-04,ds_share,0,1092,0.0,1092.0,0.0,1
reverse,lacnic,2009-05,ds_share,0,1076,0.0,1076.0,0.0,1
reverse,lacnic,2009-08,ds_share,0,1067,0.0,1067.0,0.0,1
reverse,lacnic,2009-09,ds_share,0,1069,0.0,1069.0,0.0,1
reverse,lacnic,2009-10,ds_share,0,1070,0.0,1070.0,0.0,1
reverse,lacnic,2009-11,ds_share,0,1070,0.0,1070.0,0.0,1
reverse,lacnic,2009-12,ds_share,0,1070,0.0,1070.0,0.0,1
reverse,lacnic,2010-01,ds_share,0,1070,0.0,1070.0,0.0,1
reverse,lacnic,2010-02,ds_share,0,1070,0.0,1070.0,0.0,1
reverse,lacnic,2010-03,ds_share,0,1072,0.0,1072.0,0.0,1
reverse,lacnic,2010-04,ds_share,0,1071,0.0,1071.0,0.0,1
reverse,lacnic,2010-05,ds_share,0,1071,0.0,1071.0,0.0,1
reverse,lacnic,2010-06,ds_share,0,1073,0.0,1073.0,0.0,1
reverse,lacnic,2010-07,ds_share,0,1069,0.0,1069.0,0.0,1
reverse,lacnic,2010-08,ds_share,0,1069,0.0,1069.0,0.0,1
reverse,lacnic,2010-09,ds_share,0,1069,0.0,1069.0,0.0,1
reverse,lacnic,2010-10,ds_share,0,1068,0.0,1068.0,0.0,1
reverse,lacnic,2010-11,ds_share,0,1068,0.0,1068.0,0.0,1
reverse,lacnic,2011-05,ds_share,0,1083,0.0,1083.0,0.0,1
reverse,lacnic,2011-06,ds_share,0,1083,0.0,1083.0,0.0,1
reverse,lacnic,2011-07,ds_share,0,1520,0.0,1520.0,0.0,1
reverse,lacnic,2011-08,ds_share,0,1505,0.0,1505.0,0.0,1
reverse,lacnic,2011-09,ds_share,0,1394,0.0,1394.0,0.0,1
reverse,lacnic,2011-10,ds_share,0,1428,0.0,1428.0,0.0,1
reverse,lacnic,2011-11,ds_share,0,1460,0.0,1460.0,0.0,1
reverse,lacnic,2011-12,ds_share,0,1459,0.0,1459.0,0.0,1
reverse,lacnic,2012-01,ds_share,0,1457,0.0,1457.0,0.0,1
reverse,lacnic,2012-02,ds_share,0,1457,0.0,1457.0,0.0,1
reverse,lacnic,2012-03,ds_share,0,1473,0.0,1473.0,0.0,1
reverse,lacnic,2012-04,ds_share,0,1473,0.0,1473.0,0.0,1
reverse,lacnic,2012-05,ds_share,0,1471,0.0,1471.0,0.0,1
reverse,lacnic,2012-06,ds_share,0,1442,0.0,1442.0,0.0,1
reverse,lacnic,2012-08,ds_share,0,1445,0.0,1445.0,0.0,1
reverse,lacnic,2012-09,ds_share,0,1446,0.0,1446.0,0.0,1
reverse,lacnic,2012-10,ds_share,0,1461,0.0,1461.0,0.0,1
reverse,lacnic,2012-11,ds_share,0,1460,0.0,1460.0,0.0,1
reverse,lacnic,2012-12,ds_share,0,1462,0.0,1462.0,0.0,1
reverse,lacnic,2013-01,ds_share,0,1462,0.0,1462.0,0.0,1
reverse,lacnic,2013-02,ds_share,0,1462,0.0,1462.0,0.0,1
reverse,lacnic,2013-03,ds_share,0,1431,0.0,1431.0,0.0,1
reverse,lacnic,2013-04,ds_share,0,1432,0.0,1432.0,0.0,1
reverse,lacnic,2013-05,ds_share,0,1433,0.0,1433.0,0.0,1
reverse,lacnic,2013-06,ds_share,0,1433,0.0,1433.0,0.0,1
reverse,lacnic,2013-07,ds_share,0,1431,0.0,1431.0,0.0,1
reverse,lacnic,2013-08,ds_share,0,1427,0.0,1427.0,0.0,1
reverse,lacnic,2013-09,ds_share,0,1432,0.0,1432.0,0.0,1
reverse,lacnic,2013-10,ds_share,0,1428,0.0,1428.0,0.0,1
reverse,lacnic,2013-11,ds_share,0,1413,0.0,1413.0,0.0,1
reverse,lacnic,2013-12,ds_share,0,1413,0.0,1413.0,0.0,1
reverse,lacnic,2014-01,ds_share,0,1411,0.0,1411.0,0.0,1
reverse,lacnic,2014-02,ds_share,0,1425,0.0,1425.0,0.0,1
reverse,lacnic,2014-03,ds_share,0,1425,0.0,1425.0,0.0,1
reverse,lacnic,2014-04,ds_share,0,1425,0.0,1425.0,0.0,1
reverse,lacnic,2014-05,ds_share,0,1520,0.0,1520.0,0.0,1
reverse,lacnic,2014-06,ds_share,0,1618,0.0,1618.0,0.0,1
reverse,lacnic,2014-07,ds_share,0,1656,0.0,1656.0,0.0,1
reverse,lacnic,2014-08,ds_share,0,1856,0.0,1856.0,0.0,1
reverse,lacnic,2014-09,ds_share,0,1961,0.0,1961.0,0.0,1
reverse,lacnic,2014-10,ds_share,0,2068,0.0,2068.0,0.0,1
reverse,lacnic,2014-11,ds_share,0,2192,0.0,2192.0,0.0,1
reverse,lacnic,2014-12,ds_share,0,2301,0.0,2301.0,0.0,1
reverse,lacnic,2015-01,ds_share,0,2441,0.0,2441.0,0.0,1
reverse,lacnic,2015-02,ds_share,0,2560,0.0,2560.0,0.0,1
reverse,lacnic,2015-03,ds_share,0,2724,0.0,2724.0,0.0,1
reverse,lacnic,2015-04,ds_share,0,2983,0.0,2983.0,0.0,1
reverse,lacnic,2015-05,ds_share,0,3133,0.0,3133.0,0.0,1
reverse,lacnic,2015-06,ds_share,0,3404,0.0,3404.0,0.0,1
reverse,lacnic,2015-07,ds_share,0,3720,0.0,3720.0,0.0,1
reverse,lacnic,2015-08,ds_share,0,4001,0.0,4001.0,0.0,1
reverse,lacnic,2015-09,ds_share,0,4340,0.0,4340.0,0.0,1
reverse,lacnic,2015-10,ds_share,0,4603,0.0,4603.0,0.0,1
reverse,lacnic,2015-11,ds_share,0,5062,0.0,5062.0,0.0,1
reverse,lacnic,2015-12,ds_share,0,5320,0.0,5320.0,0.0,1
reverse,lacnic,2016-01,ds_share,0,5661,0.0,5661.0,0.0,1
reverse,lacnic,2016-02,ds_share,0,5961,0.0,5961.0,0.0,1
reverse,lacnic,2016-04,ds_share,0,6548,0.0,6548.0,0.0,1
reverse,lacnic,2016-05,ds_share,0,6879,0.0,6879.0,0.0,1
reverse,lacnic,2016-06,ds_share,0,7321,0.0,7321.0,0.0,1
reverse,lacnic,2016-07,ds_share,0,7745,0.0,7745.0,0.0,1
reverse,lacnic,2016-08,ds_share,0,8181,0.0,8181.0,0.0,1
reverse,lacnic,2016-09,ds_share,0,8648,0.0,8648.0,0.0,1
reverse,lacnic,2016-10,ds_share,4,9003,4.0,9003.0,0.0444,1
reverse,lacnic,2016-11,ds_share,4,9430,4.0,9430.0,0.0424,1
reverse,lacnic,2016-12,ds_share,4,9756,4.0,9756.0,0.041,1
reverse,lacnic,2017-01,ds_share,0,10167,0.0,10167.0,0.0,1
reverse,lacnic,2017-02,ds_share,1,10726,1.0,10726.0,0.0093,1
reverse,lacnic,2017-03,ds_share,1,11152,1.0,11152.0,0.009,1
reverse,lacnic,2017-04,ds_share,1,11399,1.0,11399.0,0.0088,1
reverse,lacnic,2017-05,ds_share,1,11642,1.0,11642.0,0.0086,1
reverse,lacnic,2017-06,ds_share,1,11863,1.0,11863.0,0.0084,1
reverse,lacnic,2017-07,ds_share,0,12141,0.0,12141.0,0.0,1
reverse,lacnic,2017-08,ds_share,0,12360,0.0,12360.0,0.0,1
reverse,lacnic,2017-09,ds_share,0,12669,0.0,12669.0,0.0,1
reverse,lacnic,2017-10,ds_share,1,12907,1.0,12907.0,0.0077,1
reverse,lacnic,2017-11,ds_share,1,13073,1.0,13073.0,0.0076,1
reverse,lacnic,2017-12,ds_share,1,13309,1.0,13309.0,0.0075,1
reverse,lacnic,2018-01,ds_share,4,13496,4.0,13496.0,0.0296,1
reverse,lacnic,2018-02,ds_share,3,13666,3.0,13666.0,0.022,1
reverse,lacnic,2018-03,ds_share,4,13844,4.0,13844.0,0.0289,1
reverse,lacnic,2018-04,ds_share,4,14112,4.0,14112.0,0.0283,1
reverse,lacnic,2018-05,ds_share,4,14350,4.0,14350.0,0.0279,1
reverse,lacnic,2018-06,ds_share,4,14517,4.0,14517.0,0.0276,1
reverse,lacnic,2018-07,ds_share,4,14719,4.0,14719.0,0.0272,1
reverse,lacnic,2018-08,ds_share,4,14905,4.0,14905.0,0.0268,1
reverse,lacnic,2018-09,ds_share,4,15497,4.0,15497.0,0.0258,1
reverse,lacnic,2018-10,ds_share,4,15724,4.0,15724.0,0.0254,1
reverse,lacnic,2018-11,ds_share,4,15973,4.0,15973.0,0.025,1
reverse,lacnic,2018-12,ds_share,4,16275,4.0,16275.0,0.0246,1
reverse,lacnic,2019-01,ds_share,4,16417,4.0,16417.0,0.0244,1
reverse,lacnic,2019-02,ds_share,4,16598,4.0,16598.0,0.0241,1
reverse,lacnic,2019-03,ds_share,4,16794,4.0,16794.0,0.0238,1
reverse,lacnic,2019-04,ds_share,4,17074,4.0,17074.0,0.0234,1
reverse,lacnic,2019-05,ds_share,5,17334,5.0,17334.0,0.0288,1
reverse,lacnic,2019-06,ds_share,6,17779,6.0,17779.0,0.0337,1
reverse,lacnic,2019-07,ds_share,14,17987,14.0,17987.0,0.0778,1
reverse,lacnic,2019-08,ds_share,14,18237,14.0,18237.0,0.0768,1
reverse,lacnic,2019-09,ds_share,14,18534,14.0,18534.0,0.0755,1
reverse,lacnic,2019-10,ds_share,14,18814,14.0,18814.0,0.0744,1
reverse,lacnic,2019-11,ds_share,14,19195,14.0,19195.0,0.0729,1
reverse,lacnic,2019-12,ds_share,14,19450,14.0,19450.0,0.072,1
reverse,lacnic,2020-01,ds_share,14,19628,14.0,19628.0,0.0713,1
reverse,lacnic,2020-02,ds_share,14,19879,14.0,19879.0,0.0704,1
reverse,lacnic,2020-03,ds_share,14,20104,14.0,20104.0,0.0696,1
reverse,lacnic,2020-04,ds_share,14,20196,14.0,20196.0,0.0693,1
reverse,lacnic,2020-05,ds_share,15,20390,15.0,20390.0,0.0736,1
reverse,lacnic,2020-06,ds_share,15,20550,15.0,20550.0,0.073,1
reverse,lacnic,2020-07,ds_share,15,20618,15.0,20618.0,0.0728,1
reverse,lacnic,2020-08,ds_share,14,20749,14.0,20749.0,0.0675,1
reverse,lacnic,2020-09,ds_share,15,20821,15.0,20821.0,0.072,1
reverse,lacnic,2020-10,ds_share,15,21009,15.0,21009.0,0.0714,1
reverse,lacnic,2020-11,ds_share,19,21073,19.0,21073.0,0.0902,1
reverse,lacnic,2020-12,ds_share,23,21033,23.0,21033.0,0.1094,1
reverse,lacnic,2021-02,ds_share,24,21230,24.0,21230.0,0.113,1
reverse,lacnic,2021-03,ds_share,48,21263,48.0,21263.0,0.2257,1
reverse,lacnic,2021-04,ds_share,80,21273,80.0,21273.0,0.3761,1
reverse,lacnic,2021-05,ds_share,96,21368,96.0,21368.0,0.4493,1
reverse,lacnic,2021-06,ds_share,96,21330,96.0,21330.0,0.4501,1
reverse,lacnic,2021-07,ds_share,102,21382,102.0,21382.0,0.477,1
reverse,lacnic,2021-08,ds_share,118,21524,118.0,21524.0,0.5482,1
reverse,lacnic,2021-09,ds_share,166,21509,166.0,21509.0,0.7718,1
reverse,lacnic,2021-10,ds_share,208,21557,208.0,21557.0,0.9649,1
reverse,lacnic,2021-11,ds_share,228,21659,228.0,21659.0,1.0527,1
reverse,lacnic,2021-12,ds_share,250,21620,250.0,21620.0,1.1563,1
reverse,lacnic,2022-01,ds_share,272,21684,272.0,21684.0,1.2544,1
reverse,lacnic,2022-02,ds_share,307,21657,307.0,21657.0,1.4176,1
reverse,lacnic,2022-03,ds_share,349,21629,349.0,21629.0,1.6136,1
reverse,lacnic,2022-04,ds_share,370,21754,370.0,21754.0,1.7008,1
reverse,lacnic,2022-05,ds_share,409,21768,409.0,21768.0,1.8789,1
reverse,lacnic,2022-06,ds_share,442,21755,442.0,21755.0,2.0317,1
reverse,lacnic,2022-07,ds_share,466,21776,466.0,21776.0,2.14,1
reverse,lacnic,2022-08,ds_share,494,21820,494.0,21820.0,2.264,1
reverse,lacnic,2022-09,ds_share,502,21809,502.0,21809.0,2.3018,1
reverse,lacnic,2022-10,ds_share,528,22125,528.0,22125.0,2.3864,1
reverse,lacnic,2022-11,ds_share,508,22081,508.0,22081.0,2.3006,1
reverse,lacnic,2022-12,ds_share,524,22020,524.0,22020.0,2.3797,1
reverse,lacnic,2023-01,ds_share,529,21950,529.0,21950.0,2.41,1
reverse,lacnic,2023-02,ds_share,576,21942,576.0,21942.0,2.6251,1
reverse,lacnic,2023-03,ds_share,584,21890,584.0,21890.0,2.6679,1
reverse,lacnic,2023-04,ds_share,622,21933,622.0,21933.0,2.8359,1
reverse,lacnic,2023-05,ds_share,652,21947,652.0,21947.0,2.9708,1
reverse,lacnic,2023-06,ds_share,667,21942,667.0,21942.0,3.0398,1
reverse,lacnic,2023-07,ds_share,677,21914,677.0,21914.0,3.0893,1
reverse,lacnic,2023-08,ds_share,689,21893,689.0,21893.0,3.1471,1
reverse,lacnic,2023-09,ds_share,713,21978,713.0,21978.0,3.2442,1
reverse,lacnic,2023-10,ds_share,743,22074,743.0,22074.0,3.366,1
reverse,lacnic,2023-11,ds_share,759,22111,759.0,22111.0,3.4327,1
reverse,lacnic,2023-12,ds_share,764,22280,764.0,22280.0,3.4291,1
reverse,lacnic,2024-01,ds_share,783,22413,783.0,22413.0,3.4935,1
reverse,lacnic,2024-02,ds_share,799,22385,799.0,22385.0,3.5694,1
reverse,lacnic,2024-03,ds_share,787,22267,787.0,22267.0,3.5344,1
reverse,lacnic,2024-04,ds_share,796,22297,796.0,22297.0,3.57,1
reverse,lacnic,2024-05,ds_share,784,22290,784.0,22290.0,3.5173,1
reverse,lacnic,2024-06,ds_share,804,22240,804.0,22240.0,3.6151,1
reverse,lacnic,2024-07,ds_share,851,22313,851.0,22313.0,3.8139,1
reverse,lacnic,2024-08,ds_share,864,22464,864.0,22464.0,3.8462,1
reverse,lacnic,2024-09,ds_share,853,22597,853.0,22597.0,3.7748,1
reverse,lacnic,2024-10,ds_share,894,22576,894.0,22576.0,3.96,1
reverse,lacnic,2024-11,ds_share,944,22593,944.0,22593.0,4.1783,1
reverse,lacnic,2024-12,ds_share,941,22579,941.0,22579.0,4.1676,1
reverse,lacnic,2025-01,ds_share,945,22561,945.0,22561.0,4.1886,1
reverse,lacnic,2025-02,ds_share,954,22567,954.0,22567.0,4.2274,1
reverse,lacnic,2025-03,ds_share,958,22375,958.0,22375.0,4.2816,1
reverse,lacnic,2025-04,ds_share,965,22397,965.0,22397.0,4.3086,1
reverse,lacnic,2025-05,ds_share,974,22643,974.0,22643.0,4.3016,1
reverse,lacnic,2025-06,ds_share,984,23010,984.0,23010.0,4.2764,1
reverse,lacnic,2025-07,ds_share,993,23192,993.0,23192.0,4.2816,1
reverse,lacnic,2025-08,ds_share,1000,23398,1000.0,23398.0,4.2739,1
reverse,lacnic,2025-09,ds_share,1005,23488,1005.0,23488.0,4.2788,1
reverse,lacnic,2025-10,ds_share,1049,23497,1049.0,23497.0,4.4644,1
reverse,lacnic,2025-11,ds_share,1065,23502,1065.0,23502.0,4.5315,1
reverse,lacnic,2025-12,ds_share,1083,23518,1083.0,23518.0,4.605,1
reverse,lacnic,2026-01,ds_share,1078,23579,1078.0,23579.0,4.5719,1
reverse,lacnic,2026-02,ds_share,1081,23543,1081.0,23543.0,4.5916,1
reverse,lacnic,2026-03,ds_share,1107,23684,1107.0,23684.0,4.674,1
reverse,lacnic,2026-04,ds_share,1110,23758,1110.0,23758.0,4.6721,1
reverse,lacnic,2026-05,ds_share,1129,23782,1129.0,23782.0,4.7473,1
reverse,lacnic,2026-06,ds_share,1177,23731,1177.0,23731.0,4.9598,1
reverse,lacnic,2026-07,ds_share,1208,23747,1208.0,23747.0,5.087,1
reverse,lacnic,2026-08,ds_share,1241,23807,1241.0,23807.0,5.2128,1
reverse,lacnic,2026-09,ds_share,1265,23854,1265.0,23854.0,5.3031,1
reverse,ripe,2009-04,ds_share,172,400756,172.0,400756.0,0.0429,1
reverse,ripe,2009-05,ds_share,172,405106,172.0,405106.0,0.0425,1
reverse,ripe,2009-08,ds_share,181,417557,181.0,417557.0,0.0433,1
reverse,ripe,2009-09,ds_share,181,420050,181.0,420050.0,0.0431,1
reverse,ripe,2009-10,ds_share,181,425527,181.0,425527.0,0.0425,1
reverse,ripe,2009-11,ds_share,181,430590,181.0,430590.0,0.042,1
reverse,ripe,2009-12,ds_share,190,440077,190.0,440077.0,0.0432,1
reverse,ripe,2010-01,ds_share,190,445300,190.0,445300.0,0.0427,1
reverse,ripe,2010-02,ds_share,195,450187,195.0,450187.0,0.0433,1
reverse,ripe,2010-03,ds_share,210,453384,210.0,453384.0,0.0463,1
reverse,ripe,2010-04,ds_share,243,459278,243.0,459278.0,0.0529,1
reverse,ripe,2010-05,ds_share,251,464462,251.0,464462.0,0.054,1
reverse,ripe,2010-06,ds_share,269,467971,269.0,467971.0,0.0575,1
reverse,ripe,2010-07,ds_share,269,471395,269.0,471395.0,0.0571,1
reverse,ripe,2010-08,ds_share,376,473622,376.0,473622.0,0.0794,1
reverse,ripe,2010-09,ds_share,377,478138,377.0,478138.0,0.0788,1
reverse,ripe,2010-10,ds_share,386,482634,386.0,482634.0,0.08,1
reverse,ripe,2010-11,ds_share,393,486399,393.0,486399.0,0.0808,1
reverse,ripe,2011-05,ds_share,438,523528,438.0,523528.0,0.0837,1
reverse,ripe,2011-06,ds_share,446,528252,446.0,528252.0,0.0844,1
reverse,ripe,2011-07,ds_share,448,533180,448.0,533180.0,0.084,1
reverse,ripe,2011-08,ds_share,451,545476,451.0,545476.0,0.0827,1
reverse,ripe,2011-09,ds_share,455,547882,455.0,547882.0,0.083,1
reverse,ripe,2011-10,ds_share,463,554726,463.0,554726.0,0.0835,1
reverse,ripe,2011-11,ds_share,539,559469,539.0,559469.0,0.0963,1
reverse,ripe,2011-12,ds_share,540,563689,540.0,563689.0,0.0958,1
reverse,ripe,2012-01,ds_share,607,571871,607.0,571871.0,0.1061,1
reverse,ripe,2012-02,ds_share,617,577482,617.0,577482.0,0.1068,1
reverse,ripe,2012-03,ds_share,626,582929,626.0,582929.0,0.1074,1
reverse,ripe,2012-04,ds_share,628,589203,628.0,589203.0,0.1066,1
reverse,ripe,2012-05,ds_share,633,593833,633.0,593833.0,0.1066,1
reverse,ripe,2012-06,ds_share,636,587110,636.0,587110.0,0.1083,1
reverse,ripe,2012-08,ds_share,639,597443,639.0,597443.0,0.107,1
reverse,ripe,2012-09,ds_share,641,602761,641.0,602761.0,0.1063,1
reverse,ripe,2012-10,ds_share,643,609767,643.0,609767.0,0.1055,1
reverse,ripe,2012-11,ds_share,672,615613,672.0,615613.0,0.1092,1
reverse,ripe,2012-12,ds_share,732,617344,732.0,617344.0,0.1186,1
reverse,ripe,2013-01,ds_share,772,618162,772.0,618162.0,0.1249,1
reverse,ripe,2013-02,ds_share,843,622112,843.0,622112.0,0.1355,1
reverse,ripe,2013-03,ds_share,779,625957,779.0,625957.0,0.1244,1
reverse,ripe,2013-04,ds_share,779,628988,779.0,628988.0,0.1238,1
reverse,ripe,2013-05,ds_share,789,633422,789.0,633422.0,0.1246,1
reverse,ripe,2013-06,ds_share,794,634618,794.0,634618.0,0.1251,1
reverse,ripe,2013-07,ds_share,818,637010,818.0,637010.0,0.1284,1
reverse,ripe,2013-08,ds_share,832,639529,832.0,639529.0,0.1301,1
reverse,ripe,2013-09,ds_share,852,641733,852.0,641733.0,0.1328,1
reverse,ripe,2013-10,ds_share,869,641864,869.0,641864.0,0.1354,1
reverse,ripe,2013-11,ds_share,895,644299,895.0,644299.0,0.1389,1
reverse,ripe,2013-12,ds_share,1074,646603,1074.0,646603.0,0.1661,1
reverse,ripe,2014-01,ds_share,1075,647280,1075.0,647280.0,0.1661,1
reverse,ripe,2014-02,ds_share,1096,649815,1096.0,649815.0,0.1687,1
reverse,ripe,2014-03,ds_share,1156,651817,1156.0,651817.0,0.1774,1
reverse,ripe,2014-04,ds_share,1159,653023,1159.0,653023.0,0.1775,1
reverse,ripe,2014-05,ds_share,1166,655932,1166.0,655932.0,0.1778,1
reverse,ripe,2014-06,ds_share,1171,658362,1171.0,658362.0,0.1779,1
reverse,ripe,2014-07,ds_share,1195,659707,1195.0,659707.0,0.1811,1
reverse,ripe,2014-08,ds_share,1202,663029,1202.0,663029.0,0.1813,1
reverse,ripe,2014-09,ds_share,1239,667489,1239.0,667489.0,0.1856,1
reverse,ripe,2014-10,ds_share,1271,671856,1271.0,671856.0,0.1892,1
reverse,ripe,2014-11,ds_share,1440,679013,1440.0,679013.0,0.2121,1
reverse,ripe,2014-12,ds_share,1600,682166,1600.0,682166.0,0.2345,1
reverse,ripe,2015-01,ds_share,1614,684748,1614.0,684748.0,0.2357,1
reverse,ripe,2015-02,ds_share,1622,687612,1622.0,687612.0,0.2359,1
reverse,ripe,2015-03,ds_share,1630,689843,1630.0,689843.0,0.2363,1
reverse,ripe,2015-04,ds_share,1638,685718,1638.0,685718.0,0.2389,1
reverse,ripe,2015-05,ds_share,1612,687947,1612.0,687947.0,0.2343,1
reverse,ripe,2015-06,ds_share,1727,690559,1727.0,690559.0,0.2501,1
reverse,ripe,2015-07,ds_share,1673,692512,1673.0,692512.0,0.2416,1
reverse,ripe,2015-08,ds_share,1805,693778,1805.0,693778.0,0.2602,1
reverse,ripe,2015-09,ds_share,1816,695476,1816.0,695476.0,0.2611,1
reverse,ripe,2015-10,ds_share,39,17836,39.0,17836.0,0.2187,1
reverse,ripe,2015-11,ds_share,39,17964,39.0,17964.0,0.2171,1
reverse,ripe,2015-12,ds_share,39,18165,39.0,18165.0,0.2147,1
reverse,ripe,2016-01,ds_share,39,18184,39.0,18184.0,0.2145,1
reverse,ripe,2016-02,ds_share,39,18601,39.0,18601.0,0.2097,1
reverse,ripe,2016-04,ds_share,45,19201,45.0,19201.0,0.2344,1
reverse,ripe,2016-05,ds_share,45,19293,45.0,19293.0,0.2332,1
reverse,ripe,2016-06,ds_share,45,19684,45.0,19684.0,0.2286,1
reverse,ripe,2016-07,ds_share,47,20107,47.0,20107.0,0.2337,1
reverse,ripe,2016-08,ds_share,47,20178,47.0,20178.0,0.2329,1
reverse,ripe,2016-09,ds_share,47,20437,47.0,20437.0,0.23,1
reverse,ripe,2016-10,ds_share,47,20982,47.0,20982.0,0.224,1
reverse,ripe,2016-11,ds_share,47,21149,47.0,21149.0,0.2222,1
reverse,ripe,2016-12,ds_share,48,20948,48.0,20948.0,0.2291,1
reverse,ripe,2017-01,ds_share,48,21095,48.0,21095.0,0.2275,1
reverse,ripe,2017-02,ds_share,51,21246,51.0,21246.0,0.24,1
reverse,ripe,2017-03,ds_share,51,21326,51.0,21326.0,0.2391,1
reverse,ripe,2017-04,ds_share,51,21610,51.0,21610.0,0.236,1
reverse,ripe,2017-05,ds_share,52,21870,52.0,21870.0,0.2378,1
reverse,ripe,2017-06,ds_share,52,22569,52.0,22569.0,0.2304,1
reverse,ripe,2017-07,ds_share,51,23683,51.0,23683.0,0.2153,1
reverse,ripe,2017-08,ds_share,51,23872,51.0,23872.0,0.2136,1
reverse,ripe,2017-09,ds_share,51,24236,51.0,24236.0,0.2104,1
reverse,ripe,2017-10,ds_share,51,24337,51.0,24337.0,0.2096,1
reverse,ripe,2017-11,ds_share,51,24165,51.0,24165.0,0.211,1
reverse,ripe,2017-12,ds_share,52,24487,52.0,24487.0,0.2124,1
reverse,ripe,2018-01,ds_share,52,24616,52.0,24616.0,0.2112,1
reverse,ripe,2018-02,ds_share,53,24679,53.0,24679.0,0.2148,1
reverse,ripe,2018-03,ds_share,53,25001,53.0,25001.0,0.212,1
reverse,ripe,2018-04,ds_share,53,25386,53.0,25386.0,0.2088,1
reverse,ripe,2018-05,ds_share,53,25570,53.0,25570.0,0.2073,1
reverse,ripe,2018-06,ds_share,53,25860,53.0,25860.0,0.2049,1
reverse,ripe,2018-07,ds_share,53,25880,53.0,25880.0,0.2048,1
reverse,ripe,2018-08,ds_share,53,25956,53.0,25956.0,0.2042,1
reverse,ripe,2018-09,ds_share,52,25930,52.0,25930.0,0.2005,1
reverse,ripe,2018-10,ds_share,52,26101,52.0,26101.0,0.1992,1
reverse,ripe,2018-11,ds_share,54,26574,54.0,26574.0,0.2032,1
reverse,ripe,2018-12,ds_share,55,27182,55.0,27182.0,0.2023,1
reverse,ripe,2019-01,ds_share,118,27561,118.0,27561.0,0.4281,1
reverse,ripe,2019-02,ds_share,118,27738,118.0,27738.0,0.4254,1
reverse,ripe,2019-03,ds_share,138,28077,138.0,28077.0,0.4915,1
reverse,ripe,2019-04,ds_share,138,28532,138.0,28532.0,0.4837,1
reverse,ripe,2019-05,ds_share,139,28912,139.0,28912.0,0.4808,1
reverse,ripe,2019-06,ds_share,141,29503,141.0,29503.0,0.4779,1
reverse,ripe,2019-07,ds_share,164,30070,164.0,30070.0,0.5454,1
reverse,ripe,2019-08,ds_share,165,30683,165.0,30683.0,0.5378,1
reverse,ripe,2019-09,ds_share,174,31437,174.0,31437.0,0.5535,1
reverse,ripe,2019-10,ds_share,189,32600,189.0,32600.0,0.5798,1
reverse,ripe,2019-11,ds_share,198,34011,198.0,34011.0,0.5822,1
reverse,ripe,2019-12,ds_share,203,34787,203.0,34787.0,0.5836,1
reverse,ripe,2020-01,ds_share,213,34965,213.0,34965.0,0.6092,1
reverse,ripe,2020-02,ds_share,219,35594,219.0,35594.0,0.6153,1
reverse,ripe,2020-03,ds_share,218,36160,218.0,36160.0,0.6029,1
reverse,ripe,2020-04,ds_share,218,36622,218.0,36622.0,0.5953,1
reverse,ripe,2020-05,ds_share,227,37207,227.0,37207.0,0.6101,1
reverse,ripe,2020-06,ds_share,238,37732,238.0,37732.0,0.6308,1
reverse,ripe,2020-07,ds_share,248,38368,248.0,38368.0,0.6464,1
reverse,ripe,2020-08,ds_share,248,38763,248.0,38763.0,0.6398,1
reverse,ripe,2020-09,ds_share,253,39233,253.0,39233.0,0.6449,1
reverse,ripe,2020-10,ds_share,266,40865,266.0,40865.0,0.6509,1
reverse,ripe,2020-11,ds_share,270,41056,270.0,41056.0,0.6576,1
reverse,ripe,2020-12,ds_share,289,42203,289.0,42203.0,0.6848,1
reverse,ripe,2021-02,ds_share,288,43312,288.0,43312.0,0.6649,1
reverse,ripe,2021-03,ds_share,289,43990,289.0,43990.0,0.657,1
reverse,ripe,2021-04,ds_share,301,44888,301.0,44888.0,0.6706,1
reverse,ripe,2021-05,ds_share,300,45681,300.0,45681.0,0.6567,1
reverse,ripe,2021-06,ds_share,308,45969,308.0,45969.0,0.67,1
reverse,ripe,2021-07,ds_share,306,46852,306.0,46852.0,0.6531,1
reverse,ripe,2021-08,ds_share,311,47190,311.0,47190.0,0.659,1
reverse,ripe,2021-09,ds_share,312,47195,312.0,47195.0,0.6611,1
reverse,ripe,2021-10,ds_share,314,47458,314.0,47458.0,0.6616,1
reverse,ripe,2021-11,ds_share,327,47699,327.0,47699.0,0.6855,1
reverse,ripe,2021-12,ds_share,344,47940,344.0,47940.0,0.7176,1
reverse,ripe,2022-01,ds_share,361,48017,361.0,48017.0,0.7518,1
reverse,ripe,2022-02,ds_share,362,48550,362.0,48550.0,0.7456,1
reverse,ripe,2022-03,ds_share,368,48986,368.0,48986.0,0.7512,1
reverse,ripe,2022-04,ds_share,368,49325,368.0,49325.0,0.7461,1
reverse,ripe,2022-05,ds_share,364,49425,364.0,49425.0,0.7365,1
reverse,ripe,2022-06,ds_share,369,49853,369.0,49853.0,0.7402,1
reverse,ripe,2022-07,ds_share,372,50411,372.0,50411.0,0.7379,1
reverse,ripe,2022-08,ds_share,359,50698,359.0,50698.0,0.7081,1
reverse,ripe,2022-09,ds_share,368,50983,368.0,50983.0,0.7218,1
reverse,ripe,2022-10,ds_share,368,51166,368.0,51166.0,0.7192,1
reverse,ripe,2022-11,ds_share,368,51131,368.0,51131.0,0.7197,1
reverse,ripe,2022-12,ds_share,370,51305,370.0,51305.0,0.7212,1
reverse,ripe,2023-01,ds_share,388,51463,388.0,51463.0,0.7539,1
reverse,ripe,2023-02,ds_share,398,51727,398.0,51727.0,0.7694,1
reverse,ripe,2023-03,ds_share,421,51864,421.0,51864.0,0.8117,1
reverse,ripe,2023-04,ds_share,421,51904,421.0,51904.0,0.8111,1
reverse,ripe,2023-05,ds_share,423,52080,423.0,52080.0,0.8122,1
reverse,ripe,2023-06,ds_share,427,52438,427.0,52438.0,0.8143,1
reverse,ripe,2023-07,ds_share,428,52679,428.0,52679.0,0.8125,1
reverse,ripe,2023-08,ds_share,434,52880,434.0,52880.0,0.8207,1
reverse,ripe,2023-09,ds_share,434,53582,434.0,53582.0,0.81,1
reverse,ripe,2023-10,ds_share,432,53498,432.0,53498.0,0.8075,1
reverse,ripe,2023-11,ds_share,449,53512,449.0,53512.0,0.8391,1
reverse,ripe,2023-12,ds_share,452,53578,452.0,53578.0,0.8436,1
reverse,ripe,2024-01,ds_share,452,53584,452.0,53584.0,0.8435,1
reverse,ripe,2024-02,ds_share,454,53769,454.0,53769.0,0.8444,1
reverse,ripe,2024-03,ds_share,456,53742,456.0,53742.0,0.8485,1
reverse,ripe,2024-04,ds_share,462,53869,462.0,53869.0,0.8576,1
reverse,ripe,2024-05,ds_share,471,54362,471.0,54362.0,0.8664,1
reverse,ripe,2024-06,ds_share,476,54688,476.0,54688.0,0.8704,1
reverse,ripe,2024-07,ds_share,476,54897,476.0,54897.0,0.8671,1
reverse,ripe,2024-08,ds_share,476,55338,476.0,55338.0,0.8602,1
reverse,ripe,2024-09,ds_share,477,55410,477.0,55410.0,0.8609,1
reverse,ripe,2024-10,ds_share,483,56008,483.0,56008.0,0.8624,1
reverse,ripe,2024-11,ds_share,486,55844,486.0,55844.0,0.8703,1
reverse,ripe,2024-12,ds_share,488,55787,488.0,55787.0,0.8748,1
reverse,ripe,2025-01,ds_share,485,56311,485.0,56311.0,0.8613,1
reverse,ripe,2025-02,ds_share,492,56584,492.0,56584.0,0.8695,1
reverse,ripe,2025-03,ds_share,497,56693,497.0,56693.0,0.8767,1
reverse,ripe,2025-04,ds_share,511,56939,511.0,56939.0,0.8975,1
reverse,ripe,2025-05,ds_share,514,57081,514.0,57081.0,0.9005,1
reverse,ripe,2025-06,ds_share,521,57003,521.0,57003.0,0.914,1
reverse,ripe,2025-07,ds_share,527,57150,527.0,57150.0,0.9221,1
reverse,ripe,2025-08,ds_share,536,57434,536.0,57434.0,0.9332,1
reverse,ripe,2025-09,ds_share,536,57910,536.0,57910.0,0.9256,1
reverse,ripe,2025-10,ds_share,540,58458,540.0,58458.0,0.9237,1
reverse,ripe,2025-11,ds_share,544,58599,544.0,58599.0,0.9283,1
reverse,ripe,2025-12,ds_share,552,59035,552.0,59035.0,0.935,1
reverse,ripe,2026-01,ds_share,556,59592,556.0,59592.0,0.933,1
reverse,ripe,2026-02,ds_share,564,59908,564.0,59908.0,0.9414,1
reverse,ripe,2026-03,ds_share,589,60961,589.0,60961.0,0.9662,1
reverse,ripe,2026-04,ds_share,591,61950,591.0,61950.0,0.954,1
reverse,ripe,2026-05,ds_share,618,62880,618.0,62880.0,0.9828,1
reverse,ripe,2026-06,ds_share,630,63480,630.0,63480.0,0.9924,1
reverse,ripe,2026-07,ds_share,634,64073,634.0,64073.0,0.9895,1
reverse,ripe,2026-08,ds_share,646,65029,646.0,65029.0,0.9934,1
reverse,ripe,2026-09,ds_share,659,65616,659.0,65616.0,1.0043,1
reverse_panel,_pooled-afrinic-arin,2009-04,ds_share,0,380724,0.0,380724.0,0.0,1
reverse_panel,_pooled-afrinic-arin,2009-05,ds_share,0,381780,0.0,381780.0,0.0,1
reverse_panel,_pooled-afrinic-arin,2009-08,ds_share,0,386827,0.0,386827.0,0.0,1
reverse_panel,_pooled-afrinic-arin,2009-09,ds_share,0,388089,0.0,388089.0,0.0,1
reverse_panel,_pooled-afrinic-arin,2009-10,ds_share,0,389384,0.0,389384.0,0.0,1
reverse_panel,_pooled-afrinic-arin,2009-11,ds_share,0,391939,0.0,391939.0,0.0,1
reverse_panel,_pooled-afrinic-arin,2009-12,ds_share,0,393550,0.0,393550.0,0.0,1
reverse_panel,_pooled-afrinic-arin,2010-01,ds_share,0,395434,0.0,395434.0,0.0,1
reverse_panel,_pooled-afrinic-arin,2010-02,ds_share,0,398034,0.0,398034.0,0.0,1
reverse_panel,_pooled-afrinic-arin,2010-03,ds_share,0,399894,0.0,399894.0,0.0,1
reverse_panel,_pooled-afrinic-arin,2010-04,ds_share,0,402568,0.0,402568.0,0.0,1
reverse_panel,_pooled-afrinic-arin,2010-05,ds_share,0,404466,0.0,404466.0,0.0,1
reverse_panel,_pooled-afrinic-arin,2010-06,ds_share,0,406586,0.0,406586.0,0.0,1
reverse_panel,_pooled-afrinic-arin,2010-07,ds_share,0,408381,0.0,408381.0,0.0,1
reverse_panel,_pooled-afrinic-arin,2010-08,ds_share,0,409801,0.0,409801.0,0.0,1
reverse_panel,_pooled-afrinic-arin,2010-09,ds_share,0,411596,0.0,411596.0,0.0,1
reverse_panel,_pooled-afrinic-arin,2010-10,ds_share,0,413301,0.0,413301.0,0.0,1
reverse_panel,_pooled-afrinic-arin,2010-11,ds_share,0,415485,0.0,415485.0,0.0,1
reverse_panel,_pooled-afrinic-arin,2011-05,ds_share,32,428173,32.0,428173.0,0.0075,1
reverse_panel,_pooled-afrinic-arin,2011-06,ds_share,82,429622,82.0,429622.0,0.0191,1
reverse_panel,_pooled-afrinic-arin,2011-07,ds_share,86,433029,86.0,433029.0,0.0199,1
reverse_panel,_pooled-afrinic-arin,2011-08,ds_share,100,434084,100.0,434084.0,0.023,1
reverse_panel,_pooled-afrinic-arin,2011-09,ds_share,101,435792,101.0,435792.0,0.0232,1
reverse_panel,_pooled-afrinic-arin,2011-10,ds_share,101,437811,101.0,437811.0,0.0231,1
reverse_panel,_pooled-afrinic-arin,2011-11,ds_share,103,439763,103.0,439763.0,0.0234,1
reverse_panel,_pooled-afrinic-arin,2011-12,ds_share,103,442484,103.0,442484.0,0.0233,1
reverse_panel,_pooled-afrinic-arin,2012-01,ds_share,104,446124,104.0,446124.0,0.0233,1
reverse_panel,_pooled-afrinic-arin,2012-02,ds_share,121,447796,121.0,447796.0,0.027,1
reverse_panel,_pooled-afrinic-arin,2012-03,ds_share,122,450294,122.0,450294.0,0.0271,1
reverse_panel,_pooled-afrinic-arin,2012-04,ds_share,126,452882,126.0,452882.0,0.0278,1
reverse_panel,_pooled-afrinic-arin,2012-05,ds_share,127,454278,127.0,454278.0,0.028,1
reverse_panel,_pooled-afrinic-arin,2012-06,ds_share,147,455400,147.0,455400.0,0.0323,1
reverse_panel,_pooled-afrinic-arin,2012-08,ds_share,152,458839,152.0,458839.0,0.0331,1
reverse_panel,_pooled-afrinic-arin,2012-09,ds_share,152,462490,152.0,462490.0,0.0329,1
reverse_panel,_pooled-afrinic-arin,2012-10,ds_share,152,464518,152.0,464518.0,0.0327,1
reverse_panel,_pooled-afrinic-arin,2012-11,ds_share,175,466390,175.0,466390.0,0.0375,1
reverse_panel,_pooled-afrinic-arin,2012-12,ds_share,131,467972,131.0,467972.0,0.028,1
reverse_panel,_pooled-afrinic-arin,2013-01,ds_share,179,471467,179.0,471467.0,0.038,1
reverse_panel,_pooled-afrinic-arin,2013-02,ds_share,181,473099,181.0,473099.0,0.0383,1
reverse_panel,_pooled-afrinic-arin,2013-03,ds_share,188,474603,188.0,474603.0,0.0396,1
reverse_panel,_pooled-afrinic-arin,2013-04,ds_share,192,476671,192.0,476671.0,0.0403,1
reverse_panel,_pooled-afrinic-arin,2013-05,ds_share,192,478257,192.0,478257.0,0.0401,1
reverse_panel,_pooled-afrinic-arin,2013-06,ds_share,200,480219,200.0,480219.0,0.0416,1
reverse_panel,_pooled-afrinic-arin,2013-07,ds_share,204,481645,204.0,481645.0,0.0424,1
reverse_panel,_pooled-afrinic-arin,2013-08,ds_share,211,484038,211.0,484038.0,0.0436,1
reverse_panel,_pooled-afrinic-arin,2013-09,ds_share,219,486231,219.0,486231.0,0.045,1
reverse_panel,_pooled-afrinic-arin,2013-10,ds_share,220,488542,220.0,488542.0,0.045,1
reverse_panel,_pooled-afrinic-arin,2013-11,ds_share,221,489772,221.0,489772.0,0.0451,1
reverse_panel,_pooled-afrinic-arin,2013-12,ds_share,247,492724,247.0,492724.0,0.0501,1
reverse_panel,_pooled-afrinic-arin,2014-01,ds_share,277,494635,277.0,494635.0,0.056,1
reverse_panel,_pooled-afrinic-arin,2014-02,ds_share,281,497542,281.0,497542.0,0.0565,1
reverse_panel,_pooled-afrinic-arin,2014-03,ds_share,281,500305,281.0,500305.0,0.0562,1
reverse_panel,_pooled-afrinic-arin,2014-04,ds_share,281,502545,281.0,502545.0,0.0559,1
reverse_panel,_pooled-afrinic-arin,2014-05,ds_share,289,508326,289.0,508326.0,0.0569,1
reverse_panel,_pooled-afrinic-arin,2014-06,ds_share,284,509292,284.0,509292.0,0.0558,1
reverse_panel,_pooled-afrinic-arin,2014-07,ds_share,294,511064,294.0,511064.0,0.0575,1
reverse_panel,_pooled-afrinic-arin,2014-08,ds_share,313,513637,313.0,513637.0,0.0609,1
reverse_panel,_pooled-afrinic-arin,2014-09,ds_share,379,514853,379.0,514853.0,0.0736,1
reverse_panel,_pooled-afrinic-arin,2014-10,ds_share,508,515717,508.0,515717.0,0.0985,1
reverse_panel,_pooled-afrinic-arin,2014-11,ds_share,652,517773,652.0,517773.0,0.1259,1
reverse_panel,_pooled-afrinic-arin,2014-12,ds_share,657,521236,657.0,521236.0,0.126,1
reverse_panel,_pooled-afrinic-arin,2015-01,ds_share,669,522055,669.0,522055.0,0.1281,1
reverse_panel,_pooled-afrinic-arin,2015-02,ds_share,669,526121,669.0,526121.0,0.1272,1
reverse_panel,_pooled-afrinic-arin,2015-03,ds_share,674,528006,674.0,528006.0,0.1277,1
reverse_panel,_pooled-afrinic-arin,2015-04,ds_share,710,531778,710.0,531778.0,0.1335,1
reverse_panel,_pooled-afrinic-arin,2015-05,ds_share,723,534188,723.0,534188.0,0.1353,1
reverse_panel,_pooled-afrinic-arin,2015-06,ds_share,736,537401,736.0,537401.0,0.137,1
reverse_panel,_pooled-afrinic-arin,2015-07,ds_share,755,540807,755.0,540807.0,0.1396,1
reverse_panel,_pooled-afrinic-arin,2015-08,ds_share,763,541791,763.0,541791.0,0.1408,1
reverse_panel,_pooled-afrinic-arin,2015-09,ds_share,774,542886,774.0,542886.0,0.1426,1
reverse_panel,_pooled-afrinic-arin,2015-10,ds_share,775,543934,775.0,543934.0,0.1425,1
reverse_panel,_pooled-afrinic-arin,2015-11,ds_share,781,545447,781.0,545447.0,0.1432,1
reverse_panel,_pooled-afrinic-arin,2015-12,ds_share,789,547289,789.0,547289.0,0.1442,1
reverse_panel,_pooled-afrinic-arin,2016-01,ds_share,799,549693,799.0,549693.0,0.1454,1
reverse_panel,_pooled-afrinic-arin,2016-02,ds_share,803,551602,803.0,551602.0,0.1456,1
reverse_panel,_pooled-afrinic-arin,2016-04,ds_share,825,555715,825.0,555715.0,0.1485,1
reverse_panel,_pooled-afrinic-arin,2016-05,ds_share,824,558071,824.0,558071.0,0.1477,1
reverse_panel,_pooled-afrinic-arin,2016-06,ds_share,827,559623,827.0,559623.0,0.1478,1
reverse_panel,_pooled-afrinic-arin,2016-07,ds_share,831,561811,831.0,561811.0,0.1479,1
reverse_panel,_pooled-afrinic-arin,2016-08,ds_share,800,563612,800.0,563612.0,0.1419,1
reverse_panel,_pooled-afrinic-arin,2016-09,ds_share,800,565549,800.0,565549.0,0.1415,1
reverse_panel,_pooled-afrinic-arin,2016-10,ds_share,836,566573,836.0,566573.0,0.1476,1
reverse_panel,_pooled-afrinic-arin,2016-11,ds_share,853,567353,853.0,567353.0,0.1503,1
reverse_panel,_pooled-afrinic-arin,2016-12,ds_share,856,569015,856.0,569015.0,0.1504,1
reverse_panel,_pooled-afrinic-arin,2017-01,ds_share,871,570051,871.0,570051.0,0.1528,1
reverse_panel,_pooled-afrinic-arin,2017-02,ds_share,907,572186,907.0,572186.0,0.1585,1
reverse_panel,_pooled-afrinic-arin,2017-03,ds_share,908,573331,908.0,573331.0,0.1584,1
reverse_panel,_pooled-afrinic-arin,2017-04,ds_share,918,574865,918.0,574865.0,0.1597,1
reverse_panel,_pooled-afrinic-arin,2017-05,ds_share,966,577218,966.0,577218.0,0.1674,1
reverse_panel,_pooled-afrinic-arin,2017-06,ds_share,966,579181,966.0,579181.0,0.1668,1
reverse_panel,_pooled-afrinic-arin,2017-07,ds_share,1054,582841,1054.0,582841.0,0.1808,1
reverse_panel,_pooled-afrinic-arin,2017-08,ds_share,1060,583700,1060.0,583700.0,0.1816,1
reverse_panel,_pooled-afrinic-arin,2017-09,ds_share,1100,585322,1100.0,585322.0,0.1879,1
reverse_panel,_pooled-afrinic-arin,2017-10,ds_share,1102,586453,1102.0,586453.0,0.1879,1
reverse_panel,_pooled-afrinic-arin,2017-11,ds_share,1105,586820,1105.0,586820.0,0.1883,1
reverse_panel,_pooled-afrinic-arin,2017-12,ds_share,1107,588767,1107.0,588767.0,0.188,1
reverse_panel,_pooled-afrinic-arin,2018-01,ds_share,1118,596037,1118.0,596037.0,0.1876,1
reverse_panel,_pooled-afrinic-arin,2018-02,ds_share,1112,605945,1112.0,605945.0,0.1835,1
reverse_panel,_pooled-afrinic-arin,2018-03,ds_share,1117,607469,1117.0,607469.0,0.1839,1
reverse_panel,_pooled-afrinic-arin,2018-04,ds_share,1118,609763,1118.0,609763.0,0.1833,1
reverse_panel,_pooled-afrinic-arin,2018-05,ds_share,1137,613310,1137.0,613310.0,0.1854,1
reverse_panel,_pooled-afrinic-arin,2018-06,ds_share,1155,616195,1155.0,616195.0,0.1874,1
reverse_panel,_pooled-afrinic-arin,2018-07,ds_share,1180,617503,1180.0,617503.0,0.1911,1
reverse_panel,_pooled-afrinic-arin,2018-08,ds_share,1186,618715,1186.0,618715.0,0.1917,1
reverse_panel,_pooled-afrinic-arin,2018-09,ds_share,1238,621078,1238.0,621078.0,0.1993,1
reverse_panel,_pooled-afrinic-arin,2018-10,ds_share,1238,621835,1238.0,621835.0,0.1991,1
reverse_panel,_pooled-afrinic-arin,2018-11,ds_share,1352,623861,1352.0,623861.0,0.2167,1
reverse_panel,_pooled-afrinic-arin,2018-12,ds_share,1383,624201,1383.0,624201.0,0.2216,1
reverse_panel,_pooled-afrinic-arin,2019-01,ds_share,1439,620912,1439.0,620912.0,0.2318,1
reverse_panel,_pooled-afrinic-arin,2019-02,ds_share,1442,622653,1442.0,622653.0,0.2316,1
reverse_panel,_pooled-afrinic-arin,2019-03,ds_share,1522,623152,1522.0,623152.0,0.2442,1
reverse_panel,_pooled-afrinic-arin,2019-04,ds_share,1545,624874,1545.0,624874.0,0.2472,1
reverse_panel,_pooled-afrinic-arin,2019-05,ds_share,1559,626124,1559.0,626124.0,0.249,1
reverse_panel,_pooled-afrinic-arin,2019-06,ds_share,1964,627974,1964.0,627974.0,0.3128,1
reverse_panel,_pooled-afrinic-arin,2019-07,ds_share,2016,629308,2016.0,629308.0,0.3204,1
reverse_panel,_pooled-afrinic-arin,2019-08,ds_share,2043,631804,2043.0,631804.0,0.3234,1
reverse_panel,_pooled-afrinic-arin,2019-09,ds_share,2069,633537,2069.0,633537.0,0.3266,1
reverse_panel,_pooled-afrinic-arin,2019-10,ds_share,2110,636401,2110.0,636401.0,0.3316,1
reverse_panel,_pooled-afrinic-arin,2019-11,ds_share,2129,639076,2129.0,639076.0,0.3331,1
reverse_panel,_pooled-afrinic-arin,2019-12,ds_share,2172,640295,2172.0,640295.0,0.3392,1
reverse_panel,_pooled-afrinic-arin,2020-01,ds_share,2240,641368,2240.0,641368.0,0.3493,1
reverse_panel,_pooled-afrinic-arin,2020-02,ds_share,2267,644108,2267.0,644108.0,0.352,1
reverse_panel,_pooled-afrinic-arin,2020-03,ds_share,2286,645171,2286.0,645171.0,0.3543,1
reverse_panel,_pooled-afrinic-arin,2020-04,ds_share,2290,645578,2290.0,645578.0,0.3547,1
reverse_panel,_pooled-afrinic-arin,2020-05,ds_share,2331,648601,2331.0,648601.0,0.3594,1
reverse_panel,_pooled-afrinic-arin,2020-06,ds_share,2604,658301,2604.0,658301.0,0.3956,1
reverse_panel,_pooled-afrinic-arin,2020-07,ds_share,2469,660253,2469.0,660253.0,0.3739,1
reverse_panel,_pooled-afrinic-arin,2020-08,ds_share,2364,662123,2364.0,662123.0,0.357,1
reverse_panel,_pooled-afrinic-arin,2020-09,ds_share,2379,664716,2379.0,664716.0,0.3579,1
reverse_panel,_pooled-afrinic-arin,2020-10,ds_share,2372,667346,2372.0,667346.0,0.3554,1
reverse_panel,_pooled-afrinic-arin,2020-11,ds_share,2461,668818,2461.0,668818.0,0.368,1
reverse_panel,_pooled-afrinic-arin,2020-12,ds_share,2547,670491,2547.0,670491.0,0.3799,1
reverse_panel,_pooled-afrinic-arin,2021-02,ds_share,2682,675223,2682.0,675223.0,0.3972,1
reverse_panel,_pooled-afrinic-arin,2021-03,ds_share,2706,678366,2706.0,678366.0,0.3989,1
reverse_panel,_pooled-afrinic-arin,2021-04,ds_share,2820,680283,2820.0,680283.0,0.4145,1
reverse_panel,_pooled-afrinic-arin,2021-05,ds_share,2850,683000,2850.0,683000.0,0.4173,1
reverse_panel,_pooled-afrinic-arin,2021-06,ds_share,2853,681273,2853.0,681273.0,0.4188,1
reverse_panel,_pooled-afrinic-arin,2021-07,ds_share,2858,682911,2858.0,682911.0,0.4185,1
reverse_panel,_pooled-afrinic-arin,2021-08,ds_share,2910,684518,2910.0,684518.0,0.4251,1
reverse_panel,_pooled-afrinic-arin,2021-09,ds_share,2970,686068,2970.0,686068.0,0.4329,1
reverse_panel,_pooled-afrinic-arin,2021-10,ds_share,3011,687494,3011.0,687494.0,0.438,1
reverse_panel,_pooled-afrinic-arin,2021-11,ds_share,3064,688813,3064.0,688813.0,0.4448,1
reverse_panel,_pooled-afrinic-arin,2021-12,ds_share,3116,688085,3116.0,688085.0,0.4529,1
reverse_panel,_pooled-afrinic-arin,2022-01,ds_share,3176,690550,3176.0,690550.0,0.4599,1
reverse_panel,_pooled-afrinic-arin,2022-02,ds_share,3261,692984,3261.0,692984.0,0.4706,1
reverse_panel,_pooled-afrinic-arin,2022-03,ds_share,3318,695910,3318.0,695910.0,0.4768,1
reverse_panel,_pooled-afrinic-arin,2022-04,ds_share,3346,698025,3346.0,698025.0,0.4794,1
reverse_panel,_pooled-afrinic-arin,2022-05,ds_share,3469,699657,3469.0,699657.0,0.4958,1
reverse_panel,_pooled-afrinic-arin,2022-06,ds_share,3585,700116,3585.0,700116.0,0.5121,1
reverse_panel,_pooled-afrinic-arin,2022-07,ds_share,3617,701433,3617.0,701433.0,0.5157,1
reverse_panel,_pooled-afrinic-arin,2022-08,ds_share,3629,702564,3629.0,702564.0,0.5165,1
reverse_panel,_pooled-afrinic-arin,2022-09,ds_share,3663,704255,3663.0,704255.0,0.5201,1
reverse_panel,_pooled-afrinic-arin,2022-10,ds_share,3623,705483,3623.0,705483.0,0.5135,1
reverse_panel,_pooled-afrinic-arin,2022-11,ds_share,3663,706403,3663.0,706403.0,0.5185,1
reverse_panel,_pooled-afrinic-arin,2022-12,ds_share,3766,707240,3766.0,707240.0,0.5325,1
reverse_panel,_pooled-afrinic-arin,2023-01,ds_share,3794,708251,3794.0,708251.0,0.5357,1
reverse_panel,_pooled-afrinic-arin,2023-02,ds_share,3895,711524,3895.0,711524.0,0.5474,1
reverse_panel,_pooled-afrinic-arin,2023-03,ds_share,3933,712545,3933.0,712545.0,0.552,1
reverse_panel,_pooled-afrinic-arin,2023-04,ds_share,3967,712904,3967.0,712904.0,0.5565,1
reverse_panel,_pooled-afrinic-arin,2023-05,ds_share,3979,713398,3979.0,713398.0,0.5578,1
reverse_panel,_pooled-afrinic-arin,2023-06,ds_share,4068,714603,4068.0,714603.0,0.5693,1
reverse_panel,_pooled-afrinic-arin,2023-07,ds_share,4102,714865,4102.0,714865.0,0.5738,1
reverse_panel,_pooled-afrinic-arin,2023-08,ds_share,4142,715839,4142.0,715839.0,0.5786,1
reverse_panel,_pooled-afrinic-arin,2023-09,ds_share,4209,716637,4209.0,716637.0,0.5873,1
reverse_panel,_pooled-afrinic-arin,2023-10,ds_share,4297,717869,4297.0,717869.0,0.5986,1
reverse_panel,_pooled-afrinic-arin,2023-11,ds_share,4353,718908,4353.0,718908.0,0.6055,1
reverse_panel,_pooled-afrinic-arin,2023-12,ds_share,4398,719605,4398.0,719605.0,0.6112,1
reverse_panel,_pooled-afrinic-arin,2024-01,ds_share,4444,720545,4444.0,720545.0,0.6168,1
reverse_panel,_pooled-afrinic-arin,2024-02,ds_share,4468,720834,4468.0,720834.0,0.6198,1
reverse_panel,_pooled-afrinic-arin,2024-03,ds_share,4486,723154,4486.0,723154.0,0.6203,1
reverse_panel,_pooled-afrinic-arin,2024-04,ds_share,4533,724461,4533.0,724461.0,0.6257,1
reverse_panel,_pooled-afrinic-arin,2024-05,ds_share,4569,725276,4569.0,725276.0,0.63,1
reverse_panel,_pooled-afrinic-arin,2024-06,ds_share,4646,726968,4646.0,726968.0,0.6391,1
reverse_panel,_pooled-afrinic-arin,2024-07,ds_share,4719,727618,4719.0,727618.0,0.6486,1
reverse_panel,_pooled-afrinic-arin,2024-08,ds_share,4789,728760,4789.0,728760.0,0.6571,1
reverse_panel,_pooled-afrinic-arin,2024-09,ds_share,4762,729467,4762.0,729467.0,0.6528,1
reverse_panel,_pooled-afrinic-arin,2024-10,ds_share,4876,730470,4876.0,730470.0,0.6675,1
reverse_panel,_pooled-afrinic-arin,2024-11,ds_share,4956,730985,4956.0,730985.0,0.678,1
reverse_panel,_pooled-afrinic-arin,2024-12,ds_share,5021,730489,5021.0,730489.0,0.6873,1
reverse_panel,_pooled-afrinic-arin,2025-01,ds_share,5088,729540,5088.0,729540.0,0.6974,1
reverse_panel,_pooled-afrinic-arin,2025-02,ds_share,5153,729924,5153.0,729924.0,0.706,1
reverse_panel,_pooled-afrinic-arin,2025-03,ds_share,5260,734468,5260.0,734468.0,0.7162,1
reverse_panel,_pooled-afrinic-arin,2025-04,ds_share,5318,746160,5318.0,746160.0,0.7127,1
reverse_panel,_pooled-afrinic-arin,2025-05,ds_share,5382,747836,5382.0,747836.0,0.7197,1
reverse_panel,_pooled-afrinic-arin,2025-06,ds_share,5391,748412,5391.0,748412.0,0.7203,1
reverse_panel,_pooled-afrinic-arin,2025-07,ds_share,5480,749107,5480.0,749107.0,0.7315,1
reverse_panel,_pooled-afrinic-arin,2025-08,ds_share,5548,748610,5548.0,748610.0,0.7411,1
reverse_panel,_pooled-afrinic-arin,2025-09,ds_share,5590,741619,5590.0,741619.0,0.7538,1
reverse_panel,_pooled-afrinic-arin,2025-10,ds_share,5795,740446,5795.0,740446.0,0.7826,1
reverse_panel,_pooled-afrinic-arin,2025-11,ds_share,5737,741505,5737.0,741505.0,0.7737,1
reverse_panel,_pooled-afrinic-arin,2025-12,ds_share,5821,743465,5821.0,743465.0,0.783,1
reverse_panel,_pooled-afrinic-arin,2026-01,ds_share,5846,746156,5846.0,746156.0,0.7835,1
reverse_panel,_pooled-afrinic-arin,2026-02,ds_share,5926,745968,5926.0,745968.0,0.7944,1
reverse_panel,_pooled-afrinic-arin,2026-03,ds_share,6107,746794,6107.0,746794.0,0.8178,1
reverse_panel,_pooled-afrinic-arin,2026-04,ds_share,6144,748757,6144.0,748757.0,0.8206,1
reverse_panel,_pooled-afrinic-arin,2026-05,ds_share,6203,747336,6203.0,747336.0,0.83,1
reverse_panel,_pooled-afrinic-arin,2026-06,ds_share,6266,746713,6266.0,746713.0,0.8391,1
reverse_panel,_pooled-afrinic-arin,2026-07,ds_share,6348,745423,6348.0,745423.0,0.8516,1
reverse_panel,_pooled-afrinic-arin,2026-08,ds_share,6444,744825,6444.0,744825.0,0.8652,1
reverse_panel,afrinic,2009-04,ds_share,0,10190,0.0,10190.0,0.0,1
reverse_panel,afrinic,2009-05,ds_share,0,10257,0.0,10257.0,0.0,1
reverse_panel,afrinic,2009-08,ds_share,0,10906,0.0,10906.0,0.0,1
reverse_panel,afrinic,2009-09,ds_share,0,10960,0.0,10960.0,0.0,1
reverse_panel,afrinic,2009-10,ds_share,0,11076,0.0,11076.0,0.0,1
reverse_panel,afrinic,2009-11,ds_share,0,11271,0.0,11271.0,0.0,1
reverse_panel,afrinic,2009-12,ds_share,0,11348,0.0,11348.0,0.0,1
reverse_panel,afrinic,2010-01,ds_share,0,11389,0.0,11389.0,0.0,1
reverse_panel,afrinic,2010-02,ds_share,0,12694,0.0,12694.0,0.0,1
reverse_panel,afrinic,2010-03,ds_share,0,12694,0.0,12694.0,0.0,1
reverse_panel,afrinic,2010-04,ds_share,0,12845,0.0,12845.0,0.0,1
reverse_panel,afrinic,2010-05,ds_share,0,13269,0.0,13269.0,0.0,1
reverse_panel,afrinic,2010-06,ds_share,0,13512,0.0,13512.0,0.0,1
reverse_panel,afrinic,2010-07,ds_share,0,13616,0.0,13616.0,0.0,1
reverse_panel,afrinic,2010-08,ds_share,0,13818,0.0,13818.0,0.0,1
reverse_panel,afrinic,2010-09,ds_share,0,14167,0.0,14167.0,0.0,1
reverse_panel,afrinic,2010-10,ds_share,0,14210,0.0,14210.0,0.0,1
reverse_panel,afrinic,2010-11,ds_share,0,14374,0.0,14374.0,0.0,1
reverse_panel,afrinic,2011-05,ds_share,0,15422,0.0,15422.0,0.0,1
reverse_panel,afrinic,2011-06,ds_share,0,15699,0.0,15699.0,0.0,1
reverse_panel,afrinic,2011-07,ds_share,0,17902,0.0,17902.0,0.0,1
reverse_panel,afrinic,2011-08,ds_share,0,18039,0.0,18039.0,0.0,1
reverse_panel,afrinic,2011-09,ds_share,0,18255,0.0,18255.0,0.0,1
reverse_panel,afrinic,2011-10,ds_share,0,18588,0.0,18588.0,0.0,1
reverse_panel,afrinic,2011-11,ds_share,0,18911,0.0,18911.0,0.0,1
reverse_panel,afrinic,2011-12,ds_share,0,19053,0.0,19053.0,0.0,1
reverse_panel,afrinic,2012-01,ds_share,0,19213,0.0,19213.0,0.0,1
reverse_panel,afrinic,2012-02,ds_share,0,19251,0.0,19251.0,0.0,1
reverse_panel,afrinic,2012-03,ds_share,0,19365,0.0,19365.0,0.0,1
reverse_panel,afrinic,2012-04,ds_share,0,19412,0.0,19412.0,0.0,1
reverse_panel,afrinic,2012-05,ds_share,0,19487,0.0,19487.0,0.0,1
reverse_panel,afrinic,2012-06,ds_share,13,19544,13.0,19544.0,0.0665,1
reverse_panel,afrinic,2012-08,ds_share,15,19822,15.0,19822.0,0.0757,1
reverse_panel,afrinic,2012-09,ds_share,15,19948,15.0,19948.0,0.0752,1
reverse_panel,afrinic,2012-10,ds_share,14,19959,14.0,19959.0,0.0701,1
reverse_panel,afrinic,2012-11,ds_share,13,20164,13.0,20164.0,0.0645,1
reverse_panel,afrinic,2012-12,ds_share,13,20496,13.0,20496.0,0.0634,1
reverse_panel,afrinic,2013-01,ds_share,13,21318,13.0,21318.0,0.061,1
reverse_panel,afrinic,2013-02,ds_share,13,21351,13.0,21351.0,0.0609,1
reverse_panel,afrinic,2013-03,ds_share,13,21291,13.0,21291.0,0.0611,1
reverse_panel,afrinic,2013-04,ds_share,13,21169,13.0,21169.0,0.0614,1
reverse_panel,afrinic,2013-05,ds_share,13,21547,13.0,21547.0,0.0603,1
reverse_panel,afrinic,2013-06,ds_share,13,21978,13.0,21978.0,0.0592,1
reverse_panel,afrinic,2013-07,ds_share,13,22325,13.0,22325.0,0.0582,1
reverse_panel,afrinic,2013-08,ds_share,13,22906,13.0,22906.0,0.0568,1
reverse_panel,afrinic,2013-09,ds_share,13,23246,13.0,23246.0,0.0559,1
reverse_panel,afrinic,2013-10,ds_share,12,23397,12.0,23397.0,0.0513,1
reverse_panel,afrinic,2013-11,ds_share,12,23103,12.0,23103.0,0.0519,1
reverse_panel,afrinic,2013-12,ds_share,21,23592,21.0,23592.0,0.089,1
reverse_panel,afrinic,2014-01,ds_share,12,23690,12.0,23690.0,0.0507,1
reverse_panel,afrinic,2014-02,ds_share,12,23881,12.0,23881.0,0.0502,1
reverse_panel,afrinic,2014-03,ds_share,12,24058,12.0,24058.0,0.0499,1
reverse_panel,afrinic,2014-04,ds_share,12,24189,12.0,24189.0,0.0496,1
reverse_panel,afrinic,2014-05,ds_share,12,27254,12.0,27254.0,0.044,1
reverse_panel,afrinic,2014-06,ds_share,12,27402,12.0,27402.0,0.0438,1
reverse_panel,afrinic,2014-07,ds_share,20,27448,20.0,27448.0,0.0729,1
reverse_panel,afrinic,2014-08,ds_share,20,27629,20.0,27629.0,0.0724,1
reverse_panel,afrinic,2014-09,ds_share,20,27624,20.0,27624.0,0.0724,1
reverse_panel,afrinic,2014-10,ds_share,57,27656,57.0,27656.0,0.2061,1
reverse_panel,afrinic,2014-11,ds_share,196,27802,196.0,27802.0,0.705,1
reverse_panel,afrinic,2014-12,ds_share,196,28811,196.0,28811.0,0.6803,1
reverse_panel,afrinic,2015-01,ds_share,196,29187,196.0,29187.0,0.6715,1
reverse_panel,afrinic,2015-02,ds_share,196,29368,196.0,29368.0,0.6674,1
reverse_panel,afrinic,2015-03,ds_share,196,29650,196.0,29650.0,0.661,1
reverse_panel,afrinic,2015-04,ds_share,200,29816,200.0,29816.0,0.6708,1
reverse_panel,afrinic,2015-05,ds_share,200,29990,200.0,29990.0,0.6669,1
reverse_panel,afrinic,2015-06,ds_share,200,30221,200.0,30221.0,0.6618,1
reverse_panel,afrinic,2015-07,ds_share,200,30608,200.0,30608.0,0.6534,1
reverse_panel,afrinic,2015-08,ds_share,202,30867,202.0,30867.0,0.6544,1
reverse_panel,afrinic,2015-09,ds_share,202,30817,202.0,30817.0,0.6555,1
reverse_panel,afrinic,2015-10,ds_share,202,30797,202.0,30797.0,0.6559,1
reverse_panel,afrinic,2015-11,ds_share,203,30849,203.0,30849.0,0.658,1
reverse_panel,afrinic,2015-12,ds_share,204,30945,204.0,30945.0,0.6592,1
reverse_panel,afrinic,2016-01,ds_share,204,31551,204.0,31551.0,0.6466,1
reverse_panel,afrinic,2016-02,ds_share,204,31719,204.0,31719.0,0.6431,1
reverse_panel,afrinic,2016-04,ds_share,220,31897,220.0,31897.0,0.6897,1
reverse_panel,afrinic,2016-05,ds_share,220,32318,220.0,32318.0,0.6807,1
reverse_panel,afrinic,2016-06,ds_share,220,32499,220.0,32499.0,0.6769,1
reverse_panel,afrinic,2016-07,ds_share,220,32882,220.0,32882.0,0.6691,1
reverse_panel,afrinic,2016-08,ds_share,218,33049,218.0,33049.0,0.6596,1
reverse_panel,afrinic,2016-09,ds_share,218,33031,218.0,33031.0,0.66,1
reverse_panel,afrinic,2016-10,ds_share,218,33043,218.0,33043.0,0.6597,1
reverse_panel,afrinic,2016-11,ds_share,234,33042,234.0,33042.0,0.7082,1
reverse_panel,afrinic,2016-12,ds_share,234,33287,234.0,33287.0,0.703,1
reverse_panel,afrinic,2017-01,ds_share,252,33429,252.0,33429.0,0.7538,1
reverse_panel,afrinic,2017-02,ds_share,252,33893,252.0,33893.0,0.7435,1
reverse_panel,afrinic,2017-03,ds_share,253,34242,253.0,34242.0,0.7389,1
reverse_panel,afrinic,2017-04,ds_share,254,34144,254.0,34144.0,0.7439,1
reverse_panel,afrinic,2017-05,ds_share,256,34379,256.0,34379.0,0.7446,1
reverse_panel,afrinic,2017-06,ds_share,256,34513,256.0,34513.0,0.7417,1
reverse_panel,afrinic,2017-07,ds_share,257,34857,257.0,34857.0,0.7373,1
reverse_panel,afrinic,2017-08,ds_share,257,34913,257.0,34913.0,0.7361,1
reverse_panel,afrinic,2017-09,ds_share,257,34915,257.0,34915.0,0.7361,1
reverse_panel,afrinic,2017-10,ds_share,259,35186,259.0,35186.0,0.7361,1
reverse_panel,afrinic,2017-11,ds_share,259,35338,259.0,35338.0,0.7329,1
reverse_panel,afrinic,2017-12,ds_share,258,35630,258.0,35630.0,0.7241,1
reverse_panel,afrinic,2018-01,ds_share,259,35702,259.0,35702.0,0.7254,1
reverse_panel,afrinic,2018-02,ds_share,251,36036,251.0,36036.0,0.6965,1
reverse_panel,afrinic,2018-03,ds_share,251,36669,251.0,36669.0,0.6845,1
reverse_panel,afrinic,2018-04,ds_share,251,37116,251.0,37116.0,0.6763,1
reverse_panel,afrinic,2018-05,ds_share,259,37754,259.0,37754.0,0.686,1
reverse_panel,afrinic,2018-06,ds_share,258,37925,258.0,37925.0,0.6803,1
reverse_panel,afrinic,2018-07,ds_share,258,37937,258.0,37937.0,0.6801,1
reverse_panel,afrinic,2018-08,ds_share,258,38072,258.0,38072.0,0.6777,1
reverse_panel,afrinic,2018-09,ds_share,258,38106,258.0,38106.0,0.6771,1
reverse_panel,afrinic,2018-10,ds_share,258,37958,258.0,37958.0,0.6797,1
reverse_panel,afrinic,2018-11,ds_share,366,38293,366.0,38293.0,0.9558,1
reverse_panel,afrinic,2018-12,ds_share,370,38223,370.0,38223.0,0.968,1
reverse_panel,afrinic,2019-01,ds_share,410,38228,410.0,38228.0,1.0725,1
reverse_panel,afrinic,2019-02,ds_share,409,38500,409.0,38500.0,1.0623,1
reverse_panel,afrinic,2019-03,ds_share,425,37926,425.0,37926.0,1.1206,1
reverse_panel,afrinic,2019-04,ds_share,427,38107,427.0,38107.0,1.1205,1
reverse_panel,afrinic,2019-05,ds_share,436,38200,436.0,38200.0,1.1414,1
reverse_panel,afrinic,2019-06,ds_share,437,38425,437.0,38425.0,1.1373,1
reverse_panel,afrinic,2019-07,ds_share,437,38454,437.0,38454.0,1.1364,1
reverse_panel,afrinic,2019-08,ds_share,437,38523,437.0,38523.0,1.1344,1
reverse_panel,afrinic,2019-09,ds_share,443,38533,443.0,38533.0,1.1497,1
reverse_panel,afrinic,2019-10,ds_share,445,38677,445.0,38677.0,1.1506,1
reverse_panel,afrinic,2019-11,ds_share,445,39751,445.0,39751.0,1.1195,1
reverse_panel,afrinic,2019-12,ds_share,452,39916,452.0,39916.0,1.1324,1
reverse_panel,afrinic,2020-01,ds_share,453,39966,453.0,39966.0,1.1335,1
reverse_panel,afrinic,2020-02,ds_share,452,39807,452.0,39807.0,1.1355,1
reverse_panel,afrinic,2020-03,ds_share,455,39814,455.0,39814.0,1.1428,1
reverse_panel,afrinic,2020-04,ds_share,455,39926,455.0,39926.0,1.1396,1
reverse_panel,afrinic,2020-05,ds_share,456,39994,456.0,39994.0,1.1402,1
reverse_panel,afrinic,2020-06,ds_share,456,40017,456.0,40017.0,1.1395,1
reverse_panel,afrinic,2020-07,ds_share,456,40200,456.0,40200.0,1.1343,1
reverse_panel,afrinic,2020-08,ds_share,455,40434,455.0,40434.0,1.1253,1
reverse_panel,afrinic,2020-09,ds_share,456,40605,456.0,40605.0,1.123,1
reverse_panel,afrinic,2020-10,ds_share,425,40400,425.0,40400.0,1.052,1
reverse_panel,afrinic,2020-11,ds_share,425,40529,425.0,40529.0,1.0486,1
reverse_panel,afrinic,2020-12,ds_share,425,40712,425.0,40712.0,1.0439,1
reverse_panel,afrinic,2021-02,ds_share,479,40654,479.0,40654.0,1.1782,1
reverse_panel,afrinic,2021-03,ds_share,479,41144,479.0,41144.0,1.1642,1
reverse_panel,afrinic,2021-04,ds_share,503,41218,503.0,41218.0,1.2203,1
reverse_panel,afrinic,2021-05,ds_share,500,41196,500.0,41196.0,1.2137,1
reverse_panel,afrinic,2021-06,ds_share,502,38407,502.0,38407.0,1.3071,1
reverse_panel,afrinic,2021-07,ds_share,502,37913,502.0,37913.0,1.3241,1
reverse_panel,afrinic,2021-08,ds_share,501,37691,501.0,37691.0,1.3292,1
reverse_panel,afrinic,2021-09,ds_share,503,37521,503.0,37521.0,1.3406,1
reverse_panel,afrinic,2021-10,ds_share,503,37499,503.0,37499.0,1.3414,1
reverse_panel,afrinic,2021-11,ds_share,503,37505,503.0,37505.0,1.3412,1
reverse_panel,afrinic,2021-12,ds_share,509,37544,509.0,37544.0,1.3557,1
reverse_panel,afrinic,2022-01,ds_share,527,37616,527.0,37616.0,1.401,1
reverse_panel,afrinic,2022-02,ds_share,526,37865,526.0,37865.0,1.3891,1
reverse_panel,afrinic,2022-03,ds_share,532,37825,532.0,37825.0,1.4065,1
reverse_panel,afrinic,2022-04,ds_share,532,37871,532.0,37871.0,1.4048,1
reverse_panel,afrinic,2022-05,ds_share,532,38062,532.0,38062.0,1.3977,1
reverse_panel,afrinic,2022-06,ds_share,535,38001,535.0,38001.0,1.4079,1
reverse_panel,afrinic,2022-07,ds_share,528,38107,528.0,38107.0,1.3856,1
reverse_panel,afrinic,2022-08,ds_share,528,38151,528.0,38151.0,1.384,1
reverse_panel,afrinic,2022-09,ds_share,531,38218,531.0,38218.0,1.3894,1
reverse_panel,afrinic,2022-10,ds_share,535,38351,535.0,38351.0,1.395,1
reverse_panel,afrinic,2022-11,ds_share,560,38309,560.0,38309.0,1.4618,1
reverse_panel,afrinic,2022-12,ds_share,561,38257,561.0,38257.0,1.4664,1
reverse_panel,afrinic,2023-01,ds_share,562,38305,562.0,38305.0,1.4672,1
reverse_panel,afrinic,2023-02,ds_share,562,38292,562.0,38292.0,1.4677,1
reverse_panel,afrinic,2023-03,ds_share,567,38343,567.0,38343.0,1.4788,1
reverse_panel,afrinic,2023-04,ds_share,566,38398,566.0,38398.0,1.474,1
reverse_panel,afrinic,2023-05,ds_share,570,38510,570.0,38510.0,1.4801,1
reverse_panel,afrinic,2023-06,ds_share,566,38937,566.0,38937.0,1.4536,1
reverse_panel,afrinic,2023-07,ds_share,572,38764,572.0,38764.0,1.4756,1
reverse_panel,afrinic,2023-08,ds_share,572,38917,572.0,38917.0,1.4698,1
reverse_panel,afrinic,2023-09,ds_share,590,38600,590.0,38600.0,1.5285,1
reverse_panel,afrinic,2023-10,ds_share,601,38937,601.0,38937.0,1.5435,1
reverse_panel,afrinic,2023-11,ds_share,618,39058,618.0,39058.0,1.5823,1
reverse_panel,afrinic,2023-12,ds_share,618,39134,618.0,39134.0,1.5792,1
reverse_panel,afrinic,2024-01,ds_share,619,39309,619.0,39309.0,1.5747,1
reverse_panel,afrinic,2024-02,ds_share,606,39344,606.0,39344.0,1.5403,1
reverse_panel,afrinic,2024-03,ds_share,610,39271,610.0,39271.0,1.5533,1
reverse_panel,afrinic,2024-04,ds_share,614,39445,614.0,39445.0,1.5566,1
reverse_panel,afrinic,2024-05,ds_share,615,39538,615.0,39538.0,1.5555,1
reverse_panel,afrinic,2024-06,ds_share,622,39665,622.0,39665.0,1.5681,1
reverse_panel,afrinic,2024-07,ds_share,623,39727,623.0,39727.0,1.5682,1
reverse_panel,afrinic,2024-08,ds_share,623,39819,623.0,39819.0,1.5646,1
reverse_panel,afrinic,2024-09,ds_share,619,39795,619.0,39795.0,1.5555,1
reverse_panel,afrinic,2024-10,ds_share,621,39861,621.0,39861.0,1.5579,1
reverse_panel,afrinic,2024-11,ds_share,621,39947,621.0,39947.0,1.5546,1
reverse_panel,afrinic,2024-12,ds_share,621,39890,621.0,39890.0,1.5568,1
reverse_panel,afrinic,2025-01,ds_share,626,39859,626.0,39859.0,1.5705,1
reverse_panel,afrinic,2025-02,ds_share,629,39873,629.0,39873.0,1.5775,1
reverse_panel,afrinic,2025-03,ds_share,630,39958,630.0,39958.0,1.5767,1
reverse_panel,afrinic,2025-04,ds_share,630,39977,630.0,39977.0,1.5759,1
reverse_panel,afrinic,2025-05,ds_share,632,39627,632.0,39627.0,1.5949,1
reverse_panel,afrinic,2025-06,ds_share,634,39646,634.0,39646.0,1.5992,1
reverse_panel,afrinic,2025-07,ds_share,630,39652,630.0,39652.0,1.5888,1
reverse_panel,afrinic,2025-08,ds_share,630,39683,630.0,39683.0,1.5876,1
reverse_panel,afrinic,2025-09,ds_share,633,39690,633.0,39690.0,1.5949,1
reverse_panel,afrinic,2025-10,ds_share,630,39797,630.0,39797.0,1.583,1
reverse_panel,afrinic,2025-11,ds_share,601,39818,601.0,39818.0,1.5094,1
reverse_panel,afrinic,2025-12,ds_share,609,39726,609.0,39726.0,1.533,1
reverse_panel,afrinic,2026-01,ds_share,614,39599,614.0,39599.0,1.5505,1
reverse_panel,afrinic,2026-02,ds_share,617,39732,617.0,39732.0,1.5529,1
reverse_panel,afrinic,2026-03,ds_share,621,39835,621.0,39835.0,1.5589,1
reverse_panel,afrinic,2026-04,ds_share,622,39911,622.0,39911.0,1.5585,1
reverse_panel,afrinic,2026-05,ds_share,623,40094,623.0,40094.0,1.5538,1
reverse_panel,afrinic,2026-06,ds_share,623,40077,623.0,40077.0,1.5545,1
reverse_panel,afrinic,2026-07,ds_share,625,40111,625.0,40111.0,1.5582,1
reverse_panel,afrinic,2026-08,ds_share,625,40184,625.0,40184.0,1.5553,1
reverse_panel,arin,2009-04,ds_share,0,374294,0.0,374294.0,0.0,1
reverse_panel,arin,2009-05,ds_share,0,375219,0.0,375219.0,0.0,1
reverse_panel,arin,2009-08,ds_share,0,379682,0.0,379682.0,0.0,1
reverse_panel,arin,2009-09,ds_share,0,380890,0.0,380890.0,0.0,1
reverse_panel,arin,2009-10,ds_share,0,382069,0.0,382069.0,0.0,1
reverse_panel,arin,2009-11,ds_share,0,384397,0.0,384397.0,0.0,1
reverse_panel,arin,2009-12,ds_share,0,385899,0.0,385899.0,0.0,1
reverse_panel,arin,2010-01,ds_share,0,387742,0.0,387742.0,0.0,1
reverse_panel,arin,2010-02,ds_share,0,389037,0.0,389037.0,0.0,1
reverse_panel,arin,2010-03,ds_share,0,390889,0.0,390889.0,0.0,1
reverse_panel,arin,2010-04,ds_share,0,393412,0.0,393412.0,0.0,1
reverse_panel,arin,2010-05,ds_share,0,394886,0.0,394886.0,0.0,1
reverse_panel,arin,2010-06,ds_share,0,396763,0.0,396763.0,0.0,1
reverse_panel,arin,2010-07,ds_share,0,398486,0.0,398486.0,0.0,1
reverse_panel,arin,2010-08,ds_share,0,399704,0.0,399704.0,0.0,1
reverse_panel,arin,2010-09,ds_share,0,401150,0.0,401150.0,0.0,1
reverse_panel,arin,2010-10,ds_share,0,402812,0.0,402812.0,0.0,1
reverse_panel,arin,2010-11,ds_share,0,404833,0.0,404833.0,0.0,1
reverse_panel,arin,2011-05,ds_share,32,416628,32.0,416628.0,0.0077,1
reverse_panel,arin,2011-06,ds_share,82,417752,82.0,417752.0,0.0196,1
reverse_panel,arin,2011-07,ds_share,86,418956,86.0,418956.0,0.0205,1
reverse_panel,arin,2011-08,ds_share,100,419874,100.0,419874.0,0.0238,1
reverse_panel,arin,2011-09,ds_share,101,421366,101.0,421366.0,0.024,1
reverse_panel,arin,2011-10,ds_share,101,423115,101.0,423115.0,0.0239,1
reverse_panel,arin,2011-11,ds_share,103,424744,103.0,424744.0,0.0242,1
reverse_panel,arin,2011-12,ds_share,103,427275,103.0,427275.0,0.0241,1
reverse_panel,arin,2012-01,ds_share,104,430755,104.0,430755.0,0.0241,1
reverse_panel,arin,2012-02,ds_share,121,432389,121.0,432389.0,0.028,1
reverse_panel,arin,2012-03,ds_share,122,434773,122.0,434773.0,0.0281,1
reverse_panel,arin,2012-04,ds_share,126,437330,126.0,437330.0,0.0288,1
reverse_panel,arin,2012-05,ds_share,127,438648,127.0,438648.0,0.029,1
reverse_panel,arin,2012-06,ds_share,134,439701,134.0,439701.0,0.0305,1
reverse_panel,arin,2012-08,ds_share,137,442862,137.0,442862.0,0.0309,1
reverse_panel,arin,2012-09,ds_share,137,446387,137.0,446387.0,0.0307,1
reverse_panel,arin,2012-10,ds_share,138,448357,138.0,448357.0,0.0308,1
reverse_panel,arin,2012-11,ds_share,162,450024,162.0,450024.0,0.036,1
reverse_panel,arin,2012-12,ds_share,118,451274,118.0,451274.0,0.0261,1
reverse_panel,arin,2013-01,ds_share,166,454194,166.0,454194.0,0.0365,1
reverse_panel,arin,2013-02,ds_share,168,455712,168.0,455712.0,0.0369,1
reverse_panel,arin,2013-03,ds_share,175,457276,175.0,457276.0,0.0383,1
reverse_panel,arin,2013-04,ds_share,179,459269,179.0,459269.0,0.039,1
reverse_panel,arin,2013-05,ds_share,179,460479,179.0,460479.0,0.0389,1
reverse_panel,arin,2013-06,ds_share,187,462026,187.0,462026.0,0.0405,1
reverse_panel,arin,2013-07,ds_share,191,463089,191.0,463089.0,0.0412,1
reverse_panel,arin,2013-08,ds_share,198,464940,198.0,464940.0,0.0426,1
reverse_panel,arin,2013-09,ds_share,206,466825,206.0,466825.0,0.0441,1
reverse_panel,arin,2013-10,ds_share,208,468902,208.0,468902.0,0.0444,1
reverse_panel,arin,2013-11,ds_share,209,470425,209.0,470425.0,0.0444,1
reverse_panel,arin,2013-12,ds_share,226,472885,226.0,472885.0,0.0478,1
reverse_panel,arin,2014-01,ds_share,265,474714,265.0,474714.0,0.0558,1
reverse_panel,arin,2014-02,ds_share,269,477461,269.0,477461.0,0.0563,1
reverse_panel,arin,2014-03,ds_share,269,480016,269.0,480016.0,0.056,1
reverse_panel,arin,2014-04,ds_share,269,482125,269.0,482125.0,0.0558,1
reverse_panel,arin,2014-05,ds_share,277,484876,277.0,484876.0,0.0571,1
reverse_panel,arin,2014-06,ds_share,272,485710,272.0,485710.0,0.056,1
reverse_panel,arin,2014-07,ds_share,274,487420,274.0,487420.0,0.0562,1
reverse_panel,arin,2014-08,ds_share,293,489813,293.0,489813.0,0.0598,1
reverse_panel,arin,2014-09,ds_share,359,491034,359.0,491034.0,0.0731,1
reverse_panel,arin,2014-10,ds_share,462,489131,462.0,489131.0,0.0945,1
reverse_panel,arin,2014-11,ds_share,467,491044,467.0,491044.0,0.0951,1
reverse_panel,arin,2014-12,ds_share,472,493750,472.0,493750.0,0.0956,1
reverse_panel,arin,2015-01,ds_share,484,494449,484.0,494449.0,0.0979,1
reverse_panel,arin,2015-02,ds_share,484,498402,484.0,498402.0,0.0971,1
reverse_panel,arin,2015-03,ds_share,489,500266,489.0,500266.0,0.0977,1
reverse_panel,arin,2015-04,ds_share,521,503893,521.0,503893.0,0.1034,1
reverse_panel,arin,2015-05,ds_share,534,506159,534.0,506159.0,0.1055,1
reverse_panel,arin,2015-06,ds_share,547,509297,547.0,509297.0,0.1074,1
reverse_panel,arin,2015-07,ds_share,566,512479,566.0,512479.0,0.1104,1
reverse_panel,arin,2015-08,ds_share,572,513408,572.0,513408.0,0.1114,1
reverse_panel,arin,2015-09,ds_share,583,514517,583.0,514517.0,0.1133,1
reverse_panel,arin,2015-10,ds_share,586,515447,586.0,515447.0,0.1137,1
reverse_panel,arin,2015-11,ds_share,592,516882,592.0,516882.0,0.1145,1
reverse_panel,arin,2015-12,ds_share,599,518646,599.0,518646.0,0.1155,1
reverse_panel,arin,2016-01,ds_share,609,520960,609.0,520960.0,0.1169,1
reverse_panel,arin,2016-02,ds_share,613,522798,613.0,522798.0,0.1173,1
reverse_panel,arin,2016-04,ds_share,619,526766,619.0,526766.0,0.1175,1
reverse_panel,arin,2016-05,ds_share,618,528815,618.0,528815.0,0.1169,1
reverse_panel,arin,2016-06,ds_share,621,530248,621.0,530248.0,0.1171,1
reverse_panel,arin,2016-07,ds_share,625,532387,625.0,532387.0,0.1174,1
reverse_panel,arin,2016-08,ds_share,596,534149,596.0,534149.0,0.1116,1
reverse_panel,arin,2016-09,ds_share,596,536145,596.0,536145.0,0.1112,1
reverse_panel,arin,2016-10,ds_share,632,537183,632.0,537183.0,0.1177,1
reverse_panel,arin,2016-11,ds_share,633,537873,633.0,537873.0,0.1177,1
reverse_panel,arin,2016-12,ds_share,636,539455,636.0,539455.0,0.1179,1
reverse_panel,arin,2017-01,ds_share,633,540417,633.0,540417.0,0.1171,1
reverse_panel,arin,2017-02,ds_share,669,542208,669.0,542208.0,0.1234,1
reverse_panel,arin,2017-03,ds_share,669,543025,669.0,543025.0,0.1232,1
reverse_panel,arin,2017-04,ds_share,678,544819,678.0,544819.0,0.1244,1
reverse_panel,arin,2017-05,ds_share,724,547122,724.0,547122.0,0.1323,1
reverse_panel,arin,2017-06,ds_share,724,549021,724.0,549021.0,0.1319,1
reverse_panel,arin,2017-07,ds_share,812,552648,812.0,552648.0,0.1469,1
reverse_panel,arin,2017-08,ds_share,818,553450,818.0,553450.0,0.1478,1
reverse_panel,arin,2017-09,ds_share,858,555008,858.0,555008.0,0.1546,1
reverse_panel,arin,2017-10,ds_share,860,555891,860.0,555891.0,0.1547,1
reverse_panel,arin,2017-11,ds_share,863,556223,863.0,556223.0,0.1552,1
reverse_panel,arin,2017-12,ds_share,865,558102,865.0,558102.0,0.155,1
reverse_panel,arin,2018-01,ds_share,876,565332,876.0,565332.0,0.155,1
reverse_panel,arin,2018-02,ds_share,870,574920,870.0,574920.0,0.1513,1
reverse_panel,arin,2018-03,ds_share,875,575815,875.0,575815.0,0.152,1
reverse_panel,arin,2018-04,ds_share,876,577879,876.0,577879.0,0.1516,1
reverse_panel,arin,2018-05,ds_share,895,580902,895.0,580902.0,0.1541,1
reverse_panel,arin,2018-06,ds_share,914,583659,914.0,583659.0,0.1566,1
reverse_panel,arin,2018-07,ds_share,939,585052,939.0,585052.0,0.1605,1
reverse_panel,arin,2018-08,ds_share,945,586136,945.0,586136.0,0.1612,1
reverse_panel,arin,2018-09,ds_share,997,588499,997.0,588499.0,0.1694,1
reverse_panel,arin,2018-10,ds_share,997,589196,997.0,589196.0,0.1692,1
reverse_panel,arin,2018-11,ds_share,1036,591056,1036.0,591056.0,0.1753,1
reverse_panel,arin,2018-12,ds_share,1063,591356,1063.0,591356.0,0.1798,1
reverse_panel,arin,2019-01,ds_share,1119,588076,1119.0,588076.0,0.1903,1
reverse_panel,arin,2019-02,ds_share,1123,589604,1123.0,589604.0,0.1905,1
reverse_panel,arin,2019-03,ds_share,1187,590765,1187.0,590765.0,0.2009,1
reverse_panel,arin,2019-04,ds_share,1208,592438,1208.0,592438.0,0.2039,1
reverse_panel,arin,2019-05,ds_share,1213,593550,1213.0,593550.0,0.2044,1
reverse_panel,arin,2019-06,ds_share,1617,595229,1617.0,595229.0,0.2717,1
reverse_panel,arin,2019-07,ds_share,1669,596542,1669.0,596542.0,0.2798,1
reverse_panel,arin,2019-08,ds_share,1696,598911,1696.0,598911.0,0.2832,1
reverse_panel,arin,2019-09,ds_share,1717,600646,1717.0,600646.0,0.2859,1
reverse_panel,arin,2019-10,ds_share,1756,603349,1756.0,603349.0,0.291,1
reverse_panel,arin,2019-11,ds_share,1775,604963,1775.0,604963.0,0.2934,1
reverse_panel,arin,2019-12,ds_share,1811,606030,1811.0,606030.0,0.2988,1
reverse_panel,arin,2020-01,ds_share,1878,607057,1878.0,607057.0,0.3094,1
reverse_panel,arin,2020-02,ds_share,1905,610074,1905.0,610074.0,0.3123,1
reverse_panel,arin,2020-03,ds_share,1921,611139,1921.0,611139.0,0.3143,1
reverse_panel,arin,2020-04,ds_share,1925,611440,1925.0,611440.0,0.3148,1
reverse_panel,arin,2020-05,ds_share,1965,614399,1965.0,614399.0,0.3198,1
reverse_panel,arin,2020-06,ds_share,2238,624104,2238.0,624104.0,0.3586,1
reverse_panel,arin,2020-07,ds_share,2103,625916,2103.0,625916.0,0.336,1
reverse_panel,arin,2020-08,ds_share,1999,627885,1999.0,627885.0,0.3184,1
reverse_panel,arin,2020-09,ds_share,2014,630311,2014.0,630311.0,0.3195,1
reverse_panel,arin,2020-10,ds_share,2038,633053,2038.0,633053.0,0.3219,1
reverse_panel,arin,2020-11,ds_share,2127,634395,2127.0,634395.0,0.3353,1
reverse_panel,arin,2020-12,ds_share,2213,635903,2213.0,635903.0,0.348,1
reverse_panel,arin,2021-02,ds_share,2326,640728,2326.0,640728.0,0.363,1
reverse_panel,arin,2021-03,ds_share,2350,643637,2350.0,643637.0,0.3651,1
reverse_panel,arin,2021-04,ds_share,2440,645486,2440.0,645486.0,0.378,1
reverse_panel,arin,2021-05,ds_share,2473,648259,2473.0,648259.0,0.3815,1
reverse_panel,arin,2021-06,ds_share,2473,648674,2473.0,648674.0,0.3812,1
reverse_panel,arin,2021-07,ds_share,2478,650372,2478.0,650372.0,0.381,1
reverse_panel,arin,2021-08,ds_share,2531,652167,2531.0,652167.0,0.3881,1
reverse_panel,arin,2021-09,ds_share,2591,653869,2591.0,653869.0,0.3963,1
reverse_panel,arin,2021-10,ds_share,2632,655332,2632.0,655332.0,0.4016,1
reverse_panel,arin,2021-11,ds_share,2685,656661,2685.0,656661.0,0.4089,1
reverse_panel,arin,2021-12,ds_share,2731,656011,2731.0,656011.0,0.4163,1
reverse_panel,arin,2022-01,ds_share,2787,658401,2787.0,658401.0,0.4233,1
reverse_panel,arin,2022-02,ds_share,2872,660753,2872.0,660753.0,0.4347,1
reverse_panel,arin,2022-03,ds_share,2924,663699,2924.0,663699.0,0.4406,1
reverse_panel,arin,2022-04,ds_share,2952,665757,2952.0,665757.0,0.4434,1
reverse_panel,arin,2022-05,ds_share,3075,667219,3075.0,667219.0,0.4609,1
reverse_panel,arin,2022-06,ds_share,3188,667567,3188.0,667567.0,0.4776,1
reverse_panel,arin,2022-07,ds_share,3227,668810,3227.0,668810.0,0.4825,1
reverse_panel,arin,2022-08,ds_share,3239,669897,3239.0,669897.0,0.4835,1
reverse_panel,arin,2022-09,ds_share,3273,671534,3273.0,671534.0,0.4874,1
reverse_panel,arin,2022-10,ds_share,3229,672657,3229.0,672657.0,0.48,1
reverse_panel,arin,2022-11,ds_share,3249,673636,3249.0,673636.0,0.4823,1
reverse_panel,arin,2022-12,ds_share,3351,674458,3351.0,674458.0,0.4968,1
reverse_panel,arin,2023-01,ds_share,3378,675432,3378.0,675432.0,0.5001,1
reverse_panel,arin,2023-02,ds_share,3479,678744,3479.0,678744.0,0.5126,1
reverse_panel,arin,2023-03,ds_share,3512,679736,3512.0,679736.0,0.5167,1
reverse_panel,arin,2023-04,ds_share,3547,680040,3547.0,680040.0,0.5216,1
reverse_panel,arin,2023-05,ds_share,3555,680454,3555.0,680454.0,0.5224,1
reverse_panel,arin,2023-06,ds_share,3648,681476,3648.0,681476.0,0.5353,1
reverse_panel,arin,2023-07,ds_share,3676,681744,3676.0,681744.0,0.5392,1
reverse_panel,arin,2023-08,ds_share,3716,682634,3716.0,682634.0,0.5444,1
reverse_panel,arin,2023-09,ds_share,3767,683784,3767.0,683784.0,0.5509,1
reverse_panel,arin,2023-10,ds_share,3858,684665,3858.0,684665.0,0.5635,1
reverse_panel,arin,2023-11,ds_share,3897,685559,3897.0,685559.0,0.5684,1
reverse_panel,arin,2023-12,ds_share,3942,686181,3942.0,686181.0,0.5745,1
reverse_panel,arin,2024-01,ds_share,3987,687049,3987.0,687049.0,0.5803,1
reverse_panel,arin,2024-02,ds_share,4024,687255,4024.0,687255.0,0.5855,1
reverse_panel,arin,2024-03,ds_share,4038,689652,4038.0,689652.0,0.5855,1
reverse_panel,arin,2024-04,ds_share,4081,690830,4081.0,690830.0,0.5907,1
reverse_panel,arin,2024-05,ds_share,4116,691552,4116.0,691552.0,0.5952,1
reverse_panel,arin,2024-06,ds_share,4186,693151,4186.0,693151.0,0.6039,1
reverse_panel,arin,2024-07,ds_share,4258,693738,4258.0,693738.0,0.6138,1
reverse_panel,arin,2024-08,ds_share,4328,694777,4328.0,694777.0,0.6229,1
reverse_panel,arin,2024-09,ds_share,4305,695605,4305.0,695605.0,0.6189,1
reverse_panel,arin,2024-10,ds_share,4417,696517,4417.0,696517.0,0.6342,1
reverse_panel,arin,2024-11,ds_share,4497,696978,4497.0,696978.0,0.6452,1
reverse_panel,arin,2024-12,ds_share,4562,696503,4562.0,696503.0,0.655,1
reverse_panel,arin,2025-01,ds_share,4624,695593,4624.0,695593.0,0.6648,1
reverse_panel,arin,2025-02,ds_share,4686,695969,4686.0,695969.0,0.6733,1
reverse_panel,arin,2025-03,ds_share,4792,700443,4792.0,700443.0,0.6841,1
reverse_panel,arin,2025-04,ds_share,4850,712109,4850.0,712109.0,0.6811,1
reverse_panel,arin,2025-05,ds_share,4912,713921,4912.0,713921.0,0.688,1
reverse_panel,arin,2025-06,ds_share,4919,714540,4919.0,714540.0,0.6884,1
reverse_panel,arin,2025-07,ds_share,5012,715226,5012.0,715226.0,0.7008,1
reverse_panel,arin,2025-08,ds_share,5080,714711,5080.0,714711.0,0.7108,1
reverse_panel,arin,2025-09,ds_share,5119,707701,5119.0,707701.0,0.7233,1
reverse_panel,arin,2025-10,ds_share,5327,706426,5327.0,706426.0,0.7541,1
reverse_panel,arin,2025-11,ds_share,5298,707466,5298.0,707466.0,0.7489,1
reverse_panel,arin,2025-12,ds_share,5374,709476,5374.0,709476.0,0.7575,1
reverse_panel,arin,2026-01,ds_share,5394,712276,5394.0,712276.0,0.7573,1
reverse_panel,arin,2026-02,ds_share,5470,711968,5470.0,711968.0,0.7683,1
reverse_panel,arin,2026-03,ds_share,5647,712729,5647.0,712729.0,0.7923,1
reverse_panel,arin,2026-04,ds_share,5683,714632,5683.0,714632.0,0.7952,1
reverse_panel,arin,2026-05,ds_share,5741,713103,5741.0,713103.0,0.8051,1
reverse_panel,arin,2026-06,ds_share,5804,712512,5804.0,712512.0,0.8146,1
reverse_panel,arin,2026-07,ds_share,5884,711139,5884.0,711139.0,0.8274,1
reverse_panel,arin,2026-08,ds_share,5980,710504,5980.0,710504.0,0.8417,1
secspider,secspider.cs.ucla.edu,2006-09,dnssec_enabled_share,87,130,,,66.9231,1
secspider,secspider.cs.ucla.edu,2007-01,dnssec_enabled_share,734,1047,,,70.1051,1
secspider,secspider.cs.ucla.edu,2007-02,dnssec_enabled_share,722,1068,,,67.603,1
secspider,secspider.cs.ucla.edu,2007-05,dnssec_enabled_share,758,1160,,,65.3448,1
secspider,secspider.cs.ucla.edu,2007-06,dnssec_enabled_share,850,1831,,,46.4227,1
secspider,secspider.cs.ucla.edu,2007-07,dnssec_enabled_share,867,1842,,,47.0684,1
secspider,secspider.cs.ucla.edu,2007-12,dnssec_enabled_share,10367,11807,,,87.8038,1
secspider,secspider.cs.ucla.edu,2008-02,dnssec_enabled_share,10402,11857,,,87.7288,1
secspider,secspider.cs.ucla.edu,2008-05,dnssec_enabled_share,10435,11951,,,87.3149,1
secspider,secspider.cs.ucla.edu,2008-12,dnssec_enabled_share,12488,14289,,,87.3959,1
secspider,secspider.cs.ucla.edu,2009-02,dnssec_enabled_share,10586,17119,,,61.8377,1
secspider,secspider.cs.ucla.edu,2009-04,dnssec_enabled_share,11737,17542,,,66.908,1
secspider,secspider.cs.ucla.edu,2010-03,dnssec_enabled_share,8146,23048,,,35.3436,1
secspider,secspider.cs.ucla.edu,2010-05,dnssec_enabled_share,17185,33640,,,51.085,1
secspider,secspider.cs.ucla.edu,2010-07,dnssec_enabled_share,24685,42794,,,57.6833,1
secspider,secspider.cs.ucla.edu,2011-03,dnssec_enabled_share,32386,57628,,,56.1984,1
secspider,secspider.cs.ucla.edu,2011-04,dnssec_enabled_share,32818,58230,,,56.3593,1
secspider,secspider.cs.ucla.edu,2011-06,dnssec_enabled_share,33494,60734,,,55.1487,1
secspider,secspider.cs.ucla.edu,2011-07,dnssec_enabled_share,34121,61594,,,55.3966,1
secspider,secspider.cs.ucla.edu,2011-10,dnssec_enabled_share,34194,62578,,,54.6422,1
secspider,secspider.cs.ucla.edu,2011-12,dnssec_enabled_share,37191,67623,,,54.9976,1
secspider,secspider.cs.ucla.edu,2012-08,dnssec_enabled_share,37191,74223,,,50.1071,1
secspider,secspider.cs.ucla.edu,2015-01,dnssec_enabled_share,259976,532236,,,48.846,1
secspider,secspider.cs.ucla.edu,2015-04,dnssec_enabled_share,263314,529911,,,49.6902,1
secspider,secspider.cs.ucla.edu,2015-01,dnssec_verified_share,258035,532236,,,48.4813,1
secspider,secspider.cs.ucla.edu,2015-04,dnssec_verified_share,261077,529911,,,49.2681,1
secspider,secspider.cs.ucla.edu,2007-12,production_share,842,11807,,,7.1314,1
secspider,secspider.cs.ucla.edu,2008-02,production_share,870,11857,,,7.3374,1
secspider,secspider.cs.ucla.edu,2008-05,production_share,902,11951,,,7.5475,1
secspider,secspider.cs.ucla.edu,2008-12,production_share,2462,14289,,,17.23,1
secspider,secspider.cs.ucla.edu,2009-02,production_share,3644,17119,,,21.2863,1
secspider,secspider.cs.ucla.edu,2009-04,production_share,3361,17542,,,19.1597,1
secspider,secspider.cs.ucla.edu,2010-03,production_share,6957,23048,,,30.1848,1
secspider,secspider.cs.ucla.edu,2010-05,production_share,15730,33640,,,46.7598,1
secspider,secspider.cs.ucla.edu,2010-07,production_share,23092,42794,,,53.9608,1
secspider,secspider.cs.ucla.edu,2011-03,production_share,27922,57628,,,48.4521,1
secspider,secspider.cs.ucla.edu,2011-04,production_share,28332,58230,,,48.6553,1
secspider,secspider.cs.ucla.edu,2011-06,production_share,28651,60734,,,47.1746,1
secspider,secspider.cs.ucla.edu,2011-07,production_share,29142,61594,,,47.313,1
secspider,secspider.cs.ucla.edu,2011-10,production_share,29055,62578,,,46.4301,1
secspider,secspider.cs.ucla.edu,2011-12,production_share,31317,67623,,,46.3112,1
secspider,secspider.cs.ucla.edu,2012-08,production_share,31318,74223,,,42.1945,1
secspider,secspider.cs.ucla.edu,2015-01,production_share,251347,532236,,,47.2247,1
secspider,secspider.cs.ucla.edu,2015-04,production_share,254025,529911,,,47.9373,1
secspider,secspider.net,2019-09,dnssec_enabled_share,1852041,2600436,,,71.2204,1
secspider,secspider.net,2019-11,dnssec_enabled_share,3321537,3920396,,,84.7245,1
secspider,secspider.net,2020-05,dnssec_enabled_share,7685363,8354398,,,91.9918,1
secspider,secspider.net,2022-01,dnssec_enabled_share,7945023,9105358,,,87.2566,1
secspider,secspider.net,2022-05,dnssec_enabled_share,10981880,13080774,,,83.9544,1
secspider,secspider.net,2022-06,dnssec_enabled_share,11415721,13610981,,,83.8714,1
secspider,secspider.net,2022-08,dnssec_enabled_share,11639101,13887311,,,83.811,1
secspider,secspider.net,2022-12,dnssec_enabled_share,11977296,14335050,,,83.5525,1
secspider,secspider.net,2023-02,dnssec_enabled_share,11482066,13640127,,,84.1786,1
secspider,secspider.net,2023-03,dnssec_enabled_share,12833417,15158987,,,84.6588,1
secspider,secspider.net,2023-05,dnssec_enabled_share,12846868,15365265,,,83.6098,1
secspider,secspider.net,2023-09,dnssec_enabled_share,13538317,16131374,,,83.9254,1
secspider,secspider.net,2023-11,dnssec_enabled_share,14021508,16601111,,,84.4613,1
secspider,secspider.net,2023-12,dnssec_enabled_share,13637447,16353213,,,83.3931,1
secspider,secspider.net,2024-02,dnssec_enabled_share,13644315,16443629,,,82.9763,1
secspider,secspider.net,2024-05,dnssec_enabled_share,13394080,16337675,,,81.9828,1
secspider,secspider.net,2024-06,dnssec_enabled_share,13173165,16231574,,,81.1577,1
secspider,secspider.net,2024-07,dnssec_enabled_share,13166378,16267939,,,80.9345,1
secspider,secspider.net,2024-08,dnssec_enabled_share,13184443,16288151,,,80.945,1
secspider,secspider.net,2024-09,dnssec_enabled_share,12631773,15898707,,,79.4516,1
secspider,secspider.net,2024-11,dnssec_enabled_share,10320361,13152414,,,78.4674,1
secspider,secspider.net,2025-01,dnssec_enabled_share,8824918,11151799,,,79.1345,1
secspider,secspider.net,2025-03,dnssec_enabled_share,12690628,16140542,,,78.6258,1
secspider,secspider.net,2025-04,dnssec_enabled_share,12666417,16301664,,,77.7001,1
secspider,secspider.net,2025-05,dnssec_enabled_share,11029752,14136924,,,78.0209,1
secspider,secspider.net,2025-06,dnssec_enabled_share,11205887,14329961,,,78.199,1
secspider,secspider.net,2025-07,dnssec_enabled_share,11353086,14439363,,,78.6259,1
secspider,secspider.net,2025-08,dnssec_enabled_share,11633266,14872065,,,78.2223,1
secspider,secspider.net,2025-09,dnssec_enabled_share,12942918,16757941,,,77.2345,1
secspider,secspider.net,2025-10,dnssec_enabled_share,13468666,17312152,,,77.7989,1
secspider,secspider.net,2025-11,dnssec_enabled_share,13749617,17608041,,,78.0871,1
secspider,secspider.net,2026-01,dnssec_enabled_share,14202754,18243402,,,77.8515,1
secspider,secspider.net,2026-03,dnssec_enabled_share,14838001,18901064,,,78.5035,1
secspider,secspider.net,2026-04,dnssec_enabled_share,15405347,19683307,,,78.2661,1
secspider,secspider.net,2026-05,dnssec_enabled_share,15733833,20064857,,,78.4149,1
secspider,secspider.net,2026-09,dnssec_enabled_share,15449854,21594218,,,71.5463,1
secspider,secspider.net,2019-09,dnssec_verified_share,1148708,2600436,,,44.1737,1
secspider,secspider.net,2019-11,dnssec_verified_share,2176873,3920396,,,55.5269,1
secspider,secspider.net,2020-05,dnssec_verified_share,4998695,8354398,,,59.8331,1
secspider,secspider.net,2022-01,dnssec_verified_share,5138626,9105358,,,56.4352,1
secspider,secspider.net,2022-05,dnssec_verified_share,6947314,13080774,,,53.1109,1
secspider,secspider.net,2022-06,dnssec_verified_share,7460646,13610981,,,54.8134,1
secspider,secspider.net,2022-08,dnssec_verified_share,7592326,13887311,,,54.671,1
secspider,secspider.net,2022-12,dnssec_verified_share,7860200,14335050,,,54.832,1
secspider,secspider.net,2023-02,dnssec_verified_share,7850950,13640127,,,57.5577,1
secspider,secspider.net,2023-03,dnssec_verified_share,8541315,15158987,,,56.3449,1
secspider,secspider.net,2023-05,dnssec_verified_share,8692376,15365265,,,56.5716,1
secspider,secspider.net,2023-09,dnssec_verified_share,9246800,16131374,,,57.3218,1
secspider,secspider.net,2023-11,dnssec_verified_share,9896919,16601111,,,59.616,1
secspider,secspider.net,2023-12,dnssec_verified_share,9116881,16353213,,,55.7498,1
secspider,secspider.net,2024-02,dnssec_verified_share,9114606,16443629,,,55.4294,1
secspider,secspider.net,2024-05,dnssec_verified_share,8782857,16337675,,,53.7583,1
secspider,secspider.net,2024-06,dnssec_verified_share,8336383,16231574,,,51.3591,1
secspider,secspider.net,2024-07,dnssec_verified_share,8398779,16267939,,,51.6278,1
secspider,secspider.net,2024-08,dnssec_verified_share,8428182,16288151,,,51.7443,1
secspider,secspider.net,2024-09,dnssec_verified_share,7841164,15898707,,,49.3195,1
secspider,secspider.net,2024-11,dnssec_verified_share,6430617,13152414,,,48.8931,1
secspider,secspider.net,2025-01,dnssec_verified_share,5224443,11151799,,,46.8484,1
secspider,secspider.net,2025-03,dnssec_verified_share,7470425,16140542,,,46.2836,1
secspider,secspider.net,2025-04,dnssec_verified_share,7435146,16301664,,,45.6097,1
secspider,secspider.net,2025-05,dnssec_verified_share,6426199,14136924,,,45.4568,1
secspider,secspider.net,2025-06,dnssec_verified_share,6573021,14329961,,,45.8691,1
secspider,secspider.net,2025-07,dnssec_verified_share,6647981,14439363,,,46.0407,1
secspider,secspider.net,2025-08,dnssec_verified_share,6903064,14872065,,,46.4163,1
secspider,secspider.net,2025-09,dnssec_verified_share,7123248,16757941,,,42.5067,1
secspider,secspider.net,2025-10,dnssec_verified_share,7404607,17312152,,,42.7712,1
secspider,secspider.net,2025-11,dnssec_verified_share,7500684,17608041,,,42.5981,1
secspider,secspider.net,2026-01,dnssec_verified_share,7767875,18243402,,,42.5791,1
secspider,secspider.net,2026-03,dnssec_verified_share,8004335,18901064,,,42.3486,1
secspider,secspider.net,2026-04,dnssec_verified_share,8200523,19683307,,,41.6623,1
secspider,secspider.net,2026-05,dnssec_verified_share,8335945,20064857,,,41.545,1
secspider,secspider.net,2026-09,dnssec_verified_share,8092472,21594218,,,37.4752,1
secspider,secspider.net,2019-09,production_share,1781283,2600436,,,68.4994,1
secspider,secspider.net,2019-11,production_share,3140416,3920396,,,80.1046,1
secspider,secspider.net,2020-05,production_share,7245585,8354398,,,86.7278,1
secspider,secspider.net,2022-01,production_share,6679511,9105358,,,73.358,1
secspider,secspider.net,2022-05,production_share,9288535,13080774,,,71.0091,1
secspider,secspider.net,2022-06,production_share,9830736,13610981,,,72.2265,1
secspider,secspider.net,2022-08,production_share,9892592,13887311,,,71.2348,1
secspider,secspider.net,2022-12,production_share,9926456,14335050,,,69.2461,1
secspider,secspider.net,2023-02,production_share,9629698,13640127,,,70.5983,1
secspider,secspider.net,2023-03,production_share,10570126,15158987,,,69.7284,1
secspider,secspider.net,2023-05,production_share,10734467,15365265,,,69.8619,1
secspider,secspider.net,2023-09,production_share,10977115,16131374,,,68.0482,1
secspider,secspider.net,2023-11,production_share,12044617,16601111,,,72.5531,1
secspider,secspider.net,2023-12,production_share,11323672,16353213,,,69.2443,1
secspider,secspider.net,2024-02,production_share,11511341,16443629,,,70.0049,1
secspider,secspider.net,2024-05,production_share,11503288,16337675,,,70.4096,1
secspider,secspider.net,2024-06,production_share,11041888,16231574,,,68.0272,1
secspider,secspider.net,2024-07,production_share,11255273,16267939,,,69.1868,1
secspider,secspider.net,2024-08,production_share,11373581,16288151,,,69.8273,1
secspider,secspider.net,2024-09,production_share,10987641,15898707,,,69.1103,1
secspider,secspider.net,2024-11,production_share,9023187,13152414,,,68.6048,1
secspider,secspider.net,2025-01,production_share,7433297,11151799,,,66.6556,1
secspider,secspider.net,2025-03,production_share,11000286,16140542,,,68.1531,1
secspider,secspider.net,2025-04,production_share,11041007,16301664,,,67.7293,1
secspider,secspider.net,2025-05,production_share,9386512,14136924,,,66.3971,1
secspider,secspider.net,2025-06,production_share,9706330,14329961,,,67.7345,1
secspider,secspider.net,2025-07,production_share,9875905,14439363,,,68.3957,1
secspider,secspider.net,2025-08,production_share,10453102,14872065,,,70.2868,1
secspider,secspider.net,2025-09,production_share,11053422,16757941,,,65.9593,1
secspider,secspider.net,2025-10,production_share,11661935,17312152,,,67.3627,1
secspider,secspider.net,2025-11,production_share,11912409,17608041,,,67.6532,1
secspider,secspider.net,2026-01,production_share,12625958,18243402,,,69.2084,1
secspider,secspider.net,2026-03,production_share,13108180,18901064,,,69.3515,1
secspider,secspider.net,2026-04,production_share,13641807,19683307,,,69.3065,1
secspider,secspider.net,2026-05,production_share,14020000,20064857,,,69.8734,1
secspider,secspider.net,2026-09,production_share,13662867,21594218,,,63.271,1
secspider,secspider.verisignlabs.com,2012-01,dnssec_enabled_share,32876,42084,,,78.12,1
secspider,secspider.verisignlabs.com,2012-11,dnssec_enabled_share,36963,52850,,,69.9395,1
secspider,secspider.verisignlabs.com,2012-12,dnssec_enabled_share,219376,243348,,,90.1491,1
secspider,secspider.verisignlabs.com,2013-01,dnssec_enabled_share,222670,244230,,,91.1723,1
secspider,secspider.verisignlabs.com,2013-02,dnssec_enabled_share,222401,272550,,,81.6001,1
secspider,secspider.verisignlabs.com,2013-03,dnssec_enabled_share,267926,298816,,,89.6625,1
secspider,secspider.verisignlabs.com,2013-04,dnssec_enabled_share,278011,314190,,,88.485,1
secspider,secspider.verisignlabs.com,2013-05,dnssec_enabled_share,286272,417236,,,68.6115,1
secspider,secspider.verisignlabs.com,2013-06,dnssec_enabled_share,291348,426128,,,68.371,1
secspider,secspider.verisignlabs.com,2013-07,dnssec_enabled_share,292084,427450,,,68.3317,1
secspider,secspider.verisignlabs.com,2013-09,dnssec_enabled_share,287469,424944,,,67.6487,1
secspider,secspider.verisignlabs.com,2013-10,dnssec_enabled_share,279495,420257,,,66.5057,1
secspider,secspider.verisignlabs.com,2013-11,dnssec_enabled_share,272843,412726,,,66.1075,1
secspider,secspider.verisignlabs.com,2013-12,dnssec_enabled_share,267766,409271,,,65.4251,1
secspider,secspider.verisignlabs.com,2014-01,dnssec_enabled_share,263659,407549,,,64.6938,1
secspider,secspider.verisignlabs.com,2015-09,dnssec_enabled_share,292082,562882,,,51.8904,1
secspider,secspider.verisignlabs.com,2016-01,dnssec_enabled_share,739484,1056097,,,70.0205,1
secspider,secspider.verisignlabs.com,2016-02,dnssec_enabled_share,790689,1074532,,,73.5845,1
secspider,secspider.verisignlabs.com,2016-03,dnssec_enabled_share,780683,1066056,,,73.231,1
secspider,secspider.verisignlabs.com,2016-04,dnssec_enabled_share,803770,1091010,,,73.6721,1
secspider,secspider.verisignlabs.com,2016-05,dnssec_enabled_share,819632,1111246,,,73.7579,1
secspider,secspider.verisignlabs.com,2016-06,dnssec_enabled_share,832132,1124864,,,73.9762,1
secspider,secspider.verisignlabs.com,2016-07,dnssec_enabled_share,920713,1213925,,,75.846,1
secspider,secspider.verisignlabs.com,2016-10,dnssec_enabled_share,941101,1236476,,,76.1115,1
secspider,secspider.verisignlabs.com,2016-12,dnssec_enabled_share,1630971,1951555,,,83.5729,1
secspider,secspider.verisignlabs.com,2017-01,dnssec_enabled_share,1611525,1934883,,,83.288,1
secspider,secspider.verisignlabs.com,2017-04,dnssec_enabled_share,1658436,2006287,,,82.662,1
secspider,secspider.verisignlabs.com,2017-05,dnssec_enabled_share,1805695,2174844,,,83.0264,1
secspider,secspider.verisignlabs.com,2017-06,dnssec_enabled_share,1791676,2166120,,,82.7136,1
secspider,secspider.verisignlabs.com,2017-11,dnssec_enabled_share,1854838,2294954,,,80.8224,1
secspider,secspider.verisignlabs.com,2017-12,dnssec_enabled_share,1972456,2443178,,,80.7332,1
secspider,secspider.verisignlabs.com,2018-01,dnssec_enabled_share,2050579,2533963,,,80.9238,1
secspider,secspider.verisignlabs.com,2018-02,dnssec_enabled_share,2110855,2634258,,,80.1309,1
secspider,secspider.verisignlabs.com,2018-03,dnssec_enabled_share,2162774,2696797,,,80.1979,1
secspider,secspider.verisignlabs.com,2018-07,dnssec_enabled_share,2127217,2666264,,,79.7827,1
secspider,secspider.verisignlabs.com,2018-09,dnssec_enabled_share,2127227,2666278,,,79.7826,1
secspider,secspider.verisignlabs.com,2012-01,dnssec_verified_share,28445,42084,,,67.591,1
secspider,secspider.verisignlabs.com,2012-11,dnssec_verified_share,51970,52850,,,98.3349,1
secspider,secspider.verisignlabs.com,2012-12,dnssec_verified_share,217693,243348,,,89.4575,1
secspider,secspider.verisignlabs.com,2013-01,dnssec_verified_share,220272,244230,,,90.1904,1
secspider,secspider.verisignlabs.com,2013-02,dnssec_verified_share,219350,272550,,,80.4806,1
secspider,secspider.verisignlabs.com,2013-03,dnssec_verified_share,265942,298816,,,88.9986,1
secspider,secspider.verisignlabs.com,2013-04,dnssec_verified_share,275989,314190,,,87.8414,1
secspider,secspider.verisignlabs.com,2013-05,dnssec_verified_share,283978,417236,,,68.0617,1
secspider,secspider.verisignlabs.com,2013-06,dnssec_verified_share,288851,426128,,,67.785,1
secspider,secspider.verisignlabs.com,2013-07,dnssec_verified_share,289264,427450,,,67.672,1
secspider,secspider.verisignlabs.com,2013-09,dnssec_verified_share,284734,424944,,,67.0051,1
secspider,secspider.verisignlabs.com,2013-10,dnssec_verified_share,276734,420257,,,65.8488,1
secspider,secspider.verisignlabs.com,2013-11,dnssec_verified_share,270638,412726,,,65.5733,1
secspider,secspider.verisignlabs.com,2013-12,dnssec_verified_share,265456,409271,,,64.8607,1
secspider,secspider.verisignlabs.com,2014-01,dnssec_verified_share,261525,407549,,,64.1702,1
secspider,secspider.verisignlabs.com,2015-09,dnssec_verified_share,290046,562882,,,51.5287,1
secspider,secspider.verisignlabs.com,2016-01,dnssec_verified_share,733542,1056097,,,69.4578,1
secspider,secspider.verisignlabs.com,2016-02,dnssec_verified_share,783039,1074532,,,72.8726,1
secspider,secspider.verisignlabs.com,2016-03,dnssec_verified_share,770636,1066056,,,72.2885,1
secspider,secspider.verisignlabs.com,2016-04,dnssec_verified_share,794232,1091010,,,72.7979,1
secspider,secspider.verisignlabs.com,2016-05,dnssec_verified_share,820764,1111246,,,73.8598,1
secspider,secspider.verisignlabs.com,2016-06,dnssec_verified_share,818942,1124864,,,72.8036,1
secspider,secspider.verisignlabs.com,2016-07,dnssec_verified_share,906451,1213925,,,74.6711,1
secspider,secspider.verisignlabs.com,2016-10,dnssec_verified_share,926250,1236476,,,74.9105,1
secspider,secspider.verisignlabs.com,2016-12,dnssec_verified_share,1526763,1951555,,,78.2332,1
secspider,secspider.verisignlabs.com,2017-01,dnssec_verified_share,1482897,1934883,,,76.6401,1
secspider,secspider.verisignlabs.com,2017-04,dnssec_verified_share,1527645,2006287,,,76.1429,1
secspider,secspider.verisignlabs.com,2017-05,dnssec_verified_share,1651265,2174844,,,75.9257,1
secspider,secspider.verisignlabs.com,2017-06,dnssec_verified_share,1663632,2166120,,,76.8024,1
secspider,secspider.verisignlabs.com,2017-11,dnssec_verified_share,1653142,2294954,,,72.0338,1
secspider,secspider.verisignlabs.com,2017-12,dnssec_verified_share,1767433,2443178,,,72.3416,1
secspider,secspider.verisignlabs.com,2018-01,dnssec_verified_share,1826060,2533963,,,72.0634,1
secspider,secspider.verisignlabs.com,2018-02,dnssec_verified_share,1878781,2634258,,,71.3211,1
secspider,secspider.verisignlabs.com,2018-03,dnssec_verified_share,1924650,2696797,,,71.368,1
secspider,secspider.verisignlabs.com,2018-07,dnssec_verified_share,1877978,2666264,,,70.4348,1
secspider,secspider.verisignlabs.com,2018-09,dnssec_verified_share,1877982,2666278,,,70.4346,1
secspider,secspider.verisignlabs.com,2012-12,production_share,211979,243348,,,87.1094,1
secspider,secspider.verisignlabs.com,2013-01,production_share,212608,244230,,,87.0524,1
secspider,secspider.verisignlabs.com,2013-02,production_share,211266,272550,,,77.5146,1
secspider,secspider.verisignlabs.com,2013-03,production_share,259435,298816,,,86.821,1
secspider,secspider.verisignlabs.com,2013-04,production_share,268647,314190,,,85.5046,1
secspider,secspider.verisignlabs.com,2013-05,production_share,276292,417236,,,66.2196,1
secspider,secspider.verisignlabs.com,2013-06,production_share,281728,426128,,,66.1135,1
secspider,secspider.verisignlabs.com,2013-07,production_share,281419,427450,,,65.8367,1
secspider,secspider.verisignlabs.com,2013-09,production_share,277294,424944,,,65.2542,1
secspider,secspider.verisignlabs.com,2013-10,production_share,268957,420257,,,63.9982,1
secspider,secspider.verisignlabs.com,2013-11,production_share,263441,412726,,,63.8295,1
secspider,secspider.verisignlabs.com,2013-12,production_share,258744,409271,,,63.2207,1
secspider,secspider.verisignlabs.com,2014-01,production_share,254768,407549,,,62.5122,1
secspider,secspider.verisignlabs.com,2015-09,production_share,286137,562882,,,50.8343,1
secspider,secspider.verisignlabs.com,2016-01,production_share,729952,1056097,,,69.1179,1
secspider,secspider.verisignlabs.com,2016-02,production_share,780872,1074532,,,72.6709,1
secspider,secspider.verisignlabs.com,2016-03,production_share,767944,1066056,,,72.036,1
secspider,secspider.verisignlabs.com,2016-04,production_share,793460,1091010,,,72.7271,1
secspider,secspider.verisignlabs.com,2016-05,production_share,822489,1111246,,,74.015,1
secspider,secspider.verisignlabs.com,2016-06,production_share,820873,1124864,,,72.9753,1
secspider,secspider.verisignlabs.com,2016-07,production_share,908824,1213925,,,74.8666,1
secspider,secspider.verisignlabs.com,2016-10,production_share,929298,1236476,,,75.157,1
secspider,secspider.verisignlabs.com,2016-12,production_share,1613943,1951555,,,82.7004,1
secspider,secspider.verisignlabs.com,2017-01,production_share,1588085,1934883,,,82.0765,1
secspider,secspider.verisignlabs.com,2017-04,production_share,1643240,2006287,,,81.9045,1
secspider,secspider.verisignlabs.com,2017-05,production_share,1794812,2174844,,,82.526,1
secspider,secspider.verisignlabs.com,2017-06,production_share,1809170,2166120,,,83.5212,1
secspider,secspider.verisignlabs.com,2017-11,production_share,1814887,2294954,,,79.0816,1
secspider,secspider.verisignlabs.com,2017-12,production_share,1935380,2443178,,,79.2157,1
secspider,secspider.verisignlabs.com,2018-01,production_share,2004753,2533963,,,79.1153,1
secspider,secspider.verisignlabs.com,2018-02,production_share,2061857,2634258,,,78.2709,1
secspider,secspider.verisignlabs.com,2018-03,production_share,2117116,2696797,,,78.5048,1
secspider,secspider.verisignlabs.com,2018-07,production_share,2080422,2666264,,,78.0276,1
secspider,secspider.verisignlabs.com,2018-09,production_share,2080430,2666278,,,78.0275,1
