trace_id,signal_id,rfc_id,rfc_title,observation_timestamp,rfc_publication_date,timestamp_valid,decision,confidence,final_score,timestamp_penalty,matched_indicator_ids,failed_indicator_ids,skipped_indicator_ids,missing_required_indicator_ids,missing_fields,matched_openintel_fields,matched_condition_count,failed_condition_count,uncertainty_notes,reasoning_summary,score_steps
trace_sig_0001_rfc6605,sig_0001,RFC 6605,Elliptic Curve Digital Signature Algorithm (DSA) for DNSSEC,2018-01-04T01:45:00,2012-04-01T00:00:00,true,valid_match,very_high,13.125,0.0,rfc6605_ecdsa_algorithm; rfc6605_ecdsa_on_key_or_signature,,,,,algorithm; rr_type,3,0,,"RFC 6605 matched signal sig_0001: the required indicator rfc6605_ecdsa_algorithm passed because algorithm=13 is in [13, 14]. Corroborating indicators also matched: rfc6605_ecdsa_on_key_or_signature. The observation on 2018-01-04T01:45:00 is 2104 days after RFC 6605's publication on 2012-04-01, so the timestamp is valid. Score 13.125 (very_high) = (9.0 required + 1.5 optional) x 1.25 high specificity.","base_indicator_score = 9.0 (matched required indicators: rfc6605_ecdsa_algorithm); optional_match_bonus = 1.5 = 3.0 x 0.5 (matched optional indicators: rfc6605_ecdsa_on_key_or_signature); required_match_bonus = 0.0 (not awarded: 1 evaluable required indicator(s), the bonus needs at least 2); missing_required_penalty = 0.0 = 3.0 x 0 (required indicators evaluated but not matched: none); partial_match_penalty = 0.0 (not applied: every evaluable required indicator matched); ambiguity_penalty = 0.0 (not applied: no matched indicator is flagged ambiguous); raw = 9.0 + 0.0 + 1.5 - 0.0 - 0.0 - 0.0 = 10.5; specificity_multiplier = 1.25 (RFC 6605 specificity=high); final_score = max(0, 10.5) * 1.25 = 13.125"
trace_sig_0001_rfc4033,sig_0001,RFC 4033,DNS Security Introduction and Requirements (DNSSEC base: RFC 4033/4034/4035),2018-01-04T01:45:00,2005-03-01T00:00:00,true,valid_match,low,3.75,0.0,rfc4033_base_dnssec_record_present; rfc4033_dnssec_algorithm_present,rfc4033_dnssec_ok_negotiated,,,dnssec_ok_flag,algorithm; rr_type,3,1,"Indicator rfc4033_dnssec_ok_negotiated is only partially queryable: part of its signature depends on fields the corpus does not export, so it was evaluated on incomplete data.; Indicator rfc4033_dnssec_ok_negotiated was only partially evaluated: 1 condition(s) were tested and 1 could not be, because the observation carries no value for dnssec_ok_flag.; Fields absent from this observation: dnssec_ok_flag. Every condition over them failed by construction; absence is not evidence either way.","RFC 4033 matched signal sig_0001: the required indicator rfc4033_base_dnssec_record_present passed because rr_type=RRSIG is in [DNSKEY, DS, RRSIG, NSEC]. Corroborating indicators also matched: rfc4033_dnssec_algorithm_present. Indicator rfc4033_dnssec_ok_negotiated did not match: field 'dnssec_ok_flag' is absent from this observation, so the condition 'dnssec_ok_flag must equal true' could not be satisfied (absence is not evidence). The observation on 2018-01-04T01:45:00 is 4692 days after RFC 4033's publication on 2005-03-01, so the timestamp is valid. Score 3.75 (low) = (4.0 required + 1.0 optional) x 0.75 low specificity.","base_indicator_score = 4.0 (matched required indicators: rfc4033_base_dnssec_record_present); optional_match_bonus = 1.0 = 2.0 x 0.5 (matched optional indicators: rfc4033_dnssec_algorithm_present); required_match_bonus = 0.0 (not awarded: 1 evaluable required indicator(s), the bonus needs at least 2); missing_required_penalty = 0.0 = 3.0 x 0 (required indicators evaluated but not matched: none); partial_match_penalty = 0.0 (not applied: every evaluable required indicator matched); ambiguity_penalty = 0.0 (not applied: no matched indicator is flagged ambiguous); raw = 4.0 + 0.0 + 1.0 - 0.0 - 0.0 - 0.0 = 5.0; specificity_multiplier = 0.75 (RFC 4033 specificity=low); final_score = max(0, 5.0) * 0.75 = 3.75"
trace_sig_0001_rfc4509,sig_0001,RFC 4509,Use of SHA-256 in DNSSEC Delegation Signer (DS) Resource Records,2018-01-04T01:45:00,2006-05-01T00:00:00,true,no_match,none,0.0,0.0,,rfc4509_ds_sha256_digest,,rfc4509_ds_sha256_digest,digest_type,,0,2,"Indicator rfc4509_ds_sha256_digest was only partially evaluated: 1 condition(s) were tested and 1 could not be, because the observation carries no value for digest_type.; Fields absent from this observation: digest_type. Every condition over them failed by construction; absence is not evidence either way.","RFC 4509 does not explain signal sig_0001: the required indicator rfc4509_ds_sha256_digest failed because rr_type=RRSIG is not in [DS, CDS]. The observation on 2018-01-04T01:45:00 is 4266 days after RFC 4509's publication on 2006-05-01, so the timestamp is valid. Score 0.0 (none): no required indicator matched, so there is nothing to score.","base_indicator_score = 0.0 (matched required indicators: none); optional_match_bonus = 0.0 = 0.0 x 0.5 (matched optional indicators: none); required_match_bonus = 0.0 (not awarded: 1 evaluable required indicator(s), the bonus needs at least 2); missing_required_penalty = 3.0 = 3.0 x 1 (required indicators evaluated but not matched: rfc4509_ds_sha256_digest); partial_match_penalty = 0.0 (not applied: no required indicator matched, so this is not a partial match); ambiguity_penalty = 0.0 (not applied: no matched indicator is flagged ambiguous); raw = 0.0 + 0.0 + 0.0 - 3.0 - 0.0 - 0.0 = -3.0; specificity_multiplier = 1.25 (RFC 4509 specificity=high); final_score = max(0, -3.0) * 1.25 = 0.0"
trace_sig_0001_rfc5155,sig_0001,RFC 5155,DNS Security (DNSSEC) Hashed Authenticated Denial of Existence,2018-01-04T01:45:00,2008-03-01T00:00:00,true,no_match,none,0.0,0.0,,rfc5155_nsec3_hash_algorithm; rfc5155_nsec3_record_present,,rfc5155_nsec3_record_present,,,1,2,,"RFC 5155 does not explain signal sig_0001: the required indicator rfc5155_nsec3_record_present failed because rr_type=RRSIG is not in [NSEC3, NSEC3PARAM]. The observation on 2018-01-04T01:45:00 is 3596 days after RFC 5155's publication on 2008-03-01, so the timestamp is valid. Score 0.0 (none): no required indicator matched, so there is nothing to score.","base_indicator_score = 0.0 (matched required indicators: none); optional_match_bonus = 0.0 = 0.0 x 0.5 (matched optional indicators: none); required_match_bonus = 0.0 (not awarded: 1 evaluable required indicator(s), the bonus needs at least 2); missing_required_penalty = 3.0 = 3.0 x 1 (required indicators evaluated but not matched: rfc5155_nsec3_record_present); partial_match_penalty = 0.0 (not applied: no required indicator matched, so this is not a partial match); ambiguity_penalty = 0.0 (not applied: no matched indicator is flagged ambiguous); raw = 0.0 + 0.0 + 0.0 - 3.0 - 0.0 - 0.0 = -3.0; specificity_multiplier = 1.5 (RFC 5155 specificity=very_high); final_score = max(0, -3.0) * 1.5 = 0.0"
trace_sig_0001_rfc7344,sig_0001,RFC 7344,Automating DNSSEC Delegation Trust Maintenance,2018-01-04T01:45:00,2014-09-01T00:00:00,true,no_match,none,0.0,0.0,,rfc7344_cds_cdnskey_present; rfc7344_cds_publishes_digest,,rfc7344_cds_cdnskey_present,digest_type,,0,3,"Indicator rfc7344_cds_publishes_digest was only partially evaluated: 1 condition(s) were tested and 1 could not be, because the observation carries no value for digest_type.; Fields absent from this observation: digest_type. Every condition over them failed by construction; absence is not evidence either way.","RFC 7344 does not explain signal sig_0001: the required indicator rfc7344_cds_cdnskey_present failed because rr_type=RRSIG is not in [CDS, CDNSKEY]. The observation on 2018-01-04T01:45:00 is 1221 days after RFC 7344's publication on 2014-09-01, so the timestamp is valid. Score 0.0 (none): no required indicator matched, so there is nothing to score.","base_indicator_score = 0.0 (matched required indicators: none); optional_match_bonus = 0.0 = 0.0 x 0.5 (matched optional indicators: none); required_match_bonus = 0.0 (not awarded: 1 evaluable required indicator(s), the bonus needs at least 2); missing_required_penalty = 3.0 = 3.0 x 1 (required indicators evaluated but not matched: rfc7344_cds_cdnskey_present); partial_match_penalty = 0.0 (not applied: no required indicator matched, so this is not a partial match); ambiguity_penalty = 0.0 (not applied: no matched indicator is flagged ambiguous); raw = 0.0 + 0.0 + 0.0 - 3.0 - 0.0 - 0.0 = -3.0; specificity_multiplier = 1.25 (RFC 7344 specificity=high); final_score = max(0, -3.0) * 1.25 = 0.0"
trace_sig_0001_rfc8078,sig_0001,RFC 8078,Managing DS Records from the Parent via CDS/CDNSKEY,2018-01-04T01:45:00,2017-03-01T00:00:00,true,no_match,none,0.0,0.0,,rfc8078_cds_cdnskey_algorithm_zero; rfc8078_delete_signal_digest_zero,,rfc8078_cds_cdnskey_algorithm_zero,digest_type,,0,4,"Indicator rfc8078_delete_signal_digest_zero was only partially evaluated: 1 condition(s) were tested and 1 could not be, because the observation carries no value for digest_type.; Fields absent from this observation: digest_type. Every condition over them failed by construction; absence is not evidence either way.","RFC 8078 does not explain signal sig_0001: the required indicator rfc8078_cds_cdnskey_algorithm_zero failed because rr_type=RRSIG is not in [CDS, CDNSKEY]. The observation on 2018-01-04T01:45:00 is 309 days after RFC 8078's publication on 2017-03-01, so the timestamp is valid. Score 0.0 (none): no required indicator matched, so there is nothing to score.","base_indicator_score = 0.0 (matched required indicators: none); optional_match_bonus = 0.0 = 0.0 x 0.5 (matched optional indicators: none); required_match_bonus = 0.0 (not awarded: 1 evaluable required indicator(s), the bonus needs at least 2); missing_required_penalty = 3.0 = 3.0 x 1 (required indicators evaluated but not matched: rfc8078_cds_cdnskey_algorithm_zero); partial_match_penalty = 0.0 (not applied: no required indicator matched, so this is not a partial match); ambiguity_penalty = 0.0 (not applied: no matched indicator is flagged ambiguous); raw = 0.0 + 0.0 + 0.0 - 3.0 - 0.0 - 0.0 = -3.0; specificity_multiplier = 1.5 (RFC 8078 specificity=very_high); final_score = max(0, -3.0) * 1.5 = 0.0"
trace_sig_0001_rfc8080,sig_0001,RFC 8080,Edwards-Curve Digital Security Algorithm (EdDSA) for DNSSEC,2018-01-04T01:45:00,2017-02-01T00:00:00,true,no_match,none,0.0,0.0,,rfc8080_eddsa_algorithm; rfc8080_eddsa_on_key_or_signature,,rfc8080_eddsa_algorithm,,,1,2,,"RFC 8080 does not explain signal sig_0001: the required indicator rfc8080_eddsa_algorithm failed because algorithm=13 is not in [15, 16]. The observation on 2018-01-04T01:45:00 is 337 days after RFC 8080's publication on 2017-02-01, so the timestamp is valid. Score 0.0 (none): no required indicator matched, so there is nothing to score.","base_indicator_score = 0.0 (matched required indicators: none); optional_match_bonus = 0.0 = 0.0 x 0.5 (matched optional indicators: none); required_match_bonus = 0.0 (not awarded: 1 evaluable required indicator(s), the bonus needs at least 2); missing_required_penalty = 3.0 = 3.0 x 1 (required indicators evaluated but not matched: rfc8080_eddsa_algorithm); partial_match_penalty = 0.0 (not applied: no required indicator matched, so this is not a partial match); ambiguity_penalty = 0.0 (not applied: no matched indicator is flagged ambiguous); raw = 0.0 + 0.0 + 0.0 - 3.0 - 0.0 - 0.0 = -3.0; specificity_multiplier = 1.5 (RFC 8080 specificity=very_high); final_score = max(0, -3.0) * 1.5 = 0.0"
trace_sig_0001_rfc8624,sig_0001,RFC 8624,Algorithm Implementation Requirements and Usage Guidance for DNSSEC,2018-01-04T01:45:00,2019-06-01T00:00:00,false,timestamp_invalid,none,0.0,3.375,rfc8624_avoids_deprecated_algorithm; rfc8624_recommended_signing_algorithm,,rfc8624_validator_algorithm_support,,rr_type; validator_algorithm_support,algorithm,3,0,"Indicator rfc8624_recommended_signing_algorithm is flagged ambiguous: the observation it matched is equally consistent with other RFCs, so this result is an inference about policy rather than direct evidence.; Indicator rfc8624_avoids_deprecated_algorithm is flagged ambiguous: the observation it matched is equally consistent with other RFCs, so this result is an inference about policy rather than direct evidence.; Corpus availability: indicator rfc8624_validator_algorithm_support was never tested because rr_type, validator_algorithm_support are absent from the OpenINTEL dictionary. Its absence from the evidence is a measurement limitation, not a finding about the observation.; The observation predates the RFC publication date by 513 days, so any score it would have earned is withheld and the case needs human review.","RFC 8624 cannot explain signal sig_0001: although algorithm=13 satisfy the required indicator rfc8624_recommended_signing_algorithm, the observation on 2018-01-04T01:45:00 predates RFC 8624's publication on 2019-06-01 by 513 days. An observation cannot evidence adoption of an RFC that did not yet exist, so the score of 3.375 is forfeited and this is routed to the review queue. The withheld score derives from (5.0 required + 1.5 optional - 2.0 ambiguity penalty) x 0.75 low specificity.","base_indicator_score = 5.0 (matched required indicators: rfc8624_recommended_signing_algorithm); optional_match_bonus = 1.5 = 3.0 x 0.5 (matched optional indicators: rfc8624_avoids_deprecated_algorithm); required_match_bonus = 0.0 (not awarded: 1 evaluable required indicator(s), the bonus needs at least 2); missing_required_penalty = 0.0 = 3.0 x 0 (required indicators evaluated but not matched: none); partial_match_penalty = 0.0 (not applied: every evaluable required indicator matched); ambiguity_penalty = 2.0 (applied: matched indicators flagged ambiguous: rfc8624_avoids_deprecated_algorithm, rfc8624_recommended_signing_algorithm); raw = 5.0 + 0.0 + 1.5 - 0.0 - 0.0 - 2.0 = 4.5; specificity_multiplier = 0.75 (RFC 8624 specificity=low); final_score = max(0, 4.5) * 0.75 = 3.375; timestamp_penalty = 3.375 (the observation predates RFC 8624's publication date by 513 days, so the score is withheld); final_score = 0.0 (an observation cannot evidence adoption of an RFC that did not yet exist); note: 1 indicator (rfc8624_validator_algorithm_support) could not be tested against the OpenINTEL corpus and was excluded from every term above, neither earning weight nor incurring a penalty"
trace_sig_0002_rfc5155,sig_0002,RFC 5155,DNS Security (DNSSEC) Hashed Authenticated Denial of Existence,2018-01-04T02:37:39,2008-03-01T00:00:00,true,valid_match,very_high,17.25,0.0,rfc5155_nsec3_hash_algorithm; rfc5155_nsec3_record_present,,,,,algorithm; rr_type,3,0,,"RFC 5155 matched signal sig_0002: the required indicator rfc5155_nsec3_record_present passed because rr_type=NSEC3 is in [NSEC3, NSEC3PARAM]. Corroborating indicators also matched: rfc5155_nsec3_hash_algorithm. The observation on 2018-01-04T02:37:39 is 3596 days after RFC 5155's publication on 2008-03-01, so the timestamp is valid. Score 17.25 (very_high) = (10.0 required + 1.5 optional) x 1.5 very_high specificity.","base_indicator_score = 10.0 (matched required indicators: rfc5155_nsec3_record_present); optional_match_bonus = 1.5 = 3.0 x 0.5 (matched optional indicators: rfc5155_nsec3_hash_algorithm); required_match_bonus = 0.0 (not awarded: 1 evaluable required indicator(s), the bonus needs at least 2); missing_required_penalty = 0.0 = 3.0 x 0 (required indicators evaluated but not matched: none); partial_match_penalty = 0.0 (not applied: every evaluable required indicator matched); ambiguity_penalty = 0.0 (not applied: no matched indicator is flagged ambiguous); raw = 10.0 + 0.0 + 1.5 - 0.0 - 0.0 - 0.0 = 11.5; specificity_multiplier = 1.5 (RFC 5155 specificity=very_high); final_score = max(0, 11.5) * 1.5 = 17.25"
trace_sig_0002_rfc4033,sig_0002,RFC 4033,DNS Security Introduction and Requirements (DNSSEC base: RFC 4033/4034/4035),2018-01-04T02:37:39,2005-03-01T00:00:00,true,partial_match,none,0.0,0.0,rfc4033_dnssec_algorithm_present,rfc4033_base_dnssec_record_present; rfc4033_dnssec_ok_negotiated,,rfc4033_base_dnssec_record_present,dnssec_ok_flag,algorithm,1,3,"Indicator rfc4033_dnssec_ok_negotiated is only partially queryable: part of its signature depends on fields the corpus does not export, so it was evaluated on incomplete data.; Indicator rfc4033_dnssec_ok_negotiated was only partially evaluated: 1 condition(s) were tested and 1 could not be, because the observation carries no value for dnssec_ok_flag.; Fields absent from this observation: dnssec_ok_flag. Every condition over them failed by construction; absence is not evidence either way.; Partial matches are candidates, not adoption evidence: at least one required indicator of this RFC was not satisfied.","RFC 4033 partially matches signal sig_0002: the optional indicator rfc4033_dnssec_algorithm_present passed because algorithm is present (observed 1). The required indicator rfc4033_base_dnssec_record_present was not satisfied: rr_type=NSEC3 is not in [DNSKEY, DS, RRSIG, NSEC]. The observation on 2018-01-04T02:37:39 is 4692 days after RFC 4033's publication on 2005-03-01, so the timestamp is valid. Score 0.0 (none): the penalties leave a raw total of -2.0, which is clamped to 0 before the 0.75 low specificity multiplier.","base_indicator_score = 0.0 (matched required indicators: none); optional_match_bonus = 1.0 = 2.0 x 0.5 (matched optional indicators: rfc4033_dnssec_algorithm_present); required_match_bonus = 0.0 (not awarded: 1 evaluable required indicator(s), the bonus needs at least 2); missing_required_penalty = 3.0 = 3.0 x 1 (required indicators evaluated but not matched: rfc4033_base_dnssec_record_present); partial_match_penalty = 0.0 (not applied: no required indicator matched, so this is not a partial match); ambiguity_penalty = 0.0 (not applied: no matched indicator is flagged ambiguous); raw = 0.0 + 0.0 + 1.0 - 3.0 - 0.0 - 0.0 = -2.0; specificity_multiplier = 0.75 (RFC 4033 specificity=low); final_score = max(0, -2.0) * 0.75 = 0.0"
trace_sig_0002_rfc4509,sig_0002,RFC 4509,Use of SHA-256 in DNSSEC Delegation Signer (DS) Resource Records,2018-01-04T02:37:39,2006-05-01T00:00:00,true,no_match,none,0.0,0.0,,rfc4509_ds_sha256_digest,,rfc4509_ds_sha256_digest,digest_type,,0,2,"Indicator rfc4509_ds_sha256_digest was only partially evaluated: 1 condition(s) were tested and 1 could not be, because the observation carries no value for digest_type.; Fields absent from this observation: digest_type. Every condition over them failed by construction; absence is not evidence either way.","RFC 4509 does not explain signal sig_0002: the required indicator rfc4509_ds_sha256_digest failed because rr_type=NSEC3 is not in [DS, CDS]. The observation on 2018-01-04T02:37:39 is 4266 days after RFC 4509's publication on 2006-05-01, so the timestamp is valid. Score 0.0 (none): no required indicator matched, so there is nothing to score.","base_indicator_score = 0.0 (matched required indicators: none); optional_match_bonus = 0.0 = 0.0 x 0.5 (matched optional indicators: none); required_match_bonus = 0.0 (not awarded: 1 evaluable required indicator(s), the bonus needs at least 2); missing_required_penalty = 3.0 = 3.0 x 1 (required indicators evaluated but not matched: rfc4509_ds_sha256_digest); partial_match_penalty = 0.0 (not applied: no required indicator matched, so this is not a partial match); ambiguity_penalty = 0.0 (not applied: no matched indicator is flagged ambiguous); raw = 0.0 + 0.0 + 0.0 - 3.0 - 0.0 - 0.0 = -3.0; specificity_multiplier = 1.25 (RFC 4509 specificity=high); final_score = max(0, -3.0) * 1.25 = 0.0"
trace_sig_0002_rfc6605,sig_0002,RFC 6605,Elliptic Curve Digital Signature Algorithm (DSA) for DNSSEC,2018-01-04T02:37:39,2012-04-01T00:00:00,true,no_match,none,0.0,0.0,,rfc6605_ecdsa_algorithm; rfc6605_ecdsa_on_key_or_signature,,rfc6605_ecdsa_algorithm,,,0,3,,"RFC 6605 does not explain signal sig_0002: the required indicator rfc6605_ecdsa_algorithm failed because algorithm=1 is not in [13, 14]. The observation on 2018-01-04T02:37:39 is 2104 days after RFC 6605's publication on 2012-04-01, so the timestamp is valid. Score 0.0 (none): no required indicator matched, so there is nothing to score.","base_indicator_score = 0.0 (matched required indicators: none); optional_match_bonus = 0.0 = 0.0 x 0.5 (matched optional indicators: none); required_match_bonus = 0.0 (not awarded: 1 evaluable required indicator(s), the bonus needs at least 2); missing_required_penalty = 3.0 = 3.0 x 1 (required indicators evaluated but not matched: rfc6605_ecdsa_algorithm); partial_match_penalty = 0.0 (not applied: no required indicator matched, so this is not a partial match); ambiguity_penalty = 0.0 (not applied: no matched indicator is flagged ambiguous); raw = 0.0 + 0.0 + 0.0 - 3.0 - 0.0 - 0.0 = -3.0; specificity_multiplier = 1.25 (RFC 6605 specificity=high); final_score = max(0, -3.0) * 1.25 = 0.0"
trace_sig_0002_rfc7344,sig_0002,RFC 7344,Automating DNSSEC Delegation Trust Maintenance,2018-01-04T02:37:39,2014-09-01T00:00:00,true,no_match,none,0.0,0.0,,rfc7344_cds_cdnskey_present; rfc7344_cds_publishes_digest,,rfc7344_cds_cdnskey_present,digest_type,,0,3,"Indicator rfc7344_cds_publishes_digest was only partially evaluated: 1 condition(s) were tested and 1 could not be, because the observation carries no value for digest_type.; Fields absent from this observation: digest_type. Every condition over them failed by construction; absence is not evidence either way.","RFC 7344 does not explain signal sig_0002: the required indicator rfc7344_cds_cdnskey_present failed because rr_type=NSEC3 is not in [CDS, CDNSKEY]. The observation on 2018-01-04T02:37:39 is 1221 days after RFC 7344's publication on 2014-09-01, so the timestamp is valid. Score 0.0 (none): no required indicator matched, so there is nothing to score.","base_indicator_score = 0.0 (matched required indicators: none); optional_match_bonus = 0.0 = 0.0 x 0.5 (matched optional indicators: none); required_match_bonus = 0.0 (not awarded: 1 evaluable required indicator(s), the bonus needs at least 2); missing_required_penalty = 3.0 = 3.0 x 1 (required indicators evaluated but not matched: rfc7344_cds_cdnskey_present); partial_match_penalty = 0.0 (not applied: no required indicator matched, so this is not a partial match); ambiguity_penalty = 0.0 (not applied: no matched indicator is flagged ambiguous); raw = 0.0 + 0.0 + 0.0 - 3.0 - 0.0 - 0.0 = -3.0; specificity_multiplier = 1.25 (RFC 7344 specificity=high); final_score = max(0, -3.0) * 1.25 = 0.0"
trace_sig_0002_rfc8078,sig_0002,RFC 8078,Managing DS Records from the Parent via CDS/CDNSKEY,2018-01-04T02:37:39,2017-03-01T00:00:00,true,no_match,none,0.0,0.0,,rfc8078_cds_cdnskey_algorithm_zero; rfc8078_delete_signal_digest_zero,,rfc8078_cds_cdnskey_algorithm_zero,digest_type,,0,4,"Indicator rfc8078_delete_signal_digest_zero was only partially evaluated: 1 condition(s) were tested and 1 could not be, because the observation carries no value for digest_type.; Fields absent from this observation: digest_type. Every condition over them failed by construction; absence is not evidence either way.","RFC 8078 does not explain signal sig_0002: the required indicator rfc8078_cds_cdnskey_algorithm_zero failed because rr_type=NSEC3 is not in [CDS, CDNSKEY]. The observation on 2018-01-04T02:37:39 is 309 days after RFC 8078's publication on 2017-03-01, so the timestamp is valid. Score 0.0 (none): no required indicator matched, so there is nothing to score.","base_indicator_score = 0.0 (matched required indicators: none); optional_match_bonus = 0.0 = 0.0 x 0.5 (matched optional indicators: none); required_match_bonus = 0.0 (not awarded: 1 evaluable required indicator(s), the bonus needs at least 2); missing_required_penalty = 3.0 = 3.0 x 1 (required indicators evaluated but not matched: rfc8078_cds_cdnskey_algorithm_zero); partial_match_penalty = 0.0 (not applied: no required indicator matched, so this is not a partial match); ambiguity_penalty = 0.0 (not applied: no matched indicator is flagged ambiguous); raw = 0.0 + 0.0 + 0.0 - 3.0 - 0.0 - 0.0 = -3.0; specificity_multiplier = 1.5 (RFC 8078 specificity=very_high); final_score = max(0, -3.0) * 1.5 = 0.0"
trace_sig_0002_rfc8080,sig_0002,RFC 8080,Edwards-Curve Digital Security Algorithm (EdDSA) for DNSSEC,2018-01-04T02:37:39,2017-02-01T00:00:00,true,no_match,none,0.0,0.0,,rfc8080_eddsa_algorithm; rfc8080_eddsa_on_key_or_signature,,rfc8080_eddsa_algorithm,,,0,3,,"RFC 8080 does not explain signal sig_0002: the required indicator rfc8080_eddsa_algorithm failed because algorithm=1 is not in [15, 16]. The observation on 2018-01-04T02:37:39 is 337 days after RFC 8080's publication on 2017-02-01, so the timestamp is valid. Score 0.0 (none): no required indicator matched, so there is nothing to score.","base_indicator_score = 0.0 (matched required indicators: none); optional_match_bonus = 0.0 = 0.0 x 0.5 (matched optional indicators: none); required_match_bonus = 0.0 (not awarded: 1 evaluable required indicator(s), the bonus needs at least 2); missing_required_penalty = 3.0 = 3.0 x 1 (required indicators evaluated but not matched: rfc8080_eddsa_algorithm); partial_match_penalty = 0.0 (not applied: no required indicator matched, so this is not a partial match); ambiguity_penalty = 0.0 (not applied: no matched indicator is flagged ambiguous); raw = 0.0 + 0.0 + 0.0 - 3.0 - 0.0 - 0.0 = -3.0; specificity_multiplier = 1.5 (RFC 8080 specificity=very_high); final_score = max(0, -3.0) * 1.5 = 0.0"
trace_sig_0002_rfc8624,sig_0002,RFC 8624,Algorithm Implementation Requirements and Usage Guidance for DNSSEC,2018-01-04T02:37:39,2019-06-01T00:00:00,false,no_match,none,0.0,0.0,,rfc8624_avoids_deprecated_algorithm; rfc8624_recommended_signing_algorithm,rfc8624_validator_algorithm_support,rfc8624_recommended_signing_algorithm,rr_type; validator_algorithm_support,,1,2,"Corpus availability: indicator rfc8624_validator_algorithm_support was never tested because rr_type, validator_algorithm_support are absent from the OpenINTEL dictionary. Its absence from the evidence is a measurement limitation, not a finding about the observation.; The observation also predates the RFC publication date by 513 days, but that is not why it was rejected: the indicator conditions did not hold regardless of the date, so no score was withheld.","RFC 8624 does not explain signal sig_0002: the required indicator rfc8624_recommended_signing_algorithm failed because algorithm=1 is not in [13, 15]. Indicator(s) rfc8624_validator_algorithm_support were not tested at all (not exported by the corpus), so this rejection rests only on the indicators that could be evaluated. The observation on 2018-01-04T02:37:39 predates RFC 8624's publication on 2019-06-01 by 513 days. An observation cannot evidence adoption of an RFC that did not yet exist, so the score is forfeited. Score 0.0 (none): no required indicator matched, so there is nothing to score.","base_indicator_score = 0.0 (matched required indicators: none); optional_match_bonus = 0.0 = 0.0 x 0.5 (matched optional indicators: none); required_match_bonus = 0.0 (not awarded: 1 evaluable required indicator(s), the bonus needs at least 2); missing_required_penalty = 3.0 = 3.0 x 1 (required indicators evaluated but not matched: rfc8624_recommended_signing_algorithm); partial_match_penalty = 0.0 (not applied: no required indicator matched, so this is not a partial match); ambiguity_penalty = 0.0 (not applied: no matched indicator is flagged ambiguous); raw = 0.0 + 0.0 + 0.0 - 3.0 - 0.0 - 0.0 = -3.0; specificity_multiplier = 0.75 (RFC 8624 specificity=low); final_score = max(0, -3.0) * 0.75 = 0.0; note: 1 indicator (rfc8624_validator_algorithm_support) could not be tested against the OpenINTEL corpus and was excluded from every term above, neither earning weight nor incurring a penalty"
trace_sig_0003_rfc5155,sig_0003,RFC 5155,DNS Security (DNSSEC) Hashed Authenticated Denial of Existence,2018-01-15T02:01:45,2008-03-01T00:00:00,true,valid_match,very_high,17.25,0.0,rfc5155_nsec3_hash_algorithm; rfc5155_nsec3_record_present,,,,,algorithm; rr_type,3,0,,"RFC 5155 matched signal sig_0003: the required indicator rfc5155_nsec3_record_present passed because rr_type=NSEC3PARAM is in [NSEC3, NSEC3PARAM]. Corroborating indicators also matched: rfc5155_nsec3_hash_algorithm. The observation on 2018-01-15T02:01:45 is 3607 days after RFC 5155's publication on 2008-03-01, so the timestamp is valid. Score 17.25 (very_high) = (10.0 required + 1.5 optional) x 1.5 very_high specificity.","base_indicator_score = 10.0 (matched required indicators: rfc5155_nsec3_record_present); optional_match_bonus = 1.5 = 3.0 x 0.5 (matched optional indicators: rfc5155_nsec3_hash_algorithm); required_match_bonus = 0.0 (not awarded: 1 evaluable required indicator(s), the bonus needs at least 2); missing_required_penalty = 0.0 = 3.0 x 0 (required indicators evaluated but not matched: none); partial_match_penalty = 0.0 (not applied: every evaluable required indicator matched); ambiguity_penalty = 0.0 (not applied: no matched indicator is flagged ambiguous); raw = 10.0 + 0.0 + 1.5 - 0.0 - 0.0 - 0.0 = 11.5; specificity_multiplier = 1.5 (RFC 5155 specificity=very_high); final_score = max(0, 11.5) * 1.5 = 17.25"
trace_sig_0003_rfc4033,sig_0003,RFC 4033,DNS Security Introduction and Requirements (DNSSEC base: RFC 4033/4034/4035),2018-01-15T02:01:45,2005-03-01T00:00:00,true,partial_match,none,0.0,0.0,rfc4033_dnssec_algorithm_present,rfc4033_base_dnssec_record_present; rfc4033_dnssec_ok_negotiated,,rfc4033_base_dnssec_record_present,dnssec_ok_flag,algorithm,1,3,"Indicator rfc4033_dnssec_ok_negotiated is only partially queryable: part of its signature depends on fields the corpus does not export, so it was evaluated on incomplete data.; Indicator rfc4033_dnssec_ok_negotiated was only partially evaluated: 1 condition(s) were tested and 1 could not be, because the observation carries no value for dnssec_ok_flag.; Fields absent from this observation: dnssec_ok_flag. Every condition over them failed by construction; absence is not evidence either way.; Partial matches are candidates, not adoption evidence: at least one required indicator of this RFC was not satisfied.","RFC 4033 partially matches signal sig_0003: the optional indicator rfc4033_dnssec_algorithm_present passed because algorithm is present (observed 1). The required indicator rfc4033_base_dnssec_record_present was not satisfied: rr_type=NSEC3PARAM is not in [DNSKEY, DS, RRSIG, NSEC]. The observation on 2018-01-15T02:01:45 is 4703 days after RFC 4033's publication on 2005-03-01, so the timestamp is valid. Score 0.0 (none): the penalties leave a raw total of -2.0, which is clamped to 0 before the 0.75 low specificity multiplier.","base_indicator_score = 0.0 (matched required indicators: none); optional_match_bonus = 1.0 = 2.0 x 0.5 (matched optional indicators: rfc4033_dnssec_algorithm_present); required_match_bonus = 0.0 (not awarded: 1 evaluable required indicator(s), the bonus needs at least 2); missing_required_penalty = 3.0 = 3.0 x 1 (required indicators evaluated but not matched: rfc4033_base_dnssec_record_present); partial_match_penalty = 0.0 (not applied: no required indicator matched, so this is not a partial match); ambiguity_penalty = 0.0 (not applied: no matched indicator is flagged ambiguous); raw = 0.0 + 0.0 + 1.0 - 3.0 - 0.0 - 0.0 = -2.0; specificity_multiplier = 0.75 (RFC 4033 specificity=low); final_score = max(0, -2.0) * 0.75 = 0.0"
trace_sig_0003_rfc4509,sig_0003,RFC 4509,Use of SHA-256 in DNSSEC Delegation Signer (DS) Resource Records,2018-01-15T02:01:45,2006-05-01T00:00:00,true,no_match,none,0.0,0.0,,rfc4509_ds_sha256_digest,,rfc4509_ds_sha256_digest,digest_type,,0,2,"Indicator rfc4509_ds_sha256_digest was only partially evaluated: 1 condition(s) were tested and 1 could not be, because the observation carries no value for digest_type.; Fields absent from this observation: digest_type. Every condition over them failed by construction; absence is not evidence either way.","RFC 4509 does not explain signal sig_0003: the required indicator rfc4509_ds_sha256_digest failed because rr_type=NSEC3PARAM is not in [DS, CDS]. The observation on 2018-01-15T02:01:45 is 4277 days after RFC 4509's publication on 2006-05-01, so the timestamp is valid. Score 0.0 (none): no required indicator matched, so there is nothing to score.","base_indicator_score = 0.0 (matched required indicators: none); optional_match_bonus = 0.0 = 0.0 x 0.5 (matched optional indicators: none); required_match_bonus = 0.0 (not awarded: 1 evaluable required indicator(s), the bonus needs at least 2); missing_required_penalty = 3.0 = 3.0 x 1 (required indicators evaluated but not matched: rfc4509_ds_sha256_digest); partial_match_penalty = 0.0 (not applied: no required indicator matched, so this is not a partial match); ambiguity_penalty = 0.0 (not applied: no matched indicator is flagged ambiguous); raw = 0.0 + 0.0 + 0.0 - 3.0 - 0.0 - 0.0 = -3.0; specificity_multiplier = 1.25 (RFC 4509 specificity=high); final_score = max(0, -3.0) * 1.25 = 0.0"
trace_sig_0003_rfc6605,sig_0003,RFC 6605,Elliptic Curve Digital Signature Algorithm (DSA) for DNSSEC,2018-01-15T02:01:45,2012-04-01T00:00:00,true,no_match,none,0.0,0.0,,rfc6605_ecdsa_algorithm; rfc6605_ecdsa_on_key_or_signature,,rfc6605_ecdsa_algorithm,,,0,3,,"RFC 6605 does not explain signal sig_0003: the required indicator rfc6605_ecdsa_algorithm failed because algorithm=1 is not in [13, 14]. The observation on 2018-01-15T02:01:45 is 2115 days after RFC 6605's publication on 2012-04-01, so the timestamp is valid. Score 0.0 (none): no required indicator matched, so there is nothing to score.","base_indicator_score = 0.0 (matched required indicators: none); optional_match_bonus = 0.0 = 0.0 x 0.5 (matched optional indicators: none); required_match_bonus = 0.0 (not awarded: 1 evaluable required indicator(s), the bonus needs at least 2); missing_required_penalty = 3.0 = 3.0 x 1 (required indicators evaluated but not matched: rfc6605_ecdsa_algorithm); partial_match_penalty = 0.0 (not applied: no required indicator matched, so this is not a partial match); ambiguity_penalty = 0.0 (not applied: no matched indicator is flagged ambiguous); raw = 0.0 + 0.0 + 0.0 - 3.0 - 0.0 - 0.0 = -3.0; specificity_multiplier = 1.25 (RFC 6605 specificity=high); final_score = max(0, -3.0) * 1.25 = 0.0"
trace_sig_0003_rfc7344,sig_0003,RFC 7344,Automating DNSSEC Delegation Trust Maintenance,2018-01-15T02:01:45,2014-09-01T00:00:00,true,no_match,none,0.0,0.0,,rfc7344_cds_cdnskey_present; rfc7344_cds_publishes_digest,,rfc7344_cds_cdnskey_present,digest_type,,0,3,"Indicator rfc7344_cds_publishes_digest was only partially evaluated: 1 condition(s) were tested and 1 could not be, because the observation carries no value for digest_type.; Fields absent from this observation: digest_type. Every condition over them failed by construction; absence is not evidence either way.","RFC 7344 does not explain signal sig_0003: the required indicator rfc7344_cds_cdnskey_present failed because rr_type=NSEC3PARAM is not in [CDS, CDNSKEY]. The observation on 2018-01-15T02:01:45 is 1232 days after RFC 7344's publication on 2014-09-01, so the timestamp is valid. Score 0.0 (none): no required indicator matched, so there is nothing to score.","base_indicator_score = 0.0 (matched required indicators: none); optional_match_bonus = 0.0 = 0.0 x 0.5 (matched optional indicators: none); required_match_bonus = 0.0 (not awarded: 1 evaluable required indicator(s), the bonus needs at least 2); missing_required_penalty = 3.0 = 3.0 x 1 (required indicators evaluated but not matched: rfc7344_cds_cdnskey_present); partial_match_penalty = 0.0 (not applied: no required indicator matched, so this is not a partial match); ambiguity_penalty = 0.0 (not applied: no matched indicator is flagged ambiguous); raw = 0.0 + 0.0 + 0.0 - 3.0 - 0.0 - 0.0 = -3.0; specificity_multiplier = 1.25 (RFC 7344 specificity=high); final_score = max(0, -3.0) * 1.25 = 0.0"
trace_sig_0003_rfc8078,sig_0003,RFC 8078,Managing DS Records from the Parent via CDS/CDNSKEY,2018-01-15T02:01:45,2017-03-01T00:00:00,true,no_match,none,0.0,0.0,,rfc8078_cds_cdnskey_algorithm_zero; rfc8078_delete_signal_digest_zero,,rfc8078_cds_cdnskey_algorithm_zero,digest_type,,0,4,"Indicator rfc8078_delete_signal_digest_zero was only partially evaluated: 1 condition(s) were tested and 1 could not be, because the observation carries no value for digest_type.; Fields absent from this observation: digest_type. Every condition over them failed by construction; absence is not evidence either way.","RFC 8078 does not explain signal sig_0003: the required indicator rfc8078_cds_cdnskey_algorithm_zero failed because rr_type=NSEC3PARAM is not in [CDS, CDNSKEY]. The observation on 2018-01-15T02:01:45 is 320 days after RFC 8078's publication on 2017-03-01, so the timestamp is valid. Score 0.0 (none): no required indicator matched, so there is nothing to score.","base_indicator_score = 0.0 (matched required indicators: none); optional_match_bonus = 0.0 = 0.0 x 0.5 (matched optional indicators: none); required_match_bonus = 0.0 (not awarded: 1 evaluable required indicator(s), the bonus needs at least 2); missing_required_penalty = 3.0 = 3.0 x 1 (required indicators evaluated but not matched: rfc8078_cds_cdnskey_algorithm_zero); partial_match_penalty = 0.0 (not applied: no required indicator matched, so this is not a partial match); ambiguity_penalty = 0.0 (not applied: no matched indicator is flagged ambiguous); raw = 0.0 + 0.0 + 0.0 - 3.0 - 0.0 - 0.0 = -3.0; specificity_multiplier = 1.5 (RFC 8078 specificity=very_high); final_score = max(0, -3.0) * 1.5 = 0.0"
trace_sig_0003_rfc8080,sig_0003,RFC 8080,Edwards-Curve Digital Security Algorithm (EdDSA) for DNSSEC,2018-01-15T02:01:45,2017-02-01T00:00:00,true,no_match,none,0.0,0.0,,rfc8080_eddsa_algorithm; rfc8080_eddsa_on_key_or_signature,,rfc8080_eddsa_algorithm,,,0,3,,"RFC 8080 does not explain signal sig_0003: the required indicator rfc8080_eddsa_algorithm failed because algorithm=1 is not in [15, 16]. The observation on 2018-01-15T02:01:45 is 348 days after RFC 8080's publication on 2017-02-01, so the timestamp is valid. Score 0.0 (none): no required indicator matched, so there is nothing to score.","base_indicator_score = 0.0 (matched required indicators: none); optional_match_bonus = 0.0 = 0.0 x 0.5 (matched optional indicators: none); required_match_bonus = 0.0 (not awarded: 1 evaluable required indicator(s), the bonus needs at least 2); missing_required_penalty = 3.0 = 3.0 x 1 (required indicators evaluated but not matched: rfc8080_eddsa_algorithm); partial_match_penalty = 0.0 (not applied: no required indicator matched, so this is not a partial match); ambiguity_penalty = 0.0 (not applied: no matched indicator is flagged ambiguous); raw = 0.0 + 0.0 + 0.0 - 3.0 - 0.0 - 0.0 = -3.0; specificity_multiplier = 1.5 (RFC 8080 specificity=very_high); final_score = max(0, -3.0) * 1.5 = 0.0"
trace_sig_0003_rfc8624,sig_0003,RFC 8624,Algorithm Implementation Requirements and Usage Guidance for DNSSEC,2018-01-15T02:01:45,2019-06-01T00:00:00,false,no_match,none,0.0,0.0,,rfc8624_avoids_deprecated_algorithm; rfc8624_recommended_signing_algorithm,rfc8624_validator_algorithm_support,rfc8624_recommended_signing_algorithm,rr_type; validator_algorithm_support,,1,2,"Corpus availability: indicator rfc8624_validator_algorithm_support was never tested because rr_type, validator_algorithm_support are absent from the OpenINTEL dictionary. Its absence from the evidence is a measurement limitation, not a finding about the observation.; The observation also predates the RFC publication date by 502 days, but that is not why it was rejected: the indicator conditions did not hold regardless of the date, so no score was withheld.","RFC 8624 does not explain signal sig_0003: the required indicator rfc8624_recommended_signing_algorithm failed because algorithm=1 is not in [13, 15]. Indicator(s) rfc8624_validator_algorithm_support were not tested at all (not exported by the corpus), so this rejection rests only on the indicators that could be evaluated. The observation on 2018-01-15T02:01:45 predates RFC 8624's publication on 2019-06-01 by 502 days. An observation cannot evidence adoption of an RFC that did not yet exist, so the score is forfeited. Score 0.0 (none): no required indicator matched, so there is nothing to score.","base_indicator_score = 0.0 (matched required indicators: none); optional_match_bonus = 0.0 = 0.0 x 0.5 (matched optional indicators: none); required_match_bonus = 0.0 (not awarded: 1 evaluable required indicator(s), the bonus needs at least 2); missing_required_penalty = 3.0 = 3.0 x 1 (required indicators evaluated but not matched: rfc8624_recommended_signing_algorithm); partial_match_penalty = 0.0 (not applied: no required indicator matched, so this is not a partial match); ambiguity_penalty = 0.0 (not applied: no matched indicator is flagged ambiguous); raw = 0.0 + 0.0 + 0.0 - 3.0 - 0.0 - 0.0 = -3.0; specificity_multiplier = 0.75 (RFC 8624 specificity=low); final_score = max(0, -3.0) * 0.75 = 0.0; note: 1 indicator (rfc8624_validator_algorithm_support) could not be tested against the OpenINTEL corpus and was excluded from every term above, neither earning weight nor incurring a penalty"
trace_sig_0004_rfc4509,sig_0004,RFC 4509,Use of SHA-256 in DNSSEC Delegation Signer (DS) Resource Records,2018-01-16T03:19:40,2006-05-01T00:00:00,true,valid_match,high,11.25,0.0,rfc4509_ds_sha256_digest,,,,,digest_type; rr_type,2,0,,"RFC 4509 matched signal sig_0004: the required indicator rfc4509_ds_sha256_digest passed because rr_type=DS is in [DS, CDS] and digest_type=2 equals the expected value 2. The observation on 2018-01-16T03:19:40 is 4278 days after RFC 4509's publication on 2006-05-01, so the timestamp is valid. Score 11.25 (high) = (9.0 required) x 1.25 high specificity.","base_indicator_score = 9.0 (matched required indicators: rfc4509_ds_sha256_digest); optional_match_bonus = 0.0 = 0.0 x 0.5 (matched optional indicators: none); required_match_bonus = 0.0 (not awarded: 1 evaluable required indicator(s), the bonus needs at least 2); missing_required_penalty = 0.0 = 3.0 x 0 (required indicators evaluated but not matched: none); partial_match_penalty = 0.0 (not applied: every evaluable required indicator matched); ambiguity_penalty = 0.0 (not applied: no matched indicator is flagged ambiguous); raw = 9.0 + 0.0 + 0.0 - 0.0 - 0.0 - 0.0 = 9.0; specificity_multiplier = 1.25 (RFC 4509 specificity=high); final_score = max(0, 9.0) * 1.25 = 11.25"
trace_sig_0004_rfc4033,sig_0004,RFC 4033,DNS Security Introduction and Requirements (DNSSEC base: RFC 4033/4034/4035),2018-01-16T03:19:40,2005-03-01T00:00:00,true,valid_match,low,3.75,0.0,rfc4033_base_dnssec_record_present; rfc4033_dnssec_algorithm_present,rfc4033_dnssec_ok_negotiated,,,dnssec_ok_flag,algorithm; rr_type,3,1,"Indicator rfc4033_dnssec_ok_negotiated is only partially queryable: part of its signature depends on fields the corpus does not export, so it was evaluated on incomplete data.; Indicator rfc4033_dnssec_ok_negotiated was only partially evaluated: 1 condition(s) were tested and 1 could not be, because the observation carries no value for dnssec_ok_flag.; Fields absent from this observation: dnssec_ok_flag. Every condition over them failed by construction; absence is not evidence either way.","RFC 4033 matched signal sig_0004: the required indicator rfc4033_base_dnssec_record_present passed because rr_type=DS is in [DNSKEY, DS, RRSIG, NSEC]. Corroborating indicators also matched: rfc4033_dnssec_algorithm_present. Indicator rfc4033_dnssec_ok_negotiated did not match: field 'dnssec_ok_flag' is absent from this observation, so the condition 'dnssec_ok_flag must equal true' could not be satisfied (absence is not evidence). The observation on 2018-01-16T03:19:40 is 4704 days after RFC 4033's publication on 2005-03-01, so the timestamp is valid. Score 3.75 (low) = (4.0 required + 1.0 optional) x 0.75 low specificity.","base_indicator_score = 4.0 (matched required indicators: rfc4033_base_dnssec_record_present); optional_match_bonus = 1.0 = 2.0 x 0.5 (matched optional indicators: rfc4033_dnssec_algorithm_present); required_match_bonus = 0.0 (not awarded: 1 evaluable required indicator(s), the bonus needs at least 2); missing_required_penalty = 0.0 = 3.0 x 0 (required indicators evaluated but not matched: none); partial_match_penalty = 0.0 (not applied: every evaluable required indicator matched); ambiguity_penalty = 0.0 (not applied: no matched indicator is flagged ambiguous); raw = 4.0 + 0.0 + 1.0 - 0.0 - 0.0 - 0.0 = 5.0; specificity_multiplier = 0.75 (RFC 4033 specificity=low); final_score = max(0, 5.0) * 0.75 = 3.75"
trace_sig_0004_rfc5155,sig_0004,RFC 5155,DNS Security (DNSSEC) Hashed Authenticated Denial of Existence,2018-01-16T03:19:40,2008-03-01T00:00:00,true,no_match,none,0.0,0.0,,rfc5155_nsec3_hash_algorithm; rfc5155_nsec3_record_present,,rfc5155_nsec3_record_present,,,1,2,,"RFC 5155 does not explain signal sig_0004: the required indicator rfc5155_nsec3_record_present failed because rr_type=DS is not in [NSEC3, NSEC3PARAM]. The observation on 2018-01-16T03:19:40 is 3608 days after RFC 5155's publication on 2008-03-01, so the timestamp is valid. Score 0.0 (none): no required indicator matched, so there is nothing to score.","base_indicator_score = 0.0 (matched required indicators: none); optional_match_bonus = 0.0 = 0.0 x 0.5 (matched optional indicators: none); required_match_bonus = 0.0 (not awarded: 1 evaluable required indicator(s), the bonus needs at least 2); missing_required_penalty = 3.0 = 3.0 x 1 (required indicators evaluated but not matched: rfc5155_nsec3_record_present); partial_match_penalty = 0.0 (not applied: no required indicator matched, so this is not a partial match); ambiguity_penalty = 0.0 (not applied: no matched indicator is flagged ambiguous); raw = 0.0 + 0.0 + 0.0 - 3.0 - 0.0 - 0.0 = -3.0; specificity_multiplier = 1.5 (RFC 5155 specificity=very_high); final_score = max(0, -3.0) * 1.5 = 0.0"
trace_sig_0004_rfc6605,sig_0004,RFC 6605,Elliptic Curve Digital Signature Algorithm (DSA) for DNSSEC,2018-01-16T03:19:40,2012-04-01T00:00:00,true,no_match,none,0.0,0.0,,rfc6605_ecdsa_algorithm; rfc6605_ecdsa_on_key_or_signature,,rfc6605_ecdsa_algorithm,,,1,2,,"RFC 6605 does not explain signal sig_0004: the required indicator rfc6605_ecdsa_algorithm failed because algorithm=8 is not in [13, 14]. The observation on 2018-01-16T03:19:40 is 2116 days after RFC 6605's publication on 2012-04-01, so the timestamp is valid. Score 0.0 (none): no required indicator matched, so there is nothing to score.","base_indicator_score = 0.0 (matched required indicators: none); optional_match_bonus = 0.0 = 0.0 x 0.5 (matched optional indicators: none); required_match_bonus = 0.0 (not awarded: 1 evaluable required indicator(s), the bonus needs at least 2); missing_required_penalty = 3.0 = 3.0 x 1 (required indicators evaluated but not matched: rfc6605_ecdsa_algorithm); partial_match_penalty = 0.0 (not applied: no required indicator matched, so this is not a partial match); ambiguity_penalty = 0.0 (not applied: no matched indicator is flagged ambiguous); raw = 0.0 + 0.0 + 0.0 - 3.0 - 0.0 - 0.0 = -3.0; specificity_multiplier = 1.25 (RFC 6605 specificity=high); final_score = max(0, -3.0) * 1.25 = 0.0"
trace_sig_0004_rfc7344,sig_0004,RFC 7344,Automating DNSSEC Delegation Trust Maintenance,2018-01-16T03:19:40,2014-09-01T00:00:00,true,no_match,none,0.0,0.0,,rfc7344_cds_cdnskey_present; rfc7344_cds_publishes_digest,,rfc7344_cds_cdnskey_present,,,1,2,,"RFC 7344 does not explain signal sig_0004: the required indicator rfc7344_cds_cdnskey_present failed because rr_type=DS is not in [CDS, CDNSKEY]. The observation on 2018-01-16T03:19:40 is 1233 days after RFC 7344's publication on 2014-09-01, so the timestamp is valid. Score 0.0 (none): no required indicator matched, so there is nothing to score.","base_indicator_score = 0.0 (matched required indicators: none); optional_match_bonus = 0.0 = 0.0 x 0.5 (matched optional indicators: none); required_match_bonus = 0.0 (not awarded: 1 evaluable required indicator(s), the bonus needs at least 2); missing_required_penalty = 3.0 = 3.0 x 1 (required indicators evaluated but not matched: rfc7344_cds_cdnskey_present); partial_match_penalty = 0.0 (not applied: no required indicator matched, so this is not a partial match); ambiguity_penalty = 0.0 (not applied: no matched indicator is flagged ambiguous); raw = 0.0 + 0.0 + 0.0 - 3.0 - 0.0 - 0.0 = -3.0; specificity_multiplier = 1.25 (RFC 7344 specificity=high); final_score = max(0, -3.0) * 1.25 = 0.0"
trace_sig_0004_rfc8078,sig_0004,RFC 8078,Managing DS Records from the Parent via CDS/CDNSKEY,2018-01-16T03:19:40,2017-03-01T00:00:00,true,no_match,none,0.0,0.0,,rfc8078_cds_cdnskey_algorithm_zero; rfc8078_delete_signal_digest_zero,,rfc8078_cds_cdnskey_algorithm_zero,,,0,4,,"RFC 8078 does not explain signal sig_0004: the required indicator rfc8078_cds_cdnskey_algorithm_zero failed because rr_type=DS is not in [CDS, CDNSKEY]. The observation on 2018-01-16T03:19:40 is 321 days after RFC 8078's publication on 2017-03-01, so the timestamp is valid. Score 0.0 (none): no required indicator matched, so there is nothing to score.","base_indicator_score = 0.0 (matched required indicators: none); optional_match_bonus = 0.0 = 0.0 x 0.5 (matched optional indicators: none); required_match_bonus = 0.0 (not awarded: 1 evaluable required indicator(s), the bonus needs at least 2); missing_required_penalty = 3.0 = 3.0 x 1 (required indicators evaluated but not matched: rfc8078_cds_cdnskey_algorithm_zero); partial_match_penalty = 0.0 (not applied: no required indicator matched, so this is not a partial match); ambiguity_penalty = 0.0 (not applied: no matched indicator is flagged ambiguous); raw = 0.0 + 0.0 + 0.0 - 3.0 - 0.0 - 0.0 = -3.0; specificity_multiplier = 1.5 (RFC 8078 specificity=very_high); final_score = max(0, -3.0) * 1.5 = 0.0"
trace_sig_0004_rfc8080,sig_0004,RFC 8080,Edwards-Curve Digital Security Algorithm (EdDSA) for DNSSEC,2018-01-16T03:19:40,2017-02-01T00:00:00,true,no_match,none,0.0,0.0,,rfc8080_eddsa_algorithm; rfc8080_eddsa_on_key_or_signature,,rfc8080_eddsa_algorithm,,,1,2,,"RFC 8080 does not explain signal sig_0004: the required indicator rfc8080_eddsa_algorithm failed because algorithm=8 is not in [15, 16]. The observation on 2018-01-16T03:19:40 is 349 days after RFC 8080's publication on 2017-02-01, so the timestamp is valid. Score 0.0 (none): no required indicator matched, so there is nothing to score.","base_indicator_score = 0.0 (matched required indicators: none); optional_match_bonus = 0.0 = 0.0 x 0.5 (matched optional indicators: none); required_match_bonus = 0.0 (not awarded: 1 evaluable required indicator(s), the bonus needs at least 2); missing_required_penalty = 3.0 = 3.0 x 1 (required indicators evaluated but not matched: rfc8080_eddsa_algorithm); partial_match_penalty = 0.0 (not applied: no required indicator matched, so this is not a partial match); ambiguity_penalty = 0.0 (not applied: no matched indicator is flagged ambiguous); raw = 0.0 + 0.0 + 0.0 - 3.0 - 0.0 - 0.0 = -3.0; specificity_multiplier = 1.5 (RFC 8080 specificity=very_high); final_score = max(0, -3.0) * 1.5 = 0.0"
trace_sig_0004_rfc8624,sig_0004,RFC 8624,Algorithm Implementation Requirements and Usage Guidance for DNSSEC,2018-01-16T03:19:40,2019-06-01T00:00:00,false,partial_match,none,0.0,0.0,rfc8624_avoids_deprecated_algorithm,rfc8624_recommended_signing_algorithm,rfc8624_validator_algorithm_support,rfc8624_recommended_signing_algorithm,rr_type; validator_algorithm_support,algorithm,2,1,"Indicator rfc8624_avoids_deprecated_algorithm is flagged ambiguous: the observation it matched is equally consistent with other RFCs, so this result is an inference about policy rather than direct evidence.; Corpus availability: indicator rfc8624_validator_algorithm_support was never tested because rr_type, validator_algorithm_support are absent from the OpenINTEL dictionary. Its absence from the evidence is a measurement limitation, not a finding about the observation.; The observation also predates the RFC publication date by 501 days, but that is not why it was rejected: the indicator conditions did not hold regardless of the date, so no score was withheld.; Partial matches are candidates, not adoption evidence: at least one required indicator of this RFC was not satisfied.","RFC 8624 partially matches signal sig_0004: the optional indicator rfc8624_avoids_deprecated_algorithm passed because algorithm is present (observed 8) and algorithm=8 differs from 1 as required. The required indicator rfc8624_recommended_signing_algorithm was not satisfied: algorithm=8 is not in [13, 15]. The observation on 2018-01-16T03:19:40 predates RFC 8624's publication on 2019-06-01 by 501 days. An observation cannot evidence adoption of an RFC that did not yet exist, so the score is forfeited. Score 0.0 (none): the penalties leave a raw total of -3.5, which is clamped to 0 before the 0.75 low specificity multiplier.","base_indicator_score = 0.0 (matched required indicators: none); optional_match_bonus = 1.5 = 3.0 x 0.5 (matched optional indicators: rfc8624_avoids_deprecated_algorithm); required_match_bonus = 0.0 (not awarded: 1 evaluable required indicator(s), the bonus needs at least 2); missing_required_penalty = 3.0 = 3.0 x 1 (required indicators evaluated but not matched: rfc8624_recommended_signing_algorithm); partial_match_penalty = 0.0 (not applied: no required indicator matched, so this is not a partial match); ambiguity_penalty = 2.0 (applied: matched indicators flagged ambiguous: rfc8624_avoids_deprecated_algorithm); raw = 0.0 + 0.0 + 1.5 - 3.0 - 0.0 - 2.0 = -3.5; specificity_multiplier = 0.75 (RFC 8624 specificity=low); final_score = max(0, -3.5) * 0.75 = 0.0; note: 1 indicator (rfc8624_validator_algorithm_support) could not be tested against the OpenINTEL corpus and was excluded from every term above, neither earning weight nor incurring a penalty"
trace_sig_0005_rfc4509,sig_0005,RFC 4509,Use of SHA-256 in DNSSEC Delegation Signer (DS) Resource Records,2018-01-17T01:27:04,2006-05-01T00:00:00,true,valid_match,high,11.25,0.0,rfc4509_ds_sha256_digest,,,,,digest_type; rr_type,2,0,,"RFC 4509 matched signal sig_0005: the required indicator rfc4509_ds_sha256_digest passed because rr_type=DS is in [DS, CDS] and digest_type=2 equals the expected value 2. The observation on 2018-01-17T01:27:04 is 4279 days after RFC 4509's publication on 2006-05-01, so the timestamp is valid. Score 11.25 (high) = (9.0 required) x 1.25 high specificity.","base_indicator_score = 9.0 (matched required indicators: rfc4509_ds_sha256_digest); optional_match_bonus = 0.0 = 0.0 x 0.5 (matched optional indicators: none); required_match_bonus = 0.0 (not awarded: 1 evaluable required indicator(s), the bonus needs at least 2); missing_required_penalty = 0.0 = 3.0 x 0 (required indicators evaluated but not matched: none); partial_match_penalty = 0.0 (not applied: every evaluable required indicator matched); ambiguity_penalty = 0.0 (not applied: no matched indicator is flagged ambiguous); raw = 9.0 + 0.0 + 0.0 - 0.0 - 0.0 - 0.0 = 9.0; specificity_multiplier = 1.25 (RFC 4509 specificity=high); final_score = max(0, 9.0) * 1.25 = 11.25"
trace_sig_0005_rfc4033,sig_0005,RFC 4033,DNS Security Introduction and Requirements (DNSSEC base: RFC 4033/4034/4035),2018-01-17T01:27:04,2005-03-01T00:00:00,true,valid_match,low,3.75,0.0,rfc4033_base_dnssec_record_present; rfc4033_dnssec_algorithm_present,rfc4033_dnssec_ok_negotiated,,,dnssec_ok_flag,algorithm; rr_type,3,1,"Indicator rfc4033_dnssec_ok_negotiated is only partially queryable: part of its signature depends on fields the corpus does not export, so it was evaluated on incomplete data.; Indicator rfc4033_dnssec_ok_negotiated was only partially evaluated: 1 condition(s) were tested and 1 could not be, because the observation carries no value for dnssec_ok_flag.; Fields absent from this observation: dnssec_ok_flag. Every condition over them failed by construction; absence is not evidence either way.","RFC 4033 matched signal sig_0005: the required indicator rfc4033_base_dnssec_record_present passed because rr_type=DS is in [DNSKEY, DS, RRSIG, NSEC]. Corroborating indicators also matched: rfc4033_dnssec_algorithm_present. Indicator rfc4033_dnssec_ok_negotiated did not match: field 'dnssec_ok_flag' is absent from this observation, so the condition 'dnssec_ok_flag must equal true' could not be satisfied (absence is not evidence). The observation on 2018-01-17T01:27:04 is 4705 days after RFC 4033's publication on 2005-03-01, so the timestamp is valid. Score 3.75 (low) = (4.0 required + 1.0 optional) x 0.75 low specificity.","base_indicator_score = 4.0 (matched required indicators: rfc4033_base_dnssec_record_present); optional_match_bonus = 1.0 = 2.0 x 0.5 (matched optional indicators: rfc4033_dnssec_algorithm_present); required_match_bonus = 0.0 (not awarded: 1 evaluable required indicator(s), the bonus needs at least 2); missing_required_penalty = 0.0 = 3.0 x 0 (required indicators evaluated but not matched: none); partial_match_penalty = 0.0 (not applied: every evaluable required indicator matched); ambiguity_penalty = 0.0 (not applied: no matched indicator is flagged ambiguous); raw = 4.0 + 0.0 + 1.0 - 0.0 - 0.0 - 0.0 = 5.0; specificity_multiplier = 0.75 (RFC 4033 specificity=low); final_score = max(0, 5.0) * 0.75 = 3.75"
trace_sig_0005_rfc5155,sig_0005,RFC 5155,DNS Security (DNSSEC) Hashed Authenticated Denial of Existence,2018-01-17T01:27:04,2008-03-01T00:00:00,true,no_match,none,0.0,0.0,,rfc5155_nsec3_hash_algorithm; rfc5155_nsec3_record_present,,rfc5155_nsec3_record_present,,,1,2,,"RFC 5155 does not explain signal sig_0005: the required indicator rfc5155_nsec3_record_present failed because rr_type=DS is not in [NSEC3, NSEC3PARAM]. The observation on 2018-01-17T01:27:04 is 3609 days after RFC 5155's publication on 2008-03-01, so the timestamp is valid. Score 0.0 (none): no required indicator matched, so there is nothing to score.","base_indicator_score = 0.0 (matched required indicators: none); optional_match_bonus = 0.0 = 0.0 x 0.5 (matched optional indicators: none); required_match_bonus = 0.0 (not awarded: 1 evaluable required indicator(s), the bonus needs at least 2); missing_required_penalty = 3.0 = 3.0 x 1 (required indicators evaluated but not matched: rfc5155_nsec3_record_present); partial_match_penalty = 0.0 (not applied: no required indicator matched, so this is not a partial match); ambiguity_penalty = 0.0 (not applied: no matched indicator is flagged ambiguous); raw = 0.0 + 0.0 + 0.0 - 3.0 - 0.0 - 0.0 = -3.0; specificity_multiplier = 1.5 (RFC 5155 specificity=very_high); final_score = max(0, -3.0) * 1.5 = 0.0"
trace_sig_0005_rfc6605,sig_0005,RFC 6605,Elliptic Curve Digital Signature Algorithm (DSA) for DNSSEC,2018-01-17T01:27:04,2012-04-01T00:00:00,true,no_match,none,0.0,0.0,,rfc6605_ecdsa_algorithm; rfc6605_ecdsa_on_key_or_signature,,rfc6605_ecdsa_algorithm,,,1,2,,"RFC 6605 does not explain signal sig_0005: the required indicator rfc6605_ecdsa_algorithm failed because algorithm=8 is not in [13, 14]. The observation on 2018-01-17T01:27:04 is 2117 days after RFC 6605's publication on 2012-04-01, so the timestamp is valid. Score 0.0 (none): no required indicator matched, so there is nothing to score.","base_indicator_score = 0.0 (matched required indicators: none); optional_match_bonus = 0.0 = 0.0 x 0.5 (matched optional indicators: none); required_match_bonus = 0.0 (not awarded: 1 evaluable required indicator(s), the bonus needs at least 2); missing_required_penalty = 3.0 = 3.0 x 1 (required indicators evaluated but not matched: rfc6605_ecdsa_algorithm); partial_match_penalty = 0.0 (not applied: no required indicator matched, so this is not a partial match); ambiguity_penalty = 0.0 (not applied: no matched indicator is flagged ambiguous); raw = 0.0 + 0.0 + 0.0 - 3.0 - 0.0 - 0.0 = -3.0; specificity_multiplier = 1.25 (RFC 6605 specificity=high); final_score = max(0, -3.0) * 1.25 = 0.0"
trace_sig_0005_rfc7344,sig_0005,RFC 7344,Automating DNSSEC Delegation Trust Maintenance,2018-01-17T01:27:04,2014-09-01T00:00:00,true,no_match,none,0.0,0.0,,rfc7344_cds_cdnskey_present; rfc7344_cds_publishes_digest,,rfc7344_cds_cdnskey_present,,,1,2,,"RFC 7344 does not explain signal sig_0005: the required indicator rfc7344_cds_cdnskey_present failed because rr_type=DS is not in [CDS, CDNSKEY]. The observation on 2018-01-17T01:27:04 is 1234 days after RFC 7344's publication on 2014-09-01, so the timestamp is valid. Score 0.0 (none): no required indicator matched, so there is nothing to score.","base_indicator_score = 0.0 (matched required indicators: none); optional_match_bonus = 0.0 = 0.0 x 0.5 (matched optional indicators: none); required_match_bonus = 0.0 (not awarded: 1 evaluable required indicator(s), the bonus needs at least 2); missing_required_penalty = 3.0 = 3.0 x 1 (required indicators evaluated but not matched: rfc7344_cds_cdnskey_present); partial_match_penalty = 0.0 (not applied: no required indicator matched, so this is not a partial match); ambiguity_penalty = 0.0 (not applied: no matched indicator is flagged ambiguous); raw = 0.0 + 0.0 + 0.0 - 3.0 - 0.0 - 0.0 = -3.0; specificity_multiplier = 1.25 (RFC 7344 specificity=high); final_score = max(0, -3.0) * 1.25 = 0.0"
trace_sig_0005_rfc8078,sig_0005,RFC 8078,Managing DS Records from the Parent via CDS/CDNSKEY,2018-01-17T01:27:04,2017-03-01T00:00:00,true,no_match,none,0.0,0.0,,rfc8078_cds_cdnskey_algorithm_zero; rfc8078_delete_signal_digest_zero,,rfc8078_cds_cdnskey_algorithm_zero,,,0,4,,"RFC 8078 does not explain signal sig_0005: the required indicator rfc8078_cds_cdnskey_algorithm_zero failed because rr_type=DS is not in [CDS, CDNSKEY]. The observation on 2018-01-17T01:27:04 is 322 days after RFC 8078's publication on 2017-03-01, so the timestamp is valid. Score 0.0 (none): no required indicator matched, so there is nothing to score.","base_indicator_score = 0.0 (matched required indicators: none); optional_match_bonus = 0.0 = 0.0 x 0.5 (matched optional indicators: none); required_match_bonus = 0.0 (not awarded: 1 evaluable required indicator(s), the bonus needs at least 2); missing_required_penalty = 3.0 = 3.0 x 1 (required indicators evaluated but not matched: rfc8078_cds_cdnskey_algorithm_zero); partial_match_penalty = 0.0 (not applied: no required indicator matched, so this is not a partial match); ambiguity_penalty = 0.0 (not applied: no matched indicator is flagged ambiguous); raw = 0.0 + 0.0 + 0.0 - 3.0 - 0.0 - 0.0 = -3.0; specificity_multiplier = 1.5 (RFC 8078 specificity=very_high); final_score = max(0, -3.0) * 1.5 = 0.0"
trace_sig_0005_rfc8080,sig_0005,RFC 8080,Edwards-Curve Digital Security Algorithm (EdDSA) for DNSSEC,2018-01-17T01:27:04,2017-02-01T00:00:00,true,no_match,none,0.0,0.0,,rfc8080_eddsa_algorithm; rfc8080_eddsa_on_key_or_signature,,rfc8080_eddsa_algorithm,,,1,2,,"RFC 8080 does not explain signal sig_0005: the required indicator rfc8080_eddsa_algorithm failed because algorithm=8 is not in [15, 16]. The observation on 2018-01-17T01:27:04 is 350 days after RFC 8080's publication on 2017-02-01, so the timestamp is valid. Score 0.0 (none): no required indicator matched, so there is nothing to score.","base_indicator_score = 0.0 (matched required indicators: none); optional_match_bonus = 0.0 = 0.0 x 0.5 (matched optional indicators: none); required_match_bonus = 0.0 (not awarded: 1 evaluable required indicator(s), the bonus needs at least 2); missing_required_penalty = 3.0 = 3.0 x 1 (required indicators evaluated but not matched: rfc8080_eddsa_algorithm); partial_match_penalty = 0.0 (not applied: no required indicator matched, so this is not a partial match); ambiguity_penalty = 0.0 (not applied: no matched indicator is flagged ambiguous); raw = 0.0 + 0.0 + 0.0 - 3.0 - 0.0 - 0.0 = -3.0; specificity_multiplier = 1.5 (RFC 8080 specificity=very_high); final_score = max(0, -3.0) * 1.5 = 0.0"
trace_sig_0005_rfc8624,sig_0005,RFC 8624,Algorithm Implementation Requirements and Usage Guidance for DNSSEC,2018-01-17T01:27:04,2019-06-01T00:00:00,false,partial_match,none,0.0,0.0,rfc8624_avoids_deprecated_algorithm,rfc8624_recommended_signing_algorithm,rfc8624_validator_algorithm_support,rfc8624_recommended_signing_algorithm,rr_type; validator_algorithm_support,algorithm,2,1,"Indicator rfc8624_avoids_deprecated_algorithm is flagged ambiguous: the observation it matched is equally consistent with other RFCs, so this result is an inference about policy rather than direct evidence.; Corpus availability: indicator rfc8624_validator_algorithm_support was never tested because rr_type, validator_algorithm_support are absent from the OpenINTEL dictionary. Its absence from the evidence is a measurement limitation, not a finding about the observation.; The observation also predates the RFC publication date by 500 days, but that is not why it was rejected: the indicator conditions did not hold regardless of the date, so no score was withheld.; Partial matches are candidates, not adoption evidence: at least one required indicator of this RFC was not satisfied.","RFC 8624 partially matches signal sig_0005: the optional indicator rfc8624_avoids_deprecated_algorithm passed because algorithm is present (observed 8) and algorithm=8 differs from 1 as required. The required indicator rfc8624_recommended_signing_algorithm was not satisfied: algorithm=8 is not in [13, 15]. The observation on 2018-01-17T01:27:04 predates RFC 8624's publication on 2019-06-01 by 500 days. An observation cannot evidence adoption of an RFC that did not yet exist, so the score is forfeited. Score 0.0 (none): the penalties leave a raw total of -3.5, which is clamped to 0 before the 0.75 low specificity multiplier.","base_indicator_score = 0.0 (matched required indicators: none); optional_match_bonus = 1.5 = 3.0 x 0.5 (matched optional indicators: rfc8624_avoids_deprecated_algorithm); required_match_bonus = 0.0 (not awarded: 1 evaluable required indicator(s), the bonus needs at least 2); missing_required_penalty = 3.0 = 3.0 x 1 (required indicators evaluated but not matched: rfc8624_recommended_signing_algorithm); partial_match_penalty = 0.0 (not applied: no required indicator matched, so this is not a partial match); ambiguity_penalty = 2.0 (applied: matched indicators flagged ambiguous: rfc8624_avoids_deprecated_algorithm); raw = 0.0 + 0.0 + 1.5 - 3.0 - 0.0 - 2.0 = -3.5; specificity_multiplier = 0.75 (RFC 8624 specificity=low); final_score = max(0, -3.5) * 0.75 = 0.0; note: 1 indicator (rfc8624_validator_algorithm_support) could not be tested against the OpenINTEL corpus and was excluded from every term above, neither earning weight nor incurring a penalty"
trace_sig_0006_rfc6605,sig_0006,RFC 6605,Elliptic Curve Digital Signature Algorithm (DSA) for DNSSEC,2018-01-18T05:59:37,2012-04-01T00:00:00,true,valid_match,very_high,13.125,0.0,rfc6605_ecdsa_algorithm; rfc6605_ecdsa_on_key_or_signature,,,,,algorithm; rr_type,3,0,,"RFC 6605 matched signal sig_0006: the required indicator rfc6605_ecdsa_algorithm passed because algorithm=13 is in [13, 14]. Corroborating indicators also matched: rfc6605_ecdsa_on_key_or_signature. The observation on 2018-01-18T05:59:37 is 2118 days after RFC 6605's publication on 2012-04-01, so the timestamp is valid. Score 13.125 (very_high) = (9.0 required + 1.5 optional) x 1.25 high specificity.","base_indicator_score = 9.0 (matched required indicators: rfc6605_ecdsa_algorithm); optional_match_bonus = 1.5 = 3.0 x 0.5 (matched optional indicators: rfc6605_ecdsa_on_key_or_signature); required_match_bonus = 0.0 (not awarded: 1 evaluable required indicator(s), the bonus needs at least 2); missing_required_penalty = 0.0 = 3.0 x 0 (required indicators evaluated but not matched: none); partial_match_penalty = 0.0 (not applied: every evaluable required indicator matched); ambiguity_penalty = 0.0 (not applied: no matched indicator is flagged ambiguous); raw = 9.0 + 0.0 + 1.5 - 0.0 - 0.0 - 0.0 = 10.5; specificity_multiplier = 1.25 (RFC 6605 specificity=high); final_score = max(0, 10.5) * 1.25 = 13.125"
trace_sig_0006_rfc4033,sig_0006,RFC 4033,DNS Security Introduction and Requirements (DNSSEC base: RFC 4033/4034/4035),2018-01-18T05:59:37,2005-03-01T00:00:00,true,valid_match,low,3.75,0.0,rfc4033_base_dnssec_record_present; rfc4033_dnssec_algorithm_present,rfc4033_dnssec_ok_negotiated,,,dnssec_ok_flag,algorithm; rr_type,3,1,"Indicator rfc4033_dnssec_ok_negotiated is only partially queryable: part of its signature depends on fields the corpus does not export, so it was evaluated on incomplete data.; Indicator rfc4033_dnssec_ok_negotiated was only partially evaluated: 1 condition(s) were tested and 1 could not be, because the observation carries no value for dnssec_ok_flag.; Fields absent from this observation: dnssec_ok_flag. Every condition over them failed by construction; absence is not evidence either way.","RFC 4033 matched signal sig_0006: the required indicator rfc4033_base_dnssec_record_present passed because rr_type=DS is in [DNSKEY, DS, RRSIG, NSEC]. Corroborating indicators also matched: rfc4033_dnssec_algorithm_present. Indicator rfc4033_dnssec_ok_negotiated did not match: field 'dnssec_ok_flag' is absent from this observation, so the condition 'dnssec_ok_flag must equal true' could not be satisfied (absence is not evidence). The observation on 2018-01-18T05:59:37 is 4706 days after RFC 4033's publication on 2005-03-01, so the timestamp is valid. Score 3.75 (low) = (4.0 required + 1.0 optional) x 0.75 low specificity.","base_indicator_score = 4.0 (matched required indicators: rfc4033_base_dnssec_record_present); optional_match_bonus = 1.0 = 2.0 x 0.5 (matched optional indicators: rfc4033_dnssec_algorithm_present); required_match_bonus = 0.0 (not awarded: 1 evaluable required indicator(s), the bonus needs at least 2); missing_required_penalty = 0.0 = 3.0 x 0 (required indicators evaluated but not matched: none); partial_match_penalty = 0.0 (not applied: every evaluable required indicator matched); ambiguity_penalty = 0.0 (not applied: no matched indicator is flagged ambiguous); raw = 4.0 + 0.0 + 1.0 - 0.0 - 0.0 - 0.0 = 5.0; specificity_multiplier = 0.75 (RFC 4033 specificity=low); final_score = max(0, 5.0) * 0.75 = 3.75"
trace_sig_0006_rfc4509,sig_0006,RFC 4509,Use of SHA-256 in DNSSEC Delegation Signer (DS) Resource Records,2018-01-18T05:59:37,2006-05-01T00:00:00,true,no_match,none,0.0,0.0,,rfc4509_ds_sha256_digest,,rfc4509_ds_sha256_digest,,,1,1,,"RFC 4509 does not explain signal sig_0006: the required indicator rfc4509_ds_sha256_digest failed because digest_type=1 does not equal the expected value 2. The observation on 2018-01-18T05:59:37 is 4280 days after RFC 4509's publication on 2006-05-01, so the timestamp is valid. Score 0.0 (none): no required indicator matched, so there is nothing to score.","base_indicator_score = 0.0 (matched required indicators: none); optional_match_bonus = 0.0 = 0.0 x 0.5 (matched optional indicators: none); required_match_bonus = 0.0 (not awarded: 1 evaluable required indicator(s), the bonus needs at least 2); missing_required_penalty = 3.0 = 3.0 x 1 (required indicators evaluated but not matched: rfc4509_ds_sha256_digest); partial_match_penalty = 0.0 (not applied: no required indicator matched, so this is not a partial match); ambiguity_penalty = 0.0 (not applied: no matched indicator is flagged ambiguous); raw = 0.0 + 0.0 + 0.0 - 3.0 - 0.0 - 0.0 = -3.0; specificity_multiplier = 1.25 (RFC 4509 specificity=high); final_score = max(0, -3.0) * 1.25 = 0.0"
trace_sig_0006_rfc5155,sig_0006,RFC 5155,DNS Security (DNSSEC) Hashed Authenticated Denial of Existence,2018-01-18T05:59:37,2008-03-01T00:00:00,true,no_match,none,0.0,0.0,,rfc5155_nsec3_hash_algorithm; rfc5155_nsec3_record_present,,rfc5155_nsec3_record_present,,,1,2,,"RFC 5155 does not explain signal sig_0006: the required indicator rfc5155_nsec3_record_present failed because rr_type=DS is not in [NSEC3, NSEC3PARAM]. The observation on 2018-01-18T05:59:37 is 3610 days after RFC 5155's publication on 2008-03-01, so the timestamp is valid. Score 0.0 (none): no required indicator matched, so there is nothing to score.","base_indicator_score = 0.0 (matched required indicators: none); optional_match_bonus = 0.0 = 0.0 x 0.5 (matched optional indicators: none); required_match_bonus = 0.0 (not awarded: 1 evaluable required indicator(s), the bonus needs at least 2); missing_required_penalty = 3.0 = 3.0 x 1 (required indicators evaluated but not matched: rfc5155_nsec3_record_present); partial_match_penalty = 0.0 (not applied: no required indicator matched, so this is not a partial match); ambiguity_penalty = 0.0 (not applied: no matched indicator is flagged ambiguous); raw = 0.0 + 0.0 + 0.0 - 3.0 - 0.0 - 0.0 = -3.0; specificity_multiplier = 1.5 (RFC 5155 specificity=very_high); final_score = max(0, -3.0) * 1.5 = 0.0"
trace_sig_0006_rfc7344,sig_0006,RFC 7344,Automating DNSSEC Delegation Trust Maintenance,2018-01-18T05:59:37,2014-09-01T00:00:00,true,no_match,none,0.0,0.0,,rfc7344_cds_cdnskey_present; rfc7344_cds_publishes_digest,,rfc7344_cds_cdnskey_present,,,1,2,,"RFC 7344 does not explain signal sig_0006: the required indicator rfc7344_cds_cdnskey_present failed because rr_type=DS is not in [CDS, CDNSKEY]. The observation on 2018-01-18T05:59:37 is 1235 days after RFC 7344's publication on 2014-09-01, so the timestamp is valid. Score 0.0 (none): no required indicator matched, so there is nothing to score.","base_indicator_score = 0.0 (matched required indicators: none); optional_match_bonus = 0.0 = 0.0 x 0.5 (matched optional indicators: none); required_match_bonus = 0.0 (not awarded: 1 evaluable required indicator(s), the bonus needs at least 2); missing_required_penalty = 3.0 = 3.0 x 1 (required indicators evaluated but not matched: rfc7344_cds_cdnskey_present); partial_match_penalty = 0.0 (not applied: no required indicator matched, so this is not a partial match); ambiguity_penalty = 0.0 (not applied: no matched indicator is flagged ambiguous); raw = 0.0 + 0.0 + 0.0 - 3.0 - 0.0 - 0.0 = -3.0; specificity_multiplier = 1.25 (RFC 7344 specificity=high); final_score = max(0, -3.0) * 1.25 = 0.0"
trace_sig_0006_rfc8078,sig_0006,RFC 8078,Managing DS Records from the Parent via CDS/CDNSKEY,2018-01-18T05:59:37,2017-03-01T00:00:00,true,no_match,none,0.0,0.0,,rfc8078_cds_cdnskey_algorithm_zero; rfc8078_delete_signal_digest_zero,,rfc8078_cds_cdnskey_algorithm_zero,,,0,4,,"RFC 8078 does not explain signal sig_0006: the required indicator rfc8078_cds_cdnskey_algorithm_zero failed because rr_type=DS is not in [CDS, CDNSKEY]. The observation on 2018-01-18T05:59:37 is 323 days after RFC 8078's publication on 2017-03-01, so the timestamp is valid. Score 0.0 (none): no required indicator matched, so there is nothing to score.","base_indicator_score = 0.0 (matched required indicators: none); optional_match_bonus = 0.0 = 0.0 x 0.5 (matched optional indicators: none); required_match_bonus = 0.0 (not awarded: 1 evaluable required indicator(s), the bonus needs at least 2); missing_required_penalty = 3.0 = 3.0 x 1 (required indicators evaluated but not matched: rfc8078_cds_cdnskey_algorithm_zero); partial_match_penalty = 0.0 (not applied: no required indicator matched, so this is not a partial match); ambiguity_penalty = 0.0 (not applied: no matched indicator is flagged ambiguous); raw = 0.0 + 0.0 + 0.0 - 3.0 - 0.0 - 0.0 = -3.0; specificity_multiplier = 1.5 (RFC 8078 specificity=very_high); final_score = max(0, -3.0) * 1.5 = 0.0"
trace_sig_0006_rfc8080,sig_0006,RFC 8080,Edwards-Curve Digital Security Algorithm (EdDSA) for DNSSEC,2018-01-18T05:59:37,2017-02-01T00:00:00,true,no_match,none,0.0,0.0,,rfc8080_eddsa_algorithm; rfc8080_eddsa_on_key_or_signature,,rfc8080_eddsa_algorithm,,,1,2,,"RFC 8080 does not explain signal sig_0006: the required indicator rfc8080_eddsa_algorithm failed because algorithm=13 is not in [15, 16]. The observation on 2018-01-18T05:59:37 is 351 days after RFC 8080's publication on 2017-02-01, so the timestamp is valid. Score 0.0 (none): no required indicator matched, so there is nothing to score.","base_indicator_score = 0.0 (matched required indicators: none); optional_match_bonus = 0.0 = 0.0 x 0.5 (matched optional indicators: none); required_match_bonus = 0.0 (not awarded: 1 evaluable required indicator(s), the bonus needs at least 2); missing_required_penalty = 3.0 = 3.0 x 1 (required indicators evaluated but not matched: rfc8080_eddsa_algorithm); partial_match_penalty = 0.0 (not applied: no required indicator matched, so this is not a partial match); ambiguity_penalty = 0.0 (not applied: no matched indicator is flagged ambiguous); raw = 0.0 + 0.0 + 0.0 - 3.0 - 0.0 - 0.0 = -3.0; specificity_multiplier = 1.5 (RFC 8080 specificity=very_high); final_score = max(0, -3.0) * 1.5 = 0.0"
trace_sig_0006_rfc8624,sig_0006,RFC 8624,Algorithm Implementation Requirements and Usage Guidance for DNSSEC,2018-01-18T05:59:37,2019-06-01T00:00:00,false,timestamp_invalid,none,0.0,3.375,rfc8624_avoids_deprecated_algorithm; rfc8624_recommended_signing_algorithm,,rfc8624_validator_algorithm_support,,rr_type; validator_algorithm_support,algorithm,3,0,"Indicator rfc8624_recommended_signing_algorithm is flagged ambiguous: the observation it matched is equally consistent with other RFCs, so this result is an inference about policy rather than direct evidence.; Indicator rfc8624_avoids_deprecated_algorithm is flagged ambiguous: the observation it matched is equally consistent with other RFCs, so this result is an inference about policy rather than direct evidence.; Corpus availability: indicator rfc8624_validator_algorithm_support was never tested because rr_type, validator_algorithm_support are absent from the OpenINTEL dictionary. Its absence from the evidence is a measurement limitation, not a finding about the observation.; The observation predates the RFC publication date by 499 days, so any score it would have earned is withheld and the case needs human review.","RFC 8624 cannot explain signal sig_0006: although algorithm=13 satisfy the required indicator rfc8624_recommended_signing_algorithm, the observation on 2018-01-18T05:59:37 predates RFC 8624's publication on 2019-06-01 by 499 days. An observation cannot evidence adoption of an RFC that did not yet exist, so the score of 3.375 is forfeited and this is routed to the review queue. The withheld score derives from (5.0 required + 1.5 optional - 2.0 ambiguity penalty) x 0.75 low specificity.","base_indicator_score = 5.0 (matched required indicators: rfc8624_recommended_signing_algorithm); optional_match_bonus = 1.5 = 3.0 x 0.5 (matched optional indicators: rfc8624_avoids_deprecated_algorithm); required_match_bonus = 0.0 (not awarded: 1 evaluable required indicator(s), the bonus needs at least 2); missing_required_penalty = 0.0 = 3.0 x 0 (required indicators evaluated but not matched: none); partial_match_penalty = 0.0 (not applied: every evaluable required indicator matched); ambiguity_penalty = 2.0 (applied: matched indicators flagged ambiguous: rfc8624_avoids_deprecated_algorithm, rfc8624_recommended_signing_algorithm); raw = 5.0 + 0.0 + 1.5 - 0.0 - 0.0 - 2.0 = 4.5; specificity_multiplier = 0.75 (RFC 8624 specificity=low); final_score = max(0, 4.5) * 0.75 = 3.375; timestamp_penalty = 3.375 (the observation predates RFC 8624's publication date by 499 days, so the score is withheld); final_score = 0.0 (an observation cannot evidence adoption of an RFC that did not yet exist); note: 1 indicator (rfc8624_validator_algorithm_support) could not be tested against the OpenINTEL corpus and was excluded from every term above, neither earning weight nor incurring a penalty"
trace_sig_0007_rfc4033,sig_0007,RFC 4033,DNS Security Introduction and Requirements (DNSSEC base: RFC 4033/4034/4035),2018-01-24T04:47:30,2005-03-01T00:00:00,true,valid_match,low,3.75,0.0,rfc4033_base_dnssec_record_present; rfc4033_dnssec_algorithm_present,rfc4033_dnssec_ok_negotiated,,,dnssec_ok_flag,algorithm; rr_type,3,1,"Indicator rfc4033_dnssec_ok_negotiated is only partially queryable: part of its signature depends on fields the corpus does not export, so it was evaluated on incomplete data.; Indicator rfc4033_dnssec_ok_negotiated was only partially evaluated: 1 condition(s) were tested and 1 could not be, because the observation carries no value for dnssec_ok_flag.; Fields absent from this observation: dnssec_ok_flag. Every condition over them failed by construction; absence is not evidence either way.","RFC 4033 matched signal sig_0007: the required indicator rfc4033_base_dnssec_record_present passed because rr_type=DS is in [DNSKEY, DS, RRSIG, NSEC]. Corroborating indicators also matched: rfc4033_dnssec_algorithm_present. Indicator rfc4033_dnssec_ok_negotiated did not match: field 'dnssec_ok_flag' is absent from this observation, so the condition 'dnssec_ok_flag must equal true' could not be satisfied (absence is not evidence). The observation on 2018-01-24T04:47:30 is 4712 days after RFC 4033's publication on 2005-03-01, so the timestamp is valid. Score 3.75 (low) = (4.0 required + 1.0 optional) x 0.75 low specificity.","base_indicator_score = 4.0 (matched required indicators: rfc4033_base_dnssec_record_present); optional_match_bonus = 1.0 = 2.0 x 0.5 (matched optional indicators: rfc4033_dnssec_algorithm_present); required_match_bonus = 0.0 (not awarded: 1 evaluable required indicator(s), the bonus needs at least 2); missing_required_penalty = 0.0 = 3.0 x 0 (required indicators evaluated but not matched: none); partial_match_penalty = 0.0 (not applied: every evaluable required indicator matched); ambiguity_penalty = 0.0 (not applied: no matched indicator is flagged ambiguous); raw = 4.0 + 0.0 + 1.0 - 0.0 - 0.0 - 0.0 = 5.0; specificity_multiplier = 0.75 (RFC 4033 specificity=low); final_score = max(0, 5.0) * 0.75 = 3.75"
trace_sig_0007_rfc4509,sig_0007,RFC 4509,Use of SHA-256 in DNSSEC Delegation Signer (DS) Resource Records,2018-01-24T04:47:30,2006-05-01T00:00:00,true,no_match,none,0.0,0.0,,rfc4509_ds_sha256_digest,,rfc4509_ds_sha256_digest,,,1,1,,"RFC 4509 does not explain signal sig_0007: the required indicator rfc4509_ds_sha256_digest failed because digest_type=1 does not equal the expected value 2. The observation on 2018-01-24T04:47:30 is 4286 days after RFC 4509's publication on 2006-05-01, so the timestamp is valid. Score 0.0 (none): no required indicator matched, so there is nothing to score.","base_indicator_score = 0.0 (matched required indicators: none); optional_match_bonus = 0.0 = 0.0 x 0.5 (matched optional indicators: none); required_match_bonus = 0.0 (not awarded: 1 evaluable required indicator(s), the bonus needs at least 2); missing_required_penalty = 3.0 = 3.0 x 1 (required indicators evaluated but not matched: rfc4509_ds_sha256_digest); partial_match_penalty = 0.0 (not applied: no required indicator matched, so this is not a partial match); ambiguity_penalty = 0.0 (not applied: no matched indicator is flagged ambiguous); raw = 0.0 + 0.0 + 0.0 - 3.0 - 0.0 - 0.0 = -3.0; specificity_multiplier = 1.25 (RFC 4509 specificity=high); final_score = max(0, -3.0) * 1.25 = 0.0"
trace_sig_0007_rfc5155,sig_0007,RFC 5155,DNS Security (DNSSEC) Hashed Authenticated Denial of Existence,2018-01-24T04:47:30,2008-03-01T00:00:00,true,no_match,none,0.0,0.0,,rfc5155_nsec3_hash_algorithm; rfc5155_nsec3_record_present,,rfc5155_nsec3_record_present,,,1,2,,"RFC 5155 does not explain signal sig_0007: the required indicator rfc5155_nsec3_record_present failed because rr_type=DS is not in [NSEC3, NSEC3PARAM]. The observation on 2018-01-24T04:47:30 is 3616 days after RFC 5155's publication on 2008-03-01, so the timestamp is valid. Score 0.0 (none): no required indicator matched, so there is nothing to score.","base_indicator_score = 0.0 (matched required indicators: none); optional_match_bonus = 0.0 = 0.0 x 0.5 (matched optional indicators: none); required_match_bonus = 0.0 (not awarded: 1 evaluable required indicator(s), the bonus needs at least 2); missing_required_penalty = 3.0 = 3.0 x 1 (required indicators evaluated but not matched: rfc5155_nsec3_record_present); partial_match_penalty = 0.0 (not applied: no required indicator matched, so this is not a partial match); ambiguity_penalty = 0.0 (not applied: no matched indicator is flagged ambiguous); raw = 0.0 + 0.0 + 0.0 - 3.0 - 0.0 - 0.0 = -3.0; specificity_multiplier = 1.5 (RFC 5155 specificity=very_high); final_score = max(0, -3.0) * 1.5 = 0.0"
trace_sig_0007_rfc6605,sig_0007,RFC 6605,Elliptic Curve Digital Signature Algorithm (DSA) for DNSSEC,2018-01-24T04:47:30,2012-04-01T00:00:00,true,no_match,none,0.0,0.0,,rfc6605_ecdsa_algorithm; rfc6605_ecdsa_on_key_or_signature,,rfc6605_ecdsa_algorithm,,,1,2,,"RFC 6605 does not explain signal sig_0007: the required indicator rfc6605_ecdsa_algorithm failed because algorithm=8 is not in [13, 14]. The observation on 2018-01-24T04:47:30 is 2124 days after RFC 6605's publication on 2012-04-01, so the timestamp is valid. Score 0.0 (none): no required indicator matched, so there is nothing to score.","base_indicator_score = 0.0 (matched required indicators: none); optional_match_bonus = 0.0 = 0.0 x 0.5 (matched optional indicators: none); required_match_bonus = 0.0 (not awarded: 1 evaluable required indicator(s), the bonus needs at least 2); missing_required_penalty = 3.0 = 3.0 x 1 (required indicators evaluated but not matched: rfc6605_ecdsa_algorithm); partial_match_penalty = 0.0 (not applied: no required indicator matched, so this is not a partial match); ambiguity_penalty = 0.0 (not applied: no matched indicator is flagged ambiguous); raw = 0.0 + 0.0 + 0.0 - 3.0 - 0.0 - 0.0 = -3.0; specificity_multiplier = 1.25 (RFC 6605 specificity=high); final_score = max(0, -3.0) * 1.25 = 0.0"
trace_sig_0007_rfc7344,sig_0007,RFC 7344,Automating DNSSEC Delegation Trust Maintenance,2018-01-24T04:47:30,2014-09-01T00:00:00,true,no_match,none,0.0,0.0,,rfc7344_cds_cdnskey_present; rfc7344_cds_publishes_digest,,rfc7344_cds_cdnskey_present,,,1,2,,"RFC 7344 does not explain signal sig_0007: the required indicator rfc7344_cds_cdnskey_present failed because rr_type=DS is not in [CDS, CDNSKEY]. The observation on 2018-01-24T04:47:30 is 1241 days after RFC 7344's publication on 2014-09-01, so the timestamp is valid. Score 0.0 (none): no required indicator matched, so there is nothing to score.","base_indicator_score = 0.0 (matched required indicators: none); optional_match_bonus = 0.0 = 0.0 x 0.5 (matched optional indicators: none); required_match_bonus = 0.0 (not awarded: 1 evaluable required indicator(s), the bonus needs at least 2); missing_required_penalty = 3.0 = 3.0 x 1 (required indicators evaluated but not matched: rfc7344_cds_cdnskey_present); partial_match_penalty = 0.0 (not applied: no required indicator matched, so this is not a partial match); ambiguity_penalty = 0.0 (not applied: no matched indicator is flagged ambiguous); raw = 0.0 + 0.0 + 0.0 - 3.0 - 0.0 - 0.0 = -3.0; specificity_multiplier = 1.25 (RFC 7344 specificity=high); final_score = max(0, -3.0) * 1.25 = 0.0"
trace_sig_0007_rfc8078,sig_0007,RFC 8078,Managing DS Records from the Parent via CDS/CDNSKEY,2018-01-24T04:47:30,2017-03-01T00:00:00,true,no_match,none,0.0,0.0,,rfc8078_cds_cdnskey_algorithm_zero; rfc8078_delete_signal_digest_zero,,rfc8078_cds_cdnskey_algorithm_zero,,,0,4,,"RFC 8078 does not explain signal sig_0007: the required indicator rfc8078_cds_cdnskey_algorithm_zero failed because rr_type=DS is not in [CDS, CDNSKEY]. The observation on 2018-01-24T04:47:30 is 329 days after RFC 8078's publication on 2017-03-01, so the timestamp is valid. Score 0.0 (none): no required indicator matched, so there is nothing to score.","base_indicator_score = 0.0 (matched required indicators: none); optional_match_bonus = 0.0 = 0.0 x 0.5 (matched optional indicators: none); required_match_bonus = 0.0 (not awarded: 1 evaluable required indicator(s), the bonus needs at least 2); missing_required_penalty = 3.0 = 3.0 x 1 (required indicators evaluated but not matched: rfc8078_cds_cdnskey_algorithm_zero); partial_match_penalty = 0.0 (not applied: no required indicator matched, so this is not a partial match); ambiguity_penalty = 0.0 (not applied: no matched indicator is flagged ambiguous); raw = 0.0 + 0.0 + 0.0 - 3.0 - 0.0 - 0.0 = -3.0; specificity_multiplier = 1.5 (RFC 8078 specificity=very_high); final_score = max(0, -3.0) * 1.5 = 0.0"
trace_sig_0007_rfc8080,sig_0007,RFC 8080,Edwards-Curve Digital Security Algorithm (EdDSA) for DNSSEC,2018-01-24T04:47:30,2017-02-01T00:00:00,true,no_match,none,0.0,0.0,,rfc8080_eddsa_algorithm; rfc8080_eddsa_on_key_or_signature,,rfc8080_eddsa_algorithm,,,1,2,,"RFC 8080 does not explain signal sig_0007: the required indicator rfc8080_eddsa_algorithm failed because algorithm=8 is not in [15, 16]. The observation on 2018-01-24T04:47:30 is 357 days after RFC 8080's publication on 2017-02-01, so the timestamp is valid. Score 0.0 (none): no required indicator matched, so there is nothing to score.","base_indicator_score = 0.0 (matched required indicators: none); optional_match_bonus = 0.0 = 0.0 x 0.5 (matched optional indicators: none); required_match_bonus = 0.0 (not awarded: 1 evaluable required indicator(s), the bonus needs at least 2); missing_required_penalty = 3.0 = 3.0 x 1 (required indicators evaluated but not matched: rfc8080_eddsa_algorithm); partial_match_penalty = 0.0 (not applied: no required indicator matched, so this is not a partial match); ambiguity_penalty = 0.0 (not applied: no matched indicator is flagged ambiguous); raw = 0.0 + 0.0 + 0.0 - 3.0 - 0.0 - 0.0 = -3.0; specificity_multiplier = 1.5 (RFC 8080 specificity=very_high); final_score = max(0, -3.0) * 1.5 = 0.0"
trace_sig_0007_rfc8624,sig_0007,RFC 8624,Algorithm Implementation Requirements and Usage Guidance for DNSSEC,2018-01-24T04:47:30,2019-06-01T00:00:00,false,partial_match,none,0.0,0.0,rfc8624_avoids_deprecated_algorithm,rfc8624_recommended_signing_algorithm,rfc8624_validator_algorithm_support,rfc8624_recommended_signing_algorithm,rr_type; validator_algorithm_support,algorithm,2,1,"Indicator rfc8624_avoids_deprecated_algorithm is flagged ambiguous: the observation it matched is equally consistent with other RFCs, so this result is an inference about policy rather than direct evidence.; Corpus availability: indicator rfc8624_validator_algorithm_support was never tested because rr_type, validator_algorithm_support are absent from the OpenINTEL dictionary. Its absence from the evidence is a measurement limitation, not a finding about the observation.; The observation also predates the RFC publication date by 493 days, but that is not why it was rejected: the indicator conditions did not hold regardless of the date, so no score was withheld.; Partial matches are candidates, not adoption evidence: at least one required indicator of this RFC was not satisfied.","RFC 8624 partially matches signal sig_0007: the optional indicator rfc8624_avoids_deprecated_algorithm passed because algorithm is present (observed 8) and algorithm=8 differs from 1 as required. The required indicator rfc8624_recommended_signing_algorithm was not satisfied: algorithm=8 is not in [13, 15]. The observation on 2018-01-24T04:47:30 predates RFC 8624's publication on 2019-06-01 by 493 days. An observation cannot evidence adoption of an RFC that did not yet exist, so the score is forfeited. Score 0.0 (none): the penalties leave a raw total of -3.5, which is clamped to 0 before the 0.75 low specificity multiplier.","base_indicator_score = 0.0 (matched required indicators: none); optional_match_bonus = 1.5 = 3.0 x 0.5 (matched optional indicators: rfc8624_avoids_deprecated_algorithm); required_match_bonus = 0.0 (not awarded: 1 evaluable required indicator(s), the bonus needs at least 2); missing_required_penalty = 3.0 = 3.0 x 1 (required indicators evaluated but not matched: rfc8624_recommended_signing_algorithm); partial_match_penalty = 0.0 (not applied: no required indicator matched, so this is not a partial match); ambiguity_penalty = 2.0 (applied: matched indicators flagged ambiguous: rfc8624_avoids_deprecated_algorithm); raw = 0.0 + 0.0 + 1.5 - 3.0 - 0.0 - 2.0 = -3.5; specificity_multiplier = 0.75 (RFC 8624 specificity=low); final_score = max(0, -3.5) * 0.75 = 0.0; note: 1 indicator (rfc8624_validator_algorithm_support) could not be tested against the OpenINTEL corpus and was excluded from every term above, neither earning weight nor incurring a penalty"
trace_sig_0008_rfc4509,sig_0008,RFC 4509,Use of SHA-256 in DNSSEC Delegation Signer (DS) Resource Records,2018-02-11T02:33:44,2006-05-01T00:00:00,true,valid_match,high,11.25,0.0,rfc4509_ds_sha256_digest,,,,,digest_type; rr_type,2,0,,"RFC 4509 matched signal sig_0008: the required indicator rfc4509_ds_sha256_digest passed because rr_type=DS is in [DS, CDS] and digest_type=2 equals the expected value 2. The observation on 2018-02-11T02:33:44 is 4304 days after RFC 4509's publication on 2006-05-01, so the timestamp is valid. Score 11.25 (high) = (9.0 required) x 1.25 high specificity.","base_indicator_score = 9.0 (matched required indicators: rfc4509_ds_sha256_digest); optional_match_bonus = 0.0 = 0.0 x 0.5 (matched optional indicators: none); required_match_bonus = 0.0 (not awarded: 1 evaluable required indicator(s), the bonus needs at least 2); missing_required_penalty = 0.0 = 3.0 x 0 (required indicators evaluated but not matched: none); partial_match_penalty = 0.0 (not applied: every evaluable required indicator matched); ambiguity_penalty = 0.0 (not applied: no matched indicator is flagged ambiguous); raw = 9.0 + 0.0 + 0.0 - 0.0 - 0.0 - 0.0 = 9.0; specificity_multiplier = 1.25 (RFC 4509 specificity=high); final_score = max(0, 9.0) * 1.25 = 11.25"
trace_sig_0008_rfc4033,sig_0008,RFC 4033,DNS Security Introduction and Requirements (DNSSEC base: RFC 4033/4034/4035),2018-02-11T02:33:44,2005-03-01T00:00:00,true,valid_match,low,3.75,0.0,rfc4033_base_dnssec_record_present; rfc4033_dnssec_algorithm_present,rfc4033_dnssec_ok_negotiated,,,dnssec_ok_flag,algorithm; rr_type,3,1,"Indicator rfc4033_dnssec_ok_negotiated is only partially queryable: part of its signature depends on fields the corpus does not export, so it was evaluated on incomplete data.; Indicator rfc4033_dnssec_ok_negotiated was only partially evaluated: 1 condition(s) were tested and 1 could not be, because the observation carries no value for dnssec_ok_flag.; Fields absent from this observation: dnssec_ok_flag. Every condition over them failed by construction; absence is not evidence either way.","RFC 4033 matched signal sig_0008: the required indicator rfc4033_base_dnssec_record_present passed because rr_type=DS is in [DNSKEY, DS, RRSIG, NSEC]. Corroborating indicators also matched: rfc4033_dnssec_algorithm_present. Indicator rfc4033_dnssec_ok_negotiated did not match: field 'dnssec_ok_flag' is absent from this observation, so the condition 'dnssec_ok_flag must equal true' could not be satisfied (absence is not evidence). The observation on 2018-02-11T02:33:44 is 4730 days after RFC 4033's publication on 2005-03-01, so the timestamp is valid. Score 3.75 (low) = (4.0 required + 1.0 optional) x 0.75 low specificity.","base_indicator_score = 4.0 (matched required indicators: rfc4033_base_dnssec_record_present); optional_match_bonus = 1.0 = 2.0 x 0.5 (matched optional indicators: rfc4033_dnssec_algorithm_present); required_match_bonus = 0.0 (not awarded: 1 evaluable required indicator(s), the bonus needs at least 2); missing_required_penalty = 0.0 = 3.0 x 0 (required indicators evaluated but not matched: none); partial_match_penalty = 0.0 (not applied: every evaluable required indicator matched); ambiguity_penalty = 0.0 (not applied: no matched indicator is flagged ambiguous); raw = 4.0 + 0.0 + 1.0 - 0.0 - 0.0 - 0.0 = 5.0; specificity_multiplier = 0.75 (RFC 4033 specificity=low); final_score = max(0, 5.0) * 0.75 = 3.75"
trace_sig_0008_rfc5155,sig_0008,RFC 5155,DNS Security (DNSSEC) Hashed Authenticated Denial of Existence,2018-02-11T02:33:44,2008-03-01T00:00:00,true,no_match,none,0.0,0.0,,rfc5155_nsec3_hash_algorithm; rfc5155_nsec3_record_present,,rfc5155_nsec3_record_present,,,1,2,,"RFC 5155 does not explain signal sig_0008: the required indicator rfc5155_nsec3_record_present failed because rr_type=DS is not in [NSEC3, NSEC3PARAM]. The observation on 2018-02-11T02:33:44 is 3634 days after RFC 5155's publication on 2008-03-01, so the timestamp is valid. Score 0.0 (none): no required indicator matched, so there is nothing to score.","base_indicator_score = 0.0 (matched required indicators: none); optional_match_bonus = 0.0 = 0.0 x 0.5 (matched optional indicators: none); required_match_bonus = 0.0 (not awarded: 1 evaluable required indicator(s), the bonus needs at least 2); missing_required_penalty = 3.0 = 3.0 x 1 (required indicators evaluated but not matched: rfc5155_nsec3_record_present); partial_match_penalty = 0.0 (not applied: no required indicator matched, so this is not a partial match); ambiguity_penalty = 0.0 (not applied: no matched indicator is flagged ambiguous); raw = 0.0 + 0.0 + 0.0 - 3.0 - 0.0 - 0.0 = -3.0; specificity_multiplier = 1.5 (RFC 5155 specificity=very_high); final_score = max(0, -3.0) * 1.5 = 0.0"
trace_sig_0008_rfc6605,sig_0008,RFC 6605,Elliptic Curve Digital Signature Algorithm (DSA) for DNSSEC,2018-02-11T02:33:44,2012-04-01T00:00:00,true,no_match,none,0.0,0.0,,rfc6605_ecdsa_algorithm; rfc6605_ecdsa_on_key_or_signature,,rfc6605_ecdsa_algorithm,,,1,2,,"RFC 6605 does not explain signal sig_0008: the required indicator rfc6605_ecdsa_algorithm failed because algorithm=8 is not in [13, 14]. The observation on 2018-02-11T02:33:44 is 2142 days after RFC 6605's publication on 2012-04-01, so the timestamp is valid. Score 0.0 (none): no required indicator matched, so there is nothing to score.","base_indicator_score = 0.0 (matched required indicators: none); optional_match_bonus = 0.0 = 0.0 x 0.5 (matched optional indicators: none); required_match_bonus = 0.0 (not awarded: 1 evaluable required indicator(s), the bonus needs at least 2); missing_required_penalty = 3.0 = 3.0 x 1 (required indicators evaluated but not matched: rfc6605_ecdsa_algorithm); partial_match_penalty = 0.0 (not applied: no required indicator matched, so this is not a partial match); ambiguity_penalty = 0.0 (not applied: no matched indicator is flagged ambiguous); raw = 0.0 + 0.0 + 0.0 - 3.0 - 0.0 - 0.0 = -3.0; specificity_multiplier = 1.25 (RFC 6605 specificity=high); final_score = max(0, -3.0) * 1.25 = 0.0"
trace_sig_0008_rfc7344,sig_0008,RFC 7344,Automating DNSSEC Delegation Trust Maintenance,2018-02-11T02:33:44,2014-09-01T00:00:00,true,no_match,none,0.0,0.0,,rfc7344_cds_cdnskey_present; rfc7344_cds_publishes_digest,,rfc7344_cds_cdnskey_present,,,1,2,,"RFC 7344 does not explain signal sig_0008: the required indicator rfc7344_cds_cdnskey_present failed because rr_type=DS is not in [CDS, CDNSKEY]. The observation on 2018-02-11T02:33:44 is 1259 days after RFC 7344's publication on 2014-09-01, so the timestamp is valid. Score 0.0 (none): no required indicator matched, so there is nothing to score.","base_indicator_score = 0.0 (matched required indicators: none); optional_match_bonus = 0.0 = 0.0 x 0.5 (matched optional indicators: none); required_match_bonus = 0.0 (not awarded: 1 evaluable required indicator(s), the bonus needs at least 2); missing_required_penalty = 3.0 = 3.0 x 1 (required indicators evaluated but not matched: rfc7344_cds_cdnskey_present); partial_match_penalty = 0.0 (not applied: no required indicator matched, so this is not a partial match); ambiguity_penalty = 0.0 (not applied: no matched indicator is flagged ambiguous); raw = 0.0 + 0.0 + 0.0 - 3.0 - 0.0 - 0.0 = -3.0; specificity_multiplier = 1.25 (RFC 7344 specificity=high); final_score = max(0, -3.0) * 1.25 = 0.0"
trace_sig_0008_rfc8078,sig_0008,RFC 8078,Managing DS Records from the Parent via CDS/CDNSKEY,2018-02-11T02:33:44,2017-03-01T00:00:00,true,no_match,none,0.0,0.0,,rfc8078_cds_cdnskey_algorithm_zero; rfc8078_delete_signal_digest_zero,,rfc8078_cds_cdnskey_algorithm_zero,,,0,4,,"RFC 8078 does not explain signal sig_0008: the required indicator rfc8078_cds_cdnskey_algorithm_zero failed because rr_type=DS is not in [CDS, CDNSKEY]. The observation on 2018-02-11T02:33:44 is 347 days after RFC 8078's publication on 2017-03-01, so the timestamp is valid. Score 0.0 (none): no required indicator matched, so there is nothing to score.","base_indicator_score = 0.0 (matched required indicators: none); optional_match_bonus = 0.0 = 0.0 x 0.5 (matched optional indicators: none); required_match_bonus = 0.0 (not awarded: 1 evaluable required indicator(s), the bonus needs at least 2); missing_required_penalty = 3.0 = 3.0 x 1 (required indicators evaluated but not matched: rfc8078_cds_cdnskey_algorithm_zero); partial_match_penalty = 0.0 (not applied: no required indicator matched, so this is not a partial match); ambiguity_penalty = 0.0 (not applied: no matched indicator is flagged ambiguous); raw = 0.0 + 0.0 + 0.0 - 3.0 - 0.0 - 0.0 = -3.0; specificity_multiplier = 1.5 (RFC 8078 specificity=very_high); final_score = max(0, -3.0) * 1.5 = 0.0"
trace_sig_0008_rfc8080,sig_0008,RFC 8080,Edwards-Curve Digital Security Algorithm (EdDSA) for DNSSEC,2018-02-11T02:33:44,2017-02-01T00:00:00,true,no_match,none,0.0,0.0,,rfc8080_eddsa_algorithm; rfc8080_eddsa_on_key_or_signature,,rfc8080_eddsa_algorithm,,,1,2,,"RFC 8080 does not explain signal sig_0008: the required indicator rfc8080_eddsa_algorithm failed because algorithm=8 is not in [15, 16]. The observation on 2018-02-11T02:33:44 is 375 days after RFC 8080's publication on 2017-02-01, so the timestamp is valid. Score 0.0 (none): no required indicator matched, so there is nothing to score.","base_indicator_score = 0.0 (matched required indicators: none); optional_match_bonus = 0.0 = 0.0 x 0.5 (matched optional indicators: none); required_match_bonus = 0.0 (not awarded: 1 evaluable required indicator(s), the bonus needs at least 2); missing_required_penalty = 3.0 = 3.0 x 1 (required indicators evaluated but not matched: rfc8080_eddsa_algorithm); partial_match_penalty = 0.0 (not applied: no required indicator matched, so this is not a partial match); ambiguity_penalty = 0.0 (not applied: no matched indicator is flagged ambiguous); raw = 0.0 + 0.0 + 0.0 - 3.0 - 0.0 - 0.0 = -3.0; specificity_multiplier = 1.5 (RFC 8080 specificity=very_high); final_score = max(0, -3.0) * 1.5 = 0.0"
trace_sig_0008_rfc8624,sig_0008,RFC 8624,Algorithm Implementation Requirements and Usage Guidance for DNSSEC,2018-02-11T02:33:44,2019-06-01T00:00:00,false,partial_match,none,0.0,0.0,rfc8624_avoids_deprecated_algorithm,rfc8624_recommended_signing_algorithm,rfc8624_validator_algorithm_support,rfc8624_recommended_signing_algorithm,rr_type; validator_algorithm_support,algorithm,2,1,"Indicator rfc8624_avoids_deprecated_algorithm is flagged ambiguous: the observation it matched is equally consistent with other RFCs, so this result is an inference about policy rather than direct evidence.; Corpus availability: indicator rfc8624_validator_algorithm_support was never tested because rr_type, validator_algorithm_support are absent from the OpenINTEL dictionary. Its absence from the evidence is a measurement limitation, not a finding about the observation.; The observation also predates the RFC publication date by 475 days, but that is not why it was rejected: the indicator conditions did not hold regardless of the date, so no score was withheld.; Partial matches are candidates, not adoption evidence: at least one required indicator of this RFC was not satisfied.","RFC 8624 partially matches signal sig_0008: the optional indicator rfc8624_avoids_deprecated_algorithm passed because algorithm is present (observed 8) and algorithm=8 differs from 1 as required. The required indicator rfc8624_recommended_signing_algorithm was not satisfied: algorithm=8 is not in [13, 15]. The observation on 2018-02-11T02:33:44 predates RFC 8624's publication on 2019-06-01 by 475 days. An observation cannot evidence adoption of an RFC that did not yet exist, so the score is forfeited. Score 0.0 (none): the penalties leave a raw total of -3.5, which is clamped to 0 before the 0.75 low specificity multiplier.","base_indicator_score = 0.0 (matched required indicators: none); optional_match_bonus = 1.5 = 3.0 x 0.5 (matched optional indicators: rfc8624_avoids_deprecated_algorithm); required_match_bonus = 0.0 (not awarded: 1 evaluable required indicator(s), the bonus needs at least 2); missing_required_penalty = 3.0 = 3.0 x 1 (required indicators evaluated but not matched: rfc8624_recommended_signing_algorithm); partial_match_penalty = 0.0 (not applied: no required indicator matched, so this is not a partial match); ambiguity_penalty = 2.0 (applied: matched indicators flagged ambiguous: rfc8624_avoids_deprecated_algorithm); raw = 0.0 + 0.0 + 1.5 - 3.0 - 0.0 - 2.0 = -3.5; specificity_multiplier = 0.75 (RFC 8624 specificity=low); final_score = max(0, -3.5) * 0.75 = 0.0; note: 1 indicator (rfc8624_validator_algorithm_support) could not be tested against the OpenINTEL corpus and was excluded from every term above, neither earning weight nor incurring a penalty"
trace_sig_0009_rfc4033,sig_0009,RFC 4033,DNS Security Introduction and Requirements (DNSSEC base: RFC 4033/4034/4035),2018-05-13T05:15:37,2005-03-01T00:00:00,true,valid_match,low,3.75,0.0,rfc4033_base_dnssec_record_present; rfc4033_dnssec_algorithm_present,rfc4033_dnssec_ok_negotiated,,,dnssec_ok_flag,algorithm; rr_type,3,1,"Indicator rfc4033_dnssec_ok_negotiated is only partially queryable: part of its signature depends on fields the corpus does not export, so it was evaluated on incomplete data.; Indicator rfc4033_dnssec_ok_negotiated was only partially evaluated: 1 condition(s) were tested and 1 could not be, because the observation carries no value for dnssec_ok_flag.; Fields absent from this observation: dnssec_ok_flag. Every condition over them failed by construction; absence is not evidence either way.","RFC 4033 matched signal sig_0009: the required indicator rfc4033_base_dnssec_record_present passed because rr_type=RRSIG is in [DNSKEY, DS, RRSIG, NSEC]. Corroborating indicators also matched: rfc4033_dnssec_algorithm_present. Indicator rfc4033_dnssec_ok_negotiated did not match: field 'dnssec_ok_flag' is absent from this observation, so the condition 'dnssec_ok_flag must equal true' could not be satisfied (absence is not evidence). The observation on 2018-05-13T05:15:37 is 4821 days after RFC 4033's publication on 2005-03-01, so the timestamp is valid. Score 3.75 (low) = (4.0 required + 1.0 optional) x 0.75 low specificity.","base_indicator_score = 4.0 (matched required indicators: rfc4033_base_dnssec_record_present); optional_match_bonus = 1.0 = 2.0 x 0.5 (matched optional indicators: rfc4033_dnssec_algorithm_present); required_match_bonus = 0.0 (not awarded: 1 evaluable required indicator(s), the bonus needs at least 2); missing_required_penalty = 0.0 = 3.0 x 0 (required indicators evaluated but not matched: none); partial_match_penalty = 0.0 (not applied: every evaluable required indicator matched); ambiguity_penalty = 0.0 (not applied: no matched indicator is flagged ambiguous); raw = 4.0 + 0.0 + 1.0 - 0.0 - 0.0 - 0.0 = 5.0; specificity_multiplier = 0.75 (RFC 4033 specificity=low); final_score = max(0, 5.0) * 0.75 = 3.75"
trace_sig_0009_rfc4509,sig_0009,RFC 4509,Use of SHA-256 in DNSSEC Delegation Signer (DS) Resource Records,2018-05-13T05:15:37,2006-05-01T00:00:00,true,no_match,none,0.0,0.0,,rfc4509_ds_sha256_digest,,rfc4509_ds_sha256_digest,digest_type,,0,2,"Indicator rfc4509_ds_sha256_digest was only partially evaluated: 1 condition(s) were tested and 1 could not be, because the observation carries no value for digest_type.; Fields absent from this observation: digest_type. Every condition over them failed by construction; absence is not evidence either way.","RFC 4509 does not explain signal sig_0009: the required indicator rfc4509_ds_sha256_digest failed because rr_type=RRSIG is not in [DS, CDS]. The observation on 2018-05-13T05:15:37 is 4395 days after RFC 4509's publication on 2006-05-01, so the timestamp is valid. Score 0.0 (none): no required indicator matched, so there is nothing to score.","base_indicator_score = 0.0 (matched required indicators: none); optional_match_bonus = 0.0 = 0.0 x 0.5 (matched optional indicators: none); required_match_bonus = 0.0 (not awarded: 1 evaluable required indicator(s), the bonus needs at least 2); missing_required_penalty = 3.0 = 3.0 x 1 (required indicators evaluated but not matched: rfc4509_ds_sha256_digest); partial_match_penalty = 0.0 (not applied: no required indicator matched, so this is not a partial match); ambiguity_penalty = 0.0 (not applied: no matched indicator is flagged ambiguous); raw = 0.0 + 0.0 + 0.0 - 3.0 - 0.0 - 0.0 = -3.0; specificity_multiplier = 1.25 (RFC 4509 specificity=high); final_score = max(0, -3.0) * 1.25 = 0.0"
trace_sig_0009_rfc5155,sig_0009,RFC 5155,DNS Security (DNSSEC) Hashed Authenticated Denial of Existence,2018-05-13T05:15:37,2008-03-01T00:00:00,true,no_match,none,0.0,0.0,,rfc5155_nsec3_hash_algorithm; rfc5155_nsec3_record_present,,rfc5155_nsec3_record_present,,,1,2,,"RFC 5155 does not explain signal sig_0009: the required indicator rfc5155_nsec3_record_present failed because rr_type=RRSIG is not in [NSEC3, NSEC3PARAM]. The observation on 2018-05-13T05:15:37 is 3725 days after RFC 5155's publication on 2008-03-01, so the timestamp is valid. Score 0.0 (none): no required indicator matched, so there is nothing to score.","base_indicator_score = 0.0 (matched required indicators: none); optional_match_bonus = 0.0 = 0.0 x 0.5 (matched optional indicators: none); required_match_bonus = 0.0 (not awarded: 1 evaluable required indicator(s), the bonus needs at least 2); missing_required_penalty = 3.0 = 3.0 x 1 (required indicators evaluated but not matched: rfc5155_nsec3_record_present); partial_match_penalty = 0.0 (not applied: no required indicator matched, so this is not a partial match); ambiguity_penalty = 0.0 (not applied: no matched indicator is flagged ambiguous); raw = 0.0 + 0.0 + 0.0 - 3.0 - 0.0 - 0.0 = -3.0; specificity_multiplier = 1.5 (RFC 5155 specificity=very_high); final_score = max(0, -3.0) * 1.5 = 0.0"
trace_sig_0009_rfc6605,sig_0009,RFC 6605,Elliptic Curve Digital Signature Algorithm (DSA) for DNSSEC,2018-05-13T05:15:37,2012-04-01T00:00:00,true,no_match,none,0.0,0.0,,rfc6605_ecdsa_algorithm; rfc6605_ecdsa_on_key_or_signature,,rfc6605_ecdsa_algorithm,,,1,2,,"RFC 6605 does not explain signal sig_0009: the required indicator rfc6605_ecdsa_algorithm failed because algorithm=7 is not in [13, 14]. The observation on 2018-05-13T05:15:37 is 2233 days after RFC 6605's publication on 2012-04-01, so the timestamp is valid. Score 0.0 (none): no required indicator matched, so there is nothing to score.","base_indicator_score = 0.0 (matched required indicators: none); optional_match_bonus = 0.0 = 0.0 x 0.5 (matched optional indicators: none); required_match_bonus = 0.0 (not awarded: 1 evaluable required indicator(s), the bonus needs at least 2); missing_required_penalty = 3.0 = 3.0 x 1 (required indicators evaluated but not matched: rfc6605_ecdsa_algorithm); partial_match_penalty = 0.0 (not applied: no required indicator matched, so this is not a partial match); ambiguity_penalty = 0.0 (not applied: no matched indicator is flagged ambiguous); raw = 0.0 + 0.0 + 0.0 - 3.0 - 0.0 - 0.0 = -3.0; specificity_multiplier = 1.25 (RFC 6605 specificity=high); final_score = max(0, -3.0) * 1.25 = 0.0"
trace_sig_0009_rfc7344,sig_0009,RFC 7344,Automating DNSSEC Delegation Trust Maintenance,2018-05-13T05:15:37,2014-09-01T00:00:00,true,no_match,none,0.0,0.0,,rfc7344_cds_cdnskey_present; rfc7344_cds_publishes_digest,,rfc7344_cds_cdnskey_present,digest_type,,0,3,"Indicator rfc7344_cds_publishes_digest was only partially evaluated: 1 condition(s) were tested and 1 could not be, because the observation carries no value for digest_type.; Fields absent from this observation: digest_type. Every condition over them failed by construction; absence is not evidence either way.","RFC 7344 does not explain signal sig_0009: the required indicator rfc7344_cds_cdnskey_present failed because rr_type=RRSIG is not in [CDS, CDNSKEY]. The observation on 2018-05-13T05:15:37 is 1350 days after RFC 7344's publication on 2014-09-01, so the timestamp is valid. Score 0.0 (none): no required indicator matched, so there is nothing to score.","base_indicator_score = 0.0 (matched required indicators: none); optional_match_bonus = 0.0 = 0.0 x 0.5 (matched optional indicators: none); required_match_bonus = 0.0 (not awarded: 1 evaluable required indicator(s), the bonus needs at least 2); missing_required_penalty = 3.0 = 3.0 x 1 (required indicators evaluated but not matched: rfc7344_cds_cdnskey_present); partial_match_penalty = 0.0 (not applied: no required indicator matched, so this is not a partial match); ambiguity_penalty = 0.0 (not applied: no matched indicator is flagged ambiguous); raw = 0.0 + 0.0 + 0.0 - 3.0 - 0.0 - 0.0 = -3.0; specificity_multiplier = 1.25 (RFC 7344 specificity=high); final_score = max(0, -3.0) * 1.25 = 0.0"
trace_sig_0009_rfc8078,sig_0009,RFC 8078,Managing DS Records from the Parent via CDS/CDNSKEY,2018-05-13T05:15:37,2017-03-01T00:00:00,true,no_match,none,0.0,0.0,,rfc8078_cds_cdnskey_algorithm_zero; rfc8078_delete_signal_digest_zero,,rfc8078_cds_cdnskey_algorithm_zero,digest_type,,0,4,"Indicator rfc8078_delete_signal_digest_zero was only partially evaluated: 1 condition(s) were tested and 1 could not be, because the observation carries no value for digest_type.; Fields absent from this observation: digest_type. Every condition over them failed by construction; absence is not evidence either way.","RFC 8078 does not explain signal sig_0009: the required indicator rfc8078_cds_cdnskey_algorithm_zero failed because rr_type=RRSIG is not in [CDS, CDNSKEY]. The observation on 2018-05-13T05:15:37 is 438 days after RFC 8078's publication on 2017-03-01, so the timestamp is valid. Score 0.0 (none): no required indicator matched, so there is nothing to score.","base_indicator_score = 0.0 (matched required indicators: none); optional_match_bonus = 0.0 = 0.0 x 0.5 (matched optional indicators: none); required_match_bonus = 0.0 (not awarded: 1 evaluable required indicator(s), the bonus needs at least 2); missing_required_penalty = 3.0 = 3.0 x 1 (required indicators evaluated but not matched: rfc8078_cds_cdnskey_algorithm_zero); partial_match_penalty = 0.0 (not applied: no required indicator matched, so this is not a partial match); ambiguity_penalty = 0.0 (not applied: no matched indicator is flagged ambiguous); raw = 0.0 + 0.0 + 0.0 - 3.0 - 0.0 - 0.0 = -3.0; specificity_multiplier = 1.5 (RFC 8078 specificity=very_high); final_score = max(0, -3.0) * 1.5 = 0.0"
trace_sig_0009_rfc8080,sig_0009,RFC 8080,Edwards-Curve Digital Security Algorithm (EdDSA) for DNSSEC,2018-05-13T05:15:37,2017-02-01T00:00:00,true,no_match,none,0.0,0.0,,rfc8080_eddsa_algorithm; rfc8080_eddsa_on_key_or_signature,,rfc8080_eddsa_algorithm,,,1,2,,"RFC 8080 does not explain signal sig_0009: the required indicator rfc8080_eddsa_algorithm failed because algorithm=7 is not in [15, 16]. The observation on 2018-05-13T05:15:37 is 466 days after RFC 8080's publication on 2017-02-01, so the timestamp is valid. Score 0.0 (none): no required indicator matched, so there is nothing to score.","base_indicator_score = 0.0 (matched required indicators: none); optional_match_bonus = 0.0 = 0.0 x 0.5 (matched optional indicators: none); required_match_bonus = 0.0 (not awarded: 1 evaluable required indicator(s), the bonus needs at least 2); missing_required_penalty = 3.0 = 3.0 x 1 (required indicators evaluated but not matched: rfc8080_eddsa_algorithm); partial_match_penalty = 0.0 (not applied: no required indicator matched, so this is not a partial match); ambiguity_penalty = 0.0 (not applied: no matched indicator is flagged ambiguous); raw = 0.0 + 0.0 + 0.0 - 3.0 - 0.0 - 0.0 = -3.0; specificity_multiplier = 1.5 (RFC 8080 specificity=very_high); final_score = max(0, -3.0) * 1.5 = 0.0"
trace_sig_0009_rfc8624,sig_0009,RFC 8624,Algorithm Implementation Requirements and Usage Guidance for DNSSEC,2018-05-13T05:15:37,2019-06-01T00:00:00,false,partial_match,none,0.0,0.0,rfc8624_avoids_deprecated_algorithm,rfc8624_recommended_signing_algorithm,rfc8624_validator_algorithm_support,rfc8624_recommended_signing_algorithm,rr_type; validator_algorithm_support,algorithm,2,1,"Indicator rfc8624_avoids_deprecated_algorithm is flagged ambiguous: the observation it matched is equally consistent with other RFCs, so this result is an inference about policy rather than direct evidence.; Corpus availability: indicator rfc8624_validator_algorithm_support was never tested because rr_type, validator_algorithm_support are absent from the OpenINTEL dictionary. Its absence from the evidence is a measurement limitation, not a finding about the observation.; The observation also predates the RFC publication date by 384 days, but that is not why it was rejected: the indicator conditions did not hold regardless of the date, so no score was withheld.; Partial matches are candidates, not adoption evidence: at least one required indicator of this RFC was not satisfied.","RFC 8624 partially matches signal sig_0009: the optional indicator rfc8624_avoids_deprecated_algorithm passed because algorithm is present (observed 7) and algorithm=7 differs from 1 as required. The required indicator rfc8624_recommended_signing_algorithm was not satisfied: algorithm=7 is not in [13, 15]. The observation on 2018-05-13T05:15:37 predates RFC 8624's publication on 2019-06-01 by 384 days. An observation cannot evidence adoption of an RFC that did not yet exist, so the score is forfeited. Score 0.0 (none): the penalties leave a raw total of -3.5, which is clamped to 0 before the 0.75 low specificity multiplier.","base_indicator_score = 0.0 (matched required indicators: none); optional_match_bonus = 1.5 = 3.0 x 0.5 (matched optional indicators: rfc8624_avoids_deprecated_algorithm); required_match_bonus = 0.0 (not awarded: 1 evaluable required indicator(s), the bonus needs at least 2); missing_required_penalty = 3.0 = 3.0 x 1 (required indicators evaluated but not matched: rfc8624_recommended_signing_algorithm); partial_match_penalty = 0.0 (not applied: no required indicator matched, so this is not a partial match); ambiguity_penalty = 2.0 (applied: matched indicators flagged ambiguous: rfc8624_avoids_deprecated_algorithm); raw = 0.0 + 0.0 + 1.5 - 3.0 - 0.0 - 2.0 = -3.5; specificity_multiplier = 0.75 (RFC 8624 specificity=low); final_score = max(0, -3.5) * 0.75 = 0.0; note: 1 indicator (rfc8624_validator_algorithm_support) could not be tested against the OpenINTEL corpus and was excluded from every term above, neither earning weight nor incurring a penalty"
trace_sig_0010_rfc4509,sig_0010,RFC 4509,Use of SHA-256 in DNSSEC Delegation Signer (DS) Resource Records,2018-10-13T02:28:15,2006-05-01T00:00:00,true,valid_match,high,11.25,0.0,rfc4509_ds_sha256_digest,,,,,digest_type; rr_type,2,0,,"RFC 4509 matched signal sig_0010: the required indicator rfc4509_ds_sha256_digest passed because rr_type=DS is in [DS, CDS] and digest_type=2 equals the expected value 2. The observation on 2018-10-13T02:28:15 is 4548 days after RFC 4509's publication on 2006-05-01, so the timestamp is valid. Score 11.25 (high) = (9.0 required) x 1.25 high specificity.","base_indicator_score = 9.0 (matched required indicators: rfc4509_ds_sha256_digest); optional_match_bonus = 0.0 = 0.0 x 0.5 (matched optional indicators: none); required_match_bonus = 0.0 (not awarded: 1 evaluable required indicator(s), the bonus needs at least 2); missing_required_penalty = 0.0 = 3.0 x 0 (required indicators evaluated but not matched: none); partial_match_penalty = 0.0 (not applied: every evaluable required indicator matched); ambiguity_penalty = 0.0 (not applied: no matched indicator is flagged ambiguous); raw = 9.0 + 0.0 + 0.0 - 0.0 - 0.0 - 0.0 = 9.0; specificity_multiplier = 1.25 (RFC 4509 specificity=high); final_score = max(0, 9.0) * 1.25 = 11.25"
trace_sig_0010_rfc4033,sig_0010,RFC 4033,DNS Security Introduction and Requirements (DNSSEC base: RFC 4033/4034/4035),2018-10-13T02:28:15,2005-03-01T00:00:00,true,valid_match,low,3.75,0.0,rfc4033_base_dnssec_record_present; rfc4033_dnssec_algorithm_present,rfc4033_dnssec_ok_negotiated,,,dnssec_ok_flag,algorithm; rr_type,3,1,"Indicator rfc4033_dnssec_ok_negotiated is only partially queryable: part of its signature depends on fields the corpus does not export, so it was evaluated on incomplete data.; Indicator rfc4033_dnssec_ok_negotiated was only partially evaluated: 1 condition(s) were tested and 1 could not be, because the observation carries no value for dnssec_ok_flag.; Fields absent from this observation: dnssec_ok_flag. Every condition over them failed by construction; absence is not evidence either way.","RFC 4033 matched signal sig_0010: the required indicator rfc4033_base_dnssec_record_present passed because rr_type=DS is in [DNSKEY, DS, RRSIG, NSEC]. Corroborating indicators also matched: rfc4033_dnssec_algorithm_present. Indicator rfc4033_dnssec_ok_negotiated did not match: field 'dnssec_ok_flag' is absent from this observation, so the condition 'dnssec_ok_flag must equal true' could not be satisfied (absence is not evidence). The observation on 2018-10-13T02:28:15 is 4974 days after RFC 4033's publication on 2005-03-01, so the timestamp is valid. Score 3.75 (low) = (4.0 required + 1.0 optional) x 0.75 low specificity.","base_indicator_score = 4.0 (matched required indicators: rfc4033_base_dnssec_record_present); optional_match_bonus = 1.0 = 2.0 x 0.5 (matched optional indicators: rfc4033_dnssec_algorithm_present); required_match_bonus = 0.0 (not awarded: 1 evaluable required indicator(s), the bonus needs at least 2); missing_required_penalty = 0.0 = 3.0 x 0 (required indicators evaluated but not matched: none); partial_match_penalty = 0.0 (not applied: every evaluable required indicator matched); ambiguity_penalty = 0.0 (not applied: no matched indicator is flagged ambiguous); raw = 4.0 + 0.0 + 1.0 - 0.0 - 0.0 - 0.0 = 5.0; specificity_multiplier = 0.75 (RFC 4033 specificity=low); final_score = max(0, 5.0) * 0.75 = 3.75"
trace_sig_0010_rfc5155,sig_0010,RFC 5155,DNS Security (DNSSEC) Hashed Authenticated Denial of Existence,2018-10-13T02:28:15,2008-03-01T00:00:00,true,no_match,none,0.0,0.0,,rfc5155_nsec3_hash_algorithm; rfc5155_nsec3_record_present,,rfc5155_nsec3_record_present,,,1,2,,"RFC 5155 does not explain signal sig_0010: the required indicator rfc5155_nsec3_record_present failed because rr_type=DS is not in [NSEC3, NSEC3PARAM]. The observation on 2018-10-13T02:28:15 is 3878 days after RFC 5155's publication on 2008-03-01, so the timestamp is valid. Score 0.0 (none): no required indicator matched, so there is nothing to score.","base_indicator_score = 0.0 (matched required indicators: none); optional_match_bonus = 0.0 = 0.0 x 0.5 (matched optional indicators: none); required_match_bonus = 0.0 (not awarded: 1 evaluable required indicator(s), the bonus needs at least 2); missing_required_penalty = 3.0 = 3.0 x 1 (required indicators evaluated but not matched: rfc5155_nsec3_record_present); partial_match_penalty = 0.0 (not applied: no required indicator matched, so this is not a partial match); ambiguity_penalty = 0.0 (not applied: no matched indicator is flagged ambiguous); raw = 0.0 + 0.0 + 0.0 - 3.0 - 0.0 - 0.0 = -3.0; specificity_multiplier = 1.5 (RFC 5155 specificity=very_high); final_score = max(0, -3.0) * 1.5 = 0.0"
trace_sig_0010_rfc6605,sig_0010,RFC 6605,Elliptic Curve Digital Signature Algorithm (DSA) for DNSSEC,2018-10-13T02:28:15,2012-04-01T00:00:00,true,no_match,none,0.0,0.0,,rfc6605_ecdsa_algorithm; rfc6605_ecdsa_on_key_or_signature,,rfc6605_ecdsa_algorithm,,,1,2,,"RFC 6605 does not explain signal sig_0010: the required indicator rfc6605_ecdsa_algorithm failed because algorithm=8 is not in [13, 14]. The observation on 2018-10-13T02:28:15 is 2386 days after RFC 6605's publication on 2012-04-01, so the timestamp is valid. Score 0.0 (none): no required indicator matched, so there is nothing to score.","base_indicator_score = 0.0 (matched required indicators: none); optional_match_bonus = 0.0 = 0.0 x 0.5 (matched optional indicators: none); required_match_bonus = 0.0 (not awarded: 1 evaluable required indicator(s), the bonus needs at least 2); missing_required_penalty = 3.0 = 3.0 x 1 (required indicators evaluated but not matched: rfc6605_ecdsa_algorithm); partial_match_penalty = 0.0 (not applied: no required indicator matched, so this is not a partial match); ambiguity_penalty = 0.0 (not applied: no matched indicator is flagged ambiguous); raw = 0.0 + 0.0 + 0.0 - 3.0 - 0.0 - 0.0 = -3.0; specificity_multiplier = 1.25 (RFC 6605 specificity=high); final_score = max(0, -3.0) * 1.25 = 0.0"
trace_sig_0010_rfc7344,sig_0010,RFC 7344,Automating DNSSEC Delegation Trust Maintenance,2018-10-13T02:28:15,2014-09-01T00:00:00,true,no_match,none,0.0,0.0,,rfc7344_cds_cdnskey_present; rfc7344_cds_publishes_digest,,rfc7344_cds_cdnskey_present,,,1,2,,"RFC 7344 does not explain signal sig_0010: the required indicator rfc7344_cds_cdnskey_present failed because rr_type=DS is not in [CDS, CDNSKEY]. The observation on 2018-10-13T02:28:15 is 1503 days after RFC 7344's publication on 2014-09-01, so the timestamp is valid. Score 0.0 (none): no required indicator matched, so there is nothing to score.","base_indicator_score = 0.0 (matched required indicators: none); optional_match_bonus = 0.0 = 0.0 x 0.5 (matched optional indicators: none); required_match_bonus = 0.0 (not awarded: 1 evaluable required indicator(s), the bonus needs at least 2); missing_required_penalty = 3.0 = 3.0 x 1 (required indicators evaluated but not matched: rfc7344_cds_cdnskey_present); partial_match_penalty = 0.0 (not applied: no required indicator matched, so this is not a partial match); ambiguity_penalty = 0.0 (not applied: no matched indicator is flagged ambiguous); raw = 0.0 + 0.0 + 0.0 - 3.0 - 0.0 - 0.0 = -3.0; specificity_multiplier = 1.25 (RFC 7344 specificity=high); final_score = max(0, -3.0) * 1.25 = 0.0"
trace_sig_0010_rfc8078,sig_0010,RFC 8078,Managing DS Records from the Parent via CDS/CDNSKEY,2018-10-13T02:28:15,2017-03-01T00:00:00,true,no_match,none,0.0,0.0,,rfc8078_cds_cdnskey_algorithm_zero; rfc8078_delete_signal_digest_zero,,rfc8078_cds_cdnskey_algorithm_zero,,,0,4,,"RFC 8078 does not explain signal sig_0010: the required indicator rfc8078_cds_cdnskey_algorithm_zero failed because rr_type=DS is not in [CDS, CDNSKEY]. The observation on 2018-10-13T02:28:15 is 591 days after RFC 8078's publication on 2017-03-01, so the timestamp is valid. Score 0.0 (none): no required indicator matched, so there is nothing to score.","base_indicator_score = 0.0 (matched required indicators: none); optional_match_bonus = 0.0 = 0.0 x 0.5 (matched optional indicators: none); required_match_bonus = 0.0 (not awarded: 1 evaluable required indicator(s), the bonus needs at least 2); missing_required_penalty = 3.0 = 3.0 x 1 (required indicators evaluated but not matched: rfc8078_cds_cdnskey_algorithm_zero); partial_match_penalty = 0.0 (not applied: no required indicator matched, so this is not a partial match); ambiguity_penalty = 0.0 (not applied: no matched indicator is flagged ambiguous); raw = 0.0 + 0.0 + 0.0 - 3.0 - 0.0 - 0.0 = -3.0; specificity_multiplier = 1.5 (RFC 8078 specificity=very_high); final_score = max(0, -3.0) * 1.5 = 0.0"
trace_sig_0010_rfc8080,sig_0010,RFC 8080,Edwards-Curve Digital Security Algorithm (EdDSA) for DNSSEC,2018-10-13T02:28:15,2017-02-01T00:00:00,true,no_match,none,0.0,0.0,,rfc8080_eddsa_algorithm; rfc8080_eddsa_on_key_or_signature,,rfc8080_eddsa_algorithm,,,1,2,,"RFC 8080 does not explain signal sig_0010: the required indicator rfc8080_eddsa_algorithm failed because algorithm=8 is not in [15, 16]. The observation on 2018-10-13T02:28:15 is 619 days after RFC 8080's publication on 2017-02-01, so the timestamp is valid. Score 0.0 (none): no required indicator matched, so there is nothing to score.","base_indicator_score = 0.0 (matched required indicators: none); optional_match_bonus = 0.0 = 0.0 x 0.5 (matched optional indicators: none); required_match_bonus = 0.0 (not awarded: 1 evaluable required indicator(s), the bonus needs at least 2); missing_required_penalty = 3.0 = 3.0 x 1 (required indicators evaluated but not matched: rfc8080_eddsa_algorithm); partial_match_penalty = 0.0 (not applied: no required indicator matched, so this is not a partial match); ambiguity_penalty = 0.0 (not applied: no matched indicator is flagged ambiguous); raw = 0.0 + 0.0 + 0.0 - 3.0 - 0.0 - 0.0 = -3.0; specificity_multiplier = 1.5 (RFC 8080 specificity=very_high); final_score = max(0, -3.0) * 1.5 = 0.0"
trace_sig_0010_rfc8624,sig_0010,RFC 8624,Algorithm Implementation Requirements and Usage Guidance for DNSSEC,2018-10-13T02:28:15,2019-06-01T00:00:00,false,partial_match,none,0.0,0.0,rfc8624_avoids_deprecated_algorithm,rfc8624_recommended_signing_algorithm,rfc8624_validator_algorithm_support,rfc8624_recommended_signing_algorithm,rr_type; validator_algorithm_support,algorithm,2,1,"Indicator rfc8624_avoids_deprecated_algorithm is flagged ambiguous: the observation it matched is equally consistent with other RFCs, so this result is an inference about policy rather than direct evidence.; Corpus availability: indicator rfc8624_validator_algorithm_support was never tested because rr_type, validator_algorithm_support are absent from the OpenINTEL dictionary. Its absence from the evidence is a measurement limitation, not a finding about the observation.; The observation also predates the RFC publication date by 231 days, but that is not why it was rejected: the indicator conditions did not hold regardless of the date, so no score was withheld.; Partial matches are candidates, not adoption evidence: at least one required indicator of this RFC was not satisfied.","RFC 8624 partially matches signal sig_0010: the optional indicator rfc8624_avoids_deprecated_algorithm passed because algorithm is present (observed 8) and algorithm=8 differs from 1 as required. The required indicator rfc8624_recommended_signing_algorithm was not satisfied: algorithm=8 is not in [13, 15]. The observation on 2018-10-13T02:28:15 predates RFC 8624's publication on 2019-06-01 by 231 days. An observation cannot evidence adoption of an RFC that did not yet exist, so the score is forfeited. Score 0.0 (none): the penalties leave a raw total of -3.5, which is clamped to 0 before the 0.75 low specificity multiplier.","base_indicator_score = 0.0 (matched required indicators: none); optional_match_bonus = 1.5 = 3.0 x 0.5 (matched optional indicators: rfc8624_avoids_deprecated_algorithm); required_match_bonus = 0.0 (not awarded: 1 evaluable required indicator(s), the bonus needs at least 2); missing_required_penalty = 3.0 = 3.0 x 1 (required indicators evaluated but not matched: rfc8624_recommended_signing_algorithm); partial_match_penalty = 0.0 (not applied: no required indicator matched, so this is not a partial match); ambiguity_penalty = 2.0 (applied: matched indicators flagged ambiguous: rfc8624_avoids_deprecated_algorithm); raw = 0.0 + 0.0 + 1.5 - 3.0 - 0.0 - 2.0 = -3.5; specificity_multiplier = 0.75 (RFC 8624 specificity=low); final_score = max(0, -3.5) * 0.75 = 0.0; note: 1 indicator (rfc8624_validator_algorithm_support) could not be tested against the OpenINTEL corpus and was excluded from every term above, neither earning weight nor incurring a penalty"
trace_sig_0011_rfc5155,sig_0011,RFC 5155,DNS Security (DNSSEC) Hashed Authenticated Denial of Existence,2018-10-29T02:54:57,2008-03-01T00:00:00,true,valid_match,very_high,17.25,0.0,rfc5155_nsec3_hash_algorithm; rfc5155_nsec3_record_present,,,,,algorithm; rr_type,3,0,,"RFC 5155 matched signal sig_0011: the required indicator rfc5155_nsec3_record_present passed because rr_type=NSEC3PARAM is in [NSEC3, NSEC3PARAM]. Corroborating indicators also matched: rfc5155_nsec3_hash_algorithm. The observation on 2018-10-29T02:54:57 is 3894 days after RFC 5155's publication on 2008-03-01, so the timestamp is valid. Score 17.25 (very_high) = (10.0 required + 1.5 optional) x 1.5 very_high specificity.","base_indicator_score = 10.0 (matched required indicators: rfc5155_nsec3_record_present); optional_match_bonus = 1.5 = 3.0 x 0.5 (matched optional indicators: rfc5155_nsec3_hash_algorithm); required_match_bonus = 0.0 (not awarded: 1 evaluable required indicator(s), the bonus needs at least 2); missing_required_penalty = 0.0 = 3.0 x 0 (required indicators evaluated but not matched: none); partial_match_penalty = 0.0 (not applied: every evaluable required indicator matched); ambiguity_penalty = 0.0 (not applied: no matched indicator is flagged ambiguous); raw = 10.0 + 0.0 + 1.5 - 0.0 - 0.0 - 0.0 = 11.5; specificity_multiplier = 1.5 (RFC 5155 specificity=very_high); final_score = max(0, 11.5) * 1.5 = 17.25"
trace_sig_0011_rfc4033,sig_0011,RFC 4033,DNS Security Introduction and Requirements (DNSSEC base: RFC 4033/4034/4035),2018-10-29T02:54:57,2005-03-01T00:00:00,true,partial_match,none,0.0,0.0,rfc4033_dnssec_algorithm_present,rfc4033_base_dnssec_record_present; rfc4033_dnssec_ok_negotiated,,rfc4033_base_dnssec_record_present,dnssec_ok_flag,algorithm,1,3,"Indicator rfc4033_dnssec_ok_negotiated is only partially queryable: part of its signature depends on fields the corpus does not export, so it was evaluated on incomplete data.; Indicator rfc4033_dnssec_ok_negotiated was only partially evaluated: 1 condition(s) were tested and 1 could not be, because the observation carries no value for dnssec_ok_flag.; Fields absent from this observation: dnssec_ok_flag. Every condition over them failed by construction; absence is not evidence either way.; Partial matches are candidates, not adoption evidence: at least one required indicator of this RFC was not satisfied.","RFC 4033 partially matches signal sig_0011: the optional indicator rfc4033_dnssec_algorithm_present passed because algorithm is present (observed 1). The required indicator rfc4033_base_dnssec_record_present was not satisfied: rr_type=NSEC3PARAM is not in [DNSKEY, DS, RRSIG, NSEC]. The observation on 2018-10-29T02:54:57 is 4990 days after RFC 4033's publication on 2005-03-01, so the timestamp is valid. Score 0.0 (none): the penalties leave a raw total of -2.0, which is clamped to 0 before the 0.75 low specificity multiplier.","base_indicator_score = 0.0 (matched required indicators: none); optional_match_bonus = 1.0 = 2.0 x 0.5 (matched optional indicators: rfc4033_dnssec_algorithm_present); required_match_bonus = 0.0 (not awarded: 1 evaluable required indicator(s), the bonus needs at least 2); missing_required_penalty = 3.0 = 3.0 x 1 (required indicators evaluated but not matched: rfc4033_base_dnssec_record_present); partial_match_penalty = 0.0 (not applied: no required indicator matched, so this is not a partial match); ambiguity_penalty = 0.0 (not applied: no matched indicator is flagged ambiguous); raw = 0.0 + 0.0 + 1.0 - 3.0 - 0.0 - 0.0 = -2.0; specificity_multiplier = 0.75 (RFC 4033 specificity=low); final_score = max(0, -2.0) * 0.75 = 0.0"
trace_sig_0011_rfc4509,sig_0011,RFC 4509,Use of SHA-256 in DNSSEC Delegation Signer (DS) Resource Records,2018-10-29T02:54:57,2006-05-01T00:00:00,true,no_match,none,0.0,0.0,,rfc4509_ds_sha256_digest,,rfc4509_ds_sha256_digest,digest_type,,0,2,"Indicator rfc4509_ds_sha256_digest was only partially evaluated: 1 condition(s) were tested and 1 could not be, because the observation carries no value for digest_type.; Fields absent from this observation: digest_type. Every condition over them failed by construction; absence is not evidence either way.","RFC 4509 does not explain signal sig_0011: the required indicator rfc4509_ds_sha256_digest failed because rr_type=NSEC3PARAM is not in [DS, CDS]. The observation on 2018-10-29T02:54:57 is 4564 days after RFC 4509's publication on 2006-05-01, so the timestamp is valid. Score 0.0 (none): no required indicator matched, so there is nothing to score.","base_indicator_score = 0.0 (matched required indicators: none); optional_match_bonus = 0.0 = 0.0 x 0.5 (matched optional indicators: none); required_match_bonus = 0.0 (not awarded: 1 evaluable required indicator(s), the bonus needs at least 2); missing_required_penalty = 3.0 = 3.0 x 1 (required indicators evaluated but not matched: rfc4509_ds_sha256_digest); partial_match_penalty = 0.0 (not applied: no required indicator matched, so this is not a partial match); ambiguity_penalty = 0.0 (not applied: no matched indicator is flagged ambiguous); raw = 0.0 + 0.0 + 0.0 - 3.0 - 0.0 - 0.0 = -3.0; specificity_multiplier = 1.25 (RFC 4509 specificity=high); final_score = max(0, -3.0) * 1.25 = 0.0"
trace_sig_0011_rfc6605,sig_0011,RFC 6605,Elliptic Curve Digital Signature Algorithm (DSA) for DNSSEC,2018-10-29T02:54:57,2012-04-01T00:00:00,true,no_match,none,0.0,0.0,,rfc6605_ecdsa_algorithm; rfc6605_ecdsa_on_key_or_signature,,rfc6605_ecdsa_algorithm,,,0,3,,"RFC 6605 does not explain signal sig_0011: the required indicator rfc6605_ecdsa_algorithm failed because algorithm=1 is not in [13, 14]. The observation on 2018-10-29T02:54:57 is 2402 days after RFC 6605's publication on 2012-04-01, so the timestamp is valid. Score 0.0 (none): no required indicator matched, so there is nothing to score.","base_indicator_score = 0.0 (matched required indicators: none); optional_match_bonus = 0.0 = 0.0 x 0.5 (matched optional indicators: none); required_match_bonus = 0.0 (not awarded: 1 evaluable required indicator(s), the bonus needs at least 2); missing_required_penalty = 3.0 = 3.0 x 1 (required indicators evaluated but not matched: rfc6605_ecdsa_algorithm); partial_match_penalty = 0.0 (not applied: no required indicator matched, so this is not a partial match); ambiguity_penalty = 0.0 (not applied: no matched indicator is flagged ambiguous); raw = 0.0 + 0.0 + 0.0 - 3.0 - 0.0 - 0.0 = -3.0; specificity_multiplier = 1.25 (RFC 6605 specificity=high); final_score = max(0, -3.0) * 1.25 = 0.0"
trace_sig_0011_rfc7344,sig_0011,RFC 7344,Automating DNSSEC Delegation Trust Maintenance,2018-10-29T02:54:57,2014-09-01T00:00:00,true,no_match,none,0.0,0.0,,rfc7344_cds_cdnskey_present; rfc7344_cds_publishes_digest,,rfc7344_cds_cdnskey_present,digest_type,,0,3,"Indicator rfc7344_cds_publishes_digest was only partially evaluated: 1 condition(s) were tested and 1 could not be, because the observation carries no value for digest_type.; Fields absent from this observation: digest_type. Every condition over them failed by construction; absence is not evidence either way.","RFC 7344 does not explain signal sig_0011: the required indicator rfc7344_cds_cdnskey_present failed because rr_type=NSEC3PARAM is not in [CDS, CDNSKEY]. The observation on 2018-10-29T02:54:57 is 1519 days after RFC 7344's publication on 2014-09-01, so the timestamp is valid. Score 0.0 (none): no required indicator matched, so there is nothing to score.","base_indicator_score = 0.0 (matched required indicators: none); optional_match_bonus = 0.0 = 0.0 x 0.5 (matched optional indicators: none); required_match_bonus = 0.0 (not awarded: 1 evaluable required indicator(s), the bonus needs at least 2); missing_required_penalty = 3.0 = 3.0 x 1 (required indicators evaluated but not matched: rfc7344_cds_cdnskey_present); partial_match_penalty = 0.0 (not applied: no required indicator matched, so this is not a partial match); ambiguity_penalty = 0.0 (not applied: no matched indicator is flagged ambiguous); raw = 0.0 + 0.0 + 0.0 - 3.0 - 0.0 - 0.0 = -3.0; specificity_multiplier = 1.25 (RFC 7344 specificity=high); final_score = max(0, -3.0) * 1.25 = 0.0"
trace_sig_0011_rfc8078,sig_0011,RFC 8078,Managing DS Records from the Parent via CDS/CDNSKEY,2018-10-29T02:54:57,2017-03-01T00:00:00,true,no_match,none,0.0,0.0,,rfc8078_cds_cdnskey_algorithm_zero; rfc8078_delete_signal_digest_zero,,rfc8078_cds_cdnskey_algorithm_zero,digest_type,,0,4,"Indicator rfc8078_delete_signal_digest_zero was only partially evaluated: 1 condition(s) were tested and 1 could not be, because the observation carries no value for digest_type.; Fields absent from this observation: digest_type. Every condition over them failed by construction; absence is not evidence either way.","RFC 8078 does not explain signal sig_0011: the required indicator rfc8078_cds_cdnskey_algorithm_zero failed because rr_type=NSEC3PARAM is not in [CDS, CDNSKEY]. The observation on 2018-10-29T02:54:57 is 607 days after RFC 8078's publication on 2017-03-01, so the timestamp is valid. Score 0.0 (none): no required indicator matched, so there is nothing to score.","base_indicator_score = 0.0 (matched required indicators: none); optional_match_bonus = 0.0 = 0.0 x 0.5 (matched optional indicators: none); required_match_bonus = 0.0 (not awarded: 1 evaluable required indicator(s), the bonus needs at least 2); missing_required_penalty = 3.0 = 3.0 x 1 (required indicators evaluated but not matched: rfc8078_cds_cdnskey_algorithm_zero); partial_match_penalty = 0.0 (not applied: no required indicator matched, so this is not a partial match); ambiguity_penalty = 0.0 (not applied: no matched indicator is flagged ambiguous); raw = 0.0 + 0.0 + 0.0 - 3.0 - 0.0 - 0.0 = -3.0; specificity_multiplier = 1.5 (RFC 8078 specificity=very_high); final_score = max(0, -3.0) * 1.5 = 0.0"
trace_sig_0011_rfc8080,sig_0011,RFC 8080,Edwards-Curve Digital Security Algorithm (EdDSA) for DNSSEC,2018-10-29T02:54:57,2017-02-01T00:00:00,true,no_match,none,0.0,0.0,,rfc8080_eddsa_algorithm; rfc8080_eddsa_on_key_or_signature,,rfc8080_eddsa_algorithm,,,0,3,,"RFC 8080 does not explain signal sig_0011: the required indicator rfc8080_eddsa_algorithm failed because algorithm=1 is not in [15, 16]. The observation on 2018-10-29T02:54:57 is 635 days after RFC 8080's publication on 2017-02-01, so the timestamp is valid. Score 0.0 (none): no required indicator matched, so there is nothing to score.","base_indicator_score = 0.0 (matched required indicators: none); optional_match_bonus = 0.0 = 0.0 x 0.5 (matched optional indicators: none); required_match_bonus = 0.0 (not awarded: 1 evaluable required indicator(s), the bonus needs at least 2); missing_required_penalty = 3.0 = 3.0 x 1 (required indicators evaluated but not matched: rfc8080_eddsa_algorithm); partial_match_penalty = 0.0 (not applied: no required indicator matched, so this is not a partial match); ambiguity_penalty = 0.0 (not applied: no matched indicator is flagged ambiguous); raw = 0.0 + 0.0 + 0.0 - 3.0 - 0.0 - 0.0 = -3.0; specificity_multiplier = 1.5 (RFC 8080 specificity=very_high); final_score = max(0, -3.0) * 1.5 = 0.0"
trace_sig_0011_rfc8624,sig_0011,RFC 8624,Algorithm Implementation Requirements and Usage Guidance for DNSSEC,2018-10-29T02:54:57,2019-06-01T00:00:00,false,no_match,none,0.0,0.0,,rfc8624_avoids_deprecated_algorithm; rfc8624_recommended_signing_algorithm,rfc8624_validator_algorithm_support,rfc8624_recommended_signing_algorithm,rr_type; validator_algorithm_support,,1,2,"Corpus availability: indicator rfc8624_validator_algorithm_support was never tested because rr_type, validator_algorithm_support are absent from the OpenINTEL dictionary. Its absence from the evidence is a measurement limitation, not a finding about the observation.; The observation also predates the RFC publication date by 215 days, but that is not why it was rejected: the indicator conditions did not hold regardless of the date, so no score was withheld.","RFC 8624 does not explain signal sig_0011: the required indicator rfc8624_recommended_signing_algorithm failed because algorithm=1 is not in [13, 15]. Indicator(s) rfc8624_validator_algorithm_support were not tested at all (not exported by the corpus), so this rejection rests only on the indicators that could be evaluated. The observation on 2018-10-29T02:54:57 predates RFC 8624's publication on 2019-06-01 by 215 days. An observation cannot evidence adoption of an RFC that did not yet exist, so the score is forfeited. Score 0.0 (none): no required indicator matched, so there is nothing to score.","base_indicator_score = 0.0 (matched required indicators: none); optional_match_bonus = 0.0 = 0.0 x 0.5 (matched optional indicators: none); required_match_bonus = 0.0 (not awarded: 1 evaluable required indicator(s), the bonus needs at least 2); missing_required_penalty = 3.0 = 3.0 x 1 (required indicators evaluated but not matched: rfc8624_recommended_signing_algorithm); partial_match_penalty = 0.0 (not applied: no required indicator matched, so this is not a partial match); ambiguity_penalty = 0.0 (not applied: no matched indicator is flagged ambiguous); raw = 0.0 + 0.0 + 0.0 - 3.0 - 0.0 - 0.0 = -3.0; specificity_multiplier = 0.75 (RFC 8624 specificity=low); final_score = max(0, -3.0) * 0.75 = 0.0; note: 1 indicator (rfc8624_validator_algorithm_support) could not be tested against the OpenINTEL corpus and was excluded from every term above, neither earning weight nor incurring a penalty"
trace_sig_0012_rfc8078,sig_0012,RFC 8078,Managing DS Records from the Parent via CDS/CDNSKEY,2019-01-27T03:22:36,2017-03-01T00:00:00,true,valid_match,very_high,17.25,0.0,rfc8078_cds_cdnskey_algorithm_zero; rfc8078_delete_signal_digest_zero,,,,,algorithm; digest_type; rr_type,4,0,,"RFC 8078 matched signal sig_0012: the required indicator rfc8078_cds_cdnskey_algorithm_zero passed because rr_type=CDS is in [CDS, CDNSKEY] and algorithm=0 equals the expected value 0. Corroborating indicators also matched: rfc8078_delete_signal_digest_zero. The observation on 2019-01-27T03:22:36 is 697 days after RFC 8078's publication on 2017-03-01, so the timestamp is valid. Score 17.25 (very_high) = (10.0 required + 1.5 optional) x 1.5 very_high specificity.","base_indicator_score = 10.0 (matched required indicators: rfc8078_cds_cdnskey_algorithm_zero); optional_match_bonus = 1.5 = 3.0 x 0.5 (matched optional indicators: rfc8078_delete_signal_digest_zero); required_match_bonus = 0.0 (not awarded: 1 evaluable required indicator(s), the bonus needs at least 2); missing_required_penalty = 0.0 = 3.0 x 0 (required indicators evaluated but not matched: none); partial_match_penalty = 0.0 (not applied: every evaluable required indicator matched); ambiguity_penalty = 0.0 (not applied: no matched indicator is flagged ambiguous); raw = 10.0 + 0.0 + 1.5 - 0.0 - 0.0 - 0.0 = 11.5; specificity_multiplier = 1.5 (RFC 8078 specificity=very_high); final_score = max(0, 11.5) * 1.5 = 17.25"
trace_sig_0012_rfc7344,sig_0012,RFC 7344,Automating DNSSEC Delegation Trust Maintenance,2019-01-27T03:22:36,2014-09-01T00:00:00,true,valid_match,high,11.25,0.0,rfc7344_cds_cdnskey_present,rfc7344_cds_publishes_digest,,,,rr_type,2,1,,"RFC 7344 matched signal sig_0012: the required indicator rfc7344_cds_cdnskey_present passed because rr_type=CDS is in [CDS, CDNSKEY]. Indicator rfc7344_cds_publishes_digest did not match: digest_type=0 is not >= 1. The observation on 2019-01-27T03:22:36 is 1609 days after RFC 7344's publication on 2014-09-01, so the timestamp is valid. Score 11.25 (high) = (9.0 required) x 1.25 high specificity.","base_indicator_score = 9.0 (matched required indicators: rfc7344_cds_cdnskey_present); optional_match_bonus = 0.0 = 0.0 x 0.5 (matched optional indicators: none); required_match_bonus = 0.0 (not awarded: 1 evaluable required indicator(s), the bonus needs at least 2); missing_required_penalty = 0.0 = 3.0 x 0 (required indicators evaluated but not matched: none); partial_match_penalty = 0.0 (not applied: every evaluable required indicator matched); ambiguity_penalty = 0.0 (not applied: no matched indicator is flagged ambiguous); raw = 9.0 + 0.0 + 0.0 - 0.0 - 0.0 - 0.0 = 9.0; specificity_multiplier = 1.25 (RFC 7344 specificity=high); final_score = max(0, 9.0) * 1.25 = 11.25"
trace_sig_0012_rfc4033,sig_0012,RFC 4033,DNS Security Introduction and Requirements (DNSSEC base: RFC 4033/4034/4035),2019-01-27T03:22:36,2005-03-01T00:00:00,true,partial_match,none,0.0,0.0,rfc4033_dnssec_algorithm_present,rfc4033_base_dnssec_record_present; rfc4033_dnssec_ok_negotiated,,rfc4033_base_dnssec_record_present,dnssec_ok_flag,algorithm,1,3,"Indicator rfc4033_dnssec_ok_negotiated is only partially queryable: part of its signature depends on fields the corpus does not export, so it was evaluated on incomplete data.; Indicator rfc4033_dnssec_ok_negotiated was only partially evaluated: 1 condition(s) were tested and 1 could not be, because the observation carries no value for dnssec_ok_flag.; Fields absent from this observation: dnssec_ok_flag. Every condition over them failed by construction; absence is not evidence either way.; Partial matches are candidates, not adoption evidence: at least one required indicator of this RFC was not satisfied.","RFC 4033 partially matches signal sig_0012: the optional indicator rfc4033_dnssec_algorithm_present passed because algorithm is present (observed 0). The required indicator rfc4033_base_dnssec_record_present was not satisfied: rr_type=CDS is not in [DNSKEY, DS, RRSIG, NSEC]. The observation on 2019-01-27T03:22:36 is 5080 days after RFC 4033's publication on 2005-03-01, so the timestamp is valid. Score 0.0 (none): the penalties leave a raw total of -2.0, which is clamped to 0 before the 0.75 low specificity multiplier.","base_indicator_score = 0.0 (matched required indicators: none); optional_match_bonus = 1.0 = 2.0 x 0.5 (matched optional indicators: rfc4033_dnssec_algorithm_present); required_match_bonus = 0.0 (not awarded: 1 evaluable required indicator(s), the bonus needs at least 2); missing_required_penalty = 3.0 = 3.0 x 1 (required indicators evaluated but not matched: rfc4033_base_dnssec_record_present); partial_match_penalty = 0.0 (not applied: no required indicator matched, so this is not a partial match); ambiguity_penalty = 0.0 (not applied: no matched indicator is flagged ambiguous); raw = 0.0 + 0.0 + 1.0 - 3.0 - 0.0 - 0.0 = -2.0; specificity_multiplier = 0.75 (RFC 4033 specificity=low); final_score = max(0, -2.0) * 0.75 = 0.0"
trace_sig_0012_rfc4509,sig_0012,RFC 4509,Use of SHA-256 in DNSSEC Delegation Signer (DS) Resource Records,2019-01-27T03:22:36,2006-05-01T00:00:00,true,no_match,none,0.0,0.0,,rfc4509_ds_sha256_digest,,rfc4509_ds_sha256_digest,,,1,1,,"RFC 4509 does not explain signal sig_0012: the required indicator rfc4509_ds_sha256_digest failed because digest_type=0 does not equal the expected value 2. The observation on 2019-01-27T03:22:36 is 4654 days after RFC 4509's publication on 2006-05-01, so the timestamp is valid. Score 0.0 (none): no required indicator matched, so there is nothing to score.","base_indicator_score = 0.0 (matched required indicators: none); optional_match_bonus = 0.0 = 0.0 x 0.5 (matched optional indicators: none); required_match_bonus = 0.0 (not awarded: 1 evaluable required indicator(s), the bonus needs at least 2); missing_required_penalty = 3.0 = 3.0 x 1 (required indicators evaluated but not matched: rfc4509_ds_sha256_digest); partial_match_penalty = 0.0 (not applied: no required indicator matched, so this is not a partial match); ambiguity_penalty = 0.0 (not applied: no matched indicator is flagged ambiguous); raw = 0.0 + 0.0 + 0.0 - 3.0 - 0.0 - 0.0 = -3.0; specificity_multiplier = 1.25 (RFC 4509 specificity=high); final_score = max(0, -3.0) * 1.25 = 0.0"
trace_sig_0012_rfc5155,sig_0012,RFC 5155,DNS Security (DNSSEC) Hashed Authenticated Denial of Existence,2019-01-27T03:22:36,2008-03-01T00:00:00,true,no_match,none,0.0,0.0,,rfc5155_nsec3_hash_algorithm; rfc5155_nsec3_record_present,,rfc5155_nsec3_record_present,,,1,2,,"RFC 5155 does not explain signal sig_0012: the required indicator rfc5155_nsec3_record_present failed because rr_type=CDS is not in [NSEC3, NSEC3PARAM]. The observation on 2019-01-27T03:22:36 is 3984 days after RFC 5155's publication on 2008-03-01, so the timestamp is valid. Score 0.0 (none): no required indicator matched, so there is nothing to score.","base_indicator_score = 0.0 (matched required indicators: none); optional_match_bonus = 0.0 = 0.0 x 0.5 (matched optional indicators: none); required_match_bonus = 0.0 (not awarded: 1 evaluable required indicator(s), the bonus needs at least 2); missing_required_penalty = 3.0 = 3.0 x 1 (required indicators evaluated but not matched: rfc5155_nsec3_record_present); partial_match_penalty = 0.0 (not applied: no required indicator matched, so this is not a partial match); ambiguity_penalty = 0.0 (not applied: no matched indicator is flagged ambiguous); raw = 0.0 + 0.0 + 0.0 - 3.0 - 0.0 - 0.0 = -3.0; specificity_multiplier = 1.5 (RFC 5155 specificity=very_high); final_score = max(0, -3.0) * 1.5 = 0.0"
trace_sig_0012_rfc6605,sig_0012,RFC 6605,Elliptic Curve Digital Signature Algorithm (DSA) for DNSSEC,2019-01-27T03:22:36,2012-04-01T00:00:00,true,no_match,none,0.0,0.0,,rfc6605_ecdsa_algorithm; rfc6605_ecdsa_on_key_or_signature,,rfc6605_ecdsa_algorithm,,,1,2,,"RFC 6605 does not explain signal sig_0012: the required indicator rfc6605_ecdsa_algorithm failed because algorithm=0 is not in [13, 14]. The observation on 2019-01-27T03:22:36 is 2492 days after RFC 6605's publication on 2012-04-01, so the timestamp is valid. Score 0.0 (none): no required indicator matched, so there is nothing to score.","base_indicator_score = 0.0 (matched required indicators: none); optional_match_bonus = 0.0 = 0.0 x 0.5 (matched optional indicators: none); required_match_bonus = 0.0 (not awarded: 1 evaluable required indicator(s), the bonus needs at least 2); missing_required_penalty = 3.0 = 3.0 x 1 (required indicators evaluated but not matched: rfc6605_ecdsa_algorithm); partial_match_penalty = 0.0 (not applied: no required indicator matched, so this is not a partial match); ambiguity_penalty = 0.0 (not applied: no matched indicator is flagged ambiguous); raw = 0.0 + 0.0 + 0.0 - 3.0 - 0.0 - 0.0 = -3.0; specificity_multiplier = 1.25 (RFC 6605 specificity=high); final_score = max(0, -3.0) * 1.25 = 0.0"
trace_sig_0012_rfc8080,sig_0012,RFC 8080,Edwards-Curve Digital Security Algorithm (EdDSA) for DNSSEC,2019-01-27T03:22:36,2017-02-01T00:00:00,true,no_match,none,0.0,0.0,,rfc8080_eddsa_algorithm; rfc8080_eddsa_on_key_or_signature,,rfc8080_eddsa_algorithm,,,1,2,,"RFC 8080 does not explain signal sig_0012: the required indicator rfc8080_eddsa_algorithm failed because algorithm=0 is not in [15, 16]. The observation on 2019-01-27T03:22:36 is 725 days after RFC 8080's publication on 2017-02-01, so the timestamp is valid. Score 0.0 (none): no required indicator matched, so there is nothing to score.","base_indicator_score = 0.0 (matched required indicators: none); optional_match_bonus = 0.0 = 0.0 x 0.5 (matched optional indicators: none); required_match_bonus = 0.0 (not awarded: 1 evaluable required indicator(s), the bonus needs at least 2); missing_required_penalty = 3.0 = 3.0 x 1 (required indicators evaluated but not matched: rfc8080_eddsa_algorithm); partial_match_penalty = 0.0 (not applied: no required indicator matched, so this is not a partial match); ambiguity_penalty = 0.0 (not applied: no matched indicator is flagged ambiguous); raw = 0.0 + 0.0 + 0.0 - 3.0 - 0.0 - 0.0 = -3.0; specificity_multiplier = 1.5 (RFC 8080 specificity=very_high); final_score = max(0, -3.0) * 1.5 = 0.0"
trace_sig_0012_rfc8624,sig_0012,RFC 8624,Algorithm Implementation Requirements and Usage Guidance for DNSSEC,2019-01-27T03:22:36,2019-06-01T00:00:00,false,partial_match,none,0.0,0.0,rfc8624_avoids_deprecated_algorithm,rfc8624_recommended_signing_algorithm,rfc8624_validator_algorithm_support,rfc8624_recommended_signing_algorithm,rr_type; validator_algorithm_support,algorithm,2,1,"Indicator rfc8624_avoids_deprecated_algorithm is flagged ambiguous: the observation it matched is equally consistent with other RFCs, so this result is an inference about policy rather than direct evidence.; Corpus availability: indicator rfc8624_validator_algorithm_support was never tested because rr_type, validator_algorithm_support are absent from the OpenINTEL dictionary. Its absence from the evidence is a measurement limitation, not a finding about the observation.; The observation also predates the RFC publication date by 125 days, but that is not why it was rejected: the indicator conditions did not hold regardless of the date, so no score was withheld.; Partial matches are candidates, not adoption evidence: at least one required indicator of this RFC was not satisfied.","RFC 8624 partially matches signal sig_0012: the optional indicator rfc8624_avoids_deprecated_algorithm passed because algorithm is present (observed 0) and algorithm=0 differs from 1 as required. The required indicator rfc8624_recommended_signing_algorithm was not satisfied: algorithm=0 is not in [13, 15]. The observation on 2019-01-27T03:22:36 predates RFC 8624's publication on 2019-06-01 by 125 days. An observation cannot evidence adoption of an RFC that did not yet exist, so the score is forfeited. Score 0.0 (none): the penalties leave a raw total of -3.5, which is clamped to 0 before the 0.75 low specificity multiplier.","base_indicator_score = 0.0 (matched required indicators: none); optional_match_bonus = 1.5 = 3.0 x 0.5 (matched optional indicators: rfc8624_avoids_deprecated_algorithm); required_match_bonus = 0.0 (not awarded: 1 evaluable required indicator(s), the bonus needs at least 2); missing_required_penalty = 3.0 = 3.0 x 1 (required indicators evaluated but not matched: rfc8624_recommended_signing_algorithm); partial_match_penalty = 0.0 (not applied: no required indicator matched, so this is not a partial match); ambiguity_penalty = 2.0 (applied: matched indicators flagged ambiguous: rfc8624_avoids_deprecated_algorithm); raw = 0.0 + 0.0 + 1.5 - 3.0 - 0.0 - 2.0 = -3.5; specificity_multiplier = 0.75 (RFC 8624 specificity=low); final_score = max(0, -3.5) * 0.75 = 0.0; note: 1 indicator (rfc8624_validator_algorithm_support) could not be tested against the OpenINTEL corpus and was excluded from every term above, neither earning weight nor incurring a penalty"
trace_sig_0013_rfc6605,sig_0013,RFC 6605,Elliptic Curve Digital Signature Algorithm (DSA) for DNSSEC,2019-04-21T02:25:06,2012-04-01T00:00:00,true,valid_match,very_high,13.125,0.0,rfc6605_ecdsa_algorithm; rfc6605_ecdsa_on_key_or_signature,,,,,algorithm; rr_type,3,0,,"RFC 6605 matched signal sig_0013: the required indicator rfc6605_ecdsa_algorithm passed because algorithm=13 is in [13, 14]. Corroborating indicators also matched: rfc6605_ecdsa_on_key_or_signature. The observation on 2019-04-21T02:25:06 is 2576 days after RFC 6605's publication on 2012-04-01, so the timestamp is valid. Score 13.125 (very_high) = (9.0 required + 1.5 optional) x 1.25 high specificity.","base_indicator_score = 9.0 (matched required indicators: rfc6605_ecdsa_algorithm); optional_match_bonus = 1.5 = 3.0 x 0.5 (matched optional indicators: rfc6605_ecdsa_on_key_or_signature); required_match_bonus = 0.0 (not awarded: 1 evaluable required indicator(s), the bonus needs at least 2); missing_required_penalty = 0.0 = 3.0 x 0 (required indicators evaluated but not matched: none); partial_match_penalty = 0.0 (not applied: every evaluable required indicator matched); ambiguity_penalty = 0.0 (not applied: no matched indicator is flagged ambiguous); raw = 9.0 + 0.0 + 1.5 - 0.0 - 0.0 - 0.0 = 10.5; specificity_multiplier = 1.25 (RFC 6605 specificity=high); final_score = max(0, 10.5) * 1.25 = 13.125"
trace_sig_0013_rfc7344,sig_0013,RFC 7344,Automating DNSSEC Delegation Trust Maintenance,2019-04-21T02:25:06,2014-09-01T00:00:00,true,valid_match,very_high,13.125,0.0,rfc7344_cds_cdnskey_present; rfc7344_cds_publishes_digest,,,,,digest_type; rr_type,3,0,,"RFC 7344 matched signal sig_0013: the required indicator rfc7344_cds_cdnskey_present passed because rr_type=CDS is in [CDS, CDNSKEY]. Corroborating indicators also matched: rfc7344_cds_publishes_digest. The observation on 2019-04-21T02:25:06 is 1693 days after RFC 7344's publication on 2014-09-01, so the timestamp is valid. Score 13.125 (very_high) = (9.0 required + 1.5 optional) x 1.25 high specificity.","base_indicator_score = 9.0 (matched required indicators: rfc7344_cds_cdnskey_present); optional_match_bonus = 1.5 = 3.0 x 0.5 (matched optional indicators: rfc7344_cds_publishes_digest); required_match_bonus = 0.0 (not awarded: 1 evaluable required indicator(s), the bonus needs at least 2); missing_required_penalty = 0.0 = 3.0 x 0 (required indicators evaluated but not matched: none); partial_match_penalty = 0.0 (not applied: every evaluable required indicator matched); ambiguity_penalty = 0.0 (not applied: no matched indicator is flagged ambiguous); raw = 9.0 + 0.0 + 1.5 - 0.0 - 0.0 - 0.0 = 10.5; specificity_multiplier = 1.25 (RFC 7344 specificity=high); final_score = max(0, 10.5) * 1.25 = 13.125"
trace_sig_0013_rfc4509,sig_0013,RFC 4509,Use of SHA-256 in DNSSEC Delegation Signer (DS) Resource Records,2019-04-21T02:25:06,2006-05-01T00:00:00,true,valid_match,high,11.25,0.0,rfc4509_ds_sha256_digest,,,,,digest_type; rr_type,2,0,,"RFC 4509 matched signal sig_0013: the required indicator rfc4509_ds_sha256_digest passed because rr_type=CDS is in [DS, CDS] and digest_type=2 equals the expected value 2. The observation on 2019-04-21T02:25:06 is 4738 days after RFC 4509's publication on 2006-05-01, so the timestamp is valid. Score 11.25 (high) = (9.0 required) x 1.25 high specificity.","base_indicator_score = 9.0 (matched required indicators: rfc4509_ds_sha256_digest); optional_match_bonus = 0.0 = 0.0 x 0.5 (matched optional indicators: none); required_match_bonus = 0.0 (not awarded: 1 evaluable required indicator(s), the bonus needs at least 2); missing_required_penalty = 0.0 = 3.0 x 0 (required indicators evaluated but not matched: none); partial_match_penalty = 0.0 (not applied: every evaluable required indicator matched); ambiguity_penalty = 0.0 (not applied: no matched indicator is flagged ambiguous); raw = 9.0 + 0.0 + 0.0 - 0.0 - 0.0 - 0.0 = 9.0; specificity_multiplier = 1.25 (RFC 4509 specificity=high); final_score = max(0, 9.0) * 1.25 = 11.25"
trace_sig_0013_rfc4033,sig_0013,RFC 4033,DNS Security Introduction and Requirements (DNSSEC base: RFC 4033/4034/4035),2019-04-21T02:25:06,2005-03-01T00:00:00,true,partial_match,none,0.0,0.0,rfc4033_dnssec_algorithm_present,rfc4033_base_dnssec_record_present; rfc4033_dnssec_ok_negotiated,,rfc4033_base_dnssec_record_present,dnssec_ok_flag,algorithm,1,3,"Indicator rfc4033_dnssec_ok_negotiated is only partially queryable: part of its signature depends on fields the corpus does not export, so it was evaluated on incomplete data.; Indicator rfc4033_dnssec_ok_negotiated was only partially evaluated: 1 condition(s) were tested and 1 could not be, because the observation carries no value for dnssec_ok_flag.; Fields absent from this observation: dnssec_ok_flag. Every condition over them failed by construction; absence is not evidence either way.; Partial matches are candidates, not adoption evidence: at least one required indicator of this RFC was not satisfied.","RFC 4033 partially matches signal sig_0013: the optional indicator rfc4033_dnssec_algorithm_present passed because algorithm is present (observed 13). The required indicator rfc4033_base_dnssec_record_present was not satisfied: rr_type=CDS is not in [DNSKEY, DS, RRSIG, NSEC]. The observation on 2019-04-21T02:25:06 is 5164 days after RFC 4033's publication on 2005-03-01, so the timestamp is valid. Score 0.0 (none): the penalties leave a raw total of -2.0, which is clamped to 0 before the 0.75 low specificity multiplier.","base_indicator_score = 0.0 (matched required indicators: none); optional_match_bonus = 1.0 = 2.0 x 0.5 (matched optional indicators: rfc4033_dnssec_algorithm_present); required_match_bonus = 0.0 (not awarded: 1 evaluable required indicator(s), the bonus needs at least 2); missing_required_penalty = 3.0 = 3.0 x 1 (required indicators evaluated but not matched: rfc4033_base_dnssec_record_present); partial_match_penalty = 0.0 (not applied: no required indicator matched, so this is not a partial match); ambiguity_penalty = 0.0 (not applied: no matched indicator is flagged ambiguous); raw = 0.0 + 0.0 + 1.0 - 3.0 - 0.0 - 0.0 = -2.0; specificity_multiplier = 0.75 (RFC 4033 specificity=low); final_score = max(0, -2.0) * 0.75 = 0.0"
trace_sig_0013_rfc5155,sig_0013,RFC 5155,DNS Security (DNSSEC) Hashed Authenticated Denial of Existence,2019-04-21T02:25:06,2008-03-01T00:00:00,true,no_match,none,0.0,0.0,,rfc5155_nsec3_hash_algorithm; rfc5155_nsec3_record_present,,rfc5155_nsec3_record_present,,,1,2,,"RFC 5155 does not explain signal sig_0013: the required indicator rfc5155_nsec3_record_present failed because rr_type=CDS is not in [NSEC3, NSEC3PARAM]. The observation on 2019-04-21T02:25:06 is 4068 days after RFC 5155's publication on 2008-03-01, so the timestamp is valid. Score 0.0 (none): no required indicator matched, so there is nothing to score.","base_indicator_score = 0.0 (matched required indicators: none); optional_match_bonus = 0.0 = 0.0 x 0.5 (matched optional indicators: none); required_match_bonus = 0.0 (not awarded: 1 evaluable required indicator(s), the bonus needs at least 2); missing_required_penalty = 3.0 = 3.0 x 1 (required indicators evaluated but not matched: rfc5155_nsec3_record_present); partial_match_penalty = 0.0 (not applied: no required indicator matched, so this is not a partial match); ambiguity_penalty = 0.0 (not applied: no matched indicator is flagged ambiguous); raw = 0.0 + 0.0 + 0.0 - 3.0 - 0.0 - 0.0 = -3.0; specificity_multiplier = 1.5 (RFC 5155 specificity=very_high); final_score = max(0, -3.0) * 1.5 = 0.0"
trace_sig_0013_rfc8078,sig_0013,RFC 8078,Managing DS Records from the Parent via CDS/CDNSKEY,2019-04-21T02:25:06,2017-03-01T00:00:00,true,no_match,none,0.0,0.0,,rfc8078_cds_cdnskey_algorithm_zero; rfc8078_delete_signal_digest_zero,,rfc8078_cds_cdnskey_algorithm_zero,,,2,2,,"RFC 8078 does not explain signal sig_0013: the required indicator rfc8078_cds_cdnskey_algorithm_zero failed because algorithm=13 does not equal the expected value 0. The observation on 2019-04-21T02:25:06 is 781 days after RFC 8078's publication on 2017-03-01, so the timestamp is valid. Score 0.0 (none): no required indicator matched, so there is nothing to score.","base_indicator_score = 0.0 (matched required indicators: none); optional_match_bonus = 0.0 = 0.0 x 0.5 (matched optional indicators: none); required_match_bonus = 0.0 (not awarded: 1 evaluable required indicator(s), the bonus needs at least 2); missing_required_penalty = 3.0 = 3.0 x 1 (required indicators evaluated but not matched: rfc8078_cds_cdnskey_algorithm_zero); partial_match_penalty = 0.0 (not applied: no required indicator matched, so this is not a partial match); ambiguity_penalty = 0.0 (not applied: no matched indicator is flagged ambiguous); raw = 0.0 + 0.0 + 0.0 - 3.0 - 0.0 - 0.0 = -3.0; specificity_multiplier = 1.5 (RFC 8078 specificity=very_high); final_score = max(0, -3.0) * 1.5 = 0.0"
trace_sig_0013_rfc8080,sig_0013,RFC 8080,Edwards-Curve Digital Security Algorithm (EdDSA) for DNSSEC,2019-04-21T02:25:06,2017-02-01T00:00:00,true,no_match,none,0.0,0.0,,rfc8080_eddsa_algorithm; rfc8080_eddsa_on_key_or_signature,,rfc8080_eddsa_algorithm,,,1,2,,"RFC 8080 does not explain signal sig_0013: the required indicator rfc8080_eddsa_algorithm failed because algorithm=13 is not in [15, 16]. The observation on 2019-04-21T02:25:06 is 809 days after RFC 8080's publication on 2017-02-01, so the timestamp is valid. Score 0.0 (none): no required indicator matched, so there is nothing to score.","base_indicator_score = 0.0 (matched required indicators: none); optional_match_bonus = 0.0 = 0.0 x 0.5 (matched optional indicators: none); required_match_bonus = 0.0 (not awarded: 1 evaluable required indicator(s), the bonus needs at least 2); missing_required_penalty = 3.0 = 3.0 x 1 (required indicators evaluated but not matched: rfc8080_eddsa_algorithm); partial_match_penalty = 0.0 (not applied: no required indicator matched, so this is not a partial match); ambiguity_penalty = 0.0 (not applied: no matched indicator is flagged ambiguous); raw = 0.0 + 0.0 + 0.0 - 3.0 - 0.0 - 0.0 = -3.0; specificity_multiplier = 1.5 (RFC 8080 specificity=very_high); final_score = max(0, -3.0) * 1.5 = 0.0"
trace_sig_0013_rfc8624,sig_0013,RFC 8624,Algorithm Implementation Requirements and Usage Guidance for DNSSEC,2019-04-21T02:25:06,2019-06-01T00:00:00,false,timestamp_invalid,none,0.0,3.375,rfc8624_avoids_deprecated_algorithm; rfc8624_recommended_signing_algorithm,,rfc8624_validator_algorithm_support,,rr_type; validator_algorithm_support,algorithm,3,0,"Indicator rfc8624_recommended_signing_algorithm is flagged ambiguous: the observation it matched is equally consistent with other RFCs, so this result is an inference about policy rather than direct evidence.; Indicator rfc8624_avoids_deprecated_algorithm is flagged ambiguous: the observation it matched is equally consistent with other RFCs, so this result is an inference about policy rather than direct evidence.; Corpus availability: indicator rfc8624_validator_algorithm_support was never tested because rr_type, validator_algorithm_support are absent from the OpenINTEL dictionary. Its absence from the evidence is a measurement limitation, not a finding about the observation.; The observation predates the RFC publication date by 41 days, so any score it would have earned is withheld and the case needs human review.","RFC 8624 cannot explain signal sig_0013: although algorithm=13 satisfy the required indicator rfc8624_recommended_signing_algorithm, the observation on 2019-04-21T02:25:06 predates RFC 8624's publication on 2019-06-01 by 41 days. An observation cannot evidence adoption of an RFC that did not yet exist, so the score of 3.375 is forfeited and this is routed to the review queue. The withheld score derives from (5.0 required + 1.5 optional - 2.0 ambiguity penalty) x 0.75 low specificity.","base_indicator_score = 5.0 (matched required indicators: rfc8624_recommended_signing_algorithm); optional_match_bonus = 1.5 = 3.0 x 0.5 (matched optional indicators: rfc8624_avoids_deprecated_algorithm); required_match_bonus = 0.0 (not awarded: 1 evaluable required indicator(s), the bonus needs at least 2); missing_required_penalty = 0.0 = 3.0 x 0 (required indicators evaluated but not matched: none); partial_match_penalty = 0.0 (not applied: every evaluable required indicator matched); ambiguity_penalty = 2.0 (applied: matched indicators flagged ambiguous: rfc8624_avoids_deprecated_algorithm, rfc8624_recommended_signing_algorithm); raw = 5.0 + 0.0 + 1.5 - 0.0 - 0.0 - 2.0 = 4.5; specificity_multiplier = 0.75 (RFC 8624 specificity=low); final_score = max(0, 4.5) * 0.75 = 3.375; timestamp_penalty = 3.375 (the observation predates RFC 8624's publication date by 41 days, so the score is withheld); final_score = 0.0 (an observation cannot evidence adoption of an RFC that did not yet exist); note: 1 indicator (rfc8624_validator_algorithm_support) could not be tested against the OpenINTEL corpus and was excluded from every term above, neither earning weight nor incurring a penalty"
trace_sig_0014_rfc8080,sig_0014,RFC 8080,Edwards-Curve Digital Security Algorithm (EdDSA) for DNSSEC,2021-01-04T03:29:11,2017-02-01T00:00:00,true,valid_match,very_high,17.25,0.0,rfc8080_eddsa_algorithm; rfc8080_eddsa_on_key_or_signature,,,,,algorithm; rr_type,3,0,,"RFC 8080 matched signal sig_0014: the required indicator rfc8080_eddsa_algorithm passed because algorithm=15 is in [15, 16]. Corroborating indicators also matched: rfc8080_eddsa_on_key_or_signature. The observation on 2021-01-04T03:29:11 is 1433 days after RFC 8080's publication on 2017-02-01, so the timestamp is valid. Score 17.25 (very_high) = (10.0 required + 1.5 optional) x 1.5 very_high specificity.","base_indicator_score = 10.0 (matched required indicators: rfc8080_eddsa_algorithm); optional_match_bonus = 1.5 = 3.0 x 0.5 (matched optional indicators: rfc8080_eddsa_on_key_or_signature); required_match_bonus = 0.0 (not awarded: 1 evaluable required indicator(s), the bonus needs at least 2); missing_required_penalty = 0.0 = 3.0 x 0 (required indicators evaluated but not matched: none); partial_match_penalty = 0.0 (not applied: every evaluable required indicator matched); ambiguity_penalty = 0.0 (not applied: no matched indicator is flagged ambiguous); raw = 10.0 + 0.0 + 1.5 - 0.0 - 0.0 - 0.0 = 11.5; specificity_multiplier = 1.5 (RFC 8080 specificity=very_high); final_score = max(0, 11.5) * 1.5 = 17.25"
trace_sig_0014_rfc4033,sig_0014,RFC 4033,DNS Security Introduction and Requirements (DNSSEC base: RFC 4033/4034/4035),2021-01-04T03:29:11,2005-03-01T00:00:00,true,valid_match,low,3.75,0.0,rfc4033_base_dnssec_record_present; rfc4033_dnssec_algorithm_present,rfc4033_dnssec_ok_negotiated,,,dnssec_ok_flag,algorithm; rr_type,3,1,"Indicator rfc4033_dnssec_ok_negotiated is only partially queryable: part of its signature depends on fields the corpus does not export, so it was evaluated on incomplete data.; Indicator rfc4033_dnssec_ok_negotiated was only partially evaluated: 1 condition(s) were tested and 1 could not be, because the observation carries no value for dnssec_ok_flag.; Fields absent from this observation: dnssec_ok_flag. Every condition over them failed by construction; absence is not evidence either way.","RFC 4033 matched signal sig_0014: the required indicator rfc4033_base_dnssec_record_present passed because rr_type=RRSIG is in [DNSKEY, DS, RRSIG, NSEC]. Corroborating indicators also matched: rfc4033_dnssec_algorithm_present. Indicator rfc4033_dnssec_ok_negotiated did not match: field 'dnssec_ok_flag' is absent from this observation, so the condition 'dnssec_ok_flag must equal true' could not be satisfied (absence is not evidence). The observation on 2021-01-04T03:29:11 is 5788 days after RFC 4033's publication on 2005-03-01, so the timestamp is valid. Score 3.75 (low) = (4.0 required + 1.0 optional) x 0.75 low specificity.","base_indicator_score = 4.0 (matched required indicators: rfc4033_base_dnssec_record_present); optional_match_bonus = 1.0 = 2.0 x 0.5 (matched optional indicators: rfc4033_dnssec_algorithm_present); required_match_bonus = 0.0 (not awarded: 1 evaluable required indicator(s), the bonus needs at least 2); missing_required_penalty = 0.0 = 3.0 x 0 (required indicators evaluated but not matched: none); partial_match_penalty = 0.0 (not applied: every evaluable required indicator matched); ambiguity_penalty = 0.0 (not applied: no matched indicator is flagged ambiguous); raw = 4.0 + 0.0 + 1.0 - 0.0 - 0.0 - 0.0 = 5.0; specificity_multiplier = 0.75 (RFC 4033 specificity=low); final_score = max(0, 5.0) * 0.75 = 3.75"
trace_sig_0014_rfc8624,sig_0014,RFC 8624,Algorithm Implementation Requirements and Usage Guidance for DNSSEC,2021-01-04T03:29:11,2019-06-01T00:00:00,true,ambiguous,low,3.375,0.0,rfc8624_avoids_deprecated_algorithm; rfc8624_recommended_signing_algorithm,,rfc8624_validator_algorithm_support,,rr_type; validator_algorithm_support,algorithm,3,0,"Indicator rfc8624_recommended_signing_algorithm is flagged ambiguous: the observation it matched is equally consistent with other RFCs, so this result is an inference about policy rather than direct evidence.; Indicator rfc8624_avoids_deprecated_algorithm is flagged ambiguous: the observation it matched is equally consistent with other RFCs, so this result is an inference about policy rather than direct evidence.; Corpus availability: indicator rfc8624_validator_algorithm_support was never tested because rr_type, validator_algorithm_support are absent from the OpenINTEL dictionary. Its absence from the evidence is a measurement limitation, not a finding about the observation.","RFC 8624 is an ambiguous match for signal sig_0014: the required indicator rfc8624_recommended_signing_algorithm passed because algorithm=15 is in [13, 15]. Corroborating indicators also matched: rfc8624_avoids_deprecated_algorithm. The checklist flags rfc8624_avoids_deprecated_algorithm, rfc8624_recommended_signing_algorithm ambiguous: the same observation is equally explained by other RFCs, so the match is penalized and sent to the review queue rather than reported as adoption. The observation on 2021-01-04T03:29:11 is 583 days after RFC 8624's publication on 2019-06-01, so the timestamp is valid. Score 3.375 (low) = (5.0 required + 1.5 optional - 2.0 ambiguity penalty) x 0.75 low specificity.","base_indicator_score = 5.0 (matched required indicators: rfc8624_recommended_signing_algorithm); optional_match_bonus = 1.5 = 3.0 x 0.5 (matched optional indicators: rfc8624_avoids_deprecated_algorithm); required_match_bonus = 0.0 (not awarded: 1 evaluable required indicator(s), the bonus needs at least 2); missing_required_penalty = 0.0 = 3.0 x 0 (required indicators evaluated but not matched: none); partial_match_penalty = 0.0 (not applied: every evaluable required indicator matched); ambiguity_penalty = 2.0 (applied: matched indicators flagged ambiguous: rfc8624_avoids_deprecated_algorithm, rfc8624_recommended_signing_algorithm); raw = 5.0 + 0.0 + 1.5 - 0.0 - 0.0 - 2.0 = 4.5; specificity_multiplier = 0.75 (RFC 8624 specificity=low); final_score = max(0, 4.5) * 0.75 = 3.375; note: 1 indicator (rfc8624_validator_algorithm_support) could not be tested against the OpenINTEL corpus and was excluded from every term above, neither earning weight nor incurring a penalty"
trace_sig_0014_rfc4509,sig_0014,RFC 4509,Use of SHA-256 in DNSSEC Delegation Signer (DS) Resource Records,2021-01-04T03:29:11,2006-05-01T00:00:00,true,no_match,none,0.0,0.0,,rfc4509_ds_sha256_digest,,rfc4509_ds_sha256_digest,digest_type,,0,2,"Indicator rfc4509_ds_sha256_digest was only partially evaluated: 1 condition(s) were tested and 1 could not be, because the observation carries no value for digest_type.; Fields absent from this observation: digest_type. Every condition over them failed by construction; absence is not evidence either way.","RFC 4509 does not explain signal sig_0014: the required indicator rfc4509_ds_sha256_digest failed because rr_type=RRSIG is not in [DS, CDS]. The observation on 2021-01-04T03:29:11 is 5362 days after RFC 4509's publication on 2006-05-01, so the timestamp is valid. Score 0.0 (none): no required indicator matched, so there is nothing to score.","base_indicator_score = 0.0 (matched required indicators: none); optional_match_bonus = 0.0 = 0.0 x 0.5 (matched optional indicators: none); required_match_bonus = 0.0 (not awarded: 1 evaluable required indicator(s), the bonus needs at least 2); missing_required_penalty = 3.0 = 3.0 x 1 (required indicators evaluated but not matched: rfc4509_ds_sha256_digest); partial_match_penalty = 0.0 (not applied: no required indicator matched, so this is not a partial match); ambiguity_penalty = 0.0 (not applied: no matched indicator is flagged ambiguous); raw = 0.0 + 0.0 + 0.0 - 3.0 - 0.0 - 0.0 = -3.0; specificity_multiplier = 1.25 (RFC 4509 specificity=high); final_score = max(0, -3.0) * 1.25 = 0.0"
trace_sig_0014_rfc5155,sig_0014,RFC 5155,DNS Security (DNSSEC) Hashed Authenticated Denial of Existence,2021-01-04T03:29:11,2008-03-01T00:00:00,true,no_match,none,0.0,0.0,,rfc5155_nsec3_hash_algorithm; rfc5155_nsec3_record_present,,rfc5155_nsec3_record_present,,,1,2,,"RFC 5155 does not explain signal sig_0014: the required indicator rfc5155_nsec3_record_present failed because rr_type=RRSIG is not in [NSEC3, NSEC3PARAM]. The observation on 2021-01-04T03:29:11 is 4692 days after RFC 5155's publication on 2008-03-01, so the timestamp is valid. Score 0.0 (none): no required indicator matched, so there is nothing to score.","base_indicator_score = 0.0 (matched required indicators: none); optional_match_bonus = 0.0 = 0.0 x 0.5 (matched optional indicators: none); required_match_bonus = 0.0 (not awarded: 1 evaluable required indicator(s), the bonus needs at least 2); missing_required_penalty = 3.0 = 3.0 x 1 (required indicators evaluated but not matched: rfc5155_nsec3_record_present); partial_match_penalty = 0.0 (not applied: no required indicator matched, so this is not a partial match); ambiguity_penalty = 0.0 (not applied: no matched indicator is flagged ambiguous); raw = 0.0 + 0.0 + 0.0 - 3.0 - 0.0 - 0.0 = -3.0; specificity_multiplier = 1.5 (RFC 5155 specificity=very_high); final_score = max(0, -3.0) * 1.5 = 0.0"
trace_sig_0014_rfc6605,sig_0014,RFC 6605,Elliptic Curve Digital Signature Algorithm (DSA) for DNSSEC,2021-01-04T03:29:11,2012-04-01T00:00:00,true,no_match,none,0.0,0.0,,rfc6605_ecdsa_algorithm; rfc6605_ecdsa_on_key_or_signature,,rfc6605_ecdsa_algorithm,,,1,2,,"RFC 6605 does not explain signal sig_0014: the required indicator rfc6605_ecdsa_algorithm failed because algorithm=15 is not in [13, 14]. The observation on 2021-01-04T03:29:11 is 3200 days after RFC 6605's publication on 2012-04-01, so the timestamp is valid. Score 0.0 (none): no required indicator matched, so there is nothing to score.","base_indicator_score = 0.0 (matched required indicators: none); optional_match_bonus = 0.0 = 0.0 x 0.5 (matched optional indicators: none); required_match_bonus = 0.0 (not awarded: 1 evaluable required indicator(s), the bonus needs at least 2); missing_required_penalty = 3.0 = 3.0 x 1 (required indicators evaluated but not matched: rfc6605_ecdsa_algorithm); partial_match_penalty = 0.0 (not applied: no required indicator matched, so this is not a partial match); ambiguity_penalty = 0.0 (not applied: no matched indicator is flagged ambiguous); raw = 0.0 + 0.0 + 0.0 - 3.0 - 0.0 - 0.0 = -3.0; specificity_multiplier = 1.25 (RFC 6605 specificity=high); final_score = max(0, -3.0) * 1.25 = 0.0"
trace_sig_0014_rfc7344,sig_0014,RFC 7344,Automating DNSSEC Delegation Trust Maintenance,2021-01-04T03:29:11,2014-09-01T00:00:00,true,no_match,none,0.0,0.0,,rfc7344_cds_cdnskey_present; rfc7344_cds_publishes_digest,,rfc7344_cds_cdnskey_present,digest_type,,0,3,"Indicator rfc7344_cds_publishes_digest was only partially evaluated: 1 condition(s) were tested and 1 could not be, because the observation carries no value for digest_type.; Fields absent from this observation: digest_type. Every condition over them failed by construction; absence is not evidence either way.","RFC 7344 does not explain signal sig_0014: the required indicator rfc7344_cds_cdnskey_present failed because rr_type=RRSIG is not in [CDS, CDNSKEY]. The observation on 2021-01-04T03:29:11 is 2317 days after RFC 7344's publication on 2014-09-01, so the timestamp is valid. Score 0.0 (none): no required indicator matched, so there is nothing to score.","base_indicator_score = 0.0 (matched required indicators: none); optional_match_bonus = 0.0 = 0.0 x 0.5 (matched optional indicators: none); required_match_bonus = 0.0 (not awarded: 1 evaluable required indicator(s), the bonus needs at least 2); missing_required_penalty = 3.0 = 3.0 x 1 (required indicators evaluated but not matched: rfc7344_cds_cdnskey_present); partial_match_penalty = 0.0 (not applied: no required indicator matched, so this is not a partial match); ambiguity_penalty = 0.0 (not applied: no matched indicator is flagged ambiguous); raw = 0.0 + 0.0 + 0.0 - 3.0 - 0.0 - 0.0 = -3.0; specificity_multiplier = 1.25 (RFC 7344 specificity=high); final_score = max(0, -3.0) * 1.25 = 0.0"
trace_sig_0014_rfc8078,sig_0014,RFC 8078,Managing DS Records from the Parent via CDS/CDNSKEY,2021-01-04T03:29:11,2017-03-01T00:00:00,true,no_match,none,0.0,0.0,,rfc8078_cds_cdnskey_algorithm_zero; rfc8078_delete_signal_digest_zero,,rfc8078_cds_cdnskey_algorithm_zero,digest_type,,0,4,"Indicator rfc8078_delete_signal_digest_zero was only partially evaluated: 1 condition(s) were tested and 1 could not be, because the observation carries no value for digest_type.; Fields absent from this observation: digest_type. Every condition over them failed by construction; absence is not evidence either way.","RFC 8078 does not explain signal sig_0014: the required indicator rfc8078_cds_cdnskey_algorithm_zero failed because rr_type=RRSIG is not in [CDS, CDNSKEY]. The observation on 2021-01-04T03:29:11 is 1405 days after RFC 8078's publication on 2017-03-01, so the timestamp is valid. Score 0.0 (none): no required indicator matched, so there is nothing to score.","base_indicator_score = 0.0 (matched required indicators: none); optional_match_bonus = 0.0 = 0.0 x 0.5 (matched optional indicators: none); required_match_bonus = 0.0 (not awarded: 1 evaluable required indicator(s), the bonus needs at least 2); missing_required_penalty = 3.0 = 3.0 x 1 (required indicators evaluated but not matched: rfc8078_cds_cdnskey_algorithm_zero); partial_match_penalty = 0.0 (not applied: no required indicator matched, so this is not a partial match); ambiguity_penalty = 0.0 (not applied: no matched indicator is flagged ambiguous); raw = 0.0 + 0.0 + 0.0 - 3.0 - 0.0 - 0.0 = -3.0; specificity_multiplier = 1.5 (RFC 8078 specificity=very_high); final_score = max(0, -3.0) * 1.5 = 0.0"
trace_sig_0015_rfc8080,sig_0015,RFC 8080,Edwards-Curve Digital Security Algorithm (EdDSA) for DNSSEC,2021-01-10T04:08:05,2017-02-01T00:00:00,true,valid_match,very_high,17.25,0.0,rfc8080_eddsa_algorithm; rfc8080_eddsa_on_key_or_signature,,,,,algorithm; rr_type,3,0,,"RFC 8080 matched signal sig_0015: the required indicator rfc8080_eddsa_algorithm passed because algorithm=15 is in [15, 16]. Corroborating indicators also matched: rfc8080_eddsa_on_key_or_signature. The observation on 2021-01-10T04:08:05 is 1439 days after RFC 8080's publication on 2017-02-01, so the timestamp is valid. Score 17.25 (very_high) = (10.0 required + 1.5 optional) x 1.5 very_high specificity.","base_indicator_score = 10.0 (matched required indicators: rfc8080_eddsa_algorithm); optional_match_bonus = 1.5 = 3.0 x 0.5 (matched optional indicators: rfc8080_eddsa_on_key_or_signature); required_match_bonus = 0.0 (not awarded: 1 evaluable required indicator(s), the bonus needs at least 2); missing_required_penalty = 0.0 = 3.0 x 0 (required indicators evaluated but not matched: none); partial_match_penalty = 0.0 (not applied: every evaluable required indicator matched); ambiguity_penalty = 0.0 (not applied: no matched indicator is flagged ambiguous); raw = 10.0 + 0.0 + 1.5 - 0.0 - 0.0 - 0.0 = 11.5; specificity_multiplier = 1.5 (RFC 8080 specificity=very_high); final_score = max(0, 11.5) * 1.5 = 17.25"
trace_sig_0015_rfc4033,sig_0015,RFC 4033,DNS Security Introduction and Requirements (DNSSEC base: RFC 4033/4034/4035),2021-01-10T04:08:05,2005-03-01T00:00:00,true,valid_match,low,3.75,0.0,rfc4033_base_dnssec_record_present; rfc4033_dnssec_algorithm_present,rfc4033_dnssec_ok_negotiated,,,dnssec_ok_flag,algorithm; rr_type,3,1,"Indicator rfc4033_dnssec_ok_negotiated is only partially queryable: part of its signature depends on fields the corpus does not export, so it was evaluated on incomplete data.; Indicator rfc4033_dnssec_ok_negotiated was only partially evaluated: 1 condition(s) were tested and 1 could not be, because the observation carries no value for dnssec_ok_flag.; Fields absent from this observation: dnssec_ok_flag. Every condition over them failed by construction; absence is not evidence either way.","RFC 4033 matched signal sig_0015: the required indicator rfc4033_base_dnssec_record_present passed because rr_type=RRSIG is in [DNSKEY, DS, RRSIG, NSEC]. Corroborating indicators also matched: rfc4033_dnssec_algorithm_present. Indicator rfc4033_dnssec_ok_negotiated did not match: field 'dnssec_ok_flag' is absent from this observation, so the condition 'dnssec_ok_flag must equal true' could not be satisfied (absence is not evidence). The observation on 2021-01-10T04:08:05 is 5794 days after RFC 4033's publication on 2005-03-01, so the timestamp is valid. Score 3.75 (low) = (4.0 required + 1.0 optional) x 0.75 low specificity.","base_indicator_score = 4.0 (matched required indicators: rfc4033_base_dnssec_record_present); optional_match_bonus = 1.0 = 2.0 x 0.5 (matched optional indicators: rfc4033_dnssec_algorithm_present); required_match_bonus = 0.0 (not awarded: 1 evaluable required indicator(s), the bonus needs at least 2); missing_required_penalty = 0.0 = 3.0 x 0 (required indicators evaluated but not matched: none); partial_match_penalty = 0.0 (not applied: every evaluable required indicator matched); ambiguity_penalty = 0.0 (not applied: no matched indicator is flagged ambiguous); raw = 4.0 + 0.0 + 1.0 - 0.0 - 0.0 - 0.0 = 5.0; specificity_multiplier = 0.75 (RFC 4033 specificity=low); final_score = max(0, 5.0) * 0.75 = 3.75"
trace_sig_0015_rfc8624,sig_0015,RFC 8624,Algorithm Implementation Requirements and Usage Guidance for DNSSEC,2021-01-10T04:08:05,2019-06-01T00:00:00,true,ambiguous,low,3.375,0.0,rfc8624_avoids_deprecated_algorithm; rfc8624_recommended_signing_algorithm,,rfc8624_validator_algorithm_support,,rr_type; validator_algorithm_support,algorithm,3,0,"Indicator rfc8624_recommended_signing_algorithm is flagged ambiguous: the observation it matched is equally consistent with other RFCs, so this result is an inference about policy rather than direct evidence.; Indicator rfc8624_avoids_deprecated_algorithm is flagged ambiguous: the observation it matched is equally consistent with other RFCs, so this result is an inference about policy rather than direct evidence.; Corpus availability: indicator rfc8624_validator_algorithm_support was never tested because rr_type, validator_algorithm_support are absent from the OpenINTEL dictionary. Its absence from the evidence is a measurement limitation, not a finding about the observation.","RFC 8624 is an ambiguous match for signal sig_0015: the required indicator rfc8624_recommended_signing_algorithm passed because algorithm=15 is in [13, 15]. Corroborating indicators also matched: rfc8624_avoids_deprecated_algorithm. The checklist flags rfc8624_avoids_deprecated_algorithm, rfc8624_recommended_signing_algorithm ambiguous: the same observation is equally explained by other RFCs, so the match is penalized and sent to the review queue rather than reported as adoption. The observation on 2021-01-10T04:08:05 is 589 days after RFC 8624's publication on 2019-06-01, so the timestamp is valid. Score 3.375 (low) = (5.0 required + 1.5 optional - 2.0 ambiguity penalty) x 0.75 low specificity.","base_indicator_score = 5.0 (matched required indicators: rfc8624_recommended_signing_algorithm); optional_match_bonus = 1.5 = 3.0 x 0.5 (matched optional indicators: rfc8624_avoids_deprecated_algorithm); required_match_bonus = 0.0 (not awarded: 1 evaluable required indicator(s), the bonus needs at least 2); missing_required_penalty = 0.0 = 3.0 x 0 (required indicators evaluated but not matched: none); partial_match_penalty = 0.0 (not applied: every evaluable required indicator matched); ambiguity_penalty = 2.0 (applied: matched indicators flagged ambiguous: rfc8624_avoids_deprecated_algorithm, rfc8624_recommended_signing_algorithm); raw = 5.0 + 0.0 + 1.5 - 0.0 - 0.0 - 2.0 = 4.5; specificity_multiplier = 0.75 (RFC 8624 specificity=low); final_score = max(0, 4.5) * 0.75 = 3.375; note: 1 indicator (rfc8624_validator_algorithm_support) could not be tested against the OpenINTEL corpus and was excluded from every term above, neither earning weight nor incurring a penalty"
trace_sig_0015_rfc4509,sig_0015,RFC 4509,Use of SHA-256 in DNSSEC Delegation Signer (DS) Resource Records,2021-01-10T04:08:05,2006-05-01T00:00:00,true,no_match,none,0.0,0.0,,rfc4509_ds_sha256_digest,,rfc4509_ds_sha256_digest,digest_type,,0,2,"Indicator rfc4509_ds_sha256_digest was only partially evaluated: 1 condition(s) were tested and 1 could not be, because the observation carries no value for digest_type.; Fields absent from this observation: digest_type. Every condition over them failed by construction; absence is not evidence either way.","RFC 4509 does not explain signal sig_0015: the required indicator rfc4509_ds_sha256_digest failed because rr_type=RRSIG is not in [DS, CDS]. The observation on 2021-01-10T04:08:05 is 5368 days after RFC 4509's publication on 2006-05-01, so the timestamp is valid. Score 0.0 (none): no required indicator matched, so there is nothing to score.","base_indicator_score = 0.0 (matched required indicators: none); optional_match_bonus = 0.0 = 0.0 x 0.5 (matched optional indicators: none); required_match_bonus = 0.0 (not awarded: 1 evaluable required indicator(s), the bonus needs at least 2); missing_required_penalty = 3.0 = 3.0 x 1 (required indicators evaluated but not matched: rfc4509_ds_sha256_digest); partial_match_penalty = 0.0 (not applied: no required indicator matched, so this is not a partial match); ambiguity_penalty = 0.0 (not applied: no matched indicator is flagged ambiguous); raw = 0.0 + 0.0 + 0.0 - 3.0 - 0.0 - 0.0 = -3.0; specificity_multiplier = 1.25 (RFC 4509 specificity=high); final_score = max(0, -3.0) * 1.25 = 0.0"
trace_sig_0015_rfc5155,sig_0015,RFC 5155,DNS Security (DNSSEC) Hashed Authenticated Denial of Existence,2021-01-10T04:08:05,2008-03-01T00:00:00,true,no_match,none,0.0,0.0,,rfc5155_nsec3_hash_algorithm; rfc5155_nsec3_record_present,,rfc5155_nsec3_record_present,,,1,2,,"RFC 5155 does not explain signal sig_0015: the required indicator rfc5155_nsec3_record_present failed because rr_type=RRSIG is not in [NSEC3, NSEC3PARAM]. The observation on 2021-01-10T04:08:05 is 4698 days after RFC 5155's publication on 2008-03-01, so the timestamp is valid. Score 0.0 (none): no required indicator matched, so there is nothing to score.","base_indicator_score = 0.0 (matched required indicators: none); optional_match_bonus = 0.0 = 0.0 x 0.5 (matched optional indicators: none); required_match_bonus = 0.0 (not awarded: 1 evaluable required indicator(s), the bonus needs at least 2); missing_required_penalty = 3.0 = 3.0 x 1 (required indicators evaluated but not matched: rfc5155_nsec3_record_present); partial_match_penalty = 0.0 (not applied: no required indicator matched, so this is not a partial match); ambiguity_penalty = 0.0 (not applied: no matched indicator is flagged ambiguous); raw = 0.0 + 0.0 + 0.0 - 3.0 - 0.0 - 0.0 = -3.0; specificity_multiplier = 1.5 (RFC 5155 specificity=very_high); final_score = max(0, -3.0) * 1.5 = 0.0"
trace_sig_0015_rfc6605,sig_0015,RFC 6605,Elliptic Curve Digital Signature Algorithm (DSA) for DNSSEC,2021-01-10T04:08:05,2012-04-01T00:00:00,true,no_match,none,0.0,0.0,,rfc6605_ecdsa_algorithm; rfc6605_ecdsa_on_key_or_signature,,rfc6605_ecdsa_algorithm,,,1,2,,"RFC 6605 does not explain signal sig_0015: the required indicator rfc6605_ecdsa_algorithm failed because algorithm=15 is not in [13, 14]. The observation on 2021-01-10T04:08:05 is 3206 days after RFC 6605's publication on 2012-04-01, so the timestamp is valid. Score 0.0 (none): no required indicator matched, so there is nothing to score.","base_indicator_score = 0.0 (matched required indicators: none); optional_match_bonus = 0.0 = 0.0 x 0.5 (matched optional indicators: none); required_match_bonus = 0.0 (not awarded: 1 evaluable required indicator(s), the bonus needs at least 2); missing_required_penalty = 3.0 = 3.0 x 1 (required indicators evaluated but not matched: rfc6605_ecdsa_algorithm); partial_match_penalty = 0.0 (not applied: no required indicator matched, so this is not a partial match); ambiguity_penalty = 0.0 (not applied: no matched indicator is flagged ambiguous); raw = 0.0 + 0.0 + 0.0 - 3.0 - 0.0 - 0.0 = -3.0; specificity_multiplier = 1.25 (RFC 6605 specificity=high); final_score = max(0, -3.0) * 1.25 = 0.0"
trace_sig_0015_rfc7344,sig_0015,RFC 7344,Automating DNSSEC Delegation Trust Maintenance,2021-01-10T04:08:05,2014-09-01T00:00:00,true,no_match,none,0.0,0.0,,rfc7344_cds_cdnskey_present; rfc7344_cds_publishes_digest,,rfc7344_cds_cdnskey_present,digest_type,,0,3,"Indicator rfc7344_cds_publishes_digest was only partially evaluated: 1 condition(s) were tested and 1 could not be, because the observation carries no value for digest_type.; Fields absent from this observation: digest_type. Every condition over them failed by construction; absence is not evidence either way.","RFC 7344 does not explain signal sig_0015: the required indicator rfc7344_cds_cdnskey_present failed because rr_type=RRSIG is not in [CDS, CDNSKEY]. The observation on 2021-01-10T04:08:05 is 2323 days after RFC 7344's publication on 2014-09-01, so the timestamp is valid. Score 0.0 (none): no required indicator matched, so there is nothing to score.","base_indicator_score = 0.0 (matched required indicators: none); optional_match_bonus = 0.0 = 0.0 x 0.5 (matched optional indicators: none); required_match_bonus = 0.0 (not awarded: 1 evaluable required indicator(s), the bonus needs at least 2); missing_required_penalty = 3.0 = 3.0 x 1 (required indicators evaluated but not matched: rfc7344_cds_cdnskey_present); partial_match_penalty = 0.0 (not applied: no required indicator matched, so this is not a partial match); ambiguity_penalty = 0.0 (not applied: no matched indicator is flagged ambiguous); raw = 0.0 + 0.0 + 0.0 - 3.0 - 0.0 - 0.0 = -3.0; specificity_multiplier = 1.25 (RFC 7344 specificity=high); final_score = max(0, -3.0) * 1.25 = 0.0"
trace_sig_0015_rfc8078,sig_0015,RFC 8078,Managing DS Records from the Parent via CDS/CDNSKEY,2021-01-10T04:08:05,2017-03-01T00:00:00,true,no_match,none,0.0,0.0,,rfc8078_cds_cdnskey_algorithm_zero; rfc8078_delete_signal_digest_zero,,rfc8078_cds_cdnskey_algorithm_zero,digest_type,,0,4,"Indicator rfc8078_delete_signal_digest_zero was only partially evaluated: 1 condition(s) were tested and 1 could not be, because the observation carries no value for digest_type.; Fields absent from this observation: digest_type. Every condition over them failed by construction; absence is not evidence either way.","RFC 8078 does not explain signal sig_0015: the required indicator rfc8078_cds_cdnskey_algorithm_zero failed because rr_type=RRSIG is not in [CDS, CDNSKEY]. The observation on 2021-01-10T04:08:05 is 1411 days after RFC 8078's publication on 2017-03-01, so the timestamp is valid. Score 0.0 (none): no required indicator matched, so there is nothing to score.","base_indicator_score = 0.0 (matched required indicators: none); optional_match_bonus = 0.0 = 0.0 x 0.5 (matched optional indicators: none); required_match_bonus = 0.0 (not awarded: 1 evaluable required indicator(s), the bonus needs at least 2); missing_required_penalty = 3.0 = 3.0 x 1 (required indicators evaluated but not matched: rfc8078_cds_cdnskey_algorithm_zero); partial_match_penalty = 0.0 (not applied: no required indicator matched, so this is not a partial match); ambiguity_penalty = 0.0 (not applied: no matched indicator is flagged ambiguous); raw = 0.0 + 0.0 + 0.0 - 3.0 - 0.0 - 0.0 = -3.0; specificity_multiplier = 1.5 (RFC 8078 specificity=very_high); final_score = max(0, -3.0) * 1.5 = 0.0"
trace_sig_0016_rfc6605,sig_0016,RFC 6605,Elliptic Curve Digital Signature Algorithm (DSA) for DNSSEC,2021-03-29T06:26:58,2012-04-01T00:00:00,true,valid_match,very_high,13.125,0.0,rfc6605_ecdsa_algorithm; rfc6605_ecdsa_on_key_or_signature,,,,,algorithm; rr_type,3,0,,"RFC 6605 matched signal sig_0016: the required indicator rfc6605_ecdsa_algorithm passed because algorithm=13 is in [13, 14]. Corroborating indicators also matched: rfc6605_ecdsa_on_key_or_signature. The observation on 2021-03-29T06:26:58 is 3284 days after RFC 6605's publication on 2012-04-01, so the timestamp is valid. Score 13.125 (very_high) = (9.0 required + 1.5 optional) x 1.25 high specificity.","base_indicator_score = 9.0 (matched required indicators: rfc6605_ecdsa_algorithm); optional_match_bonus = 1.5 = 3.0 x 0.5 (matched optional indicators: rfc6605_ecdsa_on_key_or_signature); required_match_bonus = 0.0 (not awarded: 1 evaluable required indicator(s), the bonus needs at least 2); missing_required_penalty = 0.0 = 3.0 x 0 (required indicators evaluated but not matched: none); partial_match_penalty = 0.0 (not applied: every evaluable required indicator matched); ambiguity_penalty = 0.0 (not applied: no matched indicator is flagged ambiguous); raw = 9.0 + 0.0 + 1.5 - 0.0 - 0.0 - 0.0 = 10.5; specificity_multiplier = 1.25 (RFC 6605 specificity=high); final_score = max(0, 10.5) * 1.25 = 13.125"
trace_sig_0016_rfc4033,sig_0016,RFC 4033,DNS Security Introduction and Requirements (DNSSEC base: RFC 4033/4034/4035),2021-03-29T06:26:58,2005-03-01T00:00:00,true,valid_match,low,3.75,0.0,rfc4033_base_dnssec_record_present; rfc4033_dnssec_algorithm_present,rfc4033_dnssec_ok_negotiated,,,dnssec_ok_flag,algorithm; rr_type,3,1,"Indicator rfc4033_dnssec_ok_negotiated is only partially queryable: part of its signature depends on fields the corpus does not export, so it was evaluated on incomplete data.; Indicator rfc4033_dnssec_ok_negotiated was only partially evaluated: 1 condition(s) were tested and 1 could not be, because the observation carries no value for dnssec_ok_flag.; Fields absent from this observation: dnssec_ok_flag. Every condition over them failed by construction; absence is not evidence either way.","RFC 4033 matched signal sig_0016: the required indicator rfc4033_base_dnssec_record_present passed because rr_type=RRSIG is in [DNSKEY, DS, RRSIG, NSEC]. Corroborating indicators also matched: rfc4033_dnssec_algorithm_present. Indicator rfc4033_dnssec_ok_negotiated did not match: field 'dnssec_ok_flag' is absent from this observation, so the condition 'dnssec_ok_flag must equal true' could not be satisfied (absence is not evidence). The observation on 2021-03-29T06:26:58 is 5872 days after RFC 4033's publication on 2005-03-01, so the timestamp is valid. Score 3.75 (low) = (4.0 required + 1.0 optional) x 0.75 low specificity.","base_indicator_score = 4.0 (matched required indicators: rfc4033_base_dnssec_record_present); optional_match_bonus = 1.0 = 2.0 x 0.5 (matched optional indicators: rfc4033_dnssec_algorithm_present); required_match_bonus = 0.0 (not awarded: 1 evaluable required indicator(s), the bonus needs at least 2); missing_required_penalty = 0.0 = 3.0 x 0 (required indicators evaluated but not matched: none); partial_match_penalty = 0.0 (not applied: every evaluable required indicator matched); ambiguity_penalty = 0.0 (not applied: no matched indicator is flagged ambiguous); raw = 4.0 + 0.0 + 1.0 - 0.0 - 0.0 - 0.0 = 5.0; specificity_multiplier = 0.75 (RFC 4033 specificity=low); final_score = max(0, 5.0) * 0.75 = 3.75"
trace_sig_0016_rfc8624,sig_0016,RFC 8624,Algorithm Implementation Requirements and Usage Guidance for DNSSEC,2021-03-29T06:26:58,2019-06-01T00:00:00,true,ambiguous,low,3.375,0.0,rfc8624_avoids_deprecated_algorithm; rfc8624_recommended_signing_algorithm,,rfc8624_validator_algorithm_support,,rr_type; validator_algorithm_support,algorithm,3,0,"Indicator rfc8624_recommended_signing_algorithm is flagged ambiguous: the observation it matched is equally consistent with other RFCs, so this result is an inference about policy rather than direct evidence.; Indicator rfc8624_avoids_deprecated_algorithm is flagged ambiguous: the observation it matched is equally consistent with other RFCs, so this result is an inference about policy rather than direct evidence.; Corpus availability: indicator rfc8624_validator_algorithm_support was never tested because rr_type, validator_algorithm_support are absent from the OpenINTEL dictionary. Its absence from the evidence is a measurement limitation, not a finding about the observation.","RFC 8624 is an ambiguous match for signal sig_0016: the required indicator rfc8624_recommended_signing_algorithm passed because algorithm=13 is in [13, 15]. Corroborating indicators also matched: rfc8624_avoids_deprecated_algorithm. The checklist flags rfc8624_avoids_deprecated_algorithm, rfc8624_recommended_signing_algorithm ambiguous: the same observation is equally explained by other RFCs, so the match is penalized and sent to the review queue rather than reported as adoption. The observation on 2021-03-29T06:26:58 is 667 days after RFC 8624's publication on 2019-06-01, so the timestamp is valid. Score 3.375 (low) = (5.0 required + 1.5 optional - 2.0 ambiguity penalty) x 0.75 low specificity.","base_indicator_score = 5.0 (matched required indicators: rfc8624_recommended_signing_algorithm); optional_match_bonus = 1.5 = 3.0 x 0.5 (matched optional indicators: rfc8624_avoids_deprecated_algorithm); required_match_bonus = 0.0 (not awarded: 1 evaluable required indicator(s), the bonus needs at least 2); missing_required_penalty = 0.0 = 3.0 x 0 (required indicators evaluated but not matched: none); partial_match_penalty = 0.0 (not applied: every evaluable required indicator matched); ambiguity_penalty = 2.0 (applied: matched indicators flagged ambiguous: rfc8624_avoids_deprecated_algorithm, rfc8624_recommended_signing_algorithm); raw = 5.0 + 0.0 + 1.5 - 0.0 - 0.0 - 2.0 = 4.5; specificity_multiplier = 0.75 (RFC 8624 specificity=low); final_score = max(0, 4.5) * 0.75 = 3.375; note: 1 indicator (rfc8624_validator_algorithm_support) could not be tested against the OpenINTEL corpus and was excluded from every term above, neither earning weight nor incurring a penalty"
trace_sig_0016_rfc4509,sig_0016,RFC 4509,Use of SHA-256 in DNSSEC Delegation Signer (DS) Resource Records,2021-03-29T06:26:58,2006-05-01T00:00:00,true,no_match,none,0.0,0.0,,rfc4509_ds_sha256_digest,,rfc4509_ds_sha256_digest,digest_type,,0,2,"Indicator rfc4509_ds_sha256_digest was only partially evaluated: 1 condition(s) were tested and 1 could not be, because the observation carries no value for digest_type.; Fields absent from this observation: digest_type. Every condition over them failed by construction; absence is not evidence either way.","RFC 4509 does not explain signal sig_0016: the required indicator rfc4509_ds_sha256_digest failed because rr_type=RRSIG is not in [DS, CDS]. The observation on 2021-03-29T06:26:58 is 5446 days after RFC 4509's publication on 2006-05-01, so the timestamp is valid. Score 0.0 (none): no required indicator matched, so there is nothing to score.","base_indicator_score = 0.0 (matched required indicators: none); optional_match_bonus = 0.0 = 0.0 x 0.5 (matched optional indicators: none); required_match_bonus = 0.0 (not awarded: 1 evaluable required indicator(s), the bonus needs at least 2); missing_required_penalty = 3.0 = 3.0 x 1 (required indicators evaluated but not matched: rfc4509_ds_sha256_digest); partial_match_penalty = 0.0 (not applied: no required indicator matched, so this is not a partial match); ambiguity_penalty = 0.0 (not applied: no matched indicator is flagged ambiguous); raw = 0.0 + 0.0 + 0.0 - 3.0 - 0.0 - 0.0 = -3.0; specificity_multiplier = 1.25 (RFC 4509 specificity=high); final_score = max(0, -3.0) * 1.25 = 0.0"
trace_sig_0016_rfc5155,sig_0016,RFC 5155,DNS Security (DNSSEC) Hashed Authenticated Denial of Existence,2021-03-29T06:26:58,2008-03-01T00:00:00,true,no_match,none,0.0,0.0,,rfc5155_nsec3_hash_algorithm; rfc5155_nsec3_record_present,,rfc5155_nsec3_record_present,,,1,2,,"RFC 5155 does not explain signal sig_0016: the required indicator rfc5155_nsec3_record_present failed because rr_type=RRSIG is not in [NSEC3, NSEC3PARAM]. The observation on 2021-03-29T06:26:58 is 4776 days after RFC 5155's publication on 2008-03-01, so the timestamp is valid. Score 0.0 (none): no required indicator matched, so there is nothing to score.","base_indicator_score = 0.0 (matched required indicators: none); optional_match_bonus = 0.0 = 0.0 x 0.5 (matched optional indicators: none); required_match_bonus = 0.0 (not awarded: 1 evaluable required indicator(s), the bonus needs at least 2); missing_required_penalty = 3.0 = 3.0 x 1 (required indicators evaluated but not matched: rfc5155_nsec3_record_present); partial_match_penalty = 0.0 (not applied: no required indicator matched, so this is not a partial match); ambiguity_penalty = 0.0 (not applied: no matched indicator is flagged ambiguous); raw = 0.0 + 0.0 + 0.0 - 3.0 - 0.0 - 0.0 = -3.0; specificity_multiplier = 1.5 (RFC 5155 specificity=very_high); final_score = max(0, -3.0) * 1.5 = 0.0"
trace_sig_0016_rfc7344,sig_0016,RFC 7344,Automating DNSSEC Delegation Trust Maintenance,2021-03-29T06:26:58,2014-09-01T00:00:00,true,no_match,none,0.0,0.0,,rfc7344_cds_cdnskey_present; rfc7344_cds_publishes_digest,,rfc7344_cds_cdnskey_present,digest_type,,0,3,"Indicator rfc7344_cds_publishes_digest was only partially evaluated: 1 condition(s) were tested and 1 could not be, because the observation carries no value for digest_type.; Fields absent from this observation: digest_type. Every condition over them failed by construction; absence is not evidence either way.","RFC 7344 does not explain signal sig_0016: the required indicator rfc7344_cds_cdnskey_present failed because rr_type=RRSIG is not in [CDS, CDNSKEY]. The observation on 2021-03-29T06:26:58 is 2401 days after RFC 7344's publication on 2014-09-01, so the timestamp is valid. Score 0.0 (none): no required indicator matched, so there is nothing to score.","base_indicator_score = 0.0 (matched required indicators: none); optional_match_bonus = 0.0 = 0.0 x 0.5 (matched optional indicators: none); required_match_bonus = 0.0 (not awarded: 1 evaluable required indicator(s), the bonus needs at least 2); missing_required_penalty = 3.0 = 3.0 x 1 (required indicators evaluated but not matched: rfc7344_cds_cdnskey_present); partial_match_penalty = 0.0 (not applied: no required indicator matched, so this is not a partial match); ambiguity_penalty = 0.0 (not applied: no matched indicator is flagged ambiguous); raw = 0.0 + 0.0 + 0.0 - 3.0 - 0.0 - 0.0 = -3.0; specificity_multiplier = 1.25 (RFC 7344 specificity=high); final_score = max(0, -3.0) * 1.25 = 0.0"
trace_sig_0016_rfc8078,sig_0016,RFC 8078,Managing DS Records from the Parent via CDS/CDNSKEY,2021-03-29T06:26:58,2017-03-01T00:00:00,true,no_match,none,0.0,0.0,,rfc8078_cds_cdnskey_algorithm_zero; rfc8078_delete_signal_digest_zero,,rfc8078_cds_cdnskey_algorithm_zero,digest_type,,0,4,"Indicator rfc8078_delete_signal_digest_zero was only partially evaluated: 1 condition(s) were tested and 1 could not be, because the observation carries no value for digest_type.; Fields absent from this observation: digest_type. Every condition over them failed by construction; absence is not evidence either way.","RFC 8078 does not explain signal sig_0016: the required indicator rfc8078_cds_cdnskey_algorithm_zero failed because rr_type=RRSIG is not in [CDS, CDNSKEY]. The observation on 2021-03-29T06:26:58 is 1489 days after RFC 8078's publication on 2017-03-01, so the timestamp is valid. Score 0.0 (none): no required indicator matched, so there is nothing to score.","base_indicator_score = 0.0 (matched required indicators: none); optional_match_bonus = 0.0 = 0.0 x 0.5 (matched optional indicators: none); required_match_bonus = 0.0 (not awarded: 1 evaluable required indicator(s), the bonus needs at least 2); missing_required_penalty = 3.0 = 3.0 x 1 (required indicators evaluated but not matched: rfc8078_cds_cdnskey_algorithm_zero); partial_match_penalty = 0.0 (not applied: no required indicator matched, so this is not a partial match); ambiguity_penalty = 0.0 (not applied: no matched indicator is flagged ambiguous); raw = 0.0 + 0.0 + 0.0 - 3.0 - 0.0 - 0.0 = -3.0; specificity_multiplier = 1.5 (RFC 8078 specificity=very_high); final_score = max(0, -3.0) * 1.5 = 0.0"
trace_sig_0016_rfc8080,sig_0016,RFC 8080,Edwards-Curve Digital Security Algorithm (EdDSA) for DNSSEC,2021-03-29T06:26:58,2017-02-01T00:00:00,true,no_match,none,0.0,0.0,,rfc8080_eddsa_algorithm; rfc8080_eddsa_on_key_or_signature,,rfc8080_eddsa_algorithm,,,1,2,,"RFC 8080 does not explain signal sig_0016: the required indicator rfc8080_eddsa_algorithm failed because algorithm=13 is not in [15, 16]. The observation on 2021-03-29T06:26:58 is 1517 days after RFC 8080's publication on 2017-02-01, so the timestamp is valid. Score 0.0 (none): no required indicator matched, so there is nothing to score.","base_indicator_score = 0.0 (matched required indicators: none); optional_match_bonus = 0.0 = 0.0 x 0.5 (matched optional indicators: none); required_match_bonus = 0.0 (not awarded: 1 evaluable required indicator(s), the bonus needs at least 2); missing_required_penalty = 3.0 = 3.0 x 1 (required indicators evaluated but not matched: rfc8080_eddsa_algorithm); partial_match_penalty = 0.0 (not applied: no required indicator matched, so this is not a partial match); ambiguity_penalty = 0.0 (not applied: no matched indicator is flagged ambiguous); raw = 0.0 + 0.0 + 0.0 - 3.0 - 0.0 - 0.0 = -3.0; specificity_multiplier = 1.5 (RFC 8080 specificity=very_high); final_score = max(0, -3.0) * 1.5 = 0.0"
trace_sig_0017_rfc6605,sig_0017,RFC 6605,Elliptic Curve Digital Signature Algorithm (DSA) for DNSSEC,2021-06-30T02:56:27,2012-04-01T00:00:00,true,valid_match,very_high,13.125,0.0,rfc6605_ecdsa_algorithm; rfc6605_ecdsa_on_key_or_signature,,,,,algorithm; rr_type,3,0,,"RFC 6605 matched signal sig_0017: the required indicator rfc6605_ecdsa_algorithm passed because algorithm=13 is in [13, 14]. Corroborating indicators also matched: rfc6605_ecdsa_on_key_or_signature. The observation on 2021-06-30T02:56:27 is 3377 days after RFC 6605's publication on 2012-04-01, so the timestamp is valid. Score 13.125 (very_high) = (9.0 required + 1.5 optional) x 1.25 high specificity.","base_indicator_score = 9.0 (matched required indicators: rfc6605_ecdsa_algorithm); optional_match_bonus = 1.5 = 3.0 x 0.5 (matched optional indicators: rfc6605_ecdsa_on_key_or_signature); required_match_bonus = 0.0 (not awarded: 1 evaluable required indicator(s), the bonus needs at least 2); missing_required_penalty = 0.0 = 3.0 x 0 (required indicators evaluated but not matched: none); partial_match_penalty = 0.0 (not applied: every evaluable required indicator matched); ambiguity_penalty = 0.0 (not applied: no matched indicator is flagged ambiguous); raw = 9.0 + 0.0 + 1.5 - 0.0 - 0.0 - 0.0 = 10.5; specificity_multiplier = 1.25 (RFC 6605 specificity=high); final_score = max(0, 10.5) * 1.25 = 13.125"
trace_sig_0017_rfc4033,sig_0017,RFC 4033,DNS Security Introduction and Requirements (DNSSEC base: RFC 4033/4034/4035),2021-06-30T02:56:27,2005-03-01T00:00:00,true,valid_match,low,3.75,0.0,rfc4033_base_dnssec_record_present; rfc4033_dnssec_algorithm_present,rfc4033_dnssec_ok_negotiated,,,dnssec_ok_flag,algorithm; rr_type,3,1,"Indicator rfc4033_dnssec_ok_negotiated is only partially queryable: part of its signature depends on fields the corpus does not export, so it was evaluated on incomplete data.; Indicator rfc4033_dnssec_ok_negotiated was only partially evaluated: 1 condition(s) were tested and 1 could not be, because the observation carries no value for dnssec_ok_flag.; Fields absent from this observation: dnssec_ok_flag. Every condition over them failed by construction; absence is not evidence either way.","RFC 4033 matched signal sig_0017: the required indicator rfc4033_base_dnssec_record_present passed because rr_type=RRSIG is in [DNSKEY, DS, RRSIG, NSEC]. Corroborating indicators also matched: rfc4033_dnssec_algorithm_present. Indicator rfc4033_dnssec_ok_negotiated did not match: field 'dnssec_ok_flag' is absent from this observation, so the condition 'dnssec_ok_flag must equal true' could not be satisfied (absence is not evidence). The observation on 2021-06-30T02:56:27 is 5965 days after RFC 4033's publication on 2005-03-01, so the timestamp is valid. Score 3.75 (low) = (4.0 required + 1.0 optional) x 0.75 low specificity.","base_indicator_score = 4.0 (matched required indicators: rfc4033_base_dnssec_record_present); optional_match_bonus = 1.0 = 2.0 x 0.5 (matched optional indicators: rfc4033_dnssec_algorithm_present); required_match_bonus = 0.0 (not awarded: 1 evaluable required indicator(s), the bonus needs at least 2); missing_required_penalty = 0.0 = 3.0 x 0 (required indicators evaluated but not matched: none); partial_match_penalty = 0.0 (not applied: every evaluable required indicator matched); ambiguity_penalty = 0.0 (not applied: no matched indicator is flagged ambiguous); raw = 4.0 + 0.0 + 1.0 - 0.0 - 0.0 - 0.0 = 5.0; specificity_multiplier = 0.75 (RFC 4033 specificity=low); final_score = max(0, 5.0) * 0.75 = 3.75"
trace_sig_0017_rfc8624,sig_0017,RFC 8624,Algorithm Implementation Requirements and Usage Guidance for DNSSEC,2021-06-30T02:56:27,2019-06-01T00:00:00,true,ambiguous,low,3.375,0.0,rfc8624_avoids_deprecated_algorithm; rfc8624_recommended_signing_algorithm,,rfc8624_validator_algorithm_support,,rr_type; validator_algorithm_support,algorithm,3,0,"Indicator rfc8624_recommended_signing_algorithm is flagged ambiguous: the observation it matched is equally consistent with other RFCs, so this result is an inference about policy rather than direct evidence.; Indicator rfc8624_avoids_deprecated_algorithm is flagged ambiguous: the observation it matched is equally consistent with other RFCs, so this result is an inference about policy rather than direct evidence.; Corpus availability: indicator rfc8624_validator_algorithm_support was never tested because rr_type, validator_algorithm_support are absent from the OpenINTEL dictionary. Its absence from the evidence is a measurement limitation, not a finding about the observation.","RFC 8624 is an ambiguous match for signal sig_0017: the required indicator rfc8624_recommended_signing_algorithm passed because algorithm=13 is in [13, 15]. Corroborating indicators also matched: rfc8624_avoids_deprecated_algorithm. The checklist flags rfc8624_avoids_deprecated_algorithm, rfc8624_recommended_signing_algorithm ambiguous: the same observation is equally explained by other RFCs, so the match is penalized and sent to the review queue rather than reported as adoption. The observation on 2021-06-30T02:56:27 is 760 days after RFC 8624's publication on 2019-06-01, so the timestamp is valid. Score 3.375 (low) = (5.0 required + 1.5 optional - 2.0 ambiguity penalty) x 0.75 low specificity.","base_indicator_score = 5.0 (matched required indicators: rfc8624_recommended_signing_algorithm); optional_match_bonus = 1.5 = 3.0 x 0.5 (matched optional indicators: rfc8624_avoids_deprecated_algorithm); required_match_bonus = 0.0 (not awarded: 1 evaluable required indicator(s), the bonus needs at least 2); missing_required_penalty = 0.0 = 3.0 x 0 (required indicators evaluated but not matched: none); partial_match_penalty = 0.0 (not applied: every evaluable required indicator matched); ambiguity_penalty = 2.0 (applied: matched indicators flagged ambiguous: rfc8624_avoids_deprecated_algorithm, rfc8624_recommended_signing_algorithm); raw = 5.0 + 0.0 + 1.5 - 0.0 - 0.0 - 2.0 = 4.5; specificity_multiplier = 0.75 (RFC 8624 specificity=low); final_score = max(0, 4.5) * 0.75 = 3.375; note: 1 indicator (rfc8624_validator_algorithm_support) could not be tested against the OpenINTEL corpus and was excluded from every term above, neither earning weight nor incurring a penalty"
trace_sig_0017_rfc4509,sig_0017,RFC 4509,Use of SHA-256 in DNSSEC Delegation Signer (DS) Resource Records,2021-06-30T02:56:27,2006-05-01T00:00:00,true,no_match,none,0.0,0.0,,rfc4509_ds_sha256_digest,,rfc4509_ds_sha256_digest,digest_type,,0,2,"Indicator rfc4509_ds_sha256_digest was only partially evaluated: 1 condition(s) were tested and 1 could not be, because the observation carries no value for digest_type.; Fields absent from this observation: digest_type. Every condition over them failed by construction; absence is not evidence either way.","RFC 4509 does not explain signal sig_0017: the required indicator rfc4509_ds_sha256_digest failed because rr_type=RRSIG is not in [DS, CDS]. The observation on 2021-06-30T02:56:27 is 5539 days after RFC 4509's publication on 2006-05-01, so the timestamp is valid. Score 0.0 (none): no required indicator matched, so there is nothing to score.","base_indicator_score = 0.0 (matched required indicators: none); optional_match_bonus = 0.0 = 0.0 x 0.5 (matched optional indicators: none); required_match_bonus = 0.0 (not awarded: 1 evaluable required indicator(s), the bonus needs at least 2); missing_required_penalty = 3.0 = 3.0 x 1 (required indicators evaluated but not matched: rfc4509_ds_sha256_digest); partial_match_penalty = 0.0 (not applied: no required indicator matched, so this is not a partial match); ambiguity_penalty = 0.0 (not applied: no matched indicator is flagged ambiguous); raw = 0.0 + 0.0 + 0.0 - 3.0 - 0.0 - 0.0 = -3.0; specificity_multiplier = 1.25 (RFC 4509 specificity=high); final_score = max(0, -3.0) * 1.25 = 0.0"
trace_sig_0017_rfc5155,sig_0017,RFC 5155,DNS Security (DNSSEC) Hashed Authenticated Denial of Existence,2021-06-30T02:56:27,2008-03-01T00:00:00,true,no_match,none,0.0,0.0,,rfc5155_nsec3_hash_algorithm; rfc5155_nsec3_record_present,,rfc5155_nsec3_record_present,,,1,2,,"RFC 5155 does not explain signal sig_0017: the required indicator rfc5155_nsec3_record_present failed because rr_type=RRSIG is not in [NSEC3, NSEC3PARAM]. The observation on 2021-06-30T02:56:27 is 4869 days after RFC 5155's publication on 2008-03-01, so the timestamp is valid. Score 0.0 (none): no required indicator matched, so there is nothing to score.","base_indicator_score = 0.0 (matched required indicators: none); optional_match_bonus = 0.0 = 0.0 x 0.5 (matched optional indicators: none); required_match_bonus = 0.0 (not awarded: 1 evaluable required indicator(s), the bonus needs at least 2); missing_required_penalty = 3.0 = 3.0 x 1 (required indicators evaluated but not matched: rfc5155_nsec3_record_present); partial_match_penalty = 0.0 (not applied: no required indicator matched, so this is not a partial match); ambiguity_penalty = 0.0 (not applied: no matched indicator is flagged ambiguous); raw = 0.0 + 0.0 + 0.0 - 3.0 - 0.0 - 0.0 = -3.0; specificity_multiplier = 1.5 (RFC 5155 specificity=very_high); final_score = max(0, -3.0) * 1.5 = 0.0"
trace_sig_0017_rfc7344,sig_0017,RFC 7344,Automating DNSSEC Delegation Trust Maintenance,2021-06-30T02:56:27,2014-09-01T00:00:00,true,no_match,none,0.0,0.0,,rfc7344_cds_cdnskey_present; rfc7344_cds_publishes_digest,,rfc7344_cds_cdnskey_present,digest_type,,0,3,"Indicator rfc7344_cds_publishes_digest was only partially evaluated: 1 condition(s) were tested and 1 could not be, because the observation carries no value for digest_type.; Fields absent from this observation: digest_type. Every condition over them failed by construction; absence is not evidence either way.","RFC 7344 does not explain signal sig_0017: the required indicator rfc7344_cds_cdnskey_present failed because rr_type=RRSIG is not in [CDS, CDNSKEY]. The observation on 2021-06-30T02:56:27 is 2494 days after RFC 7344's publication on 2014-09-01, so the timestamp is valid. Score 0.0 (none): no required indicator matched, so there is nothing to score.","base_indicator_score = 0.0 (matched required indicators: none); optional_match_bonus = 0.0 = 0.0 x 0.5 (matched optional indicators: none); required_match_bonus = 0.0 (not awarded: 1 evaluable required indicator(s), the bonus needs at least 2); missing_required_penalty = 3.0 = 3.0 x 1 (required indicators evaluated but not matched: rfc7344_cds_cdnskey_present); partial_match_penalty = 0.0 (not applied: no required indicator matched, so this is not a partial match); ambiguity_penalty = 0.0 (not applied: no matched indicator is flagged ambiguous); raw = 0.0 + 0.0 + 0.0 - 3.0 - 0.0 - 0.0 = -3.0; specificity_multiplier = 1.25 (RFC 7344 specificity=high); final_score = max(0, -3.0) * 1.25 = 0.0"
trace_sig_0017_rfc8078,sig_0017,RFC 8078,Managing DS Records from the Parent via CDS/CDNSKEY,2021-06-30T02:56:27,2017-03-01T00:00:00,true,no_match,none,0.0,0.0,,rfc8078_cds_cdnskey_algorithm_zero; rfc8078_delete_signal_digest_zero,,rfc8078_cds_cdnskey_algorithm_zero,digest_type,,0,4,"Indicator rfc8078_delete_signal_digest_zero was only partially evaluated: 1 condition(s) were tested and 1 could not be, because the observation carries no value for digest_type.; Fields absent from this observation: digest_type. Every condition over them failed by construction; absence is not evidence either way.","RFC 8078 does not explain signal sig_0017: the required indicator rfc8078_cds_cdnskey_algorithm_zero failed because rr_type=RRSIG is not in [CDS, CDNSKEY]. The observation on 2021-06-30T02:56:27 is 1582 days after RFC 8078's publication on 2017-03-01, so the timestamp is valid. Score 0.0 (none): no required indicator matched, so there is nothing to score.","base_indicator_score = 0.0 (matched required indicators: none); optional_match_bonus = 0.0 = 0.0 x 0.5 (matched optional indicators: none); required_match_bonus = 0.0 (not awarded: 1 evaluable required indicator(s), the bonus needs at least 2); missing_required_penalty = 3.0 = 3.0 x 1 (required indicators evaluated but not matched: rfc8078_cds_cdnskey_algorithm_zero); partial_match_penalty = 0.0 (not applied: no required indicator matched, so this is not a partial match); ambiguity_penalty = 0.0 (not applied: no matched indicator is flagged ambiguous); raw = 0.0 + 0.0 + 0.0 - 3.0 - 0.0 - 0.0 = -3.0; specificity_multiplier = 1.5 (RFC 8078 specificity=very_high); final_score = max(0, -3.0) * 1.5 = 0.0"
trace_sig_0017_rfc8080,sig_0017,RFC 8080,Edwards-Curve Digital Security Algorithm (EdDSA) for DNSSEC,2021-06-30T02:56:27,2017-02-01T00:00:00,true,no_match,none,0.0,0.0,,rfc8080_eddsa_algorithm; rfc8080_eddsa_on_key_or_signature,,rfc8080_eddsa_algorithm,,,1,2,,"RFC 8080 does not explain signal sig_0017: the required indicator rfc8080_eddsa_algorithm failed because algorithm=13 is not in [15, 16]. The observation on 2021-06-30T02:56:27 is 1610 days after RFC 8080's publication on 2017-02-01, so the timestamp is valid. Score 0.0 (none): no required indicator matched, so there is nothing to score.","base_indicator_score = 0.0 (matched required indicators: none); optional_match_bonus = 0.0 = 0.0 x 0.5 (matched optional indicators: none); required_match_bonus = 0.0 (not awarded: 1 evaluable required indicator(s), the bonus needs at least 2); missing_required_penalty = 3.0 = 3.0 x 1 (required indicators evaluated but not matched: rfc8080_eddsa_algorithm); partial_match_penalty = 0.0 (not applied: no required indicator matched, so this is not a partial match); ambiguity_penalty = 0.0 (not applied: no matched indicator is flagged ambiguous); raw = 0.0 + 0.0 + 0.0 - 3.0 - 0.0 - 0.0 = -3.0; specificity_multiplier = 1.5 (RFC 8080 specificity=very_high); final_score = max(0, -3.0) * 1.5 = 0.0"
trace_sig_0018_rfc6605,sig_0018,RFC 6605,Elliptic Curve Digital Signature Algorithm (DSA) for DNSSEC,2021-08-05T07:37:09,2012-04-01T00:00:00,true,valid_match,very_high,13.125,0.0,rfc6605_ecdsa_algorithm; rfc6605_ecdsa_on_key_or_signature,,,,,algorithm; rr_type,3,0,,"RFC 6605 matched signal sig_0018: the required indicator rfc6605_ecdsa_algorithm passed because algorithm=13 is in [13, 14]. Corroborating indicators also matched: rfc6605_ecdsa_on_key_or_signature. The observation on 2021-08-05T07:37:09 is 3413 days after RFC 6605's publication on 2012-04-01, so the timestamp is valid. Score 13.125 (very_high) = (9.0 required + 1.5 optional) x 1.25 high specificity.","base_indicator_score = 9.0 (matched required indicators: rfc6605_ecdsa_algorithm); optional_match_bonus = 1.5 = 3.0 x 0.5 (matched optional indicators: rfc6605_ecdsa_on_key_or_signature); required_match_bonus = 0.0 (not awarded: 1 evaluable required indicator(s), the bonus needs at least 2); missing_required_penalty = 0.0 = 3.0 x 0 (required indicators evaluated but not matched: none); partial_match_penalty = 0.0 (not applied: every evaluable required indicator matched); ambiguity_penalty = 0.0 (not applied: no matched indicator is flagged ambiguous); raw = 9.0 + 0.0 + 1.5 - 0.0 - 0.0 - 0.0 = 10.5; specificity_multiplier = 1.25 (RFC 6605 specificity=high); final_score = max(0, 10.5) * 1.25 = 13.125"
trace_sig_0018_rfc4509,sig_0018,RFC 4509,Use of SHA-256 in DNSSEC Delegation Signer (DS) Resource Records,2021-08-05T07:37:09,2006-05-01T00:00:00,true,valid_match,high,11.25,0.0,rfc4509_ds_sha256_digest,,,,,digest_type; rr_type,2,0,,"RFC 4509 matched signal sig_0018: the required indicator rfc4509_ds_sha256_digest passed because rr_type=DS is in [DS, CDS] and digest_type=2 equals the expected value 2. The observation on 2021-08-05T07:37:09 is 5575 days after RFC 4509's publication on 2006-05-01, so the timestamp is valid. Score 11.25 (high) = (9.0 required) x 1.25 high specificity.","base_indicator_score = 9.0 (matched required indicators: rfc4509_ds_sha256_digest); optional_match_bonus = 0.0 = 0.0 x 0.5 (matched optional indicators: none); required_match_bonus = 0.0 (not awarded: 1 evaluable required indicator(s), the bonus needs at least 2); missing_required_penalty = 0.0 = 3.0 x 0 (required indicators evaluated but not matched: none); partial_match_penalty = 0.0 (not applied: every evaluable required indicator matched); ambiguity_penalty = 0.0 (not applied: no matched indicator is flagged ambiguous); raw = 9.0 + 0.0 + 0.0 - 0.0 - 0.0 - 0.0 = 9.0; specificity_multiplier = 1.25 (RFC 4509 specificity=high); final_score = max(0, 9.0) * 1.25 = 11.25"
trace_sig_0018_rfc4033,sig_0018,RFC 4033,DNS Security Introduction and Requirements (DNSSEC base: RFC 4033/4034/4035),2021-08-05T07:37:09,2005-03-01T00:00:00,true,valid_match,low,3.75,0.0,rfc4033_base_dnssec_record_present; rfc4033_dnssec_algorithm_present,rfc4033_dnssec_ok_negotiated,,,dnssec_ok_flag,algorithm; rr_type,3,1,"Indicator rfc4033_dnssec_ok_negotiated is only partially queryable: part of its signature depends on fields the corpus does not export, so it was evaluated on incomplete data.; Indicator rfc4033_dnssec_ok_negotiated was only partially evaluated: 1 condition(s) were tested and 1 could not be, because the observation carries no value for dnssec_ok_flag.; Fields absent from this observation: dnssec_ok_flag. Every condition over them failed by construction; absence is not evidence either way.","RFC 4033 matched signal sig_0018: the required indicator rfc4033_base_dnssec_record_present passed because rr_type=DS is in [DNSKEY, DS, RRSIG, NSEC]. Corroborating indicators also matched: rfc4033_dnssec_algorithm_present. Indicator rfc4033_dnssec_ok_negotiated did not match: field 'dnssec_ok_flag' is absent from this observation, so the condition 'dnssec_ok_flag must equal true' could not be satisfied (absence is not evidence). The observation on 2021-08-05T07:37:09 is 6001 days after RFC 4033's publication on 2005-03-01, so the timestamp is valid. Score 3.75 (low) = (4.0 required + 1.0 optional) x 0.75 low specificity.","base_indicator_score = 4.0 (matched required indicators: rfc4033_base_dnssec_record_present); optional_match_bonus = 1.0 = 2.0 x 0.5 (matched optional indicators: rfc4033_dnssec_algorithm_present); required_match_bonus = 0.0 (not awarded: 1 evaluable required indicator(s), the bonus needs at least 2); missing_required_penalty = 0.0 = 3.0 x 0 (required indicators evaluated but not matched: none); partial_match_penalty = 0.0 (not applied: every evaluable required indicator matched); ambiguity_penalty = 0.0 (not applied: no matched indicator is flagged ambiguous); raw = 4.0 + 0.0 + 1.0 - 0.0 - 0.0 - 0.0 = 5.0; specificity_multiplier = 0.75 (RFC 4033 specificity=low); final_score = max(0, 5.0) * 0.75 = 3.75"
trace_sig_0018_rfc8624,sig_0018,RFC 8624,Algorithm Implementation Requirements and Usage Guidance for DNSSEC,2021-08-05T07:37:09,2019-06-01T00:00:00,true,ambiguous,low,3.375,0.0,rfc8624_avoids_deprecated_algorithm; rfc8624_recommended_signing_algorithm,,rfc8624_validator_algorithm_support,,rr_type; validator_algorithm_support,algorithm,3,0,"Indicator rfc8624_recommended_signing_algorithm is flagged ambiguous: the observation it matched is equally consistent with other RFCs, so this result is an inference about policy rather than direct evidence.; Indicator rfc8624_avoids_deprecated_algorithm is flagged ambiguous: the observation it matched is equally consistent with other RFCs, so this result is an inference about policy rather than direct evidence.; Corpus availability: indicator rfc8624_validator_algorithm_support was never tested because rr_type, validator_algorithm_support are absent from the OpenINTEL dictionary. Its absence from the evidence is a measurement limitation, not a finding about the observation.","RFC 8624 is an ambiguous match for signal sig_0018: the required indicator rfc8624_recommended_signing_algorithm passed because algorithm=13 is in [13, 15]. Corroborating indicators also matched: rfc8624_avoids_deprecated_algorithm. The checklist flags rfc8624_avoids_deprecated_algorithm, rfc8624_recommended_signing_algorithm ambiguous: the same observation is equally explained by other RFCs, so the match is penalized and sent to the review queue rather than reported as adoption. The observation on 2021-08-05T07:37:09 is 796 days after RFC 8624's publication on 2019-06-01, so the timestamp is valid. Score 3.375 (low) = (5.0 required + 1.5 optional - 2.0 ambiguity penalty) x 0.75 low specificity.","base_indicator_score = 5.0 (matched required indicators: rfc8624_recommended_signing_algorithm); optional_match_bonus = 1.5 = 3.0 x 0.5 (matched optional indicators: rfc8624_avoids_deprecated_algorithm); required_match_bonus = 0.0 (not awarded: 1 evaluable required indicator(s), the bonus needs at least 2); missing_required_penalty = 0.0 = 3.0 x 0 (required indicators evaluated but not matched: none); partial_match_penalty = 0.0 (not applied: every evaluable required indicator matched); ambiguity_penalty = 2.0 (applied: matched indicators flagged ambiguous: rfc8624_avoids_deprecated_algorithm, rfc8624_recommended_signing_algorithm); raw = 5.0 + 0.0 + 1.5 - 0.0 - 0.0 - 2.0 = 4.5; specificity_multiplier = 0.75 (RFC 8624 specificity=low); final_score = max(0, 4.5) * 0.75 = 3.375; note: 1 indicator (rfc8624_validator_algorithm_support) could not be tested against the OpenINTEL corpus and was excluded from every term above, neither earning weight nor incurring a penalty"
trace_sig_0018_rfc5155,sig_0018,RFC 5155,DNS Security (DNSSEC) Hashed Authenticated Denial of Existence,2021-08-05T07:37:09,2008-03-01T00:00:00,true,no_match,none,0.0,0.0,,rfc5155_nsec3_hash_algorithm; rfc5155_nsec3_record_present,,rfc5155_nsec3_record_present,,,1,2,,"RFC 5155 does not explain signal sig_0018: the required indicator rfc5155_nsec3_record_present failed because rr_type=DS is not in [NSEC3, NSEC3PARAM]. The observation on 2021-08-05T07:37:09 is 4905 days after RFC 5155's publication on 2008-03-01, so the timestamp is valid. Score 0.0 (none): no required indicator matched, so there is nothing to score.","base_indicator_score = 0.0 (matched required indicators: none); optional_match_bonus = 0.0 = 0.0 x 0.5 (matched optional indicators: none); required_match_bonus = 0.0 (not awarded: 1 evaluable required indicator(s), the bonus needs at least 2); missing_required_penalty = 3.0 = 3.0 x 1 (required indicators evaluated but not matched: rfc5155_nsec3_record_present); partial_match_penalty = 0.0 (not applied: no required indicator matched, so this is not a partial match); ambiguity_penalty = 0.0 (not applied: no matched indicator is flagged ambiguous); raw = 0.0 + 0.0 + 0.0 - 3.0 - 0.0 - 0.0 = -3.0; specificity_multiplier = 1.5 (RFC 5155 specificity=very_high); final_score = max(0, -3.0) * 1.5 = 0.0"
trace_sig_0018_rfc7344,sig_0018,RFC 7344,Automating DNSSEC Delegation Trust Maintenance,2021-08-05T07:37:09,2014-09-01T00:00:00,true,no_match,none,0.0,0.0,,rfc7344_cds_cdnskey_present; rfc7344_cds_publishes_digest,,rfc7344_cds_cdnskey_present,,,1,2,,"RFC 7344 does not explain signal sig_0018: the required indicator rfc7344_cds_cdnskey_present failed because rr_type=DS is not in [CDS, CDNSKEY]. The observation on 2021-08-05T07:37:09 is 2530 days after RFC 7344's publication on 2014-09-01, so the timestamp is valid. Score 0.0 (none): no required indicator matched, so there is nothing to score.","base_indicator_score = 0.0 (matched required indicators: none); optional_match_bonus = 0.0 = 0.0 x 0.5 (matched optional indicators: none); required_match_bonus = 0.0 (not awarded: 1 evaluable required indicator(s), the bonus needs at least 2); missing_required_penalty = 3.0 = 3.0 x 1 (required indicators evaluated but not matched: rfc7344_cds_cdnskey_present); partial_match_penalty = 0.0 (not applied: no required indicator matched, so this is not a partial match); ambiguity_penalty = 0.0 (not applied: no matched indicator is flagged ambiguous); raw = 0.0 + 0.0 + 0.0 - 3.0 - 0.0 - 0.0 = -3.0; specificity_multiplier = 1.25 (RFC 7344 specificity=high); final_score = max(0, -3.0) * 1.25 = 0.0"
trace_sig_0018_rfc8078,sig_0018,RFC 8078,Managing DS Records from the Parent via CDS/CDNSKEY,2021-08-05T07:37:09,2017-03-01T00:00:00,true,no_match,none,0.0,0.0,,rfc8078_cds_cdnskey_algorithm_zero; rfc8078_delete_signal_digest_zero,,rfc8078_cds_cdnskey_algorithm_zero,,,0,4,,"RFC 8078 does not explain signal sig_0018: the required indicator rfc8078_cds_cdnskey_algorithm_zero failed because rr_type=DS is not in [CDS, CDNSKEY]. The observation on 2021-08-05T07:37:09 is 1618 days after RFC 8078's publication on 2017-03-01, so the timestamp is valid. Score 0.0 (none): no required indicator matched, so there is nothing to score.","base_indicator_score = 0.0 (matched required indicators: none); optional_match_bonus = 0.0 = 0.0 x 0.5 (matched optional indicators: none); required_match_bonus = 0.0 (not awarded: 1 evaluable required indicator(s), the bonus needs at least 2); missing_required_penalty = 3.0 = 3.0 x 1 (required indicators evaluated but not matched: rfc8078_cds_cdnskey_algorithm_zero); partial_match_penalty = 0.0 (not applied: no required indicator matched, so this is not a partial match); ambiguity_penalty = 0.0 (not applied: no matched indicator is flagged ambiguous); raw = 0.0 + 0.0 + 0.0 - 3.0 - 0.0 - 0.0 = -3.0; specificity_multiplier = 1.5 (RFC 8078 specificity=very_high); final_score = max(0, -3.0) * 1.5 = 0.0"
trace_sig_0018_rfc8080,sig_0018,RFC 8080,Edwards-Curve Digital Security Algorithm (EdDSA) for DNSSEC,2021-08-05T07:37:09,2017-02-01T00:00:00,true,no_match,none,0.0,0.0,,rfc8080_eddsa_algorithm; rfc8080_eddsa_on_key_or_signature,,rfc8080_eddsa_algorithm,,,1,2,,"RFC 8080 does not explain signal sig_0018: the required indicator rfc8080_eddsa_algorithm failed because algorithm=13 is not in [15, 16]. The observation on 2021-08-05T07:37:09 is 1646 days after RFC 8080's publication on 2017-02-01, so the timestamp is valid. Score 0.0 (none): no required indicator matched, so there is nothing to score.","base_indicator_score = 0.0 (matched required indicators: none); optional_match_bonus = 0.0 = 0.0 x 0.5 (matched optional indicators: none); required_match_bonus = 0.0 (not awarded: 1 evaluable required indicator(s), the bonus needs at least 2); missing_required_penalty = 3.0 = 3.0 x 1 (required indicators evaluated but not matched: rfc8080_eddsa_algorithm); partial_match_penalty = 0.0 (not applied: no required indicator matched, so this is not a partial match); ambiguity_penalty = 0.0 (not applied: no matched indicator is flagged ambiguous); raw = 0.0 + 0.0 + 0.0 - 3.0 - 0.0 - 0.0 = -3.0; specificity_multiplier = 1.5 (RFC 8080 specificity=very_high); final_score = max(0, -3.0) * 1.5 = 0.0"
trace_sig_0019_rfc6605,sig_0019,RFC 6605,Elliptic Curve Digital Signature Algorithm (DSA) for DNSSEC,2021-08-13T07:50:30,2012-04-01T00:00:00,true,valid_match,very_high,13.125,0.0,rfc6605_ecdsa_algorithm; rfc6605_ecdsa_on_key_or_signature,,,,,algorithm; rr_type,3,0,,"RFC 6605 matched signal sig_0019: the required indicator rfc6605_ecdsa_algorithm passed because algorithm=13 is in [13, 14]. Corroborating indicators also matched: rfc6605_ecdsa_on_key_or_signature. The observation on 2021-08-13T07:50:30 is 3421 days after RFC 6605's publication on 2012-04-01, so the timestamp is valid. Score 13.125 (very_high) = (9.0 required + 1.5 optional) x 1.25 high specificity.","base_indicator_score = 9.0 (matched required indicators: rfc6605_ecdsa_algorithm); optional_match_bonus = 1.5 = 3.0 x 0.5 (matched optional indicators: rfc6605_ecdsa_on_key_or_signature); required_match_bonus = 0.0 (not awarded: 1 evaluable required indicator(s), the bonus needs at least 2); missing_required_penalty = 0.0 = 3.0 x 0 (required indicators evaluated but not matched: none); partial_match_penalty = 0.0 (not applied: every evaluable required indicator matched); ambiguity_penalty = 0.0 (not applied: no matched indicator is flagged ambiguous); raw = 9.0 + 0.0 + 1.5 - 0.0 - 0.0 - 0.0 = 10.5; specificity_multiplier = 1.25 (RFC 6605 specificity=high); final_score = max(0, 10.5) * 1.25 = 13.125"
trace_sig_0019_rfc4033,sig_0019,RFC 4033,DNS Security Introduction and Requirements (DNSSEC base: RFC 4033/4034/4035),2021-08-13T07:50:30,2005-03-01T00:00:00,true,valid_match,low,3.75,0.0,rfc4033_base_dnssec_record_present; rfc4033_dnssec_algorithm_present,rfc4033_dnssec_ok_negotiated,,,dnssec_ok_flag,algorithm; rr_type,3,1,"Indicator rfc4033_dnssec_ok_negotiated is only partially queryable: part of its signature depends on fields the corpus does not export, so it was evaluated on incomplete data.; Indicator rfc4033_dnssec_ok_negotiated was only partially evaluated: 1 condition(s) were tested and 1 could not be, because the observation carries no value for dnssec_ok_flag.; Fields absent from this observation: dnssec_ok_flag. Every condition over them failed by construction; absence is not evidence either way.","RFC 4033 matched signal sig_0019: the required indicator rfc4033_base_dnssec_record_present passed because rr_type=RRSIG is in [DNSKEY, DS, RRSIG, NSEC]. Corroborating indicators also matched: rfc4033_dnssec_algorithm_present. Indicator rfc4033_dnssec_ok_negotiated did not match: field 'dnssec_ok_flag' is absent from this observation, so the condition 'dnssec_ok_flag must equal true' could not be satisfied (absence is not evidence). The observation on 2021-08-13T07:50:30 is 6009 days after RFC 4033's publication on 2005-03-01, so the timestamp is valid. Score 3.75 (low) = (4.0 required + 1.0 optional) x 0.75 low specificity.","base_indicator_score = 4.0 (matched required indicators: rfc4033_base_dnssec_record_present); optional_match_bonus = 1.0 = 2.0 x 0.5 (matched optional indicators: rfc4033_dnssec_algorithm_present); required_match_bonus = 0.0 (not awarded: 1 evaluable required indicator(s), the bonus needs at least 2); missing_required_penalty = 0.0 = 3.0 x 0 (required indicators evaluated but not matched: none); partial_match_penalty = 0.0 (not applied: every evaluable required indicator matched); ambiguity_penalty = 0.0 (not applied: no matched indicator is flagged ambiguous); raw = 4.0 + 0.0 + 1.0 - 0.0 - 0.0 - 0.0 = 5.0; specificity_multiplier = 0.75 (RFC 4033 specificity=low); final_score = max(0, 5.0) * 0.75 = 3.75"
trace_sig_0019_rfc8624,sig_0019,RFC 8624,Algorithm Implementation Requirements and Usage Guidance for DNSSEC,2021-08-13T07:50:30,2019-06-01T00:00:00,true,ambiguous,low,3.375,0.0,rfc8624_avoids_deprecated_algorithm; rfc8624_recommended_signing_algorithm,,rfc8624_validator_algorithm_support,,rr_type; validator_algorithm_support,algorithm,3,0,"Indicator rfc8624_recommended_signing_algorithm is flagged ambiguous: the observation it matched is equally consistent with other RFCs, so this result is an inference about policy rather than direct evidence.; Indicator rfc8624_avoids_deprecated_algorithm is flagged ambiguous: the observation it matched is equally consistent with other RFCs, so this result is an inference about policy rather than direct evidence.; Corpus availability: indicator rfc8624_validator_algorithm_support was never tested because rr_type, validator_algorithm_support are absent from the OpenINTEL dictionary. Its absence from the evidence is a measurement limitation, not a finding about the observation.","RFC 8624 is an ambiguous match for signal sig_0019: the required indicator rfc8624_recommended_signing_algorithm passed because algorithm=13 is in [13, 15]. Corroborating indicators also matched: rfc8624_avoids_deprecated_algorithm. The checklist flags rfc8624_avoids_deprecated_algorithm, rfc8624_recommended_signing_algorithm ambiguous: the same observation is equally explained by other RFCs, so the match is penalized and sent to the review queue rather than reported as adoption. The observation on 2021-08-13T07:50:30 is 804 days after RFC 8624's publication on 2019-06-01, so the timestamp is valid. Score 3.375 (low) = (5.0 required + 1.5 optional - 2.0 ambiguity penalty) x 0.75 low specificity.","base_indicator_score = 5.0 (matched required indicators: rfc8624_recommended_signing_algorithm); optional_match_bonus = 1.5 = 3.0 x 0.5 (matched optional indicators: rfc8624_avoids_deprecated_algorithm); required_match_bonus = 0.0 (not awarded: 1 evaluable required indicator(s), the bonus needs at least 2); missing_required_penalty = 0.0 = 3.0 x 0 (required indicators evaluated but not matched: none); partial_match_penalty = 0.0 (not applied: every evaluable required indicator matched); ambiguity_penalty = 2.0 (applied: matched indicators flagged ambiguous: rfc8624_avoids_deprecated_algorithm, rfc8624_recommended_signing_algorithm); raw = 5.0 + 0.0 + 1.5 - 0.0 - 0.0 - 2.0 = 4.5; specificity_multiplier = 0.75 (RFC 8624 specificity=low); final_score = max(0, 4.5) * 0.75 = 3.375; note: 1 indicator (rfc8624_validator_algorithm_support) could not be tested against the OpenINTEL corpus and was excluded from every term above, neither earning weight nor incurring a penalty"
trace_sig_0019_rfc4509,sig_0019,RFC 4509,Use of SHA-256 in DNSSEC Delegation Signer (DS) Resource Records,2021-08-13T07:50:30,2006-05-01T00:00:00,true,no_match,none,0.0,0.0,,rfc4509_ds_sha256_digest,,rfc4509_ds_sha256_digest,digest_type,,0,2,"Indicator rfc4509_ds_sha256_digest was only partially evaluated: 1 condition(s) were tested and 1 could not be, because the observation carries no value for digest_type.; Fields absent from this observation: digest_type. Every condition over them failed by construction; absence is not evidence either way.","RFC 4509 does not explain signal sig_0019: the required indicator rfc4509_ds_sha256_digest failed because rr_type=RRSIG is not in [DS, CDS]. The observation on 2021-08-13T07:50:30 is 5583 days after RFC 4509's publication on 2006-05-01, so the timestamp is valid. Score 0.0 (none): no required indicator matched, so there is nothing to score.","base_indicator_score = 0.0 (matched required indicators: none); optional_match_bonus = 0.0 = 0.0 x 0.5 (matched optional indicators: none); required_match_bonus = 0.0 (not awarded: 1 evaluable required indicator(s), the bonus needs at least 2); missing_required_penalty = 3.0 = 3.0 x 1 (required indicators evaluated but not matched: rfc4509_ds_sha256_digest); partial_match_penalty = 0.0 (not applied: no required indicator matched, so this is not a partial match); ambiguity_penalty = 0.0 (not applied: no matched indicator is flagged ambiguous); raw = 0.0 + 0.0 + 0.0 - 3.0 - 0.0 - 0.0 = -3.0; specificity_multiplier = 1.25 (RFC 4509 specificity=high); final_score = max(0, -3.0) * 1.25 = 0.0"
trace_sig_0019_rfc5155,sig_0019,RFC 5155,DNS Security (DNSSEC) Hashed Authenticated Denial of Existence,2021-08-13T07:50:30,2008-03-01T00:00:00,true,no_match,none,0.0,0.0,,rfc5155_nsec3_hash_algorithm; rfc5155_nsec3_record_present,,rfc5155_nsec3_record_present,,,1,2,,"RFC 5155 does not explain signal sig_0019: the required indicator rfc5155_nsec3_record_present failed because rr_type=RRSIG is not in [NSEC3, NSEC3PARAM]. The observation on 2021-08-13T07:50:30 is 4913 days after RFC 5155's publication on 2008-03-01, so the timestamp is valid. Score 0.0 (none): no required indicator matched, so there is nothing to score.","base_indicator_score = 0.0 (matched required indicators: none); optional_match_bonus = 0.0 = 0.0 x 0.5 (matched optional indicators: none); required_match_bonus = 0.0 (not awarded: 1 evaluable required indicator(s), the bonus needs at least 2); missing_required_penalty = 3.0 = 3.0 x 1 (required indicators evaluated but not matched: rfc5155_nsec3_record_present); partial_match_penalty = 0.0 (not applied: no required indicator matched, so this is not a partial match); ambiguity_penalty = 0.0 (not applied: no matched indicator is flagged ambiguous); raw = 0.0 + 0.0 + 0.0 - 3.0 - 0.0 - 0.0 = -3.0; specificity_multiplier = 1.5 (RFC 5155 specificity=very_high); final_score = max(0, -3.0) * 1.5 = 0.0"
trace_sig_0019_rfc7344,sig_0019,RFC 7344,Automating DNSSEC Delegation Trust Maintenance,2021-08-13T07:50:30,2014-09-01T00:00:00,true,no_match,none,0.0,0.0,,rfc7344_cds_cdnskey_present; rfc7344_cds_publishes_digest,,rfc7344_cds_cdnskey_present,digest_type,,0,3,"Indicator rfc7344_cds_publishes_digest was only partially evaluated: 1 condition(s) were tested and 1 could not be, because the observation carries no value for digest_type.; Fields absent from this observation: digest_type. Every condition over them failed by construction; absence is not evidence either way.","RFC 7344 does not explain signal sig_0019: the required indicator rfc7344_cds_cdnskey_present failed because rr_type=RRSIG is not in [CDS, CDNSKEY]. The observation on 2021-08-13T07:50:30 is 2538 days after RFC 7344's publication on 2014-09-01, so the timestamp is valid. Score 0.0 (none): no required indicator matched, so there is nothing to score.","base_indicator_score = 0.0 (matched required indicators: none); optional_match_bonus = 0.0 = 0.0 x 0.5 (matched optional indicators: none); required_match_bonus = 0.0 (not awarded: 1 evaluable required indicator(s), the bonus needs at least 2); missing_required_penalty = 3.0 = 3.0 x 1 (required indicators evaluated but not matched: rfc7344_cds_cdnskey_present); partial_match_penalty = 0.0 (not applied: no required indicator matched, so this is not a partial match); ambiguity_penalty = 0.0 (not applied: no matched indicator is flagged ambiguous); raw = 0.0 + 0.0 + 0.0 - 3.0 - 0.0 - 0.0 = -3.0; specificity_multiplier = 1.25 (RFC 7344 specificity=high); final_score = max(0, -3.0) * 1.25 = 0.0"
trace_sig_0019_rfc8078,sig_0019,RFC 8078,Managing DS Records from the Parent via CDS/CDNSKEY,2021-08-13T07:50:30,2017-03-01T00:00:00,true,no_match,none,0.0,0.0,,rfc8078_cds_cdnskey_algorithm_zero; rfc8078_delete_signal_digest_zero,,rfc8078_cds_cdnskey_algorithm_zero,digest_type,,0,4,"Indicator rfc8078_delete_signal_digest_zero was only partially evaluated: 1 condition(s) were tested and 1 could not be, because the observation carries no value for digest_type.; Fields absent from this observation: digest_type. Every condition over them failed by construction; absence is not evidence either way.","RFC 8078 does not explain signal sig_0019: the required indicator rfc8078_cds_cdnskey_algorithm_zero failed because rr_type=RRSIG is not in [CDS, CDNSKEY]. The observation on 2021-08-13T07:50:30 is 1626 days after RFC 8078's publication on 2017-03-01, so the timestamp is valid. Score 0.0 (none): no required indicator matched, so there is nothing to score.","base_indicator_score = 0.0 (matched required indicators: none); optional_match_bonus = 0.0 = 0.0 x 0.5 (matched optional indicators: none); required_match_bonus = 0.0 (not awarded: 1 evaluable required indicator(s), the bonus needs at least 2); missing_required_penalty = 3.0 = 3.0 x 1 (required indicators evaluated but not matched: rfc8078_cds_cdnskey_algorithm_zero); partial_match_penalty = 0.0 (not applied: no required indicator matched, so this is not a partial match); ambiguity_penalty = 0.0 (not applied: no matched indicator is flagged ambiguous); raw = 0.0 + 0.0 + 0.0 - 3.0 - 0.0 - 0.0 = -3.0; specificity_multiplier = 1.5 (RFC 8078 specificity=very_high); final_score = max(0, -3.0) * 1.5 = 0.0"
trace_sig_0019_rfc8080,sig_0019,RFC 8080,Edwards-Curve Digital Security Algorithm (EdDSA) for DNSSEC,2021-08-13T07:50:30,2017-02-01T00:00:00,true,no_match,none,0.0,0.0,,rfc8080_eddsa_algorithm; rfc8080_eddsa_on_key_or_signature,,rfc8080_eddsa_algorithm,,,1,2,,"RFC 8080 does not explain signal sig_0019: the required indicator rfc8080_eddsa_algorithm failed because algorithm=13 is not in [15, 16]. The observation on 2021-08-13T07:50:30 is 1654 days after RFC 8080's publication on 2017-02-01, so the timestamp is valid. Score 0.0 (none): no required indicator matched, so there is nothing to score.","base_indicator_score = 0.0 (matched required indicators: none); optional_match_bonus = 0.0 = 0.0 x 0.5 (matched optional indicators: none); required_match_bonus = 0.0 (not awarded: 1 evaluable required indicator(s), the bonus needs at least 2); missing_required_penalty = 3.0 = 3.0 x 1 (required indicators evaluated but not matched: rfc8080_eddsa_algorithm); partial_match_penalty = 0.0 (not applied: no required indicator matched, so this is not a partial match); ambiguity_penalty = 0.0 (not applied: no matched indicator is flagged ambiguous); raw = 0.0 + 0.0 + 0.0 - 3.0 - 0.0 - 0.0 = -3.0; specificity_multiplier = 1.5 (RFC 8080 specificity=very_high); final_score = max(0, -3.0) * 1.5 = 0.0"
trace_sig_0020_rfc8078,sig_0020,RFC 8078,Managing DS Records from the Parent via CDS/CDNSKEY,2021-10-02T02:59:05,2017-03-01T00:00:00,true,valid_match,very_high,15.0,0.0,rfc8078_cds_cdnskey_algorithm_zero,rfc8078_delete_signal_digest_zero,,,digest_type,algorithm; rr_type,3,1,"Indicator rfc8078_delete_signal_digest_zero was only partially evaluated: 1 condition(s) were tested and 1 could not be, because the observation carries no value for digest_type.; Fields absent from this observation: digest_type. Every condition over them failed by construction; absence is not evidence either way.","RFC 8078 matched signal sig_0020: the required indicator rfc8078_cds_cdnskey_algorithm_zero passed because rr_type=CDNSKEY is in [CDS, CDNSKEY] and algorithm=0 equals the expected value 0. Indicator rfc8078_delete_signal_digest_zero did not match: field 'digest_type' is absent from this observation, so the condition 'digest_type must equal 0' could not be satisfied (absence is not evidence). The observation on 2021-10-02T02:59:05 is 1676 days after RFC 8078's publication on 2017-03-01, so the timestamp is valid. Score 15.0 (very_high) = (10.0 required) x 1.5 very_high specificity.","base_indicator_score = 10.0 (matched required indicators: rfc8078_cds_cdnskey_algorithm_zero); optional_match_bonus = 0.0 = 0.0 x 0.5 (matched optional indicators: none); required_match_bonus = 0.0 (not awarded: 1 evaluable required indicator(s), the bonus needs at least 2); missing_required_penalty = 0.0 = 3.0 x 0 (required indicators evaluated but not matched: none); partial_match_penalty = 0.0 (not applied: every evaluable required indicator matched); ambiguity_penalty = 0.0 (not applied: no matched indicator is flagged ambiguous); raw = 10.0 + 0.0 + 0.0 - 0.0 - 0.0 - 0.0 = 10.0; specificity_multiplier = 1.5 (RFC 8078 specificity=very_high); final_score = max(0, 10.0) * 1.5 = 15.0"
trace_sig_0020_rfc7344,sig_0020,RFC 7344,Automating DNSSEC Delegation Trust Maintenance,2021-10-02T02:59:05,2014-09-01T00:00:00,true,valid_match,high,11.25,0.0,rfc7344_cds_cdnskey_present,rfc7344_cds_publishes_digest,,,digest_type,rr_type,1,2,"Indicator rfc7344_cds_publishes_digest was only partially evaluated: 1 condition(s) were tested and 1 could not be, because the observation carries no value for digest_type.; Fields absent from this observation: digest_type. Every condition over them failed by construction; absence is not evidence either way.","RFC 7344 matched signal sig_0020: the required indicator rfc7344_cds_cdnskey_present passed because rr_type=CDNSKEY is in [CDS, CDNSKEY]. Indicator rfc7344_cds_publishes_digest did not match: rr_type=CDNSKEY does not equal the expected value CDS. The observation on 2021-10-02T02:59:05 is 2588 days after RFC 7344's publication on 2014-09-01, so the timestamp is valid. Score 11.25 (high) = (9.0 required) x 1.25 high specificity.","base_indicator_score = 9.0 (matched required indicators: rfc7344_cds_cdnskey_present); optional_match_bonus = 0.0 = 0.0 x 0.5 (matched optional indicators: none); required_match_bonus = 0.0 (not awarded: 1 evaluable required indicator(s), the bonus needs at least 2); missing_required_penalty = 0.0 = 3.0 x 0 (required indicators evaluated but not matched: none); partial_match_penalty = 0.0 (not applied: every evaluable required indicator matched); ambiguity_penalty = 0.0 (not applied: no matched indicator is flagged ambiguous); raw = 9.0 + 0.0 + 0.0 - 0.0 - 0.0 - 0.0 = 9.0; specificity_multiplier = 1.25 (RFC 7344 specificity=high); final_score = max(0, 9.0) * 1.25 = 11.25"
trace_sig_0020_rfc4033,sig_0020,RFC 4033,DNS Security Introduction and Requirements (DNSSEC base: RFC 4033/4034/4035),2021-10-02T02:59:05,2005-03-01T00:00:00,true,partial_match,none,0.0,0.0,rfc4033_dnssec_algorithm_present,rfc4033_base_dnssec_record_present; rfc4033_dnssec_ok_negotiated,,rfc4033_base_dnssec_record_present,dnssec_ok_flag,algorithm,1,3,"Indicator rfc4033_dnssec_ok_negotiated is only partially queryable: part of its signature depends on fields the corpus does not export, so it was evaluated on incomplete data.; Indicator rfc4033_dnssec_ok_negotiated was only partially evaluated: 1 condition(s) were tested and 1 could not be, because the observation carries no value for dnssec_ok_flag.; Fields absent from this observation: dnssec_ok_flag. Every condition over them failed by construction; absence is not evidence either way.; Partial matches are candidates, not adoption evidence: at least one required indicator of this RFC was not satisfied.","RFC 4033 partially matches signal sig_0020: the optional indicator rfc4033_dnssec_algorithm_present passed because algorithm is present (observed 0). The required indicator rfc4033_base_dnssec_record_present was not satisfied: rr_type=CDNSKEY is not in [DNSKEY, DS, RRSIG, NSEC]. The observation on 2021-10-02T02:59:05 is 6059 days after RFC 4033's publication on 2005-03-01, so the timestamp is valid. Score 0.0 (none): the penalties leave a raw total of -2.0, which is clamped to 0 before the 0.75 low specificity multiplier.","base_indicator_score = 0.0 (matched required indicators: none); optional_match_bonus = 1.0 = 2.0 x 0.5 (matched optional indicators: rfc4033_dnssec_algorithm_present); required_match_bonus = 0.0 (not awarded: 1 evaluable required indicator(s), the bonus needs at least 2); missing_required_penalty = 3.0 = 3.0 x 1 (required indicators evaluated but not matched: rfc4033_base_dnssec_record_present); partial_match_penalty = 0.0 (not applied: no required indicator matched, so this is not a partial match); ambiguity_penalty = 0.0 (not applied: no matched indicator is flagged ambiguous); raw = 0.0 + 0.0 + 1.0 - 3.0 - 0.0 - 0.0 = -2.0; specificity_multiplier = 0.75 (RFC 4033 specificity=low); final_score = max(0, -2.0) * 0.75 = 0.0"
trace_sig_0020_rfc4509,sig_0020,RFC 4509,Use of SHA-256 in DNSSEC Delegation Signer (DS) Resource Records,2021-10-02T02:59:05,2006-05-01T00:00:00,true,no_match,none,0.0,0.0,,rfc4509_ds_sha256_digest,,rfc4509_ds_sha256_digest,digest_type,,0,2,"Indicator rfc4509_ds_sha256_digest was only partially evaluated: 1 condition(s) were tested and 1 could not be, because the observation carries no value for digest_type.; Fields absent from this observation: digest_type. Every condition over them failed by construction; absence is not evidence either way.","RFC 4509 does not explain signal sig_0020: the required indicator rfc4509_ds_sha256_digest failed because rr_type=CDNSKEY is not in [DS, CDS]. The observation on 2021-10-02T02:59:05 is 5633 days after RFC 4509's publication on 2006-05-01, so the timestamp is valid. Score 0.0 (none): no required indicator matched, so there is nothing to score.","base_indicator_score = 0.0 (matched required indicators: none); optional_match_bonus = 0.0 = 0.0 x 0.5 (matched optional indicators: none); required_match_bonus = 0.0 (not awarded: 1 evaluable required indicator(s), the bonus needs at least 2); missing_required_penalty = 3.0 = 3.0 x 1 (required indicators evaluated but not matched: rfc4509_ds_sha256_digest); partial_match_penalty = 0.0 (not applied: no required indicator matched, so this is not a partial match); ambiguity_penalty = 0.0 (not applied: no matched indicator is flagged ambiguous); raw = 0.0 + 0.0 + 0.0 - 3.0 - 0.0 - 0.0 = -3.0; specificity_multiplier = 1.25 (RFC 4509 specificity=high); final_score = max(0, -3.0) * 1.25 = 0.0"
trace_sig_0020_rfc5155,sig_0020,RFC 5155,DNS Security (DNSSEC) Hashed Authenticated Denial of Existence,2021-10-02T02:59:05,2008-03-01T00:00:00,true,no_match,none,0.0,0.0,,rfc5155_nsec3_hash_algorithm; rfc5155_nsec3_record_present,,rfc5155_nsec3_record_present,,,1,2,,"RFC 5155 does not explain signal sig_0020: the required indicator rfc5155_nsec3_record_present failed because rr_type=CDNSKEY is not in [NSEC3, NSEC3PARAM]. The observation on 2021-10-02T02:59:05 is 4963 days after RFC 5155's publication on 2008-03-01, so the timestamp is valid. Score 0.0 (none): no required indicator matched, so there is nothing to score.","base_indicator_score = 0.0 (matched required indicators: none); optional_match_bonus = 0.0 = 0.0 x 0.5 (matched optional indicators: none); required_match_bonus = 0.0 (not awarded: 1 evaluable required indicator(s), the bonus needs at least 2); missing_required_penalty = 3.0 = 3.0 x 1 (required indicators evaluated but not matched: rfc5155_nsec3_record_present); partial_match_penalty = 0.0 (not applied: no required indicator matched, so this is not a partial match); ambiguity_penalty = 0.0 (not applied: no matched indicator is flagged ambiguous); raw = 0.0 + 0.0 + 0.0 - 3.0 - 0.0 - 0.0 = -3.0; specificity_multiplier = 1.5 (RFC 5155 specificity=very_high); final_score = max(0, -3.0) * 1.5 = 0.0"
trace_sig_0020_rfc6605,sig_0020,RFC 6605,Elliptic Curve Digital Signature Algorithm (DSA) for DNSSEC,2021-10-02T02:59:05,2012-04-01T00:00:00,true,no_match,none,0.0,0.0,,rfc6605_ecdsa_algorithm; rfc6605_ecdsa_on_key_or_signature,,rfc6605_ecdsa_algorithm,,,1,2,,"RFC 6605 does not explain signal sig_0020: the required indicator rfc6605_ecdsa_algorithm failed because algorithm=0 is not in [13, 14]. The observation on 2021-10-02T02:59:05 is 3471 days after RFC 6605's publication on 2012-04-01, so the timestamp is valid. Score 0.0 (none): no required indicator matched, so there is nothing to score.","base_indicator_score = 0.0 (matched required indicators: none); optional_match_bonus = 0.0 = 0.0 x 0.5 (matched optional indicators: none); required_match_bonus = 0.0 (not awarded: 1 evaluable required indicator(s), the bonus needs at least 2); missing_required_penalty = 3.0 = 3.0 x 1 (required indicators evaluated but not matched: rfc6605_ecdsa_algorithm); partial_match_penalty = 0.0 (not applied: no required indicator matched, so this is not a partial match); ambiguity_penalty = 0.0 (not applied: no matched indicator is flagged ambiguous); raw = 0.0 + 0.0 + 0.0 - 3.0 - 0.0 - 0.0 = -3.0; specificity_multiplier = 1.25 (RFC 6605 specificity=high); final_score = max(0, -3.0) * 1.25 = 0.0"
trace_sig_0020_rfc8080,sig_0020,RFC 8080,Edwards-Curve Digital Security Algorithm (EdDSA) for DNSSEC,2021-10-02T02:59:05,2017-02-01T00:00:00,true,no_match,none,0.0,0.0,,rfc8080_eddsa_algorithm; rfc8080_eddsa_on_key_or_signature,,rfc8080_eddsa_algorithm,,,1,2,,"RFC 8080 does not explain signal sig_0020: the required indicator rfc8080_eddsa_algorithm failed because algorithm=0 is not in [15, 16]. The observation on 2021-10-02T02:59:05 is 1704 days after RFC 8080's publication on 2017-02-01, so the timestamp is valid. Score 0.0 (none): no required indicator matched, so there is nothing to score.","base_indicator_score = 0.0 (matched required indicators: none); optional_match_bonus = 0.0 = 0.0 x 0.5 (matched optional indicators: none); required_match_bonus = 0.0 (not awarded: 1 evaluable required indicator(s), the bonus needs at least 2); missing_required_penalty = 3.0 = 3.0 x 1 (required indicators evaluated but not matched: rfc8080_eddsa_algorithm); partial_match_penalty = 0.0 (not applied: no required indicator matched, so this is not a partial match); ambiguity_penalty = 0.0 (not applied: no matched indicator is flagged ambiguous); raw = 0.0 + 0.0 + 0.0 - 3.0 - 0.0 - 0.0 = -3.0; specificity_multiplier = 1.5 (RFC 8080 specificity=very_high); final_score = max(0, -3.0) * 1.5 = 0.0"
trace_sig_0020_rfc8624,sig_0020,RFC 8624,Algorithm Implementation Requirements and Usage Guidance for DNSSEC,2021-10-02T02:59:05,2019-06-01T00:00:00,true,partial_match,none,0.0,0.0,rfc8624_avoids_deprecated_algorithm,rfc8624_recommended_signing_algorithm,rfc8624_validator_algorithm_support,rfc8624_recommended_signing_algorithm,rr_type; validator_algorithm_support,algorithm,2,1,"Indicator rfc8624_avoids_deprecated_algorithm is flagged ambiguous: the observation it matched is equally consistent with other RFCs, so this result is an inference about policy rather than direct evidence.; Corpus availability: indicator rfc8624_validator_algorithm_support was never tested because rr_type, validator_algorithm_support are absent from the OpenINTEL dictionary. Its absence from the evidence is a measurement limitation, not a finding about the observation.; Partial matches are candidates, not adoption evidence: at least one required indicator of this RFC was not satisfied.","RFC 8624 partially matches signal sig_0020: the optional indicator rfc8624_avoids_deprecated_algorithm passed because algorithm is present (observed 0) and algorithm=0 differs from 1 as required. The required indicator rfc8624_recommended_signing_algorithm was not satisfied: algorithm=0 is not in [13, 15]. The observation on 2021-10-02T02:59:05 is 854 days after RFC 8624's publication on 2019-06-01, so the timestamp is valid. Score 0.0 (none): the penalties leave a raw total of -3.5, which is clamped to 0 before the 0.75 low specificity multiplier.","base_indicator_score = 0.0 (matched required indicators: none); optional_match_bonus = 1.5 = 3.0 x 0.5 (matched optional indicators: rfc8624_avoids_deprecated_algorithm); required_match_bonus = 0.0 (not awarded: 1 evaluable required indicator(s), the bonus needs at least 2); missing_required_penalty = 3.0 = 3.0 x 1 (required indicators evaluated but not matched: rfc8624_recommended_signing_algorithm); partial_match_penalty = 0.0 (not applied: no required indicator matched, so this is not a partial match); ambiguity_penalty = 2.0 (applied: matched indicators flagged ambiguous: rfc8624_avoids_deprecated_algorithm); raw = 0.0 + 0.0 + 1.5 - 3.0 - 0.0 - 2.0 = -3.5; specificity_multiplier = 0.75 (RFC 8624 specificity=low); final_score = max(0, -3.5) * 0.75 = 0.0; note: 1 indicator (rfc8624_validator_algorithm_support) could not be tested against the OpenINTEL corpus and was excluded from every term above, neither earning weight nor incurring a penalty"
trace_sig_0021_rfc8078,sig_0021,RFC 8078,Managing DS Records from the Parent via CDS/CDNSKEY,2021-11-01T02:55:43,2017-03-01T00:00:00,true,valid_match,very_high,15.0,0.0,rfc8078_cds_cdnskey_algorithm_zero,rfc8078_delete_signal_digest_zero,,,digest_type,algorithm; rr_type,3,1,"Indicator rfc8078_delete_signal_digest_zero was only partially evaluated: 1 condition(s) were tested and 1 could not be, because the observation carries no value for digest_type.; Fields absent from this observation: digest_type. Every condition over them failed by construction; absence is not evidence either way.","RFC 8078 matched signal sig_0021: the required indicator rfc8078_cds_cdnskey_algorithm_zero passed because rr_type=CDNSKEY is in [CDS, CDNSKEY] and algorithm=0 equals the expected value 0. Indicator rfc8078_delete_signal_digest_zero did not match: field 'digest_type' is absent from this observation, so the condition 'digest_type must equal 0' could not be satisfied (absence is not evidence). The observation on 2021-11-01T02:55:43 is 1706 days after RFC 8078's publication on 2017-03-01, so the timestamp is valid. Score 15.0 (very_high) = (10.0 required) x 1.5 very_high specificity.","base_indicator_score = 10.0 (matched required indicators: rfc8078_cds_cdnskey_algorithm_zero); optional_match_bonus = 0.0 = 0.0 x 0.5 (matched optional indicators: none); required_match_bonus = 0.0 (not awarded: 1 evaluable required indicator(s), the bonus needs at least 2); missing_required_penalty = 0.0 = 3.0 x 0 (required indicators evaluated but not matched: none); partial_match_penalty = 0.0 (not applied: every evaluable required indicator matched); ambiguity_penalty = 0.0 (not applied: no matched indicator is flagged ambiguous); raw = 10.0 + 0.0 + 0.0 - 0.0 - 0.0 - 0.0 = 10.0; specificity_multiplier = 1.5 (RFC 8078 specificity=very_high); final_score = max(0, 10.0) * 1.5 = 15.0"
trace_sig_0021_rfc7344,sig_0021,RFC 7344,Automating DNSSEC Delegation Trust Maintenance,2021-11-01T02:55:43,2014-09-01T00:00:00,true,valid_match,high,11.25,0.0,rfc7344_cds_cdnskey_present,rfc7344_cds_publishes_digest,,,digest_type,rr_type,1,2,"Indicator rfc7344_cds_publishes_digest was only partially evaluated: 1 condition(s) were tested and 1 could not be, because the observation carries no value for digest_type.; Fields absent from this observation: digest_type. Every condition over them failed by construction; absence is not evidence either way.","RFC 7344 matched signal sig_0021: the required indicator rfc7344_cds_cdnskey_present passed because rr_type=CDNSKEY is in [CDS, CDNSKEY]. Indicator rfc7344_cds_publishes_digest did not match: rr_type=CDNSKEY does not equal the expected value CDS. The observation on 2021-11-01T02:55:43 is 2618 days after RFC 7344's publication on 2014-09-01, so the timestamp is valid. Score 11.25 (high) = (9.0 required) x 1.25 high specificity.","base_indicator_score = 9.0 (matched required indicators: rfc7344_cds_cdnskey_present); optional_match_bonus = 0.0 = 0.0 x 0.5 (matched optional indicators: none); required_match_bonus = 0.0 (not awarded: 1 evaluable required indicator(s), the bonus needs at least 2); missing_required_penalty = 0.0 = 3.0 x 0 (required indicators evaluated but not matched: none); partial_match_penalty = 0.0 (not applied: every evaluable required indicator matched); ambiguity_penalty = 0.0 (not applied: no matched indicator is flagged ambiguous); raw = 9.0 + 0.0 + 0.0 - 0.0 - 0.0 - 0.0 = 9.0; specificity_multiplier = 1.25 (RFC 7344 specificity=high); final_score = max(0, 9.0) * 1.25 = 11.25"
trace_sig_0021_rfc4033,sig_0021,RFC 4033,DNS Security Introduction and Requirements (DNSSEC base: RFC 4033/4034/4035),2021-11-01T02:55:43,2005-03-01T00:00:00,true,partial_match,none,0.0,0.0,rfc4033_dnssec_algorithm_present,rfc4033_base_dnssec_record_present; rfc4033_dnssec_ok_negotiated,,rfc4033_base_dnssec_record_present,dnssec_ok_flag,algorithm,1,3,"Indicator rfc4033_dnssec_ok_negotiated is only partially queryable: part of its signature depends on fields the corpus does not export, so it was evaluated on incomplete data.; Indicator rfc4033_dnssec_ok_negotiated was only partially evaluated: 1 condition(s) were tested and 1 could not be, because the observation carries no value for dnssec_ok_flag.; Fields absent from this observation: dnssec_ok_flag. Every condition over them failed by construction; absence is not evidence either way.; Partial matches are candidates, not adoption evidence: at least one required indicator of this RFC was not satisfied.","RFC 4033 partially matches signal sig_0021: the optional indicator rfc4033_dnssec_algorithm_present passed because algorithm is present (observed 0). The required indicator rfc4033_base_dnssec_record_present was not satisfied: rr_type=CDNSKEY is not in [DNSKEY, DS, RRSIG, NSEC]. The observation on 2021-11-01T02:55:43 is 6089 days after RFC 4033's publication on 2005-03-01, so the timestamp is valid. Score 0.0 (none): the penalties leave a raw total of -2.0, which is clamped to 0 before the 0.75 low specificity multiplier.","base_indicator_score = 0.0 (matched required indicators: none); optional_match_bonus = 1.0 = 2.0 x 0.5 (matched optional indicators: rfc4033_dnssec_algorithm_present); required_match_bonus = 0.0 (not awarded: 1 evaluable required indicator(s), the bonus needs at least 2); missing_required_penalty = 3.0 = 3.0 x 1 (required indicators evaluated but not matched: rfc4033_base_dnssec_record_present); partial_match_penalty = 0.0 (not applied: no required indicator matched, so this is not a partial match); ambiguity_penalty = 0.0 (not applied: no matched indicator is flagged ambiguous); raw = 0.0 + 0.0 + 1.0 - 3.0 - 0.0 - 0.0 = -2.0; specificity_multiplier = 0.75 (RFC 4033 specificity=low); final_score = max(0, -2.0) * 0.75 = 0.0"
trace_sig_0021_rfc4509,sig_0021,RFC 4509,Use of SHA-256 in DNSSEC Delegation Signer (DS) Resource Records,2021-11-01T02:55:43,2006-05-01T00:00:00,true,no_match,none,0.0,0.0,,rfc4509_ds_sha256_digest,,rfc4509_ds_sha256_digest,digest_type,,0,2,"Indicator rfc4509_ds_sha256_digest was only partially evaluated: 1 condition(s) were tested and 1 could not be, because the observation carries no value for digest_type.; Fields absent from this observation: digest_type. Every condition over them failed by construction; absence is not evidence either way.","RFC 4509 does not explain signal sig_0021: the required indicator rfc4509_ds_sha256_digest failed because rr_type=CDNSKEY is not in [DS, CDS]. The observation on 2021-11-01T02:55:43 is 5663 days after RFC 4509's publication on 2006-05-01, so the timestamp is valid. Score 0.0 (none): no required indicator matched, so there is nothing to score.","base_indicator_score = 0.0 (matched required indicators: none); optional_match_bonus = 0.0 = 0.0 x 0.5 (matched optional indicators: none); required_match_bonus = 0.0 (not awarded: 1 evaluable required indicator(s), the bonus needs at least 2); missing_required_penalty = 3.0 = 3.0 x 1 (required indicators evaluated but not matched: rfc4509_ds_sha256_digest); partial_match_penalty = 0.0 (not applied: no required indicator matched, so this is not a partial match); ambiguity_penalty = 0.0 (not applied: no matched indicator is flagged ambiguous); raw = 0.0 + 0.0 + 0.0 - 3.0 - 0.0 - 0.0 = -3.0; specificity_multiplier = 1.25 (RFC 4509 specificity=high); final_score = max(0, -3.0) * 1.25 = 0.0"
trace_sig_0021_rfc5155,sig_0021,RFC 5155,DNS Security (DNSSEC) Hashed Authenticated Denial of Existence,2021-11-01T02:55:43,2008-03-01T00:00:00,true,no_match,none,0.0,0.0,,rfc5155_nsec3_hash_algorithm; rfc5155_nsec3_record_present,,rfc5155_nsec3_record_present,,,1,2,,"RFC 5155 does not explain signal sig_0021: the required indicator rfc5155_nsec3_record_present failed because rr_type=CDNSKEY is not in [NSEC3, NSEC3PARAM]. The observation on 2021-11-01T02:55:43 is 4993 days after RFC 5155's publication on 2008-03-01, so the timestamp is valid. Score 0.0 (none): no required indicator matched, so there is nothing to score.","base_indicator_score = 0.0 (matched required indicators: none); optional_match_bonus = 0.0 = 0.0 x 0.5 (matched optional indicators: none); required_match_bonus = 0.0 (not awarded: 1 evaluable required indicator(s), the bonus needs at least 2); missing_required_penalty = 3.0 = 3.0 x 1 (required indicators evaluated but not matched: rfc5155_nsec3_record_present); partial_match_penalty = 0.0 (not applied: no required indicator matched, so this is not a partial match); ambiguity_penalty = 0.0 (not applied: no matched indicator is flagged ambiguous); raw = 0.0 + 0.0 + 0.0 - 3.0 - 0.0 - 0.0 = -3.0; specificity_multiplier = 1.5 (RFC 5155 specificity=very_high); final_score = max(0, -3.0) * 1.5 = 0.0"
trace_sig_0021_rfc6605,sig_0021,RFC 6605,Elliptic Curve Digital Signature Algorithm (DSA) for DNSSEC,2021-11-01T02:55:43,2012-04-01T00:00:00,true,no_match,none,0.0,0.0,,rfc6605_ecdsa_algorithm; rfc6605_ecdsa_on_key_or_signature,,rfc6605_ecdsa_algorithm,,,1,2,,"RFC 6605 does not explain signal sig_0021: the required indicator rfc6605_ecdsa_algorithm failed because algorithm=0 is not in [13, 14]. The observation on 2021-11-01T02:55:43 is 3501 days after RFC 6605's publication on 2012-04-01, so the timestamp is valid. Score 0.0 (none): no required indicator matched, so there is nothing to score.","base_indicator_score = 0.0 (matched required indicators: none); optional_match_bonus = 0.0 = 0.0 x 0.5 (matched optional indicators: none); required_match_bonus = 0.0 (not awarded: 1 evaluable required indicator(s), the bonus needs at least 2); missing_required_penalty = 3.0 = 3.0 x 1 (required indicators evaluated but not matched: rfc6605_ecdsa_algorithm); partial_match_penalty = 0.0 (not applied: no required indicator matched, so this is not a partial match); ambiguity_penalty = 0.0 (not applied: no matched indicator is flagged ambiguous); raw = 0.0 + 0.0 + 0.0 - 3.0 - 0.0 - 0.0 = -3.0; specificity_multiplier = 1.25 (RFC 6605 specificity=high); final_score = max(0, -3.0) * 1.25 = 0.0"
trace_sig_0021_rfc8080,sig_0021,RFC 8080,Edwards-Curve Digital Security Algorithm (EdDSA) for DNSSEC,2021-11-01T02:55:43,2017-02-01T00:00:00,true,no_match,none,0.0,0.0,,rfc8080_eddsa_algorithm; rfc8080_eddsa_on_key_or_signature,,rfc8080_eddsa_algorithm,,,1,2,,"RFC 8080 does not explain signal sig_0021: the required indicator rfc8080_eddsa_algorithm failed because algorithm=0 is not in [15, 16]. The observation on 2021-11-01T02:55:43 is 1734 days after RFC 8080's publication on 2017-02-01, so the timestamp is valid. Score 0.0 (none): no required indicator matched, so there is nothing to score.","base_indicator_score = 0.0 (matched required indicators: none); optional_match_bonus = 0.0 = 0.0 x 0.5 (matched optional indicators: none); required_match_bonus = 0.0 (not awarded: 1 evaluable required indicator(s), the bonus needs at least 2); missing_required_penalty = 3.0 = 3.0 x 1 (required indicators evaluated but not matched: rfc8080_eddsa_algorithm); partial_match_penalty = 0.0 (not applied: no required indicator matched, so this is not a partial match); ambiguity_penalty = 0.0 (not applied: no matched indicator is flagged ambiguous); raw = 0.0 + 0.0 + 0.0 - 3.0 - 0.0 - 0.0 = -3.0; specificity_multiplier = 1.5 (RFC 8080 specificity=very_high); final_score = max(0, -3.0) * 1.5 = 0.0"
trace_sig_0021_rfc8624,sig_0021,RFC 8624,Algorithm Implementation Requirements and Usage Guidance for DNSSEC,2021-11-01T02:55:43,2019-06-01T00:00:00,true,partial_match,none,0.0,0.0,rfc8624_avoids_deprecated_algorithm,rfc8624_recommended_signing_algorithm,rfc8624_validator_algorithm_support,rfc8624_recommended_signing_algorithm,rr_type; validator_algorithm_support,algorithm,2,1,"Indicator rfc8624_avoids_deprecated_algorithm is flagged ambiguous: the observation it matched is equally consistent with other RFCs, so this result is an inference about policy rather than direct evidence.; Corpus availability: indicator rfc8624_validator_algorithm_support was never tested because rr_type, validator_algorithm_support are absent from the OpenINTEL dictionary. Its absence from the evidence is a measurement limitation, not a finding about the observation.; Partial matches are candidates, not adoption evidence: at least one required indicator of this RFC was not satisfied.","RFC 8624 partially matches signal sig_0021: the optional indicator rfc8624_avoids_deprecated_algorithm passed because algorithm is present (observed 0) and algorithm=0 differs from 1 as required. The required indicator rfc8624_recommended_signing_algorithm was not satisfied: algorithm=0 is not in [13, 15]. The observation on 2021-11-01T02:55:43 is 884 days after RFC 8624's publication on 2019-06-01, so the timestamp is valid. Score 0.0 (none): the penalties leave a raw total of -3.5, which is clamped to 0 before the 0.75 low specificity multiplier.","base_indicator_score = 0.0 (matched required indicators: none); optional_match_bonus = 1.5 = 3.0 x 0.5 (matched optional indicators: rfc8624_avoids_deprecated_algorithm); required_match_bonus = 0.0 (not awarded: 1 evaluable required indicator(s), the bonus needs at least 2); missing_required_penalty = 3.0 = 3.0 x 1 (required indicators evaluated but not matched: rfc8624_recommended_signing_algorithm); partial_match_penalty = 0.0 (not applied: no required indicator matched, so this is not a partial match); ambiguity_penalty = 2.0 (applied: matched indicators flagged ambiguous: rfc8624_avoids_deprecated_algorithm); raw = 0.0 + 0.0 + 1.5 - 3.0 - 0.0 - 2.0 = -3.5; specificity_multiplier = 0.75 (RFC 8624 specificity=low); final_score = max(0, -3.5) * 0.75 = 0.0; note: 1 indicator (rfc8624_validator_algorithm_support) could not be tested against the OpenINTEL corpus and was excluded from every term above, neither earning weight nor incurring a penalty"
trace_sig_0022_rfc4033,sig_0022,RFC 4033,DNS Security Introduction and Requirements (DNSSEC base: RFC 4033/4034/4035),2021-11-19T03:14:11,2005-03-01T00:00:00,true,valid_match,low,3.75,0.0,rfc4033_base_dnssec_record_present; rfc4033_dnssec_algorithm_present,rfc4033_dnssec_ok_negotiated,,,dnssec_ok_flag,algorithm; rr_type,3,1,"Indicator rfc4033_dnssec_ok_negotiated is only partially queryable: part of its signature depends on fields the corpus does not export, so it was evaluated on incomplete data.; Indicator rfc4033_dnssec_ok_negotiated was only partially evaluated: 1 condition(s) were tested and 1 could not be, because the observation carries no value for dnssec_ok_flag.; Fields absent from this observation: dnssec_ok_flag. Every condition over them failed by construction; absence is not evidence either way.","RFC 4033 matched signal sig_0022: the required indicator rfc4033_base_dnssec_record_present passed because rr_type=RRSIG is in [DNSKEY, DS, RRSIG, NSEC]. Corroborating indicators also matched: rfc4033_dnssec_algorithm_present. Indicator rfc4033_dnssec_ok_negotiated did not match: field 'dnssec_ok_flag' is absent from this observation, so the condition 'dnssec_ok_flag must equal true' could not be satisfied (absence is not evidence). The observation on 2021-11-19T03:14:11 is 6107 days after RFC 4033's publication on 2005-03-01, so the timestamp is valid. Score 3.75 (low) = (4.0 required + 1.0 optional) x 0.75 low specificity.","base_indicator_score = 4.0 (matched required indicators: rfc4033_base_dnssec_record_present); optional_match_bonus = 1.0 = 2.0 x 0.5 (matched optional indicators: rfc4033_dnssec_algorithm_present); required_match_bonus = 0.0 (not awarded: 1 evaluable required indicator(s), the bonus needs at least 2); missing_required_penalty = 0.0 = 3.0 x 0 (required indicators evaluated but not matched: none); partial_match_penalty = 0.0 (not applied: every evaluable required indicator matched); ambiguity_penalty = 0.0 (not applied: no matched indicator is flagged ambiguous); raw = 4.0 + 0.0 + 1.0 - 0.0 - 0.0 - 0.0 = 5.0; specificity_multiplier = 0.75 (RFC 4033 specificity=low); final_score = max(0, 5.0) * 0.75 = 3.75"
trace_sig_0022_rfc4509,sig_0022,RFC 4509,Use of SHA-256 in DNSSEC Delegation Signer (DS) Resource Records,2021-11-19T03:14:11,2006-05-01T00:00:00,true,no_match,none,0.0,0.0,,rfc4509_ds_sha256_digest,,rfc4509_ds_sha256_digest,digest_type,,0,2,"Indicator rfc4509_ds_sha256_digest was only partially evaluated: 1 condition(s) were tested and 1 could not be, because the observation carries no value for digest_type.; Fields absent from this observation: digest_type. Every condition over them failed by construction; absence is not evidence either way.","RFC 4509 does not explain signal sig_0022: the required indicator rfc4509_ds_sha256_digest failed because rr_type=RRSIG is not in [DS, CDS]. The observation on 2021-11-19T03:14:11 is 5681 days after RFC 4509's publication on 2006-05-01, so the timestamp is valid. Score 0.0 (none): no required indicator matched, so there is nothing to score.","base_indicator_score = 0.0 (matched required indicators: none); optional_match_bonus = 0.0 = 0.0 x 0.5 (matched optional indicators: none); required_match_bonus = 0.0 (not awarded: 1 evaluable required indicator(s), the bonus needs at least 2); missing_required_penalty = 3.0 = 3.0 x 1 (required indicators evaluated but not matched: rfc4509_ds_sha256_digest); partial_match_penalty = 0.0 (not applied: no required indicator matched, so this is not a partial match); ambiguity_penalty = 0.0 (not applied: no matched indicator is flagged ambiguous); raw = 0.0 + 0.0 + 0.0 - 3.0 - 0.0 - 0.0 = -3.0; specificity_multiplier = 1.25 (RFC 4509 specificity=high); final_score = max(0, -3.0) * 1.25 = 0.0"
trace_sig_0022_rfc5155,sig_0022,RFC 5155,DNS Security (DNSSEC) Hashed Authenticated Denial of Existence,2021-11-19T03:14:11,2008-03-01T00:00:00,true,no_match,none,0.0,0.0,,rfc5155_nsec3_hash_algorithm; rfc5155_nsec3_record_present,,rfc5155_nsec3_record_present,,,1,2,,"RFC 5155 does not explain signal sig_0022: the required indicator rfc5155_nsec3_record_present failed because rr_type=RRSIG is not in [NSEC3, NSEC3PARAM]. The observation on 2021-11-19T03:14:11 is 5011 days after RFC 5155's publication on 2008-03-01, so the timestamp is valid. Score 0.0 (none): no required indicator matched, so there is nothing to score.","base_indicator_score = 0.0 (matched required indicators: none); optional_match_bonus = 0.0 = 0.0 x 0.5 (matched optional indicators: none); required_match_bonus = 0.0 (not awarded: 1 evaluable required indicator(s), the bonus needs at least 2); missing_required_penalty = 3.0 = 3.0 x 1 (required indicators evaluated but not matched: rfc5155_nsec3_record_present); partial_match_penalty = 0.0 (not applied: no required indicator matched, so this is not a partial match); ambiguity_penalty = 0.0 (not applied: no matched indicator is flagged ambiguous); raw = 0.0 + 0.0 + 0.0 - 3.0 - 0.0 - 0.0 = -3.0; specificity_multiplier = 1.5 (RFC 5155 specificity=very_high); final_score = max(0, -3.0) * 1.5 = 0.0"
trace_sig_0022_rfc6605,sig_0022,RFC 6605,Elliptic Curve Digital Signature Algorithm (DSA) for DNSSEC,2021-11-19T03:14:11,2012-04-01T00:00:00,true,no_match,none,0.0,0.0,,rfc6605_ecdsa_algorithm; rfc6605_ecdsa_on_key_or_signature,,rfc6605_ecdsa_algorithm,,,1,2,,"RFC 6605 does not explain signal sig_0022: the required indicator rfc6605_ecdsa_algorithm failed because algorithm=8 is not in [13, 14]. The observation on 2021-11-19T03:14:11 is 3519 days after RFC 6605's publication on 2012-04-01, so the timestamp is valid. Score 0.0 (none): no required indicator matched, so there is nothing to score.","base_indicator_score = 0.0 (matched required indicators: none); optional_match_bonus = 0.0 = 0.0 x 0.5 (matched optional indicators: none); required_match_bonus = 0.0 (not awarded: 1 evaluable required indicator(s), the bonus needs at least 2); missing_required_penalty = 3.0 = 3.0 x 1 (required indicators evaluated but not matched: rfc6605_ecdsa_algorithm); partial_match_penalty = 0.0 (not applied: no required indicator matched, so this is not a partial match); ambiguity_penalty = 0.0 (not applied: no matched indicator is flagged ambiguous); raw = 0.0 + 0.0 + 0.0 - 3.0 - 0.0 - 0.0 = -3.0; specificity_multiplier = 1.25 (RFC 6605 specificity=high); final_score = max(0, -3.0) * 1.25 = 0.0"
trace_sig_0022_rfc7344,sig_0022,RFC 7344,Automating DNSSEC Delegation Trust Maintenance,2021-11-19T03:14:11,2014-09-01T00:00:00,true,no_match,none,0.0,0.0,,rfc7344_cds_cdnskey_present; rfc7344_cds_publishes_digest,,rfc7344_cds_cdnskey_present,digest_type,,0,3,"Indicator rfc7344_cds_publishes_digest was only partially evaluated: 1 condition(s) were tested and 1 could not be, because the observation carries no value for digest_type.; Fields absent from this observation: digest_type. Every condition over them failed by construction; absence is not evidence either way.","RFC 7344 does not explain signal sig_0022: the required indicator rfc7344_cds_cdnskey_present failed because rr_type=RRSIG is not in [CDS, CDNSKEY]. The observation on 2021-11-19T03:14:11 is 2636 days after RFC 7344's publication on 2014-09-01, so the timestamp is valid. Score 0.0 (none): no required indicator matched, so there is nothing to score.","base_indicator_score = 0.0 (matched required indicators: none); optional_match_bonus = 0.0 = 0.0 x 0.5 (matched optional indicators: none); required_match_bonus = 0.0 (not awarded: 1 evaluable required indicator(s), the bonus needs at least 2); missing_required_penalty = 3.0 = 3.0 x 1 (required indicators evaluated but not matched: rfc7344_cds_cdnskey_present); partial_match_penalty = 0.0 (not applied: no required indicator matched, so this is not a partial match); ambiguity_penalty = 0.0 (not applied: no matched indicator is flagged ambiguous); raw = 0.0 + 0.0 + 0.0 - 3.0 - 0.0 - 0.0 = -3.0; specificity_multiplier = 1.25 (RFC 7344 specificity=high); final_score = max(0, -3.0) * 1.25 = 0.0"
trace_sig_0022_rfc8078,sig_0022,RFC 8078,Managing DS Records from the Parent via CDS/CDNSKEY,2021-11-19T03:14:11,2017-03-01T00:00:00,true,no_match,none,0.0,0.0,,rfc8078_cds_cdnskey_algorithm_zero; rfc8078_delete_signal_digest_zero,,rfc8078_cds_cdnskey_algorithm_zero,digest_type,,0,4,"Indicator rfc8078_delete_signal_digest_zero was only partially evaluated: 1 condition(s) were tested and 1 could not be, because the observation carries no value for digest_type.; Fields absent from this observation: digest_type. Every condition over them failed by construction; absence is not evidence either way.","RFC 8078 does not explain signal sig_0022: the required indicator rfc8078_cds_cdnskey_algorithm_zero failed because rr_type=RRSIG is not in [CDS, CDNSKEY]. The observation on 2021-11-19T03:14:11 is 1724 days after RFC 8078's publication on 2017-03-01, so the timestamp is valid. Score 0.0 (none): no required indicator matched, so there is nothing to score.","base_indicator_score = 0.0 (matched required indicators: none); optional_match_bonus = 0.0 = 0.0 x 0.5 (matched optional indicators: none); required_match_bonus = 0.0 (not awarded: 1 evaluable required indicator(s), the bonus needs at least 2); missing_required_penalty = 3.0 = 3.0 x 1 (required indicators evaluated but not matched: rfc8078_cds_cdnskey_algorithm_zero); partial_match_penalty = 0.0 (not applied: no required indicator matched, so this is not a partial match); ambiguity_penalty = 0.0 (not applied: no matched indicator is flagged ambiguous); raw = 0.0 + 0.0 + 0.0 - 3.0 - 0.0 - 0.0 = -3.0; specificity_multiplier = 1.5 (RFC 8078 specificity=very_high); final_score = max(0, -3.0) * 1.5 = 0.0"
trace_sig_0022_rfc8080,sig_0022,RFC 8080,Edwards-Curve Digital Security Algorithm (EdDSA) for DNSSEC,2021-11-19T03:14:11,2017-02-01T00:00:00,true,no_match,none,0.0,0.0,,rfc8080_eddsa_algorithm; rfc8080_eddsa_on_key_or_signature,,rfc8080_eddsa_algorithm,,,1,2,,"RFC 8080 does not explain signal sig_0022: the required indicator rfc8080_eddsa_algorithm failed because algorithm=8 is not in [15, 16]. The observation on 2021-11-19T03:14:11 is 1752 days after RFC 8080's publication on 2017-02-01, so the timestamp is valid. Score 0.0 (none): no required indicator matched, so there is nothing to score.","base_indicator_score = 0.0 (matched required indicators: none); optional_match_bonus = 0.0 = 0.0 x 0.5 (matched optional indicators: none); required_match_bonus = 0.0 (not awarded: 1 evaluable required indicator(s), the bonus needs at least 2); missing_required_penalty = 3.0 = 3.0 x 1 (required indicators evaluated but not matched: rfc8080_eddsa_algorithm); partial_match_penalty = 0.0 (not applied: no required indicator matched, so this is not a partial match); ambiguity_penalty = 0.0 (not applied: no matched indicator is flagged ambiguous); raw = 0.0 + 0.0 + 0.0 - 3.0 - 0.0 - 0.0 = -3.0; specificity_multiplier = 1.5 (RFC 8080 specificity=very_high); final_score = max(0, -3.0) * 1.5 = 0.0"
trace_sig_0022_rfc8624,sig_0022,RFC 8624,Algorithm Implementation Requirements and Usage Guidance for DNSSEC,2021-11-19T03:14:11,2019-06-01T00:00:00,true,partial_match,none,0.0,0.0,rfc8624_avoids_deprecated_algorithm,rfc8624_recommended_signing_algorithm,rfc8624_validator_algorithm_support,rfc8624_recommended_signing_algorithm,rr_type; validator_algorithm_support,algorithm,2,1,"Indicator rfc8624_avoids_deprecated_algorithm is flagged ambiguous: the observation it matched is equally consistent with other RFCs, so this result is an inference about policy rather than direct evidence.; Corpus availability: indicator rfc8624_validator_algorithm_support was never tested because rr_type, validator_algorithm_support are absent from the OpenINTEL dictionary. Its absence from the evidence is a measurement limitation, not a finding about the observation.; Partial matches are candidates, not adoption evidence: at least one required indicator of this RFC was not satisfied.","RFC 8624 partially matches signal sig_0022: the optional indicator rfc8624_avoids_deprecated_algorithm passed because algorithm is present (observed 8) and algorithm=8 differs from 1 as required. The required indicator rfc8624_recommended_signing_algorithm was not satisfied: algorithm=8 is not in [13, 15]. The observation on 2021-11-19T03:14:11 is 902 days after RFC 8624's publication on 2019-06-01, so the timestamp is valid. Score 0.0 (none): the penalties leave a raw total of -3.5, which is clamped to 0 before the 0.75 low specificity multiplier.","base_indicator_score = 0.0 (matched required indicators: none); optional_match_bonus = 1.5 = 3.0 x 0.5 (matched optional indicators: rfc8624_avoids_deprecated_algorithm); required_match_bonus = 0.0 (not awarded: 1 evaluable required indicator(s), the bonus needs at least 2); missing_required_penalty = 3.0 = 3.0 x 1 (required indicators evaluated but not matched: rfc8624_recommended_signing_algorithm); partial_match_penalty = 0.0 (not applied: no required indicator matched, so this is not a partial match); ambiguity_penalty = 2.0 (applied: matched indicators flagged ambiguous: rfc8624_avoids_deprecated_algorithm); raw = 0.0 + 0.0 + 1.5 - 3.0 - 0.0 - 2.0 = -3.5; specificity_multiplier = 0.75 (RFC 8624 specificity=low); final_score = max(0, -3.5) * 0.75 = 0.0; note: 1 indicator (rfc8624_validator_algorithm_support) could not be tested against the OpenINTEL corpus and was excluded from every term above, neither earning weight nor incurring a penalty"
trace_sig_0023_rfc8078,sig_0023,RFC 8078,Managing DS Records from the Parent via CDS/CDNSKEY,2021-12-25T08:22:57,2017-03-01T00:00:00,true,valid_match,very_high,17.25,0.0,rfc8078_cds_cdnskey_algorithm_zero; rfc8078_delete_signal_digest_zero,,,,,algorithm; digest_type; rr_type,4,0,,"RFC 8078 matched signal sig_0023: the required indicator rfc8078_cds_cdnskey_algorithm_zero passed because rr_type=CDS is in [CDS, CDNSKEY] and algorithm=0 equals the expected value 0. Corroborating indicators also matched: rfc8078_delete_signal_digest_zero. The observation on 2021-12-25T08:22:57 is 1760 days after RFC 8078's publication on 2017-03-01, so the timestamp is valid. Score 17.25 (very_high) = (10.0 required + 1.5 optional) x 1.5 very_high specificity.","base_indicator_score = 10.0 (matched required indicators: rfc8078_cds_cdnskey_algorithm_zero); optional_match_bonus = 1.5 = 3.0 x 0.5 (matched optional indicators: rfc8078_delete_signal_digest_zero); required_match_bonus = 0.0 (not awarded: 1 evaluable required indicator(s), the bonus needs at least 2); missing_required_penalty = 0.0 = 3.0 x 0 (required indicators evaluated but not matched: none); partial_match_penalty = 0.0 (not applied: every evaluable required indicator matched); ambiguity_penalty = 0.0 (not applied: no matched indicator is flagged ambiguous); raw = 10.0 + 0.0 + 1.5 - 0.0 - 0.0 - 0.0 = 11.5; specificity_multiplier = 1.5 (RFC 8078 specificity=very_high); final_score = max(0, 11.5) * 1.5 = 17.25"
trace_sig_0023_rfc7344,sig_0023,RFC 7344,Automating DNSSEC Delegation Trust Maintenance,2021-12-25T08:22:57,2014-09-01T00:00:00,true,valid_match,high,11.25,0.0,rfc7344_cds_cdnskey_present,rfc7344_cds_publishes_digest,,,,rr_type,2,1,,"RFC 7344 matched signal sig_0023: the required indicator rfc7344_cds_cdnskey_present passed because rr_type=CDS is in [CDS, CDNSKEY]. Indicator rfc7344_cds_publishes_digest did not match: digest_type=0 is not >= 1. The observation on 2021-12-25T08:22:57 is 2672 days after RFC 7344's publication on 2014-09-01, so the timestamp is valid. Score 11.25 (high) = (9.0 required) x 1.25 high specificity.","base_indicator_score = 9.0 (matched required indicators: rfc7344_cds_cdnskey_present); optional_match_bonus = 0.0 = 0.0 x 0.5 (matched optional indicators: none); required_match_bonus = 0.0 (not awarded: 1 evaluable required indicator(s), the bonus needs at least 2); missing_required_penalty = 0.0 = 3.0 x 0 (required indicators evaluated but not matched: none); partial_match_penalty = 0.0 (not applied: every evaluable required indicator matched); ambiguity_penalty = 0.0 (not applied: no matched indicator is flagged ambiguous); raw = 9.0 + 0.0 + 0.0 - 0.0 - 0.0 - 0.0 = 9.0; specificity_multiplier = 1.25 (RFC 7344 specificity=high); final_score = max(0, 9.0) * 1.25 = 11.25"
trace_sig_0023_rfc4033,sig_0023,RFC 4033,DNS Security Introduction and Requirements (DNSSEC base: RFC 4033/4034/4035),2021-12-25T08:22:57,2005-03-01T00:00:00,true,partial_match,none,0.0,0.0,rfc4033_dnssec_algorithm_present,rfc4033_base_dnssec_record_present; rfc4033_dnssec_ok_negotiated,,rfc4033_base_dnssec_record_present,dnssec_ok_flag,algorithm,1,3,"Indicator rfc4033_dnssec_ok_negotiated is only partially queryable: part of its signature depends on fields the corpus does not export, so it was evaluated on incomplete data.; Indicator rfc4033_dnssec_ok_negotiated was only partially evaluated: 1 condition(s) were tested and 1 could not be, because the observation carries no value for dnssec_ok_flag.; Fields absent from this observation: dnssec_ok_flag. Every condition over them failed by construction; absence is not evidence either way.; Partial matches are candidates, not adoption evidence: at least one required indicator of this RFC was not satisfied.","RFC 4033 partially matches signal sig_0023: the optional indicator rfc4033_dnssec_algorithm_present passed because algorithm is present (observed 0). The required indicator rfc4033_base_dnssec_record_present was not satisfied: rr_type=CDS is not in [DNSKEY, DS, RRSIG, NSEC]. The observation on 2021-12-25T08:22:57 is 6143 days after RFC 4033's publication on 2005-03-01, so the timestamp is valid. Score 0.0 (none): the penalties leave a raw total of -2.0, which is clamped to 0 before the 0.75 low specificity multiplier.","base_indicator_score = 0.0 (matched required indicators: none); optional_match_bonus = 1.0 = 2.0 x 0.5 (matched optional indicators: rfc4033_dnssec_algorithm_present); required_match_bonus = 0.0 (not awarded: 1 evaluable required indicator(s), the bonus needs at least 2); missing_required_penalty = 3.0 = 3.0 x 1 (required indicators evaluated but not matched: rfc4033_base_dnssec_record_present); partial_match_penalty = 0.0 (not applied: no required indicator matched, so this is not a partial match); ambiguity_penalty = 0.0 (not applied: no matched indicator is flagged ambiguous); raw = 0.0 + 0.0 + 1.0 - 3.0 - 0.0 - 0.0 = -2.0; specificity_multiplier = 0.75 (RFC 4033 specificity=low); final_score = max(0, -2.0) * 0.75 = 0.0"
trace_sig_0023_rfc4509,sig_0023,RFC 4509,Use of SHA-256 in DNSSEC Delegation Signer (DS) Resource Records,2021-12-25T08:22:57,2006-05-01T00:00:00,true,no_match,none,0.0,0.0,,rfc4509_ds_sha256_digest,,rfc4509_ds_sha256_digest,,,1,1,,"RFC 4509 does not explain signal sig_0023: the required indicator rfc4509_ds_sha256_digest failed because digest_type=0 does not equal the expected value 2. The observation on 2021-12-25T08:22:57 is 5717 days after RFC 4509's publication on 2006-05-01, so the timestamp is valid. Score 0.0 (none): no required indicator matched, so there is nothing to score.","base_indicator_score = 0.0 (matched required indicators: none); optional_match_bonus = 0.0 = 0.0 x 0.5 (matched optional indicators: none); required_match_bonus = 0.0 (not awarded: 1 evaluable required indicator(s), the bonus needs at least 2); missing_required_penalty = 3.0 = 3.0 x 1 (required indicators evaluated but not matched: rfc4509_ds_sha256_digest); partial_match_penalty = 0.0 (not applied: no required indicator matched, so this is not a partial match); ambiguity_penalty = 0.0 (not applied: no matched indicator is flagged ambiguous); raw = 0.0 + 0.0 + 0.0 - 3.0 - 0.0 - 0.0 = -3.0; specificity_multiplier = 1.25 (RFC 4509 specificity=high); final_score = max(0, -3.0) * 1.25 = 0.0"
trace_sig_0023_rfc5155,sig_0023,RFC 5155,DNS Security (DNSSEC) Hashed Authenticated Denial of Existence,2021-12-25T08:22:57,2008-03-01T00:00:00,true,no_match,none,0.0,0.0,,rfc5155_nsec3_hash_algorithm; rfc5155_nsec3_record_present,,rfc5155_nsec3_record_present,,,1,2,,"RFC 5155 does not explain signal sig_0023: the required indicator rfc5155_nsec3_record_present failed because rr_type=CDS is not in [NSEC3, NSEC3PARAM]. The observation on 2021-12-25T08:22:57 is 5047 days after RFC 5155's publication on 2008-03-01, so the timestamp is valid. Score 0.0 (none): no required indicator matched, so there is nothing to score.","base_indicator_score = 0.0 (matched required indicators: none); optional_match_bonus = 0.0 = 0.0 x 0.5 (matched optional indicators: none); required_match_bonus = 0.0 (not awarded: 1 evaluable required indicator(s), the bonus needs at least 2); missing_required_penalty = 3.0 = 3.0 x 1 (required indicators evaluated but not matched: rfc5155_nsec3_record_present); partial_match_penalty = 0.0 (not applied: no required indicator matched, so this is not a partial match); ambiguity_penalty = 0.0 (not applied: no matched indicator is flagged ambiguous); raw = 0.0 + 0.0 + 0.0 - 3.0 - 0.0 - 0.0 = -3.0; specificity_multiplier = 1.5 (RFC 5155 specificity=very_high); final_score = max(0, -3.0) * 1.5 = 0.0"
trace_sig_0023_rfc6605,sig_0023,RFC 6605,Elliptic Curve Digital Signature Algorithm (DSA) for DNSSEC,2021-12-25T08:22:57,2012-04-01T00:00:00,true,no_match,none,0.0,0.0,,rfc6605_ecdsa_algorithm; rfc6605_ecdsa_on_key_or_signature,,rfc6605_ecdsa_algorithm,,,1,2,,"RFC 6605 does not explain signal sig_0023: the required indicator rfc6605_ecdsa_algorithm failed because algorithm=0 is not in [13, 14]. The observation on 2021-12-25T08:22:57 is 3555 days after RFC 6605's publication on 2012-04-01, so the timestamp is valid. Score 0.0 (none): no required indicator matched, so there is nothing to score.","base_indicator_score = 0.0 (matched required indicators: none); optional_match_bonus = 0.0 = 0.0 x 0.5 (matched optional indicators: none); required_match_bonus = 0.0 (not awarded: 1 evaluable required indicator(s), the bonus needs at least 2); missing_required_penalty = 3.0 = 3.0 x 1 (required indicators evaluated but not matched: rfc6605_ecdsa_algorithm); partial_match_penalty = 0.0 (not applied: no required indicator matched, so this is not a partial match); ambiguity_penalty = 0.0 (not applied: no matched indicator is flagged ambiguous); raw = 0.0 + 0.0 + 0.0 - 3.0 - 0.0 - 0.0 = -3.0; specificity_multiplier = 1.25 (RFC 6605 specificity=high); final_score = max(0, -3.0) * 1.25 = 0.0"
trace_sig_0023_rfc8080,sig_0023,RFC 8080,Edwards-Curve Digital Security Algorithm (EdDSA) for DNSSEC,2021-12-25T08:22:57,2017-02-01T00:00:00,true,no_match,none,0.0,0.0,,rfc8080_eddsa_algorithm; rfc8080_eddsa_on_key_or_signature,,rfc8080_eddsa_algorithm,,,1,2,,"RFC 8080 does not explain signal sig_0023: the required indicator rfc8080_eddsa_algorithm failed because algorithm=0 is not in [15, 16]. The observation on 2021-12-25T08:22:57 is 1788 days after RFC 8080's publication on 2017-02-01, so the timestamp is valid. Score 0.0 (none): no required indicator matched, so there is nothing to score.","base_indicator_score = 0.0 (matched required indicators: none); optional_match_bonus = 0.0 = 0.0 x 0.5 (matched optional indicators: none); required_match_bonus = 0.0 (not awarded: 1 evaluable required indicator(s), the bonus needs at least 2); missing_required_penalty = 3.0 = 3.0 x 1 (required indicators evaluated but not matched: rfc8080_eddsa_algorithm); partial_match_penalty = 0.0 (not applied: no required indicator matched, so this is not a partial match); ambiguity_penalty = 0.0 (not applied: no matched indicator is flagged ambiguous); raw = 0.0 + 0.0 + 0.0 - 3.0 - 0.0 - 0.0 = -3.0; specificity_multiplier = 1.5 (RFC 8080 specificity=very_high); final_score = max(0, -3.0) * 1.5 = 0.0"
trace_sig_0023_rfc8624,sig_0023,RFC 8624,Algorithm Implementation Requirements and Usage Guidance for DNSSEC,2021-12-25T08:22:57,2019-06-01T00:00:00,true,partial_match,none,0.0,0.0,rfc8624_avoids_deprecated_algorithm,rfc8624_recommended_signing_algorithm,rfc8624_validator_algorithm_support,rfc8624_recommended_signing_algorithm,rr_type; validator_algorithm_support,algorithm,2,1,"Indicator rfc8624_avoids_deprecated_algorithm is flagged ambiguous: the observation it matched is equally consistent with other RFCs, so this result is an inference about policy rather than direct evidence.; Corpus availability: indicator rfc8624_validator_algorithm_support was never tested because rr_type, validator_algorithm_support are absent from the OpenINTEL dictionary. Its absence from the evidence is a measurement limitation, not a finding about the observation.; Partial matches are candidates, not adoption evidence: at least one required indicator of this RFC was not satisfied.","RFC 8624 partially matches signal sig_0023: the optional indicator rfc8624_avoids_deprecated_algorithm passed because algorithm is present (observed 0) and algorithm=0 differs from 1 as required. The required indicator rfc8624_recommended_signing_algorithm was not satisfied: algorithm=0 is not in [13, 15]. The observation on 2021-12-25T08:22:57 is 938 days after RFC 8624's publication on 2019-06-01, so the timestamp is valid. Score 0.0 (none): the penalties leave a raw total of -3.5, which is clamped to 0 before the 0.75 low specificity multiplier.","base_indicator_score = 0.0 (matched required indicators: none); optional_match_bonus = 1.5 = 3.0 x 0.5 (matched optional indicators: rfc8624_avoids_deprecated_algorithm); required_match_bonus = 0.0 (not awarded: 1 evaluable required indicator(s), the bonus needs at least 2); missing_required_penalty = 3.0 = 3.0 x 1 (required indicators evaluated but not matched: rfc8624_recommended_signing_algorithm); partial_match_penalty = 0.0 (not applied: no required indicator matched, so this is not a partial match); ambiguity_penalty = 2.0 (applied: matched indicators flagged ambiguous: rfc8624_avoids_deprecated_algorithm); raw = 0.0 + 0.0 + 1.5 - 3.0 - 0.0 - 2.0 = -3.5; specificity_multiplier = 0.75 (RFC 8624 specificity=low); final_score = max(0, -3.5) * 0.75 = 0.0; note: 1 indicator (rfc8624_validator_algorithm_support) could not be tested against the OpenINTEL corpus and was excluded from every term above, neither earning weight nor incurring a penalty"
trace_sig_0024_rfc6605,sig_0024,RFC 6605,Elliptic Curve Digital Signature Algorithm (DSA) for DNSSEC,2023-01-12T03:03:26,2012-04-01T00:00:00,true,valid_match,very_high,13.125,0.0,rfc6605_ecdsa_algorithm; rfc6605_ecdsa_on_key_or_signature,,,,,algorithm; rr_type,3,0,,"RFC 6605 matched signal sig_0024: the required indicator rfc6605_ecdsa_algorithm passed because algorithm=13 is in [13, 14]. Corroborating indicators also matched: rfc6605_ecdsa_on_key_or_signature. The observation on 2023-01-12T03:03:26 is 3938 days after RFC 6605's publication on 2012-04-01, so the timestamp is valid. Score 13.125 (very_high) = (9.0 required + 1.5 optional) x 1.25 high specificity.","base_indicator_score = 9.0 (matched required indicators: rfc6605_ecdsa_algorithm); optional_match_bonus = 1.5 = 3.0 x 0.5 (matched optional indicators: rfc6605_ecdsa_on_key_or_signature); required_match_bonus = 0.0 (not awarded: 1 evaluable required indicator(s), the bonus needs at least 2); missing_required_penalty = 0.0 = 3.0 x 0 (required indicators evaluated but not matched: none); partial_match_penalty = 0.0 (not applied: every evaluable required indicator matched); ambiguity_penalty = 0.0 (not applied: no matched indicator is flagged ambiguous); raw = 9.0 + 0.0 + 1.5 - 0.0 - 0.0 - 0.0 = 10.5; specificity_multiplier = 1.25 (RFC 6605 specificity=high); final_score = max(0, 10.5) * 1.25 = 13.125"
trace_sig_0024_rfc4033,sig_0024,RFC 4033,DNS Security Introduction and Requirements (DNSSEC base: RFC 4033/4034/4035),2023-01-12T03:03:26,2005-03-01T00:00:00,true,valid_match,low,3.75,0.0,rfc4033_base_dnssec_record_present; rfc4033_dnssec_algorithm_present,rfc4033_dnssec_ok_negotiated,,,dnssec_ok_flag,algorithm; rr_type,3,1,"Indicator rfc4033_dnssec_ok_negotiated is only partially queryable: part of its signature depends on fields the corpus does not export, so it was evaluated on incomplete data.; Indicator rfc4033_dnssec_ok_negotiated was only partially evaluated: 1 condition(s) were tested and 1 could not be, because the observation carries no value for dnssec_ok_flag.; Fields absent from this observation: dnssec_ok_flag. Every condition over them failed by construction; absence is not evidence either way.","RFC 4033 matched signal sig_0024: the required indicator rfc4033_base_dnssec_record_present passed because rr_type=DS is in [DNSKEY, DS, RRSIG, NSEC]. Corroborating indicators also matched: rfc4033_dnssec_algorithm_present. Indicator rfc4033_dnssec_ok_negotiated did not match: field 'dnssec_ok_flag' is absent from this observation, so the condition 'dnssec_ok_flag must equal true' could not be satisfied (absence is not evidence). The observation on 2023-01-12T03:03:26 is 6526 days after RFC 4033's publication on 2005-03-01, so the timestamp is valid. Score 3.75 (low) = (4.0 required + 1.0 optional) x 0.75 low specificity.","base_indicator_score = 4.0 (matched required indicators: rfc4033_base_dnssec_record_present); optional_match_bonus = 1.0 = 2.0 x 0.5 (matched optional indicators: rfc4033_dnssec_algorithm_present); required_match_bonus = 0.0 (not awarded: 1 evaluable required indicator(s), the bonus needs at least 2); missing_required_penalty = 0.0 = 3.0 x 0 (required indicators evaluated but not matched: none); partial_match_penalty = 0.0 (not applied: every evaluable required indicator matched); ambiguity_penalty = 0.0 (not applied: no matched indicator is flagged ambiguous); raw = 4.0 + 0.0 + 1.0 - 0.0 - 0.0 - 0.0 = 5.0; specificity_multiplier = 0.75 (RFC 4033 specificity=low); final_score = max(0, 5.0) * 0.75 = 3.75"
trace_sig_0024_rfc8624,sig_0024,RFC 8624,Algorithm Implementation Requirements and Usage Guidance for DNSSEC,2023-01-12T03:03:26,2019-06-01T00:00:00,true,ambiguous,low,3.375,0.0,rfc8624_avoids_deprecated_algorithm; rfc8624_recommended_signing_algorithm,,rfc8624_validator_algorithm_support,,rr_type; validator_algorithm_support,algorithm,3,0,"Indicator rfc8624_recommended_signing_algorithm is flagged ambiguous: the observation it matched is equally consistent with other RFCs, so this result is an inference about policy rather than direct evidence.; Indicator rfc8624_avoids_deprecated_algorithm is flagged ambiguous: the observation it matched is equally consistent with other RFCs, so this result is an inference about policy rather than direct evidence.; Corpus availability: indicator rfc8624_validator_algorithm_support was never tested because rr_type, validator_algorithm_support are absent from the OpenINTEL dictionary. Its absence from the evidence is a measurement limitation, not a finding about the observation.","RFC 8624 is an ambiguous match for signal sig_0024: the required indicator rfc8624_recommended_signing_algorithm passed because algorithm=13 is in [13, 15]. Corroborating indicators also matched: rfc8624_avoids_deprecated_algorithm. The checklist flags rfc8624_avoids_deprecated_algorithm, rfc8624_recommended_signing_algorithm ambiguous: the same observation is equally explained by other RFCs, so the match is penalized and sent to the review queue rather than reported as adoption. The observation on 2023-01-12T03:03:26 is 1321 days after RFC 8624's publication on 2019-06-01, so the timestamp is valid. Score 3.375 (low) = (5.0 required + 1.5 optional - 2.0 ambiguity penalty) x 0.75 low specificity.","base_indicator_score = 5.0 (matched required indicators: rfc8624_recommended_signing_algorithm); optional_match_bonus = 1.5 = 3.0 x 0.5 (matched optional indicators: rfc8624_avoids_deprecated_algorithm); required_match_bonus = 0.0 (not awarded: 1 evaluable required indicator(s), the bonus needs at least 2); missing_required_penalty = 0.0 = 3.0 x 0 (required indicators evaluated but not matched: none); partial_match_penalty = 0.0 (not applied: every evaluable required indicator matched); ambiguity_penalty = 2.0 (applied: matched indicators flagged ambiguous: rfc8624_avoids_deprecated_algorithm, rfc8624_recommended_signing_algorithm); raw = 5.0 + 0.0 + 1.5 - 0.0 - 0.0 - 2.0 = 4.5; specificity_multiplier = 0.75 (RFC 8624 specificity=low); final_score = max(0, 4.5) * 0.75 = 3.375; note: 1 indicator (rfc8624_validator_algorithm_support) could not be tested against the OpenINTEL corpus and was excluded from every term above, neither earning weight nor incurring a penalty"
trace_sig_0024_rfc4509,sig_0024,RFC 4509,Use of SHA-256 in DNSSEC Delegation Signer (DS) Resource Records,2023-01-12T03:03:26,2006-05-01T00:00:00,true,no_match,none,0.0,0.0,,rfc4509_ds_sha256_digest,,rfc4509_ds_sha256_digest,,,1,1,,"RFC 4509 does not explain signal sig_0024: the required indicator rfc4509_ds_sha256_digest failed because digest_type=4 does not equal the expected value 2. The observation on 2023-01-12T03:03:26 is 6100 days after RFC 4509's publication on 2006-05-01, so the timestamp is valid. Score 0.0 (none): no required indicator matched, so there is nothing to score.","base_indicator_score = 0.0 (matched required indicators: none); optional_match_bonus = 0.0 = 0.0 x 0.5 (matched optional indicators: none); required_match_bonus = 0.0 (not awarded: 1 evaluable required indicator(s), the bonus needs at least 2); missing_required_penalty = 3.0 = 3.0 x 1 (required indicators evaluated but not matched: rfc4509_ds_sha256_digest); partial_match_penalty = 0.0 (not applied: no required indicator matched, so this is not a partial match); ambiguity_penalty = 0.0 (not applied: no matched indicator is flagged ambiguous); raw = 0.0 + 0.0 + 0.0 - 3.0 - 0.0 - 0.0 = -3.0; specificity_multiplier = 1.25 (RFC 4509 specificity=high); final_score = max(0, -3.0) * 1.25 = 0.0"
trace_sig_0024_rfc5155,sig_0024,RFC 5155,DNS Security (DNSSEC) Hashed Authenticated Denial of Existence,2023-01-12T03:03:26,2008-03-01T00:00:00,true,no_match,none,0.0,0.0,,rfc5155_nsec3_hash_algorithm; rfc5155_nsec3_record_present,,rfc5155_nsec3_record_present,,,1,2,,"RFC 5155 does not explain signal sig_0024: the required indicator rfc5155_nsec3_record_present failed because rr_type=DS is not in [NSEC3, NSEC3PARAM]. The observation on 2023-01-12T03:03:26 is 5430 days after RFC 5155's publication on 2008-03-01, so the timestamp is valid. Score 0.0 (none): no required indicator matched, so there is nothing to score.","base_indicator_score = 0.0 (matched required indicators: none); optional_match_bonus = 0.0 = 0.0 x 0.5 (matched optional indicators: none); required_match_bonus = 0.0 (not awarded: 1 evaluable required indicator(s), the bonus needs at least 2); missing_required_penalty = 3.0 = 3.0 x 1 (required indicators evaluated but not matched: rfc5155_nsec3_record_present); partial_match_penalty = 0.0 (not applied: no required indicator matched, so this is not a partial match); ambiguity_penalty = 0.0 (not applied: no matched indicator is flagged ambiguous); raw = 0.0 + 0.0 + 0.0 - 3.0 - 0.0 - 0.0 = -3.0; specificity_multiplier = 1.5 (RFC 5155 specificity=very_high); final_score = max(0, -3.0) * 1.5 = 0.0"
trace_sig_0024_rfc7344,sig_0024,RFC 7344,Automating DNSSEC Delegation Trust Maintenance,2023-01-12T03:03:26,2014-09-01T00:00:00,true,no_match,none,0.0,0.0,,rfc7344_cds_cdnskey_present; rfc7344_cds_publishes_digest,,rfc7344_cds_cdnskey_present,,,1,2,,"RFC 7344 does not explain signal sig_0024: the required indicator rfc7344_cds_cdnskey_present failed because rr_type=DS is not in [CDS, CDNSKEY]. The observation on 2023-01-12T03:03:26 is 3055 days after RFC 7344's publication on 2014-09-01, so the timestamp is valid. Score 0.0 (none): no required indicator matched, so there is nothing to score.","base_indicator_score = 0.0 (matched required indicators: none); optional_match_bonus = 0.0 = 0.0 x 0.5 (matched optional indicators: none); required_match_bonus = 0.0 (not awarded: 1 evaluable required indicator(s), the bonus needs at least 2); missing_required_penalty = 3.0 = 3.0 x 1 (required indicators evaluated but not matched: rfc7344_cds_cdnskey_present); partial_match_penalty = 0.0 (not applied: no required indicator matched, so this is not a partial match); ambiguity_penalty = 0.0 (not applied: no matched indicator is flagged ambiguous); raw = 0.0 + 0.0 + 0.0 - 3.0 - 0.0 - 0.0 = -3.0; specificity_multiplier = 1.25 (RFC 7344 specificity=high); final_score = max(0, -3.0) * 1.25 = 0.0"
trace_sig_0024_rfc8078,sig_0024,RFC 8078,Managing DS Records from the Parent via CDS/CDNSKEY,2023-01-12T03:03:26,2017-03-01T00:00:00,true,no_match,none,0.0,0.0,,rfc8078_cds_cdnskey_algorithm_zero; rfc8078_delete_signal_digest_zero,,rfc8078_cds_cdnskey_algorithm_zero,,,0,4,,"RFC 8078 does not explain signal sig_0024: the required indicator rfc8078_cds_cdnskey_algorithm_zero failed because rr_type=DS is not in [CDS, CDNSKEY]. The observation on 2023-01-12T03:03:26 is 2143 days after RFC 8078's publication on 2017-03-01, so the timestamp is valid. Score 0.0 (none): no required indicator matched, so there is nothing to score.","base_indicator_score = 0.0 (matched required indicators: none); optional_match_bonus = 0.0 = 0.0 x 0.5 (matched optional indicators: none); required_match_bonus = 0.0 (not awarded: 1 evaluable required indicator(s), the bonus needs at least 2); missing_required_penalty = 3.0 = 3.0 x 1 (required indicators evaluated but not matched: rfc8078_cds_cdnskey_algorithm_zero); partial_match_penalty = 0.0 (not applied: no required indicator matched, so this is not a partial match); ambiguity_penalty = 0.0 (not applied: no matched indicator is flagged ambiguous); raw = 0.0 + 0.0 + 0.0 - 3.0 - 0.0 - 0.0 = -3.0; specificity_multiplier = 1.5 (RFC 8078 specificity=very_high); final_score = max(0, -3.0) * 1.5 = 0.0"
trace_sig_0024_rfc8080,sig_0024,RFC 8080,Edwards-Curve Digital Security Algorithm (EdDSA) for DNSSEC,2023-01-12T03:03:26,2017-02-01T00:00:00,true,no_match,none,0.0,0.0,,rfc8080_eddsa_algorithm; rfc8080_eddsa_on_key_or_signature,,rfc8080_eddsa_algorithm,,,1,2,,"RFC 8080 does not explain signal sig_0024: the required indicator rfc8080_eddsa_algorithm failed because algorithm=13 is not in [15, 16]. The observation on 2023-01-12T03:03:26 is 2171 days after RFC 8080's publication on 2017-02-01, so the timestamp is valid. Score 0.0 (none): no required indicator matched, so there is nothing to score.","base_indicator_score = 0.0 (matched required indicators: none); optional_match_bonus = 0.0 = 0.0 x 0.5 (matched optional indicators: none); required_match_bonus = 0.0 (not awarded: 1 evaluable required indicator(s), the bonus needs at least 2); missing_required_penalty = 3.0 = 3.0 x 1 (required indicators evaluated but not matched: rfc8080_eddsa_algorithm); partial_match_penalty = 0.0 (not applied: no required indicator matched, so this is not a partial match); ambiguity_penalty = 0.0 (not applied: no matched indicator is flagged ambiguous); raw = 0.0 + 0.0 + 0.0 - 3.0 - 0.0 - 0.0 = -3.0; specificity_multiplier = 1.5 (RFC 8080 specificity=very_high); final_score = max(0, -3.0) * 1.5 = 0.0"
trace_sig_0025_rfc6605,sig_0025,RFC 6605,Elliptic Curve Digital Signature Algorithm (DSA) for DNSSEC,2024-01-27T00:41:53,2012-04-01T00:00:00,true,valid_match,very_high,13.125,0.0,rfc6605_ecdsa_algorithm; rfc6605_ecdsa_on_key_or_signature,,,,,algorithm; rr_type,3,0,,"RFC 6605 matched signal sig_0025: the required indicator rfc6605_ecdsa_algorithm passed because algorithm=13 is in [13, 14]. Corroborating indicators also matched: rfc6605_ecdsa_on_key_or_signature. The observation on 2024-01-27T00:41:53 is 4318 days after RFC 6605's publication on 2012-04-01, so the timestamp is valid. Score 13.125 (very_high) = (9.0 required + 1.5 optional) x 1.25 high specificity.","base_indicator_score = 9.0 (matched required indicators: rfc6605_ecdsa_algorithm); optional_match_bonus = 1.5 = 3.0 x 0.5 (matched optional indicators: rfc6605_ecdsa_on_key_or_signature); required_match_bonus = 0.0 (not awarded: 1 evaluable required indicator(s), the bonus needs at least 2); missing_required_penalty = 0.0 = 3.0 x 0 (required indicators evaluated but not matched: none); partial_match_penalty = 0.0 (not applied: every evaluable required indicator matched); ambiguity_penalty = 0.0 (not applied: no matched indicator is flagged ambiguous); raw = 9.0 + 0.0 + 1.5 - 0.0 - 0.0 - 0.0 = 10.5; specificity_multiplier = 1.25 (RFC 6605 specificity=high); final_score = max(0, 10.5) * 1.25 = 13.125"
trace_sig_0025_rfc4033,sig_0025,RFC 4033,DNS Security Introduction and Requirements (DNSSEC base: RFC 4033/4034/4035),2024-01-27T00:41:53,2005-03-01T00:00:00,true,valid_match,low,3.75,0.0,rfc4033_base_dnssec_record_present; rfc4033_dnssec_algorithm_present,rfc4033_dnssec_ok_negotiated,,,dnssec_ok_flag,algorithm; rr_type,3,1,"Indicator rfc4033_dnssec_ok_negotiated is only partially queryable: part of its signature depends on fields the corpus does not export, so it was evaluated on incomplete data.; Indicator rfc4033_dnssec_ok_negotiated was only partially evaluated: 1 condition(s) were tested and 1 could not be, because the observation carries no value for dnssec_ok_flag.; Fields absent from this observation: dnssec_ok_flag. Every condition over them failed by construction; absence is not evidence either way.","RFC 4033 matched signal sig_0025: the required indicator rfc4033_base_dnssec_record_present passed because rr_type=DNSKEY is in [DNSKEY, DS, RRSIG, NSEC]. Corroborating indicators also matched: rfc4033_dnssec_algorithm_present. Indicator rfc4033_dnssec_ok_negotiated did not match: field 'dnssec_ok_flag' is absent from this observation, so the condition 'dnssec_ok_flag must equal true' could not be satisfied (absence is not evidence). The observation on 2024-01-27T00:41:53 is 6906 days after RFC 4033's publication on 2005-03-01, so the timestamp is valid. Score 3.75 (low) = (4.0 required + 1.0 optional) x 0.75 low specificity.","base_indicator_score = 4.0 (matched required indicators: rfc4033_base_dnssec_record_present); optional_match_bonus = 1.0 = 2.0 x 0.5 (matched optional indicators: rfc4033_dnssec_algorithm_present); required_match_bonus = 0.0 (not awarded: 1 evaluable required indicator(s), the bonus needs at least 2); missing_required_penalty = 0.0 = 3.0 x 0 (required indicators evaluated but not matched: none); partial_match_penalty = 0.0 (not applied: every evaluable required indicator matched); ambiguity_penalty = 0.0 (not applied: no matched indicator is flagged ambiguous); raw = 4.0 + 0.0 + 1.0 - 0.0 - 0.0 - 0.0 = 5.0; specificity_multiplier = 0.75 (RFC 4033 specificity=low); final_score = max(0, 5.0) * 0.75 = 3.75"
trace_sig_0025_rfc8624,sig_0025,RFC 8624,Algorithm Implementation Requirements and Usage Guidance for DNSSEC,2024-01-27T00:41:53,2019-06-01T00:00:00,true,ambiguous,low,3.375,0.0,rfc8624_avoids_deprecated_algorithm; rfc8624_recommended_signing_algorithm,,rfc8624_validator_algorithm_support,,rr_type; validator_algorithm_support,algorithm,3,0,"Indicator rfc8624_recommended_signing_algorithm is flagged ambiguous: the observation it matched is equally consistent with other RFCs, so this result is an inference about policy rather than direct evidence.; Indicator rfc8624_avoids_deprecated_algorithm is flagged ambiguous: the observation it matched is equally consistent with other RFCs, so this result is an inference about policy rather than direct evidence.; Corpus availability: indicator rfc8624_validator_algorithm_support was never tested because rr_type, validator_algorithm_support are absent from the OpenINTEL dictionary. Its absence from the evidence is a measurement limitation, not a finding about the observation.","RFC 8624 is an ambiguous match for signal sig_0025: the required indicator rfc8624_recommended_signing_algorithm passed because algorithm=13 is in [13, 15]. Corroborating indicators also matched: rfc8624_avoids_deprecated_algorithm. The checklist flags rfc8624_avoids_deprecated_algorithm, rfc8624_recommended_signing_algorithm ambiguous: the same observation is equally explained by other RFCs, so the match is penalized and sent to the review queue rather than reported as adoption. The observation on 2024-01-27T00:41:53 is 1701 days after RFC 8624's publication on 2019-06-01, so the timestamp is valid. Score 3.375 (low) = (5.0 required + 1.5 optional - 2.0 ambiguity penalty) x 0.75 low specificity.","base_indicator_score = 5.0 (matched required indicators: rfc8624_recommended_signing_algorithm); optional_match_bonus = 1.5 = 3.0 x 0.5 (matched optional indicators: rfc8624_avoids_deprecated_algorithm); required_match_bonus = 0.0 (not awarded: 1 evaluable required indicator(s), the bonus needs at least 2); missing_required_penalty = 0.0 = 3.0 x 0 (required indicators evaluated but not matched: none); partial_match_penalty = 0.0 (not applied: every evaluable required indicator matched); ambiguity_penalty = 2.0 (applied: matched indicators flagged ambiguous: rfc8624_avoids_deprecated_algorithm, rfc8624_recommended_signing_algorithm); raw = 5.0 + 0.0 + 1.5 - 0.0 - 0.0 - 2.0 = 4.5; specificity_multiplier = 0.75 (RFC 8624 specificity=low); final_score = max(0, 4.5) * 0.75 = 3.375; note: 1 indicator (rfc8624_validator_algorithm_support) could not be tested against the OpenINTEL corpus and was excluded from every term above, neither earning weight nor incurring a penalty"
trace_sig_0025_rfc4509,sig_0025,RFC 4509,Use of SHA-256 in DNSSEC Delegation Signer (DS) Resource Records,2024-01-27T00:41:53,2006-05-01T00:00:00,true,no_match,none,0.0,0.0,,rfc4509_ds_sha256_digest,,rfc4509_ds_sha256_digest,digest_type,,0,2,"Indicator rfc4509_ds_sha256_digest was only partially evaluated: 1 condition(s) were tested and 1 could not be, because the observation carries no value for digest_type.; Fields absent from this observation: digest_type. Every condition over them failed by construction; absence is not evidence either way.","RFC 4509 does not explain signal sig_0025: the required indicator rfc4509_ds_sha256_digest failed because rr_type=DNSKEY is not in [DS, CDS]. The observation on 2024-01-27T00:41:53 is 6480 days after RFC 4509's publication on 2006-05-01, so the timestamp is valid. Score 0.0 (none): no required indicator matched, so there is nothing to score.","base_indicator_score = 0.0 (matched required indicators: none); optional_match_bonus = 0.0 = 0.0 x 0.5 (matched optional indicators: none); required_match_bonus = 0.0 (not awarded: 1 evaluable required indicator(s), the bonus needs at least 2); missing_required_penalty = 3.0 = 3.0 x 1 (required indicators evaluated but not matched: rfc4509_ds_sha256_digest); partial_match_penalty = 0.0 (not applied: no required indicator matched, so this is not a partial match); ambiguity_penalty = 0.0 (not applied: no matched indicator is flagged ambiguous); raw = 0.0 + 0.0 + 0.0 - 3.0 - 0.0 - 0.0 = -3.0; specificity_multiplier = 1.25 (RFC 4509 specificity=high); final_score = max(0, -3.0) * 1.25 = 0.0"
trace_sig_0025_rfc5155,sig_0025,RFC 5155,DNS Security (DNSSEC) Hashed Authenticated Denial of Existence,2024-01-27T00:41:53,2008-03-01T00:00:00,true,no_match,none,0.0,0.0,,rfc5155_nsec3_hash_algorithm; rfc5155_nsec3_record_present,,rfc5155_nsec3_record_present,,,1,2,,"RFC 5155 does not explain signal sig_0025: the required indicator rfc5155_nsec3_record_present failed because rr_type=DNSKEY is not in [NSEC3, NSEC3PARAM]. The observation on 2024-01-27T00:41:53 is 5810 days after RFC 5155's publication on 2008-03-01, so the timestamp is valid. Score 0.0 (none): no required indicator matched, so there is nothing to score.","base_indicator_score = 0.0 (matched required indicators: none); optional_match_bonus = 0.0 = 0.0 x 0.5 (matched optional indicators: none); required_match_bonus = 0.0 (not awarded: 1 evaluable required indicator(s), the bonus needs at least 2); missing_required_penalty = 3.0 = 3.0 x 1 (required indicators evaluated but not matched: rfc5155_nsec3_record_present); partial_match_penalty = 0.0 (not applied: no required indicator matched, so this is not a partial match); ambiguity_penalty = 0.0 (not applied: no matched indicator is flagged ambiguous); raw = 0.0 + 0.0 + 0.0 - 3.0 - 0.0 - 0.0 = -3.0; specificity_multiplier = 1.5 (RFC 5155 specificity=very_high); final_score = max(0, -3.0) * 1.5 = 0.0"
trace_sig_0025_rfc7344,sig_0025,RFC 7344,Automating DNSSEC Delegation Trust Maintenance,2024-01-27T00:41:53,2014-09-01T00:00:00,true,no_match,none,0.0,0.0,,rfc7344_cds_cdnskey_present; rfc7344_cds_publishes_digest,,rfc7344_cds_cdnskey_present,digest_type,,0,3,"Indicator rfc7344_cds_publishes_digest was only partially evaluated: 1 condition(s) were tested and 1 could not be, because the observation carries no value for digest_type.; Fields absent from this observation: digest_type. Every condition over them failed by construction; absence is not evidence either way.","RFC 7344 does not explain signal sig_0025: the required indicator rfc7344_cds_cdnskey_present failed because rr_type=DNSKEY is not in [CDS, CDNSKEY]. The observation on 2024-01-27T00:41:53 is 3435 days after RFC 7344's publication on 2014-09-01, so the timestamp is valid. Score 0.0 (none): no required indicator matched, so there is nothing to score.","base_indicator_score = 0.0 (matched required indicators: none); optional_match_bonus = 0.0 = 0.0 x 0.5 (matched optional indicators: none); required_match_bonus = 0.0 (not awarded: 1 evaluable required indicator(s), the bonus needs at least 2); missing_required_penalty = 3.0 = 3.0 x 1 (required indicators evaluated but not matched: rfc7344_cds_cdnskey_present); partial_match_penalty = 0.0 (not applied: no required indicator matched, so this is not a partial match); ambiguity_penalty = 0.0 (not applied: no matched indicator is flagged ambiguous); raw = 0.0 + 0.0 + 0.0 - 3.0 - 0.0 - 0.0 = -3.0; specificity_multiplier = 1.25 (RFC 7344 specificity=high); final_score = max(0, -3.0) * 1.25 = 0.0"
trace_sig_0025_rfc8078,sig_0025,RFC 8078,Managing DS Records from the Parent via CDS/CDNSKEY,2024-01-27T00:41:53,2017-03-01T00:00:00,true,no_match,none,0.0,0.0,,rfc8078_cds_cdnskey_algorithm_zero; rfc8078_delete_signal_digest_zero,,rfc8078_cds_cdnskey_algorithm_zero,digest_type,,0,4,"Indicator rfc8078_delete_signal_digest_zero was only partially evaluated: 1 condition(s) were tested and 1 could not be, because the observation carries no value for digest_type.; Fields absent from this observation: digest_type. Every condition over them failed by construction; absence is not evidence either way.","RFC 8078 does not explain signal sig_0025: the required indicator rfc8078_cds_cdnskey_algorithm_zero failed because rr_type=DNSKEY is not in [CDS, CDNSKEY]. The observation on 2024-01-27T00:41:53 is 2523 days after RFC 8078's publication on 2017-03-01, so the timestamp is valid. Score 0.0 (none): no required indicator matched, so there is nothing to score.","base_indicator_score = 0.0 (matched required indicators: none); optional_match_bonus = 0.0 = 0.0 x 0.5 (matched optional indicators: none); required_match_bonus = 0.0 (not awarded: 1 evaluable required indicator(s), the bonus needs at least 2); missing_required_penalty = 3.0 = 3.0 x 1 (required indicators evaluated but not matched: rfc8078_cds_cdnskey_algorithm_zero); partial_match_penalty = 0.0 (not applied: no required indicator matched, so this is not a partial match); ambiguity_penalty = 0.0 (not applied: no matched indicator is flagged ambiguous); raw = 0.0 + 0.0 + 0.0 - 3.0 - 0.0 - 0.0 = -3.0; specificity_multiplier = 1.5 (RFC 8078 specificity=very_high); final_score = max(0, -3.0) * 1.5 = 0.0"
trace_sig_0025_rfc8080,sig_0025,RFC 8080,Edwards-Curve Digital Security Algorithm (EdDSA) for DNSSEC,2024-01-27T00:41:53,2017-02-01T00:00:00,true,no_match,none,0.0,0.0,,rfc8080_eddsa_algorithm; rfc8080_eddsa_on_key_or_signature,,rfc8080_eddsa_algorithm,,,1,2,,"RFC 8080 does not explain signal sig_0025: the required indicator rfc8080_eddsa_algorithm failed because algorithm=13 is not in [15, 16]. The observation on 2024-01-27T00:41:53 is 2551 days after RFC 8080's publication on 2017-02-01, so the timestamp is valid. Score 0.0 (none): no required indicator matched, so there is nothing to score.","base_indicator_score = 0.0 (matched required indicators: none); optional_match_bonus = 0.0 = 0.0 x 0.5 (matched optional indicators: none); required_match_bonus = 0.0 (not awarded: 1 evaluable required indicator(s), the bonus needs at least 2); missing_required_penalty = 3.0 = 3.0 x 1 (required indicators evaluated but not matched: rfc8080_eddsa_algorithm); partial_match_penalty = 0.0 (not applied: no required indicator matched, so this is not a partial match); ambiguity_penalty = 0.0 (not applied: no matched indicator is flagged ambiguous); raw = 0.0 + 0.0 + 0.0 - 3.0 - 0.0 - 0.0 = -3.0; specificity_multiplier = 1.5 (RFC 8080 specificity=very_high); final_score = max(0, -3.0) * 1.5 = 0.0"
trace_sig_0026_rfc6605,sig_0026,RFC 6605,Elliptic Curve Digital Signature Algorithm (DSA) for DNSSEC,2024-01-27T02:55:55,2012-04-01T00:00:00,true,valid_match,very_high,13.125,0.0,rfc6605_ecdsa_algorithm; rfc6605_ecdsa_on_key_or_signature,,,,,algorithm; rr_type,3,0,,"RFC 6605 matched signal sig_0026: the required indicator rfc6605_ecdsa_algorithm passed because algorithm=13 is in [13, 14]. Corroborating indicators also matched: rfc6605_ecdsa_on_key_or_signature. The observation on 2024-01-27T02:55:55 is 4318 days after RFC 6605's publication on 2012-04-01, so the timestamp is valid. Score 13.125 (very_high) = (9.0 required + 1.5 optional) x 1.25 high specificity.","base_indicator_score = 9.0 (matched required indicators: rfc6605_ecdsa_algorithm); optional_match_bonus = 1.5 = 3.0 x 0.5 (matched optional indicators: rfc6605_ecdsa_on_key_or_signature); required_match_bonus = 0.0 (not awarded: 1 evaluable required indicator(s), the bonus needs at least 2); missing_required_penalty = 0.0 = 3.0 x 0 (required indicators evaluated but not matched: none); partial_match_penalty = 0.0 (not applied: every evaluable required indicator matched); ambiguity_penalty = 0.0 (not applied: no matched indicator is flagged ambiguous); raw = 9.0 + 0.0 + 1.5 - 0.0 - 0.0 - 0.0 = 10.5; specificity_multiplier = 1.25 (RFC 6605 specificity=high); final_score = max(0, 10.5) * 1.25 = 13.125"
trace_sig_0026_rfc7344,sig_0026,RFC 7344,Automating DNSSEC Delegation Trust Maintenance,2024-01-27T02:55:55,2014-09-01T00:00:00,true,valid_match,high,11.25,0.0,rfc7344_cds_cdnskey_present,rfc7344_cds_publishes_digest,,,digest_type,rr_type,1,2,"Indicator rfc7344_cds_publishes_digest was only partially evaluated: 1 condition(s) were tested and 1 could not be, because the observation carries no value for digest_type.; Fields absent from this observation: digest_type. Every condition over them failed by construction; absence is not evidence either way.","RFC 7344 matched signal sig_0026: the required indicator rfc7344_cds_cdnskey_present passed because rr_type=CDNSKEY is in [CDS, CDNSKEY]. Indicator rfc7344_cds_publishes_digest did not match: rr_type=CDNSKEY does not equal the expected value CDS. The observation on 2024-01-27T02:55:55 is 3435 days after RFC 7344's publication on 2014-09-01, so the timestamp is valid. Score 11.25 (high) = (9.0 required) x 1.25 high specificity.","base_indicator_score = 9.0 (matched required indicators: rfc7344_cds_cdnskey_present); optional_match_bonus = 0.0 = 0.0 x 0.5 (matched optional indicators: none); required_match_bonus = 0.0 (not awarded: 1 evaluable required indicator(s), the bonus needs at least 2); missing_required_penalty = 0.0 = 3.0 x 0 (required indicators evaluated but not matched: none); partial_match_penalty = 0.0 (not applied: every evaluable required indicator matched); ambiguity_penalty = 0.0 (not applied: no matched indicator is flagged ambiguous); raw = 9.0 + 0.0 + 0.0 - 0.0 - 0.0 - 0.0 = 9.0; specificity_multiplier = 1.25 (RFC 7344 specificity=high); final_score = max(0, 9.0) * 1.25 = 11.25"
trace_sig_0026_rfc8624,sig_0026,RFC 8624,Algorithm Implementation Requirements and Usage Guidance for DNSSEC,2024-01-27T02:55:55,2019-06-01T00:00:00,true,ambiguous,low,3.375,0.0,rfc8624_avoids_deprecated_algorithm; rfc8624_recommended_signing_algorithm,,rfc8624_validator_algorithm_support,,rr_type; validator_algorithm_support,algorithm,3,0,"Indicator rfc8624_recommended_signing_algorithm is flagged ambiguous: the observation it matched is equally consistent with other RFCs, so this result is an inference about policy rather than direct evidence.; Indicator rfc8624_avoids_deprecated_algorithm is flagged ambiguous: the observation it matched is equally consistent with other RFCs, so this result is an inference about policy rather than direct evidence.; Corpus availability: indicator rfc8624_validator_algorithm_support was never tested because rr_type, validator_algorithm_support are absent from the OpenINTEL dictionary. Its absence from the evidence is a measurement limitation, not a finding about the observation.","RFC 8624 is an ambiguous match for signal sig_0026: the required indicator rfc8624_recommended_signing_algorithm passed because algorithm=13 is in [13, 15]. Corroborating indicators also matched: rfc8624_avoids_deprecated_algorithm. The checklist flags rfc8624_avoids_deprecated_algorithm, rfc8624_recommended_signing_algorithm ambiguous: the same observation is equally explained by other RFCs, so the match is penalized and sent to the review queue rather than reported as adoption. The observation on 2024-01-27T02:55:55 is 1701 days after RFC 8624's publication on 2019-06-01, so the timestamp is valid. Score 3.375 (low) = (5.0 required + 1.5 optional - 2.0 ambiguity penalty) x 0.75 low specificity.","base_indicator_score = 5.0 (matched required indicators: rfc8624_recommended_signing_algorithm); optional_match_bonus = 1.5 = 3.0 x 0.5 (matched optional indicators: rfc8624_avoids_deprecated_algorithm); required_match_bonus = 0.0 (not awarded: 1 evaluable required indicator(s), the bonus needs at least 2); missing_required_penalty = 0.0 = 3.0 x 0 (required indicators evaluated but not matched: none); partial_match_penalty = 0.0 (not applied: every evaluable required indicator matched); ambiguity_penalty = 2.0 (applied: matched indicators flagged ambiguous: rfc8624_avoids_deprecated_algorithm, rfc8624_recommended_signing_algorithm); raw = 5.0 + 0.0 + 1.5 - 0.0 - 0.0 - 2.0 = 4.5; specificity_multiplier = 0.75 (RFC 8624 specificity=low); final_score = max(0, 4.5) * 0.75 = 3.375; note: 1 indicator (rfc8624_validator_algorithm_support) could not be tested against the OpenINTEL corpus and was excluded from every term above, neither earning weight nor incurring a penalty"
trace_sig_0026_rfc4033,sig_0026,RFC 4033,DNS Security Introduction and Requirements (DNSSEC base: RFC 4033/4034/4035),2024-01-27T02:55:55,2005-03-01T00:00:00,true,partial_match,none,0.0,0.0,rfc4033_dnssec_algorithm_present,rfc4033_base_dnssec_record_present; rfc4033_dnssec_ok_negotiated,,rfc4033_base_dnssec_record_present,dnssec_ok_flag,algorithm,1,3,"Indicator rfc4033_dnssec_ok_negotiated is only partially queryable: part of its signature depends on fields the corpus does not export, so it was evaluated on incomplete data.; Indicator rfc4033_dnssec_ok_negotiated was only partially evaluated: 1 condition(s) were tested and 1 could not be, because the observation carries no value for dnssec_ok_flag.; Fields absent from this observation: dnssec_ok_flag. Every condition over them failed by construction; absence is not evidence either way.; Partial matches are candidates, not adoption evidence: at least one required indicator of this RFC was not satisfied.","RFC 4033 partially matches signal sig_0026: the optional indicator rfc4033_dnssec_algorithm_present passed because algorithm is present (observed 13). The required indicator rfc4033_base_dnssec_record_present was not satisfied: rr_type=CDNSKEY is not in [DNSKEY, DS, RRSIG, NSEC]. The observation on 2024-01-27T02:55:55 is 6906 days after RFC 4033's publication on 2005-03-01, so the timestamp is valid. Score 0.0 (none): the penalties leave a raw total of -2.0, which is clamped to 0 before the 0.75 low specificity multiplier.","base_indicator_score = 0.0 (matched required indicators: none); optional_match_bonus = 1.0 = 2.0 x 0.5 (matched optional indicators: rfc4033_dnssec_algorithm_present); required_match_bonus = 0.0 (not awarded: 1 evaluable required indicator(s), the bonus needs at least 2); missing_required_penalty = 3.0 = 3.0 x 1 (required indicators evaluated but not matched: rfc4033_base_dnssec_record_present); partial_match_penalty = 0.0 (not applied: no required indicator matched, so this is not a partial match); ambiguity_penalty = 0.0 (not applied: no matched indicator is flagged ambiguous); raw = 0.0 + 0.0 + 1.0 - 3.0 - 0.0 - 0.0 = -2.0; specificity_multiplier = 0.75 (RFC 4033 specificity=low); final_score = max(0, -2.0) * 0.75 = 0.0"
trace_sig_0026_rfc4509,sig_0026,RFC 4509,Use of SHA-256 in DNSSEC Delegation Signer (DS) Resource Records,2024-01-27T02:55:55,2006-05-01T00:00:00,true,no_match,none,0.0,0.0,,rfc4509_ds_sha256_digest,,rfc4509_ds_sha256_digest,digest_type,,0,2,"Indicator rfc4509_ds_sha256_digest was only partially evaluated: 1 condition(s) were tested and 1 could not be, because the observation carries no value for digest_type.; Fields absent from this observation: digest_type. Every condition over them failed by construction; absence is not evidence either way.","RFC 4509 does not explain signal sig_0026: the required indicator rfc4509_ds_sha256_digest failed because rr_type=CDNSKEY is not in [DS, CDS]. The observation on 2024-01-27T02:55:55 is 6480 days after RFC 4509's publication on 2006-05-01, so the timestamp is valid. Score 0.0 (none): no required indicator matched, so there is nothing to score.","base_indicator_score = 0.0 (matched required indicators: none); optional_match_bonus = 0.0 = 0.0 x 0.5 (matched optional indicators: none); required_match_bonus = 0.0 (not awarded: 1 evaluable required indicator(s), the bonus needs at least 2); missing_required_penalty = 3.0 = 3.0 x 1 (required indicators evaluated but not matched: rfc4509_ds_sha256_digest); partial_match_penalty = 0.0 (not applied: no required indicator matched, so this is not a partial match); ambiguity_penalty = 0.0 (not applied: no matched indicator is flagged ambiguous); raw = 0.0 + 0.0 + 0.0 - 3.0 - 0.0 - 0.0 = -3.0; specificity_multiplier = 1.25 (RFC 4509 specificity=high); final_score = max(0, -3.0) * 1.25 = 0.0"
trace_sig_0026_rfc5155,sig_0026,RFC 5155,DNS Security (DNSSEC) Hashed Authenticated Denial of Existence,2024-01-27T02:55:55,2008-03-01T00:00:00,true,no_match,none,0.0,0.0,,rfc5155_nsec3_hash_algorithm; rfc5155_nsec3_record_present,,rfc5155_nsec3_record_present,,,1,2,,"RFC 5155 does not explain signal sig_0026: the required indicator rfc5155_nsec3_record_present failed because rr_type=CDNSKEY is not in [NSEC3, NSEC3PARAM]. The observation on 2024-01-27T02:55:55 is 5810 days after RFC 5155's publication on 2008-03-01, so the timestamp is valid. Score 0.0 (none): no required indicator matched, so there is nothing to score.","base_indicator_score = 0.0 (matched required indicators: none); optional_match_bonus = 0.0 = 0.0 x 0.5 (matched optional indicators: none); required_match_bonus = 0.0 (not awarded: 1 evaluable required indicator(s), the bonus needs at least 2); missing_required_penalty = 3.0 = 3.0 x 1 (required indicators evaluated but not matched: rfc5155_nsec3_record_present); partial_match_penalty = 0.0 (not applied: no required indicator matched, so this is not a partial match); ambiguity_penalty = 0.0 (not applied: no matched indicator is flagged ambiguous); raw = 0.0 + 0.0 + 0.0 - 3.0 - 0.0 - 0.0 = -3.0; specificity_multiplier = 1.5 (RFC 5155 specificity=very_high); final_score = max(0, -3.0) * 1.5 = 0.0"
trace_sig_0026_rfc8078,sig_0026,RFC 8078,Managing DS Records from the Parent via CDS/CDNSKEY,2024-01-27T02:55:55,2017-03-01T00:00:00,true,no_match,none,0.0,0.0,,rfc8078_cds_cdnskey_algorithm_zero; rfc8078_delete_signal_digest_zero,,rfc8078_cds_cdnskey_algorithm_zero,digest_type,,2,2,"Indicator rfc8078_delete_signal_digest_zero was only partially evaluated: 1 condition(s) were tested and 1 could not be, because the observation carries no value for digest_type.; Fields absent from this observation: digest_type. Every condition over them failed by construction; absence is not evidence either way.","RFC 8078 does not explain signal sig_0026: the required indicator rfc8078_cds_cdnskey_algorithm_zero failed because algorithm=13 does not equal the expected value 0. The observation on 2024-01-27T02:55:55 is 2523 days after RFC 8078's publication on 2017-03-01, so the timestamp is valid. Score 0.0 (none): no required indicator matched, so there is nothing to score.","base_indicator_score = 0.0 (matched required indicators: none); optional_match_bonus = 0.0 = 0.0 x 0.5 (matched optional indicators: none); required_match_bonus = 0.0 (not awarded: 1 evaluable required indicator(s), the bonus needs at least 2); missing_required_penalty = 3.0 = 3.0 x 1 (required indicators evaluated but not matched: rfc8078_cds_cdnskey_algorithm_zero); partial_match_penalty = 0.0 (not applied: no required indicator matched, so this is not a partial match); ambiguity_penalty = 0.0 (not applied: no matched indicator is flagged ambiguous); raw = 0.0 + 0.0 + 0.0 - 3.0 - 0.0 - 0.0 = -3.0; specificity_multiplier = 1.5 (RFC 8078 specificity=very_high); final_score = max(0, -3.0) * 1.5 = 0.0"
trace_sig_0026_rfc8080,sig_0026,RFC 8080,Edwards-Curve Digital Security Algorithm (EdDSA) for DNSSEC,2024-01-27T02:55:55,2017-02-01T00:00:00,true,no_match,none,0.0,0.0,,rfc8080_eddsa_algorithm; rfc8080_eddsa_on_key_or_signature,,rfc8080_eddsa_algorithm,,,1,2,,"RFC 8080 does not explain signal sig_0026: the required indicator rfc8080_eddsa_algorithm failed because algorithm=13 is not in [15, 16]. The observation on 2024-01-27T02:55:55 is 2551 days after RFC 8080's publication on 2017-02-01, so the timestamp is valid. Score 0.0 (none): no required indicator matched, so there is nothing to score.","base_indicator_score = 0.0 (matched required indicators: none); optional_match_bonus = 0.0 = 0.0 x 0.5 (matched optional indicators: none); required_match_bonus = 0.0 (not awarded: 1 evaluable required indicator(s), the bonus needs at least 2); missing_required_penalty = 3.0 = 3.0 x 1 (required indicators evaluated but not matched: rfc8080_eddsa_algorithm); partial_match_penalty = 0.0 (not applied: no required indicator matched, so this is not a partial match); ambiguity_penalty = 0.0 (not applied: no matched indicator is flagged ambiguous); raw = 0.0 + 0.0 + 0.0 - 3.0 - 0.0 - 0.0 = -3.0; specificity_multiplier = 1.5 (RFC 8080 specificity=very_high); final_score = max(0, -3.0) * 1.5 = 0.0"
trace_sig_0027_rfc6605,sig_0027,RFC 6605,Elliptic Curve Digital Signature Algorithm (DSA) for DNSSEC,2024-07-22T07:07:07,2012-04-01T00:00:00,true,valid_match,very_high,13.125,0.0,rfc6605_ecdsa_algorithm; rfc6605_ecdsa_on_key_or_signature,,,,,algorithm; rr_type,3,0,,"RFC 6605 matched signal sig_0027: the required indicator rfc6605_ecdsa_algorithm passed because algorithm=13 is in [13, 14]. Corroborating indicators also matched: rfc6605_ecdsa_on_key_or_signature. The observation on 2024-07-22T07:07:07 is 4495 days after RFC 6605's publication on 2012-04-01, so the timestamp is valid. Score 13.125 (very_high) = (9.0 required + 1.5 optional) x 1.25 high specificity.","base_indicator_score = 9.0 (matched required indicators: rfc6605_ecdsa_algorithm); optional_match_bonus = 1.5 = 3.0 x 0.5 (matched optional indicators: rfc6605_ecdsa_on_key_or_signature); required_match_bonus = 0.0 (not awarded: 1 evaluable required indicator(s), the bonus needs at least 2); missing_required_penalty = 0.0 = 3.0 x 0 (required indicators evaluated but not matched: none); partial_match_penalty = 0.0 (not applied: every evaluable required indicator matched); ambiguity_penalty = 0.0 (not applied: no matched indicator is flagged ambiguous); raw = 9.0 + 0.0 + 1.5 - 0.0 - 0.0 - 0.0 = 10.5; specificity_multiplier = 1.25 (RFC 6605 specificity=high); final_score = max(0, 10.5) * 1.25 = 13.125"
trace_sig_0027_rfc7344,sig_0027,RFC 7344,Automating DNSSEC Delegation Trust Maintenance,2024-07-22T07:07:07,2014-09-01T00:00:00,true,valid_match,very_high,13.125,0.0,rfc7344_cds_cdnskey_present; rfc7344_cds_publishes_digest,,,,,digest_type; rr_type,3,0,,"RFC 7344 matched signal sig_0027: the required indicator rfc7344_cds_cdnskey_present passed because rr_type=CDS is in [CDS, CDNSKEY]. Corroborating indicators also matched: rfc7344_cds_publishes_digest. The observation on 2024-07-22T07:07:07 is 3612 days after RFC 7344's publication on 2014-09-01, so the timestamp is valid. Score 13.125 (very_high) = (9.0 required + 1.5 optional) x 1.25 high specificity.","base_indicator_score = 9.0 (matched required indicators: rfc7344_cds_cdnskey_present); optional_match_bonus = 1.5 = 3.0 x 0.5 (matched optional indicators: rfc7344_cds_publishes_digest); required_match_bonus = 0.0 (not awarded: 1 evaluable required indicator(s), the bonus needs at least 2); missing_required_penalty = 0.0 = 3.0 x 0 (required indicators evaluated but not matched: none); partial_match_penalty = 0.0 (not applied: every evaluable required indicator matched); ambiguity_penalty = 0.0 (not applied: no matched indicator is flagged ambiguous); raw = 9.0 + 0.0 + 1.5 - 0.0 - 0.0 - 0.0 = 10.5; specificity_multiplier = 1.25 (RFC 7344 specificity=high); final_score = max(0, 10.5) * 1.25 = 13.125"
trace_sig_0027_rfc4509,sig_0027,RFC 4509,Use of SHA-256 in DNSSEC Delegation Signer (DS) Resource Records,2024-07-22T07:07:07,2006-05-01T00:00:00,true,valid_match,high,11.25,0.0,rfc4509_ds_sha256_digest,,,,,digest_type; rr_type,2,0,,"RFC 4509 matched signal sig_0027: the required indicator rfc4509_ds_sha256_digest passed because rr_type=CDS is in [DS, CDS] and digest_type=2 equals the expected value 2. The observation on 2024-07-22T07:07:07 is 6657 days after RFC 4509's publication on 2006-05-01, so the timestamp is valid. Score 11.25 (high) = (9.0 required) x 1.25 high specificity.","base_indicator_score = 9.0 (matched required indicators: rfc4509_ds_sha256_digest); optional_match_bonus = 0.0 = 0.0 x 0.5 (matched optional indicators: none); required_match_bonus = 0.0 (not awarded: 1 evaluable required indicator(s), the bonus needs at least 2); missing_required_penalty = 0.0 = 3.0 x 0 (required indicators evaluated but not matched: none); partial_match_penalty = 0.0 (not applied: every evaluable required indicator matched); ambiguity_penalty = 0.0 (not applied: no matched indicator is flagged ambiguous); raw = 9.0 + 0.0 + 0.0 - 0.0 - 0.0 - 0.0 = 9.0; specificity_multiplier = 1.25 (RFC 4509 specificity=high); final_score = max(0, 9.0) * 1.25 = 11.25"
trace_sig_0027_rfc8624,sig_0027,RFC 8624,Algorithm Implementation Requirements and Usage Guidance for DNSSEC,2024-07-22T07:07:07,2019-06-01T00:00:00,true,ambiguous,low,3.375,0.0,rfc8624_avoids_deprecated_algorithm; rfc8624_recommended_signing_algorithm,,rfc8624_validator_algorithm_support,,rr_type; validator_algorithm_support,algorithm,3,0,"Indicator rfc8624_recommended_signing_algorithm is flagged ambiguous: the observation it matched is equally consistent with other RFCs, so this result is an inference about policy rather than direct evidence.; Indicator rfc8624_avoids_deprecated_algorithm is flagged ambiguous: the observation it matched is equally consistent with other RFCs, so this result is an inference about policy rather than direct evidence.; Corpus availability: indicator rfc8624_validator_algorithm_support was never tested because rr_type, validator_algorithm_support are absent from the OpenINTEL dictionary. Its absence from the evidence is a measurement limitation, not a finding about the observation.","RFC 8624 is an ambiguous match for signal sig_0027: the required indicator rfc8624_recommended_signing_algorithm passed because algorithm=13 is in [13, 15]. Corroborating indicators also matched: rfc8624_avoids_deprecated_algorithm. The checklist flags rfc8624_avoids_deprecated_algorithm, rfc8624_recommended_signing_algorithm ambiguous: the same observation is equally explained by other RFCs, so the match is penalized and sent to the review queue rather than reported as adoption. The observation on 2024-07-22T07:07:07 is 1878 days after RFC 8624's publication on 2019-06-01, so the timestamp is valid. Score 3.375 (low) = (5.0 required + 1.5 optional - 2.0 ambiguity penalty) x 0.75 low specificity.","base_indicator_score = 5.0 (matched required indicators: rfc8624_recommended_signing_algorithm); optional_match_bonus = 1.5 = 3.0 x 0.5 (matched optional indicators: rfc8624_avoids_deprecated_algorithm); required_match_bonus = 0.0 (not awarded: 1 evaluable required indicator(s), the bonus needs at least 2); missing_required_penalty = 0.0 = 3.0 x 0 (required indicators evaluated but not matched: none); partial_match_penalty = 0.0 (not applied: every evaluable required indicator matched); ambiguity_penalty = 2.0 (applied: matched indicators flagged ambiguous: rfc8624_avoids_deprecated_algorithm, rfc8624_recommended_signing_algorithm); raw = 5.0 + 0.0 + 1.5 - 0.0 - 0.0 - 2.0 = 4.5; specificity_multiplier = 0.75 (RFC 8624 specificity=low); final_score = max(0, 4.5) * 0.75 = 3.375; note: 1 indicator (rfc8624_validator_algorithm_support) could not be tested against the OpenINTEL corpus and was excluded from every term above, neither earning weight nor incurring a penalty"
trace_sig_0027_rfc4033,sig_0027,RFC 4033,DNS Security Introduction and Requirements (DNSSEC base: RFC 4033/4034/4035),2024-07-22T07:07:07,2005-03-01T00:00:00,true,partial_match,none,0.0,0.0,rfc4033_dnssec_algorithm_present,rfc4033_base_dnssec_record_present; rfc4033_dnssec_ok_negotiated,,rfc4033_base_dnssec_record_present,dnssec_ok_flag,algorithm,1,3,"Indicator rfc4033_dnssec_ok_negotiated is only partially queryable: part of its signature depends on fields the corpus does not export, so it was evaluated on incomplete data.; Indicator rfc4033_dnssec_ok_negotiated was only partially evaluated: 1 condition(s) were tested and 1 could not be, because the observation carries no value for dnssec_ok_flag.; Fields absent from this observation: dnssec_ok_flag. Every condition over them failed by construction; absence is not evidence either way.; Partial matches are candidates, not adoption evidence: at least one required indicator of this RFC was not satisfied.","RFC 4033 partially matches signal sig_0027: the optional indicator rfc4033_dnssec_algorithm_present passed because algorithm is present (observed 13). The required indicator rfc4033_base_dnssec_record_present was not satisfied: rr_type=CDS is not in [DNSKEY, DS, RRSIG, NSEC]. The observation on 2024-07-22T07:07:07 is 7083 days after RFC 4033's publication on 2005-03-01, so the timestamp is valid. Score 0.0 (none): the penalties leave a raw total of -2.0, which is clamped to 0 before the 0.75 low specificity multiplier.","base_indicator_score = 0.0 (matched required indicators: none); optional_match_bonus = 1.0 = 2.0 x 0.5 (matched optional indicators: rfc4033_dnssec_algorithm_present); required_match_bonus = 0.0 (not awarded: 1 evaluable required indicator(s), the bonus needs at least 2); missing_required_penalty = 3.0 = 3.0 x 1 (required indicators evaluated but not matched: rfc4033_base_dnssec_record_present); partial_match_penalty = 0.0 (not applied: no required indicator matched, so this is not a partial match); ambiguity_penalty = 0.0 (not applied: no matched indicator is flagged ambiguous); raw = 0.0 + 0.0 + 1.0 - 3.0 - 0.0 - 0.0 = -2.0; specificity_multiplier = 0.75 (RFC 4033 specificity=low); final_score = max(0, -2.0) * 0.75 = 0.0"
trace_sig_0027_rfc5155,sig_0027,RFC 5155,DNS Security (DNSSEC) Hashed Authenticated Denial of Existence,2024-07-22T07:07:07,2008-03-01T00:00:00,true,no_match,none,0.0,0.0,,rfc5155_nsec3_hash_algorithm; rfc5155_nsec3_record_present,,rfc5155_nsec3_record_present,,,1,2,,"RFC 5155 does not explain signal sig_0027: the required indicator rfc5155_nsec3_record_present failed because rr_type=CDS is not in [NSEC3, NSEC3PARAM]. The observation on 2024-07-22T07:07:07 is 5987 days after RFC 5155's publication on 2008-03-01, so the timestamp is valid. Score 0.0 (none): no required indicator matched, so there is nothing to score.","base_indicator_score = 0.0 (matched required indicators: none); optional_match_bonus = 0.0 = 0.0 x 0.5 (matched optional indicators: none); required_match_bonus = 0.0 (not awarded: 1 evaluable required indicator(s), the bonus needs at least 2); missing_required_penalty = 3.0 = 3.0 x 1 (required indicators evaluated but not matched: rfc5155_nsec3_record_present); partial_match_penalty = 0.0 (not applied: no required indicator matched, so this is not a partial match); ambiguity_penalty = 0.0 (not applied: no matched indicator is flagged ambiguous); raw = 0.0 + 0.0 + 0.0 - 3.0 - 0.0 - 0.0 = -3.0; specificity_multiplier = 1.5 (RFC 5155 specificity=very_high); final_score = max(0, -3.0) * 1.5 = 0.0"
trace_sig_0027_rfc8078,sig_0027,RFC 8078,Managing DS Records from the Parent via CDS/CDNSKEY,2024-07-22T07:07:07,2017-03-01T00:00:00,true,no_match,none,0.0,0.0,,rfc8078_cds_cdnskey_algorithm_zero; rfc8078_delete_signal_digest_zero,,rfc8078_cds_cdnskey_algorithm_zero,,,2,2,,"RFC 8078 does not explain signal sig_0027: the required indicator rfc8078_cds_cdnskey_algorithm_zero failed because algorithm=13 does not equal the expected value 0. The observation on 2024-07-22T07:07:07 is 2700 days after RFC 8078's publication on 2017-03-01, so the timestamp is valid. Score 0.0 (none): no required indicator matched, so there is nothing to score.","base_indicator_score = 0.0 (matched required indicators: none); optional_match_bonus = 0.0 = 0.0 x 0.5 (matched optional indicators: none); required_match_bonus = 0.0 (not awarded: 1 evaluable required indicator(s), the bonus needs at least 2); missing_required_penalty = 3.0 = 3.0 x 1 (required indicators evaluated but not matched: rfc8078_cds_cdnskey_algorithm_zero); partial_match_penalty = 0.0 (not applied: no required indicator matched, so this is not a partial match); ambiguity_penalty = 0.0 (not applied: no matched indicator is flagged ambiguous); raw = 0.0 + 0.0 + 0.0 - 3.0 - 0.0 - 0.0 = -3.0; specificity_multiplier = 1.5 (RFC 8078 specificity=very_high); final_score = max(0, -3.0) * 1.5 = 0.0"
trace_sig_0027_rfc8080,sig_0027,RFC 8080,Edwards-Curve Digital Security Algorithm (EdDSA) for DNSSEC,2024-07-22T07:07:07,2017-02-01T00:00:00,true,no_match,none,0.0,0.0,,rfc8080_eddsa_algorithm; rfc8080_eddsa_on_key_or_signature,,rfc8080_eddsa_algorithm,,,1,2,,"RFC 8080 does not explain signal sig_0027: the required indicator rfc8080_eddsa_algorithm failed because algorithm=13 is not in [15, 16]. The observation on 2024-07-22T07:07:07 is 2728 days after RFC 8080's publication on 2017-02-01, so the timestamp is valid. Score 0.0 (none): no required indicator matched, so there is nothing to score.","base_indicator_score = 0.0 (matched required indicators: none); optional_match_bonus = 0.0 = 0.0 x 0.5 (matched optional indicators: none); required_match_bonus = 0.0 (not awarded: 1 evaluable required indicator(s), the bonus needs at least 2); missing_required_penalty = 3.0 = 3.0 x 1 (required indicators evaluated but not matched: rfc8080_eddsa_algorithm); partial_match_penalty = 0.0 (not applied: no required indicator matched, so this is not a partial match); ambiguity_penalty = 0.0 (not applied: no matched indicator is flagged ambiguous); raw = 0.0 + 0.0 + 0.0 - 3.0 - 0.0 - 0.0 = -3.0; specificity_multiplier = 1.5 (RFC 8080 specificity=very_high); final_score = max(0, -3.0) * 1.5 = 0.0"
trace_sig_0028_rfc6605,sig_0028,RFC 6605,Elliptic Curve Digital Signature Algorithm (DSA) for DNSSEC,2024-11-06T00:59:29,2012-04-01T00:00:00,true,valid_match,very_high,13.125,0.0,rfc6605_ecdsa_algorithm; rfc6605_ecdsa_on_key_or_signature,,,,,algorithm; rr_type,3,0,,"RFC 6605 matched signal sig_0028: the required indicator rfc6605_ecdsa_algorithm passed because algorithm=13 is in [13, 14]. Corroborating indicators also matched: rfc6605_ecdsa_on_key_or_signature. The observation on 2024-11-06T00:59:29 is 4602 days after RFC 6605's publication on 2012-04-01, so the timestamp is valid. Score 13.125 (very_high) = (9.0 required + 1.5 optional) x 1.25 high specificity.","base_indicator_score = 9.0 (matched required indicators: rfc6605_ecdsa_algorithm); optional_match_bonus = 1.5 = 3.0 x 0.5 (matched optional indicators: rfc6605_ecdsa_on_key_or_signature); required_match_bonus = 0.0 (not awarded: 1 evaluable required indicator(s), the bonus needs at least 2); missing_required_penalty = 0.0 = 3.0 x 0 (required indicators evaluated but not matched: none); partial_match_penalty = 0.0 (not applied: every evaluable required indicator matched); ambiguity_penalty = 0.0 (not applied: no matched indicator is flagged ambiguous); raw = 9.0 + 0.0 + 1.5 - 0.0 - 0.0 - 0.0 = 10.5; specificity_multiplier = 1.25 (RFC 6605 specificity=high); final_score = max(0, 10.5) * 1.25 = 13.125"
trace_sig_0028_rfc7344,sig_0028,RFC 7344,Automating DNSSEC Delegation Trust Maintenance,2024-11-06T00:59:29,2014-09-01T00:00:00,true,valid_match,high,11.25,0.0,rfc7344_cds_cdnskey_present,rfc7344_cds_publishes_digest,,,digest_type,rr_type,1,2,"Indicator rfc7344_cds_publishes_digest was only partially evaluated: 1 condition(s) were tested and 1 could not be, because the observation carries no value for digest_type.; Fields absent from this observation: digest_type. Every condition over them failed by construction; absence is not evidence either way.","RFC 7344 matched signal sig_0028: the required indicator rfc7344_cds_cdnskey_present passed because rr_type=CDNSKEY is in [CDS, CDNSKEY]. Indicator rfc7344_cds_publishes_digest did not match: rr_type=CDNSKEY does not equal the expected value CDS. The observation on 2024-11-06T00:59:29 is 3719 days after RFC 7344's publication on 2014-09-01, so the timestamp is valid. Score 11.25 (high) = (9.0 required) x 1.25 high specificity.","base_indicator_score = 9.0 (matched required indicators: rfc7344_cds_cdnskey_present); optional_match_bonus = 0.0 = 0.0 x 0.5 (matched optional indicators: none); required_match_bonus = 0.0 (not awarded: 1 evaluable required indicator(s), the bonus needs at least 2); missing_required_penalty = 0.0 = 3.0 x 0 (required indicators evaluated but not matched: none); partial_match_penalty = 0.0 (not applied: every evaluable required indicator matched); ambiguity_penalty = 0.0 (not applied: no matched indicator is flagged ambiguous); raw = 9.0 + 0.0 + 0.0 - 0.0 - 0.0 - 0.0 = 9.0; specificity_multiplier = 1.25 (RFC 7344 specificity=high); final_score = max(0, 9.0) * 1.25 = 11.25"
trace_sig_0028_rfc8624,sig_0028,RFC 8624,Algorithm Implementation Requirements and Usage Guidance for DNSSEC,2024-11-06T00:59:29,2019-06-01T00:00:00,true,ambiguous,low,3.375,0.0,rfc8624_avoids_deprecated_algorithm; rfc8624_recommended_signing_algorithm,,rfc8624_validator_algorithm_support,,rr_type; validator_algorithm_support,algorithm,3,0,"Indicator rfc8624_recommended_signing_algorithm is flagged ambiguous: the observation it matched is equally consistent with other RFCs, so this result is an inference about policy rather than direct evidence.; Indicator rfc8624_avoids_deprecated_algorithm is flagged ambiguous: the observation it matched is equally consistent with other RFCs, so this result is an inference about policy rather than direct evidence.; Corpus availability: indicator rfc8624_validator_algorithm_support was never tested because rr_type, validator_algorithm_support are absent from the OpenINTEL dictionary. Its absence from the evidence is a measurement limitation, not a finding about the observation.","RFC 8624 is an ambiguous match for signal sig_0028: the required indicator rfc8624_recommended_signing_algorithm passed because algorithm=13 is in [13, 15]. Corroborating indicators also matched: rfc8624_avoids_deprecated_algorithm. The checklist flags rfc8624_avoids_deprecated_algorithm, rfc8624_recommended_signing_algorithm ambiguous: the same observation is equally explained by other RFCs, so the match is penalized and sent to the review queue rather than reported as adoption. The observation on 2024-11-06T00:59:29 is 1985 days after RFC 8624's publication on 2019-06-01, so the timestamp is valid. Score 3.375 (low) = (5.0 required + 1.5 optional - 2.0 ambiguity penalty) x 0.75 low specificity.","base_indicator_score = 5.0 (matched required indicators: rfc8624_recommended_signing_algorithm); optional_match_bonus = 1.5 = 3.0 x 0.5 (matched optional indicators: rfc8624_avoids_deprecated_algorithm); required_match_bonus = 0.0 (not awarded: 1 evaluable required indicator(s), the bonus needs at least 2); missing_required_penalty = 0.0 = 3.0 x 0 (required indicators evaluated but not matched: none); partial_match_penalty = 0.0 (not applied: every evaluable required indicator matched); ambiguity_penalty = 2.0 (applied: matched indicators flagged ambiguous: rfc8624_avoids_deprecated_algorithm, rfc8624_recommended_signing_algorithm); raw = 5.0 + 0.0 + 1.5 - 0.0 - 0.0 - 2.0 = 4.5; specificity_multiplier = 0.75 (RFC 8624 specificity=low); final_score = max(0, 4.5) * 0.75 = 3.375; note: 1 indicator (rfc8624_validator_algorithm_support) could not be tested against the OpenINTEL corpus and was excluded from every term above, neither earning weight nor incurring a penalty"
trace_sig_0028_rfc4033,sig_0028,RFC 4033,DNS Security Introduction and Requirements (DNSSEC base: RFC 4033/4034/4035),2024-11-06T00:59:29,2005-03-01T00:00:00,true,partial_match,none,0.0,0.0,rfc4033_dnssec_algorithm_present,rfc4033_base_dnssec_record_present; rfc4033_dnssec_ok_negotiated,,rfc4033_base_dnssec_record_present,dnssec_ok_flag,algorithm,1,3,"Indicator rfc4033_dnssec_ok_negotiated is only partially queryable: part of its signature depends on fields the corpus does not export, so it was evaluated on incomplete data.; Indicator rfc4033_dnssec_ok_negotiated was only partially evaluated: 1 condition(s) were tested and 1 could not be, because the observation carries no value for dnssec_ok_flag.; Fields absent from this observation: dnssec_ok_flag. Every condition over them failed by construction; absence is not evidence either way.; Partial matches are candidates, not adoption evidence: at least one required indicator of this RFC was not satisfied.","RFC 4033 partially matches signal sig_0028: the optional indicator rfc4033_dnssec_algorithm_present passed because algorithm is present (observed 13). The required indicator rfc4033_base_dnssec_record_present was not satisfied: rr_type=CDNSKEY is not in [DNSKEY, DS, RRSIG, NSEC]. The observation on 2024-11-06T00:59:29 is 7190 days after RFC 4033's publication on 2005-03-01, so the timestamp is valid. Score 0.0 (none): the penalties leave a raw total of -2.0, which is clamped to 0 before the 0.75 low specificity multiplier.","base_indicator_score = 0.0 (matched required indicators: none); optional_match_bonus = 1.0 = 2.0 x 0.5 (matched optional indicators: rfc4033_dnssec_algorithm_present); required_match_bonus = 0.0 (not awarded: 1 evaluable required indicator(s), the bonus needs at least 2); missing_required_penalty = 3.0 = 3.0 x 1 (required indicators evaluated but not matched: rfc4033_base_dnssec_record_present); partial_match_penalty = 0.0 (not applied: no required indicator matched, so this is not a partial match); ambiguity_penalty = 0.0 (not applied: no matched indicator is flagged ambiguous); raw = 0.0 + 0.0 + 1.0 - 3.0 - 0.0 - 0.0 = -2.0; specificity_multiplier = 0.75 (RFC 4033 specificity=low); final_score = max(0, -2.0) * 0.75 = 0.0"
trace_sig_0028_rfc4509,sig_0028,RFC 4509,Use of SHA-256 in DNSSEC Delegation Signer (DS) Resource Records,2024-11-06T00:59:29,2006-05-01T00:00:00,true,no_match,none,0.0,0.0,,rfc4509_ds_sha256_digest,,rfc4509_ds_sha256_digest,digest_type,,0,2,"Indicator rfc4509_ds_sha256_digest was only partially evaluated: 1 condition(s) were tested and 1 could not be, because the observation carries no value for digest_type.; Fields absent from this observation: digest_type. Every condition over them failed by construction; absence is not evidence either way.","RFC 4509 does not explain signal sig_0028: the required indicator rfc4509_ds_sha256_digest failed because rr_type=CDNSKEY is not in [DS, CDS]. The observation on 2024-11-06T00:59:29 is 6764 days after RFC 4509's publication on 2006-05-01, so the timestamp is valid. Score 0.0 (none): no required indicator matched, so there is nothing to score.","base_indicator_score = 0.0 (matched required indicators: none); optional_match_bonus = 0.0 = 0.0 x 0.5 (matched optional indicators: none); required_match_bonus = 0.0 (not awarded: 1 evaluable required indicator(s), the bonus needs at least 2); missing_required_penalty = 3.0 = 3.0 x 1 (required indicators evaluated but not matched: rfc4509_ds_sha256_digest); partial_match_penalty = 0.0 (not applied: no required indicator matched, so this is not a partial match); ambiguity_penalty = 0.0 (not applied: no matched indicator is flagged ambiguous); raw = 0.0 + 0.0 + 0.0 - 3.0 - 0.0 - 0.0 = -3.0; specificity_multiplier = 1.25 (RFC 4509 specificity=high); final_score = max(0, -3.0) * 1.25 = 0.0"
trace_sig_0028_rfc5155,sig_0028,RFC 5155,DNS Security (DNSSEC) Hashed Authenticated Denial of Existence,2024-11-06T00:59:29,2008-03-01T00:00:00,true,no_match,none,0.0,0.0,,rfc5155_nsec3_hash_algorithm; rfc5155_nsec3_record_present,,rfc5155_nsec3_record_present,,,1,2,,"RFC 5155 does not explain signal sig_0028: the required indicator rfc5155_nsec3_record_present failed because rr_type=CDNSKEY is not in [NSEC3, NSEC3PARAM]. The observation on 2024-11-06T00:59:29 is 6094 days after RFC 5155's publication on 2008-03-01, so the timestamp is valid. Score 0.0 (none): no required indicator matched, so there is nothing to score.","base_indicator_score = 0.0 (matched required indicators: none); optional_match_bonus = 0.0 = 0.0 x 0.5 (matched optional indicators: none); required_match_bonus = 0.0 (not awarded: 1 evaluable required indicator(s), the bonus needs at least 2); missing_required_penalty = 3.0 = 3.0 x 1 (required indicators evaluated but not matched: rfc5155_nsec3_record_present); partial_match_penalty = 0.0 (not applied: no required indicator matched, so this is not a partial match); ambiguity_penalty = 0.0 (not applied: no matched indicator is flagged ambiguous); raw = 0.0 + 0.0 + 0.0 - 3.0 - 0.0 - 0.0 = -3.0; specificity_multiplier = 1.5 (RFC 5155 specificity=very_high); final_score = max(0, -3.0) * 1.5 = 0.0"
trace_sig_0028_rfc8078,sig_0028,RFC 8078,Managing DS Records from the Parent via CDS/CDNSKEY,2024-11-06T00:59:29,2017-03-01T00:00:00,true,no_match,none,0.0,0.0,,rfc8078_cds_cdnskey_algorithm_zero; rfc8078_delete_signal_digest_zero,,rfc8078_cds_cdnskey_algorithm_zero,digest_type,,2,2,"Indicator rfc8078_delete_signal_digest_zero was only partially evaluated: 1 condition(s) were tested and 1 could not be, because the observation carries no value for digest_type.; Fields absent from this observation: digest_type. Every condition over them failed by construction; absence is not evidence either way.","RFC 8078 does not explain signal sig_0028: the required indicator rfc8078_cds_cdnskey_algorithm_zero failed because algorithm=13 does not equal the expected value 0. The observation on 2024-11-06T00:59:29 is 2807 days after RFC 8078's publication on 2017-03-01, so the timestamp is valid. Score 0.0 (none): no required indicator matched, so there is nothing to score.","base_indicator_score = 0.0 (matched required indicators: none); optional_match_bonus = 0.0 = 0.0 x 0.5 (matched optional indicators: none); required_match_bonus = 0.0 (not awarded: 1 evaluable required indicator(s), the bonus needs at least 2); missing_required_penalty = 3.0 = 3.0 x 1 (required indicators evaluated but not matched: rfc8078_cds_cdnskey_algorithm_zero); partial_match_penalty = 0.0 (not applied: no required indicator matched, so this is not a partial match); ambiguity_penalty = 0.0 (not applied: no matched indicator is flagged ambiguous); raw = 0.0 + 0.0 + 0.0 - 3.0 - 0.0 - 0.0 = -3.0; specificity_multiplier = 1.5 (RFC 8078 specificity=very_high); final_score = max(0, -3.0) * 1.5 = 0.0"
trace_sig_0028_rfc8080,sig_0028,RFC 8080,Edwards-Curve Digital Security Algorithm (EdDSA) for DNSSEC,2024-11-06T00:59:29,2017-02-01T00:00:00,true,no_match,none,0.0,0.0,,rfc8080_eddsa_algorithm; rfc8080_eddsa_on_key_or_signature,,rfc8080_eddsa_algorithm,,,1,2,,"RFC 8080 does not explain signal sig_0028: the required indicator rfc8080_eddsa_algorithm failed because algorithm=13 is not in [15, 16]. The observation on 2024-11-06T00:59:29 is 2835 days after RFC 8080's publication on 2017-02-01, so the timestamp is valid. Score 0.0 (none): no required indicator matched, so there is nothing to score.","base_indicator_score = 0.0 (matched required indicators: none); optional_match_bonus = 0.0 = 0.0 x 0.5 (matched optional indicators: none); required_match_bonus = 0.0 (not awarded: 1 evaluable required indicator(s), the bonus needs at least 2); missing_required_penalty = 3.0 = 3.0 x 1 (required indicators evaluated but not matched: rfc8080_eddsa_algorithm); partial_match_penalty = 0.0 (not applied: no required indicator matched, so this is not a partial match); ambiguity_penalty = 0.0 (not applied: no matched indicator is flagged ambiguous); raw = 0.0 + 0.0 + 0.0 - 3.0 - 0.0 - 0.0 = -3.0; specificity_multiplier = 1.5 (RFC 8080 specificity=very_high); final_score = max(0, -3.0) * 1.5 = 0.0"
trace_sig_0029_rfc8078,sig_0029,RFC 8078,Managing DS Records from the Parent via CDS/CDNSKEY,2026-04-13T03:02:45,2017-03-01T00:00:00,true,valid_match,very_high,15.0,0.0,rfc8078_cds_cdnskey_algorithm_zero,rfc8078_delete_signal_digest_zero,,,digest_type,algorithm; rr_type,3,1,"Indicator rfc8078_delete_signal_digest_zero was only partially evaluated: 1 condition(s) were tested and 1 could not be, because the observation carries no value for digest_type.; Fields absent from this observation: digest_type. Every condition over them failed by construction; absence is not evidence either way.","RFC 8078 matched signal sig_0029: the required indicator rfc8078_cds_cdnskey_algorithm_zero passed because rr_type=CDNSKEY is in [CDS, CDNSKEY] and algorithm=0 equals the expected value 0. Indicator rfc8078_delete_signal_digest_zero did not match: field 'digest_type' is absent from this observation, so the condition 'digest_type must equal 0' could not be satisfied (absence is not evidence). The observation on 2026-04-13T03:02:45 is 3330 days after RFC 8078's publication on 2017-03-01, so the timestamp is valid. Score 15.0 (very_high) = (10.0 required) x 1.5 very_high specificity.","base_indicator_score = 10.0 (matched required indicators: rfc8078_cds_cdnskey_algorithm_zero); optional_match_bonus = 0.0 = 0.0 x 0.5 (matched optional indicators: none); required_match_bonus = 0.0 (not awarded: 1 evaluable required indicator(s), the bonus needs at least 2); missing_required_penalty = 0.0 = 3.0 x 0 (required indicators evaluated but not matched: none); partial_match_penalty = 0.0 (not applied: every evaluable required indicator matched); ambiguity_penalty = 0.0 (not applied: no matched indicator is flagged ambiguous); raw = 10.0 + 0.0 + 0.0 - 0.0 - 0.0 - 0.0 = 10.0; specificity_multiplier = 1.5 (RFC 8078 specificity=very_high); final_score = max(0, 10.0) * 1.5 = 15.0"
trace_sig_0029_rfc7344,sig_0029,RFC 7344,Automating DNSSEC Delegation Trust Maintenance,2026-04-13T03:02:45,2014-09-01T00:00:00,true,valid_match,high,11.25,0.0,rfc7344_cds_cdnskey_present,rfc7344_cds_publishes_digest,,,digest_type,rr_type,1,2,"Indicator rfc7344_cds_publishes_digest was only partially evaluated: 1 condition(s) were tested and 1 could not be, because the observation carries no value for digest_type.; Fields absent from this observation: digest_type. Every condition over them failed by construction; absence is not evidence either way.","RFC 7344 matched signal sig_0029: the required indicator rfc7344_cds_cdnskey_present passed because rr_type=CDNSKEY is in [CDS, CDNSKEY]. Indicator rfc7344_cds_publishes_digest did not match: rr_type=CDNSKEY does not equal the expected value CDS. The observation on 2026-04-13T03:02:45 is 4242 days after RFC 7344's publication on 2014-09-01, so the timestamp is valid. Score 11.25 (high) = (9.0 required) x 1.25 high specificity.","base_indicator_score = 9.0 (matched required indicators: rfc7344_cds_cdnskey_present); optional_match_bonus = 0.0 = 0.0 x 0.5 (matched optional indicators: none); required_match_bonus = 0.0 (not awarded: 1 evaluable required indicator(s), the bonus needs at least 2); missing_required_penalty = 0.0 = 3.0 x 0 (required indicators evaluated but not matched: none); partial_match_penalty = 0.0 (not applied: every evaluable required indicator matched); ambiguity_penalty = 0.0 (not applied: no matched indicator is flagged ambiguous); raw = 9.0 + 0.0 + 0.0 - 0.0 - 0.0 - 0.0 = 9.0; specificity_multiplier = 1.25 (RFC 7344 specificity=high); final_score = max(0, 9.0) * 1.25 = 11.25"
trace_sig_0029_rfc4033,sig_0029,RFC 4033,DNS Security Introduction and Requirements (DNSSEC base: RFC 4033/4034/4035),2026-04-13T03:02:45,2005-03-01T00:00:00,true,partial_match,none,0.0,0.0,rfc4033_dnssec_algorithm_present,rfc4033_base_dnssec_record_present; rfc4033_dnssec_ok_negotiated,,rfc4033_base_dnssec_record_present,dnssec_ok_flag,algorithm,1,3,"Indicator rfc4033_dnssec_ok_negotiated is only partially queryable: part of its signature depends on fields the corpus does not export, so it was evaluated on incomplete data.; Indicator rfc4033_dnssec_ok_negotiated was only partially evaluated: 1 condition(s) were tested and 1 could not be, because the observation carries no value for dnssec_ok_flag.; Fields absent from this observation: dnssec_ok_flag. Every condition over them failed by construction; absence is not evidence either way.; Partial matches are candidates, not adoption evidence: at least one required indicator of this RFC was not satisfied.","RFC 4033 partially matches signal sig_0029: the optional indicator rfc4033_dnssec_algorithm_present passed because algorithm is present (observed 0). The required indicator rfc4033_base_dnssec_record_present was not satisfied: rr_type=CDNSKEY is not in [DNSKEY, DS, RRSIG, NSEC]. The observation on 2026-04-13T03:02:45 is 7713 days after RFC 4033's publication on 2005-03-01, so the timestamp is valid. Score 0.0 (none): the penalties leave a raw total of -2.0, which is clamped to 0 before the 0.75 low specificity multiplier.","base_indicator_score = 0.0 (matched required indicators: none); optional_match_bonus = 1.0 = 2.0 x 0.5 (matched optional indicators: rfc4033_dnssec_algorithm_present); required_match_bonus = 0.0 (not awarded: 1 evaluable required indicator(s), the bonus needs at least 2); missing_required_penalty = 3.0 = 3.0 x 1 (required indicators evaluated but not matched: rfc4033_base_dnssec_record_present); partial_match_penalty = 0.0 (not applied: no required indicator matched, so this is not a partial match); ambiguity_penalty = 0.0 (not applied: no matched indicator is flagged ambiguous); raw = 0.0 + 0.0 + 1.0 - 3.0 - 0.0 - 0.0 = -2.0; specificity_multiplier = 0.75 (RFC 4033 specificity=low); final_score = max(0, -2.0) * 0.75 = 0.0"
trace_sig_0029_rfc4509,sig_0029,RFC 4509,Use of SHA-256 in DNSSEC Delegation Signer (DS) Resource Records,2026-04-13T03:02:45,2006-05-01T00:00:00,true,no_match,none,0.0,0.0,,rfc4509_ds_sha256_digest,,rfc4509_ds_sha256_digest,digest_type,,0,2,"Indicator rfc4509_ds_sha256_digest was only partially evaluated: 1 condition(s) were tested and 1 could not be, because the observation carries no value for digest_type.; Fields absent from this observation: digest_type. Every condition over them failed by construction; absence is not evidence either way.","RFC 4509 does not explain signal sig_0029: the required indicator rfc4509_ds_sha256_digest failed because rr_type=CDNSKEY is not in [DS, CDS]. The observation on 2026-04-13T03:02:45 is 7287 days after RFC 4509's publication on 2006-05-01, so the timestamp is valid. Score 0.0 (none): no required indicator matched, so there is nothing to score.","base_indicator_score = 0.0 (matched required indicators: none); optional_match_bonus = 0.0 = 0.0 x 0.5 (matched optional indicators: none); required_match_bonus = 0.0 (not awarded: 1 evaluable required indicator(s), the bonus needs at least 2); missing_required_penalty = 3.0 = 3.0 x 1 (required indicators evaluated but not matched: rfc4509_ds_sha256_digest); partial_match_penalty = 0.0 (not applied: no required indicator matched, so this is not a partial match); ambiguity_penalty = 0.0 (not applied: no matched indicator is flagged ambiguous); raw = 0.0 + 0.0 + 0.0 - 3.0 - 0.0 - 0.0 = -3.0; specificity_multiplier = 1.25 (RFC 4509 specificity=high); final_score = max(0, -3.0) * 1.25 = 0.0"
trace_sig_0029_rfc5155,sig_0029,RFC 5155,DNS Security (DNSSEC) Hashed Authenticated Denial of Existence,2026-04-13T03:02:45,2008-03-01T00:00:00,true,no_match,none,0.0,0.0,,rfc5155_nsec3_hash_algorithm; rfc5155_nsec3_record_present,,rfc5155_nsec3_record_present,,,1,2,,"RFC 5155 does not explain signal sig_0029: the required indicator rfc5155_nsec3_record_present failed because rr_type=CDNSKEY is not in [NSEC3, NSEC3PARAM]. The observation on 2026-04-13T03:02:45 is 6617 days after RFC 5155's publication on 2008-03-01, so the timestamp is valid. Score 0.0 (none): no required indicator matched, so there is nothing to score.","base_indicator_score = 0.0 (matched required indicators: none); optional_match_bonus = 0.0 = 0.0 x 0.5 (matched optional indicators: none); required_match_bonus = 0.0 (not awarded: 1 evaluable required indicator(s), the bonus needs at least 2); missing_required_penalty = 3.0 = 3.0 x 1 (required indicators evaluated but not matched: rfc5155_nsec3_record_present); partial_match_penalty = 0.0 (not applied: no required indicator matched, so this is not a partial match); ambiguity_penalty = 0.0 (not applied: no matched indicator is flagged ambiguous); raw = 0.0 + 0.0 + 0.0 - 3.0 - 0.0 - 0.0 = -3.0; specificity_multiplier = 1.5 (RFC 5155 specificity=very_high); final_score = max(0, -3.0) * 1.5 = 0.0"
trace_sig_0029_rfc6605,sig_0029,RFC 6605,Elliptic Curve Digital Signature Algorithm (DSA) for DNSSEC,2026-04-13T03:02:45,2012-04-01T00:00:00,true,no_match,none,0.0,0.0,,rfc6605_ecdsa_algorithm; rfc6605_ecdsa_on_key_or_signature,,rfc6605_ecdsa_algorithm,,,1,2,,"RFC 6605 does not explain signal sig_0029: the required indicator rfc6605_ecdsa_algorithm failed because algorithm=0 is not in [13, 14]. The observation on 2026-04-13T03:02:45 is 5125 days after RFC 6605's publication on 2012-04-01, so the timestamp is valid. Score 0.0 (none): no required indicator matched, so there is nothing to score.","base_indicator_score = 0.0 (matched required indicators: none); optional_match_bonus = 0.0 = 0.0 x 0.5 (matched optional indicators: none); required_match_bonus = 0.0 (not awarded: 1 evaluable required indicator(s), the bonus needs at least 2); missing_required_penalty = 3.0 = 3.0 x 1 (required indicators evaluated but not matched: rfc6605_ecdsa_algorithm); partial_match_penalty = 0.0 (not applied: no required indicator matched, so this is not a partial match); ambiguity_penalty = 0.0 (not applied: no matched indicator is flagged ambiguous); raw = 0.0 + 0.0 + 0.0 - 3.0 - 0.0 - 0.0 = -3.0; specificity_multiplier = 1.25 (RFC 6605 specificity=high); final_score = max(0, -3.0) * 1.25 = 0.0"
trace_sig_0029_rfc8080,sig_0029,RFC 8080,Edwards-Curve Digital Security Algorithm (EdDSA) for DNSSEC,2026-04-13T03:02:45,2017-02-01T00:00:00,true,no_match,none,0.0,0.0,,rfc8080_eddsa_algorithm; rfc8080_eddsa_on_key_or_signature,,rfc8080_eddsa_algorithm,,,1,2,,"RFC 8080 does not explain signal sig_0029: the required indicator rfc8080_eddsa_algorithm failed because algorithm=0 is not in [15, 16]. The observation on 2026-04-13T03:02:45 is 3358 days after RFC 8080's publication on 2017-02-01, so the timestamp is valid. Score 0.0 (none): no required indicator matched, so there is nothing to score.","base_indicator_score = 0.0 (matched required indicators: none); optional_match_bonus = 0.0 = 0.0 x 0.5 (matched optional indicators: none); required_match_bonus = 0.0 (not awarded: 1 evaluable required indicator(s), the bonus needs at least 2); missing_required_penalty = 3.0 = 3.0 x 1 (required indicators evaluated but not matched: rfc8080_eddsa_algorithm); partial_match_penalty = 0.0 (not applied: no required indicator matched, so this is not a partial match); ambiguity_penalty = 0.0 (not applied: no matched indicator is flagged ambiguous); raw = 0.0 + 0.0 + 0.0 - 3.0 - 0.0 - 0.0 = -3.0; specificity_multiplier = 1.5 (RFC 8080 specificity=very_high); final_score = max(0, -3.0) * 1.5 = 0.0"
trace_sig_0029_rfc8624,sig_0029,RFC 8624,Algorithm Implementation Requirements and Usage Guidance for DNSSEC,2026-04-13T03:02:45,2019-06-01T00:00:00,true,partial_match,none,0.0,0.0,rfc8624_avoids_deprecated_algorithm,rfc8624_recommended_signing_algorithm,rfc8624_validator_algorithm_support,rfc8624_recommended_signing_algorithm,rr_type; validator_algorithm_support,algorithm,2,1,"Indicator rfc8624_avoids_deprecated_algorithm is flagged ambiguous: the observation it matched is equally consistent with other RFCs, so this result is an inference about policy rather than direct evidence.; Corpus availability: indicator rfc8624_validator_algorithm_support was never tested because rr_type, validator_algorithm_support are absent from the OpenINTEL dictionary. Its absence from the evidence is a measurement limitation, not a finding about the observation.; Partial matches are candidates, not adoption evidence: at least one required indicator of this RFC was not satisfied.","RFC 8624 partially matches signal sig_0029: the optional indicator rfc8624_avoids_deprecated_algorithm passed because algorithm is present (observed 0) and algorithm=0 differs from 1 as required. The required indicator rfc8624_recommended_signing_algorithm was not satisfied: algorithm=0 is not in [13, 15]. The observation on 2026-04-13T03:02:45 is 2508 days after RFC 8624's publication on 2019-06-01, so the timestamp is valid. Score 0.0 (none): the penalties leave a raw total of -3.5, which is clamped to 0 before the 0.75 low specificity multiplier.","base_indicator_score = 0.0 (matched required indicators: none); optional_match_bonus = 1.5 = 3.0 x 0.5 (matched optional indicators: rfc8624_avoids_deprecated_algorithm); required_match_bonus = 0.0 (not awarded: 1 evaluable required indicator(s), the bonus needs at least 2); missing_required_penalty = 3.0 = 3.0 x 1 (required indicators evaluated but not matched: rfc8624_recommended_signing_algorithm); partial_match_penalty = 0.0 (not applied: no required indicator matched, so this is not a partial match); ambiguity_penalty = 2.0 (applied: matched indicators flagged ambiguous: rfc8624_avoids_deprecated_algorithm); raw = 0.0 + 0.0 + 1.5 - 3.0 - 0.0 - 2.0 = -3.5; specificity_multiplier = 0.75 (RFC 8624 specificity=low); final_score = max(0, -3.5) * 0.75 = 0.0; note: 1 indicator (rfc8624_validator_algorithm_support) could not be tested against the OpenINTEL corpus and was excluded from every term above, neither earning weight nor incurring a penalty"
