signal_id,rfc_id,rfc_title,decision,score,confidence,timestamp_valid,observation_timestamp,rfc_publication_date,domain,zone,matched_indicator_ids,failed_indicator_ids,matched_fields,missing_fields,base_indicator_score,specificity_multiplier,required_match_bonus,optional_match_bonus,missing_required_penalty,partial_match_penalty,ambiguity_penalty,timestamp_penalty,final_score,trace_id,reasoning_summary
sig_0001,RFC 6605,Elliptic Curve Digital Signature Algorithm (DSA) for DNSSEC,valid_match,13.125,very_high,true,2018-01-04T01:45:00,2012-04-01T00:00:00,xn--mklarnett-v2a.se.,,rfc6605_ecdsa_algorithm; rfc6605_ecdsa_on_key_or_signature,,algorithm; rr_type,,9.0,1.25,0.0,1.5,0.0,0.0,0.0,0.0,13.125,trace_sig_0001_rfc6605,"RFC 6605 matched signal sig_0001: the required indicator rfc6605_ecdsa_algorithm passed because algorithm=13 is in [13, 14]. Corroborating indicators also matched: rfc6605_ecdsa_on_key_or_signature. The observation on 2018-01-04T01:45:00 is 2104 days after RFC 6605's publication on 2012-04-01, so the timestamp is valid. Score 13.125 (very_high) = (9.0 required + 1.5 optional) x 1.25 high specificity."
sig_0001,RFC 4033,DNS Security Introduction and Requirements (DNSSEC base: RFC 4033/4034/4035),valid_match,3.75,low,true,2018-01-04T01:45:00,2005-03-01T00:00:00,xn--mklarnett-v2a.se.,,rfc4033_base_dnssec_record_present; rfc4033_dnssec_algorithm_present,rfc4033_dnssec_ok_negotiated,algorithm; rr_type,dnssec_ok_flag,4.0,0.75,0.0,1.0,0.0,0.0,0.0,0.0,3.75,trace_sig_0001_rfc4033,"RFC 4033 matched signal sig_0001: the required indicator rfc4033_base_dnssec_record_present passed because rr_type=RRSIG is in [DNSKEY, DS, RRSIG, NSEC]. Corroborating indicators also matched: rfc4033_dnssec_algorithm_present. Indicator rfc4033_dnssec_ok_negotiated did not match: field 'dnssec_ok_flag' is absent from this observation, so the condition 'dnssec_ok_flag must equal true' could not be satisfied (absence is not evidence). The observation on 2018-01-04T01:45:00 is 4692 days after RFC 4033's publication on 2005-03-01, so the timestamp is valid. Score 3.75 (low) = (4.0 required + 1.0 optional) x 0.75 low specificity."
sig_0001,RFC 4509,Use of SHA-256 in DNSSEC Delegation Signer (DS) Resource Records,no_match,0.0,none,true,2018-01-04T01:45:00,2006-05-01T00:00:00,xn--mklarnett-v2a.se.,,,rfc4509_ds_sha256_digest,,digest_type,0.0,1.25,0.0,0.0,3.0,0.0,0.0,0.0,0.0,trace_sig_0001_rfc4509,"RFC 4509 does not explain signal sig_0001: the required indicator rfc4509_ds_sha256_digest failed because rr_type=RRSIG is not in [DS, CDS]. The observation on 2018-01-04T01:45:00 is 4266 days after RFC 4509's publication on 2006-05-01, so the timestamp is valid. Score 0.0 (none): no required indicator matched, so there is nothing to score."
sig_0001,RFC 5155,DNS Security (DNSSEC) Hashed Authenticated Denial of Existence,no_match,0.0,none,true,2018-01-04T01:45:00,2008-03-01T00:00:00,xn--mklarnett-v2a.se.,,,rfc5155_nsec3_hash_algorithm; rfc5155_nsec3_record_present,,,0.0,1.5,0.0,0.0,3.0,0.0,0.0,0.0,0.0,trace_sig_0001_rfc5155,"RFC 5155 does not explain signal sig_0001: the required indicator rfc5155_nsec3_record_present failed because rr_type=RRSIG is not in [NSEC3, NSEC3PARAM]. The observation on 2018-01-04T01:45:00 is 3596 days after RFC 5155's publication on 2008-03-01, so the timestamp is valid. Score 0.0 (none): no required indicator matched, so there is nothing to score."
sig_0001,RFC 7344,Automating DNSSEC Delegation Trust Maintenance,no_match,0.0,none,true,2018-01-04T01:45:00,2014-09-01T00:00:00,xn--mklarnett-v2a.se.,,,rfc7344_cds_cdnskey_present; rfc7344_cds_publishes_digest,,digest_type,0.0,1.25,0.0,0.0,3.0,0.0,0.0,0.0,0.0,trace_sig_0001_rfc7344,"RFC 7344 does not explain signal sig_0001: the required indicator rfc7344_cds_cdnskey_present failed because rr_type=RRSIG is not in [CDS, CDNSKEY]. The observation on 2018-01-04T01:45:00 is 1221 days after RFC 7344's publication on 2014-09-01, so the timestamp is valid. Score 0.0 (none): no required indicator matched, so there is nothing to score."
sig_0001,RFC 8078,Managing DS Records from the Parent via CDS/CDNSKEY,no_match,0.0,none,true,2018-01-04T01:45:00,2017-03-01T00:00:00,xn--mklarnett-v2a.se.,,,rfc8078_cds_cdnskey_algorithm_zero; rfc8078_delete_signal_digest_zero,,digest_type,0.0,1.5,0.0,0.0,3.0,0.0,0.0,0.0,0.0,trace_sig_0001_rfc8078,"RFC 8078 does not explain signal sig_0001: the required indicator rfc8078_cds_cdnskey_algorithm_zero failed because rr_type=RRSIG is not in [CDS, CDNSKEY]. The observation on 2018-01-04T01:45:00 is 309 days after RFC 8078's publication on 2017-03-01, so the timestamp is valid. Score 0.0 (none): no required indicator matched, so there is nothing to score."
sig_0001,RFC 8080,Edwards-Curve Digital Security Algorithm (EdDSA) for DNSSEC,no_match,0.0,none,true,2018-01-04T01:45:00,2017-02-01T00:00:00,xn--mklarnett-v2a.se.,,,rfc8080_eddsa_algorithm; rfc8080_eddsa_on_key_or_signature,,,0.0,1.5,0.0,0.0,3.0,0.0,0.0,0.0,0.0,trace_sig_0001_rfc8080,"RFC 8080 does not explain signal sig_0001: the required indicator rfc8080_eddsa_algorithm failed because algorithm=13 is not in [15, 16]. The observation on 2018-01-04T01:45:00 is 337 days after RFC 8080's publication on 2017-02-01, so the timestamp is valid. Score 0.0 (none): no required indicator matched, so there is nothing to score."
sig_0001,RFC 8624,Algorithm Implementation Requirements and Usage Guidance for DNSSEC,timestamp_invalid,0.0,none,false,2018-01-04T01:45:00,2019-06-01T00:00:00,xn--mklarnett-v2a.se.,,rfc8624_avoids_deprecated_algorithm; rfc8624_recommended_signing_algorithm,,algorithm,rr_type; validator_algorithm_support,5.0,0.75,0.0,1.5,0.0,0.0,2.0,3.375,0.0,trace_sig_0001_rfc8624,"RFC 8624 cannot explain signal sig_0001: although algorithm=13 satisfy the required indicator rfc8624_recommended_signing_algorithm, the observation on 2018-01-04T01:45:00 predates RFC 8624's publication on 2019-06-01 by 513 days. An observation cannot evidence adoption of an RFC that did not yet exist, so the score of 3.375 is forfeited and this is routed to the review queue. The withheld score derives from (5.0 required + 1.5 optional - 2.0 ambiguity penalty) x 0.75 low specificity."
sig_0002,RFC 5155,DNS Security (DNSSEC) Hashed Authenticated Denial of Existence,valid_match,17.25,very_high,true,2018-01-04T02:37:39,2008-03-01T00:00:00,123-nonexistant-dnsjedi-456.vasaloppslager.se.,,rfc5155_nsec3_hash_algorithm; rfc5155_nsec3_record_present,,algorithm; rr_type,,10.0,1.5,0.0,1.5,0.0,0.0,0.0,0.0,17.25,trace_sig_0002_rfc5155,"RFC 5155 matched signal sig_0002: the required indicator rfc5155_nsec3_record_present passed because rr_type=NSEC3 is in [NSEC3, NSEC3PARAM]. Corroborating indicators also matched: rfc5155_nsec3_hash_algorithm. The observation on 2018-01-04T02:37:39 is 3596 days after RFC 5155's publication on 2008-03-01, so the timestamp is valid. Score 17.25 (very_high) = (10.0 required + 1.5 optional) x 1.5 very_high specificity."
sig_0002,RFC 4033,DNS Security Introduction and Requirements (DNSSEC base: RFC 4033/4034/4035),partial_match,0.0,none,true,2018-01-04T02:37:39,2005-03-01T00:00:00,123-nonexistant-dnsjedi-456.vasaloppslager.se.,,rfc4033_dnssec_algorithm_present,rfc4033_base_dnssec_record_present; rfc4033_dnssec_ok_negotiated,algorithm,dnssec_ok_flag,0.0,0.75,0.0,1.0,3.0,0.0,0.0,0.0,0.0,trace_sig_0002_rfc4033,"RFC 4033 partially matches signal sig_0002: the optional indicator rfc4033_dnssec_algorithm_present passed because algorithm is present (observed 1). The required indicator rfc4033_base_dnssec_record_present was not satisfied: rr_type=NSEC3 is not in [DNSKEY, DS, RRSIG, NSEC]. The observation on 2018-01-04T02:37:39 is 4692 days after RFC 4033's publication on 2005-03-01, so the timestamp is valid. Score 0.0 (none): the penalties leave a raw total of -2.0, which is clamped to 0 before the 0.75 low specificity multiplier."
sig_0002,RFC 4509,Use of SHA-256 in DNSSEC Delegation Signer (DS) Resource Records,no_match,0.0,none,true,2018-01-04T02:37:39,2006-05-01T00:00:00,123-nonexistant-dnsjedi-456.vasaloppslager.se.,,,rfc4509_ds_sha256_digest,,digest_type,0.0,1.25,0.0,0.0,3.0,0.0,0.0,0.0,0.0,trace_sig_0002_rfc4509,"RFC 4509 does not explain signal sig_0002: the required indicator rfc4509_ds_sha256_digest failed because rr_type=NSEC3 is not in [DS, CDS]. The observation on 2018-01-04T02:37:39 is 4266 days after RFC 4509's publication on 2006-05-01, so the timestamp is valid. Score 0.0 (none): no required indicator matched, so there is nothing to score."
sig_0002,RFC 6605,Elliptic Curve Digital Signature Algorithm (DSA) for DNSSEC,no_match,0.0,none,true,2018-01-04T02:37:39,2012-04-01T00:00:00,123-nonexistant-dnsjedi-456.vasaloppslager.se.,,,rfc6605_ecdsa_algorithm; rfc6605_ecdsa_on_key_or_signature,,,0.0,1.25,0.0,0.0,3.0,0.0,0.0,0.0,0.0,trace_sig_0002_rfc6605,"RFC 6605 does not explain signal sig_0002: the required indicator rfc6605_ecdsa_algorithm failed because algorithm=1 is not in [13, 14]. The observation on 2018-01-04T02:37:39 is 2104 days after RFC 6605's publication on 2012-04-01, so the timestamp is valid. Score 0.0 (none): no required indicator matched, so there is nothing to score."
sig_0002,RFC 7344,Automating DNSSEC Delegation Trust Maintenance,no_match,0.0,none,true,2018-01-04T02:37:39,2014-09-01T00:00:00,123-nonexistant-dnsjedi-456.vasaloppslager.se.,,,rfc7344_cds_cdnskey_present; rfc7344_cds_publishes_digest,,digest_type,0.0,1.25,0.0,0.0,3.0,0.0,0.0,0.0,0.0,trace_sig_0002_rfc7344,"RFC 7344 does not explain signal sig_0002: the required indicator rfc7344_cds_cdnskey_present failed because rr_type=NSEC3 is not in [CDS, CDNSKEY]. The observation on 2018-01-04T02:37:39 is 1221 days after RFC 7344's publication on 2014-09-01, so the timestamp is valid. Score 0.0 (none): no required indicator matched, so there is nothing to score."
sig_0002,RFC 8078,Managing DS Records from the Parent via CDS/CDNSKEY,no_match,0.0,none,true,2018-01-04T02:37:39,2017-03-01T00:00:00,123-nonexistant-dnsjedi-456.vasaloppslager.se.,,,rfc8078_cds_cdnskey_algorithm_zero; rfc8078_delete_signal_digest_zero,,digest_type,0.0,1.5,0.0,0.0,3.0,0.0,0.0,0.0,0.0,trace_sig_0002_rfc8078,"RFC 8078 does not explain signal sig_0002: the required indicator rfc8078_cds_cdnskey_algorithm_zero failed because rr_type=NSEC3 is not in [CDS, CDNSKEY]. The observation on 2018-01-04T02:37:39 is 309 days after RFC 8078's publication on 2017-03-01, so the timestamp is valid. Score 0.0 (none): no required indicator matched, so there is nothing to score."
sig_0002,RFC 8080,Edwards-Curve Digital Security Algorithm (EdDSA) for DNSSEC,no_match,0.0,none,true,2018-01-04T02:37:39,2017-02-01T00:00:00,123-nonexistant-dnsjedi-456.vasaloppslager.se.,,,rfc8080_eddsa_algorithm; rfc8080_eddsa_on_key_or_signature,,,0.0,1.5,0.0,0.0,3.0,0.0,0.0,0.0,0.0,trace_sig_0002_rfc8080,"RFC 8080 does not explain signal sig_0002: the required indicator rfc8080_eddsa_algorithm failed because algorithm=1 is not in [15, 16]. The observation on 2018-01-04T02:37:39 is 337 days after RFC 8080's publication on 2017-02-01, so the timestamp is valid. Score 0.0 (none): no required indicator matched, so there is nothing to score."
sig_0002,RFC 8624,Algorithm Implementation Requirements and Usage Guidance for DNSSEC,no_match,0.0,none,false,2018-01-04T02:37:39,2019-06-01T00:00:00,123-nonexistant-dnsjedi-456.vasaloppslager.se.,,,rfc8624_avoids_deprecated_algorithm; rfc8624_recommended_signing_algorithm,,rr_type; validator_algorithm_support,0.0,0.75,0.0,0.0,3.0,0.0,0.0,0.0,0.0,trace_sig_0002_rfc8624,"RFC 8624 does not explain signal sig_0002: the required indicator rfc8624_recommended_signing_algorithm failed because algorithm=1 is not in [13, 15]. Indicator(s) rfc8624_validator_algorithm_support were not tested at all (not exported by the corpus), so this rejection rests only on the indicators that could be evaluated. The observation on 2018-01-04T02:37:39 predates RFC 8624's publication on 2019-06-01 by 513 days. An observation cannot evidence adoption of an RFC that did not yet exist, so the score is forfeited. Score 0.0 (none): no required indicator matched, so there is nothing to score."
sig_0003,RFC 5155,DNS Security (DNSSEC) Hashed Authenticated Denial of Existence,valid_match,17.25,very_high,true,2018-01-15T02:01:45,2008-03-01T00:00:00,xn--lundsdyksllskap-8kb.se.,,rfc5155_nsec3_hash_algorithm; rfc5155_nsec3_record_present,,algorithm; rr_type,,10.0,1.5,0.0,1.5,0.0,0.0,0.0,0.0,17.25,trace_sig_0003_rfc5155,"RFC 5155 matched signal sig_0003: the required indicator rfc5155_nsec3_record_present passed because rr_type=NSEC3PARAM is in [NSEC3, NSEC3PARAM]. Corroborating indicators also matched: rfc5155_nsec3_hash_algorithm. The observation on 2018-01-15T02:01:45 is 3607 days after RFC 5155's publication on 2008-03-01, so the timestamp is valid. Score 17.25 (very_high) = (10.0 required + 1.5 optional) x 1.5 very_high specificity."
sig_0003,RFC 4033,DNS Security Introduction and Requirements (DNSSEC base: RFC 4033/4034/4035),partial_match,0.0,none,true,2018-01-15T02:01:45,2005-03-01T00:00:00,xn--lundsdyksllskap-8kb.se.,,rfc4033_dnssec_algorithm_present,rfc4033_base_dnssec_record_present; rfc4033_dnssec_ok_negotiated,algorithm,dnssec_ok_flag,0.0,0.75,0.0,1.0,3.0,0.0,0.0,0.0,0.0,trace_sig_0003_rfc4033,"RFC 4033 partially matches signal sig_0003: the optional indicator rfc4033_dnssec_algorithm_present passed because algorithm is present (observed 1). The required indicator rfc4033_base_dnssec_record_present was not satisfied: rr_type=NSEC3PARAM is not in [DNSKEY, DS, RRSIG, NSEC]. The observation on 2018-01-15T02:01:45 is 4703 days after RFC 4033's publication on 2005-03-01, so the timestamp is valid. Score 0.0 (none): the penalties leave a raw total of -2.0, which is clamped to 0 before the 0.75 low specificity multiplier."
sig_0003,RFC 4509,Use of SHA-256 in DNSSEC Delegation Signer (DS) Resource Records,no_match,0.0,none,true,2018-01-15T02:01:45,2006-05-01T00:00:00,xn--lundsdyksllskap-8kb.se.,,,rfc4509_ds_sha256_digest,,digest_type,0.0,1.25,0.0,0.0,3.0,0.0,0.0,0.0,0.0,trace_sig_0003_rfc4509,"RFC 4509 does not explain signal sig_0003: the required indicator rfc4509_ds_sha256_digest failed because rr_type=NSEC3PARAM is not in [DS, CDS]. The observation on 2018-01-15T02:01:45 is 4277 days after RFC 4509's publication on 2006-05-01, so the timestamp is valid. Score 0.0 (none): no required indicator matched, so there is nothing to score."
sig_0003,RFC 6605,Elliptic Curve Digital Signature Algorithm (DSA) for DNSSEC,no_match,0.0,none,true,2018-01-15T02:01:45,2012-04-01T00:00:00,xn--lundsdyksllskap-8kb.se.,,,rfc6605_ecdsa_algorithm; rfc6605_ecdsa_on_key_or_signature,,,0.0,1.25,0.0,0.0,3.0,0.0,0.0,0.0,0.0,trace_sig_0003_rfc6605,"RFC 6605 does not explain signal sig_0003: the required indicator rfc6605_ecdsa_algorithm failed because algorithm=1 is not in [13, 14]. The observation on 2018-01-15T02:01:45 is 2115 days after RFC 6605's publication on 2012-04-01, so the timestamp is valid. Score 0.0 (none): no required indicator matched, so there is nothing to score."
sig_0003,RFC 7344,Automating DNSSEC Delegation Trust Maintenance,no_match,0.0,none,true,2018-01-15T02:01:45,2014-09-01T00:00:00,xn--lundsdyksllskap-8kb.se.,,,rfc7344_cds_cdnskey_present; rfc7344_cds_publishes_digest,,digest_type,0.0,1.25,0.0,0.0,3.0,0.0,0.0,0.0,0.0,trace_sig_0003_rfc7344,"RFC 7344 does not explain signal sig_0003: the required indicator rfc7344_cds_cdnskey_present failed because rr_type=NSEC3PARAM is not in [CDS, CDNSKEY]. The observation on 2018-01-15T02:01:45 is 1232 days after RFC 7344's publication on 2014-09-01, so the timestamp is valid. Score 0.0 (none): no required indicator matched, so there is nothing to score."
sig_0003,RFC 8078,Managing DS Records from the Parent via CDS/CDNSKEY,no_match,0.0,none,true,2018-01-15T02:01:45,2017-03-01T00:00:00,xn--lundsdyksllskap-8kb.se.,,,rfc8078_cds_cdnskey_algorithm_zero; rfc8078_delete_signal_digest_zero,,digest_type,0.0,1.5,0.0,0.0,3.0,0.0,0.0,0.0,0.0,trace_sig_0003_rfc8078,"RFC 8078 does not explain signal sig_0003: the required indicator rfc8078_cds_cdnskey_algorithm_zero failed because rr_type=NSEC3PARAM is not in [CDS, CDNSKEY]. The observation on 2018-01-15T02:01:45 is 320 days after RFC 8078's publication on 2017-03-01, so the timestamp is valid. Score 0.0 (none): no required indicator matched, so there is nothing to score."
sig_0003,RFC 8080,Edwards-Curve Digital Security Algorithm (EdDSA) for DNSSEC,no_match,0.0,none,true,2018-01-15T02:01:45,2017-02-01T00:00:00,xn--lundsdyksllskap-8kb.se.,,,rfc8080_eddsa_algorithm; rfc8080_eddsa_on_key_or_signature,,,0.0,1.5,0.0,0.0,3.0,0.0,0.0,0.0,0.0,trace_sig_0003_rfc8080,"RFC 8080 does not explain signal sig_0003: the required indicator rfc8080_eddsa_algorithm failed because algorithm=1 is not in [15, 16]. The observation on 2018-01-15T02:01:45 is 348 days after RFC 8080's publication on 2017-02-01, so the timestamp is valid. Score 0.0 (none): no required indicator matched, so there is nothing to score."
sig_0003,RFC 8624,Algorithm Implementation Requirements and Usage Guidance for DNSSEC,no_match,0.0,none,false,2018-01-15T02:01:45,2019-06-01T00:00:00,xn--lundsdyksllskap-8kb.se.,,,rfc8624_avoids_deprecated_algorithm; rfc8624_recommended_signing_algorithm,,rr_type; validator_algorithm_support,0.0,0.75,0.0,0.0,3.0,0.0,0.0,0.0,0.0,trace_sig_0003_rfc8624,"RFC 8624 does not explain signal sig_0003: the required indicator rfc8624_recommended_signing_algorithm failed because algorithm=1 is not in [13, 15]. Indicator(s) rfc8624_validator_algorithm_support were not tested at all (not exported by the corpus), so this rejection rests only on the indicators that could be evaluated. The observation on 2018-01-15T02:01:45 predates RFC 8624's publication on 2019-06-01 by 502 days. An observation cannot evidence adoption of an RFC that did not yet exist, so the score is forfeited. Score 0.0 (none): no required indicator matched, so there is nothing to score."
sig_0004,RFC 4509,Use of SHA-256 in DNSSEC Delegation Signer (DS) Resource Records,valid_match,11.25,high,true,2018-01-16T03:19:40,2006-05-01T00:00:00,diamantduk.se.,,rfc4509_ds_sha256_digest,,digest_type; rr_type,,9.0,1.25,0.0,0.0,0.0,0.0,0.0,0.0,11.25,trace_sig_0004_rfc4509,"RFC 4509 matched signal sig_0004: the required indicator rfc4509_ds_sha256_digest passed because rr_type=DS is in [DS, CDS] and digest_type=2 equals the expected value 2. The observation on 2018-01-16T03:19:40 is 4278 days after RFC 4509's publication on 2006-05-01, so the timestamp is valid. Score 11.25 (high) = (9.0 required) x 1.25 high specificity."
sig_0004,RFC 4033,DNS Security Introduction and Requirements (DNSSEC base: RFC 4033/4034/4035),valid_match,3.75,low,true,2018-01-16T03:19:40,2005-03-01T00:00:00,diamantduk.se.,,rfc4033_base_dnssec_record_present; rfc4033_dnssec_algorithm_present,rfc4033_dnssec_ok_negotiated,algorithm; rr_type,dnssec_ok_flag,4.0,0.75,0.0,1.0,0.0,0.0,0.0,0.0,3.75,trace_sig_0004_rfc4033,"RFC 4033 matched signal sig_0004: the required indicator rfc4033_base_dnssec_record_present passed because rr_type=DS is in [DNSKEY, DS, RRSIG, NSEC]. Corroborating indicators also matched: rfc4033_dnssec_algorithm_present. Indicator rfc4033_dnssec_ok_negotiated did not match: field 'dnssec_ok_flag' is absent from this observation, so the condition 'dnssec_ok_flag must equal true' could not be satisfied (absence is not evidence). The observation on 2018-01-16T03:19:40 is 4704 days after RFC 4033's publication on 2005-03-01, so the timestamp is valid. Score 3.75 (low) = (4.0 required + 1.0 optional) x 0.75 low specificity."
sig_0004,RFC 5155,DNS Security (DNSSEC) Hashed Authenticated Denial of Existence,no_match,0.0,none,true,2018-01-16T03:19:40,2008-03-01T00:00:00,diamantduk.se.,,,rfc5155_nsec3_hash_algorithm; rfc5155_nsec3_record_present,,,0.0,1.5,0.0,0.0,3.0,0.0,0.0,0.0,0.0,trace_sig_0004_rfc5155,"RFC 5155 does not explain signal sig_0004: the required indicator rfc5155_nsec3_record_present failed because rr_type=DS is not in [NSEC3, NSEC3PARAM]. The observation on 2018-01-16T03:19:40 is 3608 days after RFC 5155's publication on 2008-03-01, so the timestamp is valid. Score 0.0 (none): no required indicator matched, so there is nothing to score."
sig_0004,RFC 6605,Elliptic Curve Digital Signature Algorithm (DSA) for DNSSEC,no_match,0.0,none,true,2018-01-16T03:19:40,2012-04-01T00:00:00,diamantduk.se.,,,rfc6605_ecdsa_algorithm; rfc6605_ecdsa_on_key_or_signature,,,0.0,1.25,0.0,0.0,3.0,0.0,0.0,0.0,0.0,trace_sig_0004_rfc6605,"RFC 6605 does not explain signal sig_0004: the required indicator rfc6605_ecdsa_algorithm failed because algorithm=8 is not in [13, 14]. The observation on 2018-01-16T03:19:40 is 2116 days after RFC 6605's publication on 2012-04-01, so the timestamp is valid. Score 0.0 (none): no required indicator matched, so there is nothing to score."
sig_0004,RFC 7344,Automating DNSSEC Delegation Trust Maintenance,no_match,0.0,none,true,2018-01-16T03:19:40,2014-09-01T00:00:00,diamantduk.se.,,,rfc7344_cds_cdnskey_present; rfc7344_cds_publishes_digest,,,0.0,1.25,0.0,0.0,3.0,0.0,0.0,0.0,0.0,trace_sig_0004_rfc7344,"RFC 7344 does not explain signal sig_0004: the required indicator rfc7344_cds_cdnskey_present failed because rr_type=DS is not in [CDS, CDNSKEY]. The observation on 2018-01-16T03:19:40 is 1233 days after RFC 7344's publication on 2014-09-01, so the timestamp is valid. Score 0.0 (none): no required indicator matched, so there is nothing to score."
sig_0004,RFC 8078,Managing DS Records from the Parent via CDS/CDNSKEY,no_match,0.0,none,true,2018-01-16T03:19:40,2017-03-01T00:00:00,diamantduk.se.,,,rfc8078_cds_cdnskey_algorithm_zero; rfc8078_delete_signal_digest_zero,,,0.0,1.5,0.0,0.0,3.0,0.0,0.0,0.0,0.0,trace_sig_0004_rfc8078,"RFC 8078 does not explain signal sig_0004: the required indicator rfc8078_cds_cdnskey_algorithm_zero failed because rr_type=DS is not in [CDS, CDNSKEY]. The observation on 2018-01-16T03:19:40 is 321 days after RFC 8078's publication on 2017-03-01, so the timestamp is valid. Score 0.0 (none): no required indicator matched, so there is nothing to score."
sig_0004,RFC 8080,Edwards-Curve Digital Security Algorithm (EdDSA) for DNSSEC,no_match,0.0,none,true,2018-01-16T03:19:40,2017-02-01T00:00:00,diamantduk.se.,,,rfc8080_eddsa_algorithm; rfc8080_eddsa_on_key_or_signature,,,0.0,1.5,0.0,0.0,3.0,0.0,0.0,0.0,0.0,trace_sig_0004_rfc8080,"RFC 8080 does not explain signal sig_0004: the required indicator rfc8080_eddsa_algorithm failed because algorithm=8 is not in [15, 16]. The observation on 2018-01-16T03:19:40 is 349 days after RFC 8080's publication on 2017-02-01, so the timestamp is valid. Score 0.0 (none): no required indicator matched, so there is nothing to score."
sig_0004,RFC 8624,Algorithm Implementation Requirements and Usage Guidance for DNSSEC,partial_match,0.0,none,false,2018-01-16T03:19:40,2019-06-01T00:00:00,diamantduk.se.,,rfc8624_avoids_deprecated_algorithm,rfc8624_recommended_signing_algorithm,algorithm,rr_type; validator_algorithm_support,0.0,0.75,0.0,1.5,3.0,0.0,2.0,0.0,0.0,trace_sig_0004_rfc8624,"RFC 8624 partially matches signal sig_0004: the optional indicator rfc8624_avoids_deprecated_algorithm passed because algorithm is present (observed 8) and algorithm=8 differs from 1 as required. The required indicator rfc8624_recommended_signing_algorithm was not satisfied: algorithm=8 is not in [13, 15]. The observation on 2018-01-16T03:19:40 predates RFC 8624's publication on 2019-06-01 by 501 days. An observation cannot evidence adoption of an RFC that did not yet exist, so the score is forfeited. Score 0.0 (none): the penalties leave a raw total of -3.5, which is clamped to 0 before the 0.75 low specificity multiplier."
sig_0005,RFC 4509,Use of SHA-256 in DNSSEC Delegation Signer (DS) Resource Records,valid_match,11.25,high,true,2018-01-17T01:27:04,2006-05-01T00:00:00,xn--vrbazzar-9za.se.,,rfc4509_ds_sha256_digest,,digest_type; rr_type,,9.0,1.25,0.0,0.0,0.0,0.0,0.0,0.0,11.25,trace_sig_0005_rfc4509,"RFC 4509 matched signal sig_0005: the required indicator rfc4509_ds_sha256_digest passed because rr_type=DS is in [DS, CDS] and digest_type=2 equals the expected value 2. The observation on 2018-01-17T01:27:04 is 4279 days after RFC 4509's publication on 2006-05-01, so the timestamp is valid. Score 11.25 (high) = (9.0 required) x 1.25 high specificity."
sig_0005,RFC 4033,DNS Security Introduction and Requirements (DNSSEC base: RFC 4033/4034/4035),valid_match,3.75,low,true,2018-01-17T01:27:04,2005-03-01T00:00:00,xn--vrbazzar-9za.se.,,rfc4033_base_dnssec_record_present; rfc4033_dnssec_algorithm_present,rfc4033_dnssec_ok_negotiated,algorithm; rr_type,dnssec_ok_flag,4.0,0.75,0.0,1.0,0.0,0.0,0.0,0.0,3.75,trace_sig_0005_rfc4033,"RFC 4033 matched signal sig_0005: the required indicator rfc4033_base_dnssec_record_present passed because rr_type=DS is in [DNSKEY, DS, RRSIG, NSEC]. Corroborating indicators also matched: rfc4033_dnssec_algorithm_present. Indicator rfc4033_dnssec_ok_negotiated did not match: field 'dnssec_ok_flag' is absent from this observation, so the condition 'dnssec_ok_flag must equal true' could not be satisfied (absence is not evidence). The observation on 2018-01-17T01:27:04 is 4705 days after RFC 4033's publication on 2005-03-01, so the timestamp is valid. Score 3.75 (low) = (4.0 required + 1.0 optional) x 0.75 low specificity."
sig_0005,RFC 5155,DNS Security (DNSSEC) Hashed Authenticated Denial of Existence,no_match,0.0,none,true,2018-01-17T01:27:04,2008-03-01T00:00:00,xn--vrbazzar-9za.se.,,,rfc5155_nsec3_hash_algorithm; rfc5155_nsec3_record_present,,,0.0,1.5,0.0,0.0,3.0,0.0,0.0,0.0,0.0,trace_sig_0005_rfc5155,"RFC 5155 does not explain signal sig_0005: the required indicator rfc5155_nsec3_record_present failed because rr_type=DS is not in [NSEC3, NSEC3PARAM]. The observation on 2018-01-17T01:27:04 is 3609 days after RFC 5155's publication on 2008-03-01, so the timestamp is valid. Score 0.0 (none): no required indicator matched, so there is nothing to score."
sig_0005,RFC 6605,Elliptic Curve Digital Signature Algorithm (DSA) for DNSSEC,no_match,0.0,none,true,2018-01-17T01:27:04,2012-04-01T00:00:00,xn--vrbazzar-9za.se.,,,rfc6605_ecdsa_algorithm; rfc6605_ecdsa_on_key_or_signature,,,0.0,1.25,0.0,0.0,3.0,0.0,0.0,0.0,0.0,trace_sig_0005_rfc6605,"RFC 6605 does not explain signal sig_0005: the required indicator rfc6605_ecdsa_algorithm failed because algorithm=8 is not in [13, 14]. The observation on 2018-01-17T01:27:04 is 2117 days after RFC 6605's publication on 2012-04-01, so the timestamp is valid. Score 0.0 (none): no required indicator matched, so there is nothing to score."
sig_0005,RFC 7344,Automating DNSSEC Delegation Trust Maintenance,no_match,0.0,none,true,2018-01-17T01:27:04,2014-09-01T00:00:00,xn--vrbazzar-9za.se.,,,rfc7344_cds_cdnskey_present; rfc7344_cds_publishes_digest,,,0.0,1.25,0.0,0.0,3.0,0.0,0.0,0.0,0.0,trace_sig_0005_rfc7344,"RFC 7344 does not explain signal sig_0005: the required indicator rfc7344_cds_cdnskey_present failed because rr_type=DS is not in [CDS, CDNSKEY]. The observation on 2018-01-17T01:27:04 is 1234 days after RFC 7344's publication on 2014-09-01, so the timestamp is valid. Score 0.0 (none): no required indicator matched, so there is nothing to score."
sig_0005,RFC 8078,Managing DS Records from the Parent via CDS/CDNSKEY,no_match,0.0,none,true,2018-01-17T01:27:04,2017-03-01T00:00:00,xn--vrbazzar-9za.se.,,,rfc8078_cds_cdnskey_algorithm_zero; rfc8078_delete_signal_digest_zero,,,0.0,1.5,0.0,0.0,3.0,0.0,0.0,0.0,0.0,trace_sig_0005_rfc8078,"RFC 8078 does not explain signal sig_0005: the required indicator rfc8078_cds_cdnskey_algorithm_zero failed because rr_type=DS is not in [CDS, CDNSKEY]. The observation on 2018-01-17T01:27:04 is 322 days after RFC 8078's publication on 2017-03-01, so the timestamp is valid. Score 0.0 (none): no required indicator matched, so there is nothing to score."
sig_0005,RFC 8080,Edwards-Curve Digital Security Algorithm (EdDSA) for DNSSEC,no_match,0.0,none,true,2018-01-17T01:27:04,2017-02-01T00:00:00,xn--vrbazzar-9za.se.,,,rfc8080_eddsa_algorithm; rfc8080_eddsa_on_key_or_signature,,,0.0,1.5,0.0,0.0,3.0,0.0,0.0,0.0,0.0,trace_sig_0005_rfc8080,"RFC 8080 does not explain signal sig_0005: the required indicator rfc8080_eddsa_algorithm failed because algorithm=8 is not in [15, 16]. The observation on 2018-01-17T01:27:04 is 350 days after RFC 8080's publication on 2017-02-01, so the timestamp is valid. Score 0.0 (none): no required indicator matched, so there is nothing to score."
sig_0005,RFC 8624,Algorithm Implementation Requirements and Usage Guidance for DNSSEC,partial_match,0.0,none,false,2018-01-17T01:27:04,2019-06-01T00:00:00,xn--vrbazzar-9za.se.,,rfc8624_avoids_deprecated_algorithm,rfc8624_recommended_signing_algorithm,algorithm,rr_type; validator_algorithm_support,0.0,0.75,0.0,1.5,3.0,0.0,2.0,0.0,0.0,trace_sig_0005_rfc8624,"RFC 8624 partially matches signal sig_0005: the optional indicator rfc8624_avoids_deprecated_algorithm passed because algorithm is present (observed 8) and algorithm=8 differs from 1 as required. The required indicator rfc8624_recommended_signing_algorithm was not satisfied: algorithm=8 is not in [13, 15]. The observation on 2018-01-17T01:27:04 predates RFC 8624's publication on 2019-06-01 by 500 days. An observation cannot evidence adoption of an RFC that did not yet exist, so the score is forfeited. Score 0.0 (none): the penalties leave a raw total of -3.5, which is clamped to 0 before the 0.75 low specificity multiplier."
sig_0006,RFC 6605,Elliptic Curve Digital Signature Algorithm (DSA) for DNSSEC,valid_match,13.125,very_high,true,2018-01-18T05:59:37,2012-04-01T00:00:00,selark.se.,,rfc6605_ecdsa_algorithm; rfc6605_ecdsa_on_key_or_signature,,algorithm; rr_type,,9.0,1.25,0.0,1.5,0.0,0.0,0.0,0.0,13.125,trace_sig_0006_rfc6605,"RFC 6605 matched signal sig_0006: the required indicator rfc6605_ecdsa_algorithm passed because algorithm=13 is in [13, 14]. Corroborating indicators also matched: rfc6605_ecdsa_on_key_or_signature. The observation on 2018-01-18T05:59:37 is 2118 days after RFC 6605's publication on 2012-04-01, so the timestamp is valid. Score 13.125 (very_high) = (9.0 required + 1.5 optional) x 1.25 high specificity."
sig_0006,RFC 4033,DNS Security Introduction and Requirements (DNSSEC base: RFC 4033/4034/4035),valid_match,3.75,low,true,2018-01-18T05:59:37,2005-03-01T00:00:00,selark.se.,,rfc4033_base_dnssec_record_present; rfc4033_dnssec_algorithm_present,rfc4033_dnssec_ok_negotiated,algorithm; rr_type,dnssec_ok_flag,4.0,0.75,0.0,1.0,0.0,0.0,0.0,0.0,3.75,trace_sig_0006_rfc4033,"RFC 4033 matched signal sig_0006: the required indicator rfc4033_base_dnssec_record_present passed because rr_type=DS is in [DNSKEY, DS, RRSIG, NSEC]. Corroborating indicators also matched: rfc4033_dnssec_algorithm_present. Indicator rfc4033_dnssec_ok_negotiated did not match: field 'dnssec_ok_flag' is absent from this observation, so the condition 'dnssec_ok_flag must equal true' could not be satisfied (absence is not evidence). The observation on 2018-01-18T05:59:37 is 4706 days after RFC 4033's publication on 2005-03-01, so the timestamp is valid. Score 3.75 (low) = (4.0 required + 1.0 optional) x 0.75 low specificity."
sig_0006,RFC 4509,Use of SHA-256 in DNSSEC Delegation Signer (DS) Resource Records,no_match,0.0,none,true,2018-01-18T05:59:37,2006-05-01T00:00:00,selark.se.,,,rfc4509_ds_sha256_digest,,,0.0,1.25,0.0,0.0,3.0,0.0,0.0,0.0,0.0,trace_sig_0006_rfc4509,"RFC 4509 does not explain signal sig_0006: the required indicator rfc4509_ds_sha256_digest failed because digest_type=1 does not equal the expected value 2. The observation on 2018-01-18T05:59:37 is 4280 days after RFC 4509's publication on 2006-05-01, so the timestamp is valid. Score 0.0 (none): no required indicator matched, so there is nothing to score."
sig_0006,RFC 5155,DNS Security (DNSSEC) Hashed Authenticated Denial of Existence,no_match,0.0,none,true,2018-01-18T05:59:37,2008-03-01T00:00:00,selark.se.,,,rfc5155_nsec3_hash_algorithm; rfc5155_nsec3_record_present,,,0.0,1.5,0.0,0.0,3.0,0.0,0.0,0.0,0.0,trace_sig_0006_rfc5155,"RFC 5155 does not explain signal sig_0006: the required indicator rfc5155_nsec3_record_present failed because rr_type=DS is not in [NSEC3, NSEC3PARAM]. The observation on 2018-01-18T05:59:37 is 3610 days after RFC 5155's publication on 2008-03-01, so the timestamp is valid. Score 0.0 (none): no required indicator matched, so there is nothing to score."
sig_0006,RFC 7344,Automating DNSSEC Delegation Trust Maintenance,no_match,0.0,none,true,2018-01-18T05:59:37,2014-09-01T00:00:00,selark.se.,,,rfc7344_cds_cdnskey_present; rfc7344_cds_publishes_digest,,,0.0,1.25,0.0,0.0,3.0,0.0,0.0,0.0,0.0,trace_sig_0006_rfc7344,"RFC 7344 does not explain signal sig_0006: the required indicator rfc7344_cds_cdnskey_present failed because rr_type=DS is not in [CDS, CDNSKEY]. The observation on 2018-01-18T05:59:37 is 1235 days after RFC 7344's publication on 2014-09-01, so the timestamp is valid. Score 0.0 (none): no required indicator matched, so there is nothing to score."
sig_0006,RFC 8078,Managing DS Records from the Parent via CDS/CDNSKEY,no_match,0.0,none,true,2018-01-18T05:59:37,2017-03-01T00:00:00,selark.se.,,,rfc8078_cds_cdnskey_algorithm_zero; rfc8078_delete_signal_digest_zero,,,0.0,1.5,0.0,0.0,3.0,0.0,0.0,0.0,0.0,trace_sig_0006_rfc8078,"RFC 8078 does not explain signal sig_0006: the required indicator rfc8078_cds_cdnskey_algorithm_zero failed because rr_type=DS is not in [CDS, CDNSKEY]. The observation on 2018-01-18T05:59:37 is 323 days after RFC 8078's publication on 2017-03-01, so the timestamp is valid. Score 0.0 (none): no required indicator matched, so there is nothing to score."
sig_0006,RFC 8080,Edwards-Curve Digital Security Algorithm (EdDSA) for DNSSEC,no_match,0.0,none,true,2018-01-18T05:59:37,2017-02-01T00:00:00,selark.se.,,,rfc8080_eddsa_algorithm; rfc8080_eddsa_on_key_or_signature,,,0.0,1.5,0.0,0.0,3.0,0.0,0.0,0.0,0.0,trace_sig_0006_rfc8080,"RFC 8080 does not explain signal sig_0006: the required indicator rfc8080_eddsa_algorithm failed because algorithm=13 is not in [15, 16]. The observation on 2018-01-18T05:59:37 is 351 days after RFC 8080's publication on 2017-02-01, so the timestamp is valid. Score 0.0 (none): no required indicator matched, so there is nothing to score."
sig_0006,RFC 8624,Algorithm Implementation Requirements and Usage Guidance for DNSSEC,timestamp_invalid,0.0,none,false,2018-01-18T05:59:37,2019-06-01T00:00:00,selark.se.,,rfc8624_avoids_deprecated_algorithm; rfc8624_recommended_signing_algorithm,,algorithm,rr_type; validator_algorithm_support,5.0,0.75,0.0,1.5,0.0,0.0,2.0,3.375,0.0,trace_sig_0006_rfc8624,"RFC 8624 cannot explain signal sig_0006: although algorithm=13 satisfy the required indicator rfc8624_recommended_signing_algorithm, the observation on 2018-01-18T05:59:37 predates RFC 8624's publication on 2019-06-01 by 499 days. An observation cannot evidence adoption of an RFC that did not yet exist, so the score of 3.375 is forfeited and this is routed to the review queue. The withheld score derives from (5.0 required + 1.5 optional - 2.0 ambiguity penalty) x 0.75 low specificity."
sig_0007,RFC 4033,DNS Security Introduction and Requirements (DNSSEC base: RFC 4033/4034/4035),valid_match,3.75,low,true,2018-01-24T04:47:30,2005-03-01T00:00:00,xn--bstaspelautomaterna-gwb.nu.,,rfc4033_base_dnssec_record_present; rfc4033_dnssec_algorithm_present,rfc4033_dnssec_ok_negotiated,algorithm; rr_type,dnssec_ok_flag,4.0,0.75,0.0,1.0,0.0,0.0,0.0,0.0,3.75,trace_sig_0007_rfc4033,"RFC 4033 matched signal sig_0007: the required indicator rfc4033_base_dnssec_record_present passed because rr_type=DS is in [DNSKEY, DS, RRSIG, NSEC]. Corroborating indicators also matched: rfc4033_dnssec_algorithm_present. Indicator rfc4033_dnssec_ok_negotiated did not match: field 'dnssec_ok_flag' is absent from this observation, so the condition 'dnssec_ok_flag must equal true' could not be satisfied (absence is not evidence). The observation on 2018-01-24T04:47:30 is 4712 days after RFC 4033's publication on 2005-03-01, so the timestamp is valid. Score 3.75 (low) = (4.0 required + 1.0 optional) x 0.75 low specificity."
sig_0007,RFC 4509,Use of SHA-256 in DNSSEC Delegation Signer (DS) Resource Records,no_match,0.0,none,true,2018-01-24T04:47:30,2006-05-01T00:00:00,xn--bstaspelautomaterna-gwb.nu.,,,rfc4509_ds_sha256_digest,,,0.0,1.25,0.0,0.0,3.0,0.0,0.0,0.0,0.0,trace_sig_0007_rfc4509,"RFC 4509 does not explain signal sig_0007: the required indicator rfc4509_ds_sha256_digest failed because digest_type=1 does not equal the expected value 2. The observation on 2018-01-24T04:47:30 is 4286 days after RFC 4509's publication on 2006-05-01, so the timestamp is valid. Score 0.0 (none): no required indicator matched, so there is nothing to score."
sig_0007,RFC 5155,DNS Security (DNSSEC) Hashed Authenticated Denial of Existence,no_match,0.0,none,true,2018-01-24T04:47:30,2008-03-01T00:00:00,xn--bstaspelautomaterna-gwb.nu.,,,rfc5155_nsec3_hash_algorithm; rfc5155_nsec3_record_present,,,0.0,1.5,0.0,0.0,3.0,0.0,0.0,0.0,0.0,trace_sig_0007_rfc5155,"RFC 5155 does not explain signal sig_0007: the required indicator rfc5155_nsec3_record_present failed because rr_type=DS is not in [NSEC3, NSEC3PARAM]. The observation on 2018-01-24T04:47:30 is 3616 days after RFC 5155's publication on 2008-03-01, so the timestamp is valid. Score 0.0 (none): no required indicator matched, so there is nothing to score."
sig_0007,RFC 6605,Elliptic Curve Digital Signature Algorithm (DSA) for DNSSEC,no_match,0.0,none,true,2018-01-24T04:47:30,2012-04-01T00:00:00,xn--bstaspelautomaterna-gwb.nu.,,,rfc6605_ecdsa_algorithm; rfc6605_ecdsa_on_key_or_signature,,,0.0,1.25,0.0,0.0,3.0,0.0,0.0,0.0,0.0,trace_sig_0007_rfc6605,"RFC 6605 does not explain signal sig_0007: the required indicator rfc6605_ecdsa_algorithm failed because algorithm=8 is not in [13, 14]. The observation on 2018-01-24T04:47:30 is 2124 days after RFC 6605's publication on 2012-04-01, so the timestamp is valid. Score 0.0 (none): no required indicator matched, so there is nothing to score."
sig_0007,RFC 7344,Automating DNSSEC Delegation Trust Maintenance,no_match,0.0,none,true,2018-01-24T04:47:30,2014-09-01T00:00:00,xn--bstaspelautomaterna-gwb.nu.,,,rfc7344_cds_cdnskey_present; rfc7344_cds_publishes_digest,,,0.0,1.25,0.0,0.0,3.0,0.0,0.0,0.0,0.0,trace_sig_0007_rfc7344,"RFC 7344 does not explain signal sig_0007: the required indicator rfc7344_cds_cdnskey_present failed because rr_type=DS is not in [CDS, CDNSKEY]. The observation on 2018-01-24T04:47:30 is 1241 days after RFC 7344's publication on 2014-09-01, so the timestamp is valid. Score 0.0 (none): no required indicator matched, so there is nothing to score."
sig_0007,RFC 8078,Managing DS Records from the Parent via CDS/CDNSKEY,no_match,0.0,none,true,2018-01-24T04:47:30,2017-03-01T00:00:00,xn--bstaspelautomaterna-gwb.nu.,,,rfc8078_cds_cdnskey_algorithm_zero; rfc8078_delete_signal_digest_zero,,,0.0,1.5,0.0,0.0,3.0,0.0,0.0,0.0,0.0,trace_sig_0007_rfc8078,"RFC 8078 does not explain signal sig_0007: the required indicator rfc8078_cds_cdnskey_algorithm_zero failed because rr_type=DS is not in [CDS, CDNSKEY]. The observation on 2018-01-24T04:47:30 is 329 days after RFC 8078's publication on 2017-03-01, so the timestamp is valid. Score 0.0 (none): no required indicator matched, so there is nothing to score."
sig_0007,RFC 8080,Edwards-Curve Digital Security Algorithm (EdDSA) for DNSSEC,no_match,0.0,none,true,2018-01-24T04:47:30,2017-02-01T00:00:00,xn--bstaspelautomaterna-gwb.nu.,,,rfc8080_eddsa_algorithm; rfc8080_eddsa_on_key_or_signature,,,0.0,1.5,0.0,0.0,3.0,0.0,0.0,0.0,0.0,trace_sig_0007_rfc8080,"RFC 8080 does not explain signal sig_0007: the required indicator rfc8080_eddsa_algorithm failed because algorithm=8 is not in [15, 16]. The observation on 2018-01-24T04:47:30 is 357 days after RFC 8080's publication on 2017-02-01, so the timestamp is valid. Score 0.0 (none): no required indicator matched, so there is nothing to score."
sig_0007,RFC 8624,Algorithm Implementation Requirements and Usage Guidance for DNSSEC,partial_match,0.0,none,false,2018-01-24T04:47:30,2019-06-01T00:00:00,xn--bstaspelautomaterna-gwb.nu.,,rfc8624_avoids_deprecated_algorithm,rfc8624_recommended_signing_algorithm,algorithm,rr_type; validator_algorithm_support,0.0,0.75,0.0,1.5,3.0,0.0,2.0,0.0,0.0,trace_sig_0007_rfc8624,"RFC 8624 partially matches signal sig_0007: the optional indicator rfc8624_avoids_deprecated_algorithm passed because algorithm is present (observed 8) and algorithm=8 differs from 1 as required. The required indicator rfc8624_recommended_signing_algorithm was not satisfied: algorithm=8 is not in [13, 15]. The observation on 2018-01-24T04:47:30 predates RFC 8624's publication on 2019-06-01 by 493 days. An observation cannot evidence adoption of an RFC that did not yet exist, so the score is forfeited. Score 0.0 (none): the penalties leave a raw total of -3.5, which is clamped to 0 before the 0.75 low specificity multiplier."
sig_0008,RFC 4509,Use of SHA-256 in DNSSEC Delegation Signer (DS) Resource Records,valid_match,11.25,high,true,2018-02-11T02:33:44,2006-05-01T00:00:00,xn--strmstad-p4a.nu.,,rfc4509_ds_sha256_digest,,digest_type; rr_type,,9.0,1.25,0.0,0.0,0.0,0.0,0.0,0.0,11.25,trace_sig_0008_rfc4509,"RFC 4509 matched signal sig_0008: the required indicator rfc4509_ds_sha256_digest passed because rr_type=DS is in [DS, CDS] and digest_type=2 equals the expected value 2. The observation on 2018-02-11T02:33:44 is 4304 days after RFC 4509's publication on 2006-05-01, so the timestamp is valid. Score 11.25 (high) = (9.0 required) x 1.25 high specificity."
sig_0008,RFC 4033,DNS Security Introduction and Requirements (DNSSEC base: RFC 4033/4034/4035),valid_match,3.75,low,true,2018-02-11T02:33:44,2005-03-01T00:00:00,xn--strmstad-p4a.nu.,,rfc4033_base_dnssec_record_present; rfc4033_dnssec_algorithm_present,rfc4033_dnssec_ok_negotiated,algorithm; rr_type,dnssec_ok_flag,4.0,0.75,0.0,1.0,0.0,0.0,0.0,0.0,3.75,trace_sig_0008_rfc4033,"RFC 4033 matched signal sig_0008: the required indicator rfc4033_base_dnssec_record_present passed because rr_type=DS is in [DNSKEY, DS, RRSIG, NSEC]. Corroborating indicators also matched: rfc4033_dnssec_algorithm_present. Indicator rfc4033_dnssec_ok_negotiated did not match: field 'dnssec_ok_flag' is absent from this observation, so the condition 'dnssec_ok_flag must equal true' could not be satisfied (absence is not evidence). The observation on 2018-02-11T02:33:44 is 4730 days after RFC 4033's publication on 2005-03-01, so the timestamp is valid. Score 3.75 (low) = (4.0 required + 1.0 optional) x 0.75 low specificity."
sig_0008,RFC 5155,DNS Security (DNSSEC) Hashed Authenticated Denial of Existence,no_match,0.0,none,true,2018-02-11T02:33:44,2008-03-01T00:00:00,xn--strmstad-p4a.nu.,,,rfc5155_nsec3_hash_algorithm; rfc5155_nsec3_record_present,,,0.0,1.5,0.0,0.0,3.0,0.0,0.0,0.0,0.0,trace_sig_0008_rfc5155,"RFC 5155 does not explain signal sig_0008: the required indicator rfc5155_nsec3_record_present failed because rr_type=DS is not in [NSEC3, NSEC3PARAM]. The observation on 2018-02-11T02:33:44 is 3634 days after RFC 5155's publication on 2008-03-01, so the timestamp is valid. Score 0.0 (none): no required indicator matched, so there is nothing to score."
sig_0008,RFC 6605,Elliptic Curve Digital Signature Algorithm (DSA) for DNSSEC,no_match,0.0,none,true,2018-02-11T02:33:44,2012-04-01T00:00:00,xn--strmstad-p4a.nu.,,,rfc6605_ecdsa_algorithm; rfc6605_ecdsa_on_key_or_signature,,,0.0,1.25,0.0,0.0,3.0,0.0,0.0,0.0,0.0,trace_sig_0008_rfc6605,"RFC 6605 does not explain signal sig_0008: the required indicator rfc6605_ecdsa_algorithm failed because algorithm=8 is not in [13, 14]. The observation on 2018-02-11T02:33:44 is 2142 days after RFC 6605's publication on 2012-04-01, so the timestamp is valid. Score 0.0 (none): no required indicator matched, so there is nothing to score."
sig_0008,RFC 7344,Automating DNSSEC Delegation Trust Maintenance,no_match,0.0,none,true,2018-02-11T02:33:44,2014-09-01T00:00:00,xn--strmstad-p4a.nu.,,,rfc7344_cds_cdnskey_present; rfc7344_cds_publishes_digest,,,0.0,1.25,0.0,0.0,3.0,0.0,0.0,0.0,0.0,trace_sig_0008_rfc7344,"RFC 7344 does not explain signal sig_0008: the required indicator rfc7344_cds_cdnskey_present failed because rr_type=DS is not in [CDS, CDNSKEY]. The observation on 2018-02-11T02:33:44 is 1259 days after RFC 7344's publication on 2014-09-01, so the timestamp is valid. Score 0.0 (none): no required indicator matched, so there is nothing to score."
sig_0008,RFC 8078,Managing DS Records from the Parent via CDS/CDNSKEY,no_match,0.0,none,true,2018-02-11T02:33:44,2017-03-01T00:00:00,xn--strmstad-p4a.nu.,,,rfc8078_cds_cdnskey_algorithm_zero; rfc8078_delete_signal_digest_zero,,,0.0,1.5,0.0,0.0,3.0,0.0,0.0,0.0,0.0,trace_sig_0008_rfc8078,"RFC 8078 does not explain signal sig_0008: the required indicator rfc8078_cds_cdnskey_algorithm_zero failed because rr_type=DS is not in [CDS, CDNSKEY]. The observation on 2018-02-11T02:33:44 is 347 days after RFC 8078's publication on 2017-03-01, so the timestamp is valid. Score 0.0 (none): no required indicator matched, so there is nothing to score."
sig_0008,RFC 8080,Edwards-Curve Digital Security Algorithm (EdDSA) for DNSSEC,no_match,0.0,none,true,2018-02-11T02:33:44,2017-02-01T00:00:00,xn--strmstad-p4a.nu.,,,rfc8080_eddsa_algorithm; rfc8080_eddsa_on_key_or_signature,,,0.0,1.5,0.0,0.0,3.0,0.0,0.0,0.0,0.0,trace_sig_0008_rfc8080,"RFC 8080 does not explain signal sig_0008: the required indicator rfc8080_eddsa_algorithm failed because algorithm=8 is not in [15, 16]. The observation on 2018-02-11T02:33:44 is 375 days after RFC 8080's publication on 2017-02-01, so the timestamp is valid. Score 0.0 (none): no required indicator matched, so there is nothing to score."
sig_0008,RFC 8624,Algorithm Implementation Requirements and Usage Guidance for DNSSEC,partial_match,0.0,none,false,2018-02-11T02:33:44,2019-06-01T00:00:00,xn--strmstad-p4a.nu.,,rfc8624_avoids_deprecated_algorithm,rfc8624_recommended_signing_algorithm,algorithm,rr_type; validator_algorithm_support,0.0,0.75,0.0,1.5,3.0,0.0,2.0,0.0,0.0,trace_sig_0008_rfc8624,"RFC 8624 partially matches signal sig_0008: the optional indicator rfc8624_avoids_deprecated_algorithm passed because algorithm is present (observed 8) and algorithm=8 differs from 1 as required. The required indicator rfc8624_recommended_signing_algorithm was not satisfied: algorithm=8 is not in [13, 15]. The observation on 2018-02-11T02:33:44 predates RFC 8624's publication on 2019-06-01 by 475 days. An observation cannot evidence adoption of an RFC that did not yet exist, so the score is forfeited. Score 0.0 (none): the penalties leave a raw total of -3.5, which is clamped to 0 before the 0.75 low specificity multiplier."
sig_0009,RFC 4033,DNS Security Introduction and Requirements (DNSSEC base: RFC 4033/4034/4035),valid_match,3.75,low,true,2018-05-13T05:15:37,2005-03-01T00:00:00,saltniklas.nu.,,rfc4033_base_dnssec_record_present; rfc4033_dnssec_algorithm_present,rfc4033_dnssec_ok_negotiated,algorithm; rr_type,dnssec_ok_flag,4.0,0.75,0.0,1.0,0.0,0.0,0.0,0.0,3.75,trace_sig_0009_rfc4033,"RFC 4033 matched signal sig_0009: the required indicator rfc4033_base_dnssec_record_present passed because rr_type=RRSIG is in [DNSKEY, DS, RRSIG, NSEC]. Corroborating indicators also matched: rfc4033_dnssec_algorithm_present. Indicator rfc4033_dnssec_ok_negotiated did not match: field 'dnssec_ok_flag' is absent from this observation, so the condition 'dnssec_ok_flag must equal true' could not be satisfied (absence is not evidence). The observation on 2018-05-13T05:15:37 is 4821 days after RFC 4033's publication on 2005-03-01, so the timestamp is valid. Score 3.75 (low) = (4.0 required + 1.0 optional) x 0.75 low specificity."
sig_0009,RFC 4509,Use of SHA-256 in DNSSEC Delegation Signer (DS) Resource Records,no_match,0.0,none,true,2018-05-13T05:15:37,2006-05-01T00:00:00,saltniklas.nu.,,,rfc4509_ds_sha256_digest,,digest_type,0.0,1.25,0.0,0.0,3.0,0.0,0.0,0.0,0.0,trace_sig_0009_rfc4509,"RFC 4509 does not explain signal sig_0009: the required indicator rfc4509_ds_sha256_digest failed because rr_type=RRSIG is not in [DS, CDS]. The observation on 2018-05-13T05:15:37 is 4395 days after RFC 4509's publication on 2006-05-01, so the timestamp is valid. Score 0.0 (none): no required indicator matched, so there is nothing to score."
sig_0009,RFC 5155,DNS Security (DNSSEC) Hashed Authenticated Denial of Existence,no_match,0.0,none,true,2018-05-13T05:15:37,2008-03-01T00:00:00,saltniklas.nu.,,,rfc5155_nsec3_hash_algorithm; rfc5155_nsec3_record_present,,,0.0,1.5,0.0,0.0,3.0,0.0,0.0,0.0,0.0,trace_sig_0009_rfc5155,"RFC 5155 does not explain signal sig_0009: the required indicator rfc5155_nsec3_record_present failed because rr_type=RRSIG is not in [NSEC3, NSEC3PARAM]. The observation on 2018-05-13T05:15:37 is 3725 days after RFC 5155's publication on 2008-03-01, so the timestamp is valid. Score 0.0 (none): no required indicator matched, so there is nothing to score."
sig_0009,RFC 6605,Elliptic Curve Digital Signature Algorithm (DSA) for DNSSEC,no_match,0.0,none,true,2018-05-13T05:15:37,2012-04-01T00:00:00,saltniklas.nu.,,,rfc6605_ecdsa_algorithm; rfc6605_ecdsa_on_key_or_signature,,,0.0,1.25,0.0,0.0,3.0,0.0,0.0,0.0,0.0,trace_sig_0009_rfc6605,"RFC 6605 does not explain signal sig_0009: the required indicator rfc6605_ecdsa_algorithm failed because algorithm=7 is not in [13, 14]. The observation on 2018-05-13T05:15:37 is 2233 days after RFC 6605's publication on 2012-04-01, so the timestamp is valid. Score 0.0 (none): no required indicator matched, so there is nothing to score."
sig_0009,RFC 7344,Automating DNSSEC Delegation Trust Maintenance,no_match,0.0,none,true,2018-05-13T05:15:37,2014-09-01T00:00:00,saltniklas.nu.,,,rfc7344_cds_cdnskey_present; rfc7344_cds_publishes_digest,,digest_type,0.0,1.25,0.0,0.0,3.0,0.0,0.0,0.0,0.0,trace_sig_0009_rfc7344,"RFC 7344 does not explain signal sig_0009: the required indicator rfc7344_cds_cdnskey_present failed because rr_type=RRSIG is not in [CDS, CDNSKEY]. The observation on 2018-05-13T05:15:37 is 1350 days after RFC 7344's publication on 2014-09-01, so the timestamp is valid. Score 0.0 (none): no required indicator matched, so there is nothing to score."
sig_0009,RFC 8078,Managing DS Records from the Parent via CDS/CDNSKEY,no_match,0.0,none,true,2018-05-13T05:15:37,2017-03-01T00:00:00,saltniklas.nu.,,,rfc8078_cds_cdnskey_algorithm_zero; rfc8078_delete_signal_digest_zero,,digest_type,0.0,1.5,0.0,0.0,3.0,0.0,0.0,0.0,0.0,trace_sig_0009_rfc8078,"RFC 8078 does not explain signal sig_0009: the required indicator rfc8078_cds_cdnskey_algorithm_zero failed because rr_type=RRSIG is not in [CDS, CDNSKEY]. The observation on 2018-05-13T05:15:37 is 438 days after RFC 8078's publication on 2017-03-01, so the timestamp is valid. Score 0.0 (none): no required indicator matched, so there is nothing to score."
sig_0009,RFC 8080,Edwards-Curve Digital Security Algorithm (EdDSA) for DNSSEC,no_match,0.0,none,true,2018-05-13T05:15:37,2017-02-01T00:00:00,saltniklas.nu.,,,rfc8080_eddsa_algorithm; rfc8080_eddsa_on_key_or_signature,,,0.0,1.5,0.0,0.0,3.0,0.0,0.0,0.0,0.0,trace_sig_0009_rfc8080,"RFC 8080 does not explain signal sig_0009: the required indicator rfc8080_eddsa_algorithm failed because algorithm=7 is not in [15, 16]. The observation on 2018-05-13T05:15:37 is 466 days after RFC 8080's publication on 2017-02-01, so the timestamp is valid. Score 0.0 (none): no required indicator matched, so there is nothing to score."
sig_0009,RFC 8624,Algorithm Implementation Requirements and Usage Guidance for DNSSEC,partial_match,0.0,none,false,2018-05-13T05:15:37,2019-06-01T00:00:00,saltniklas.nu.,,rfc8624_avoids_deprecated_algorithm,rfc8624_recommended_signing_algorithm,algorithm,rr_type; validator_algorithm_support,0.0,0.75,0.0,1.5,3.0,0.0,2.0,0.0,0.0,trace_sig_0009_rfc8624,"RFC 8624 partially matches signal sig_0009: the optional indicator rfc8624_avoids_deprecated_algorithm passed because algorithm is present (observed 7) and algorithm=7 differs from 1 as required. The required indicator rfc8624_recommended_signing_algorithm was not satisfied: algorithm=7 is not in [13, 15]. The observation on 2018-05-13T05:15:37 predates RFC 8624's publication on 2019-06-01 by 384 days. An observation cannot evidence adoption of an RFC that did not yet exist, so the score is forfeited. Score 0.0 (none): the penalties leave a raw total of -3.5, which is clamped to 0 before the 0.75 low specificity multiplier."
sig_0010,RFC 4509,Use of SHA-256 in DNSSEC Delegation Signer (DS) Resource Records,valid_match,11.25,high,true,2018-10-13T02:28:15,2006-05-01T00:00:00,logistikbalsta.nu.,,rfc4509_ds_sha256_digest,,digest_type; rr_type,,9.0,1.25,0.0,0.0,0.0,0.0,0.0,0.0,11.25,trace_sig_0010_rfc4509,"RFC 4509 matched signal sig_0010: the required indicator rfc4509_ds_sha256_digest passed because rr_type=DS is in [DS, CDS] and digest_type=2 equals the expected value 2. The observation on 2018-10-13T02:28:15 is 4548 days after RFC 4509's publication on 2006-05-01, so the timestamp is valid. Score 11.25 (high) = (9.0 required) x 1.25 high specificity."
sig_0010,RFC 4033,DNS Security Introduction and Requirements (DNSSEC base: RFC 4033/4034/4035),valid_match,3.75,low,true,2018-10-13T02:28:15,2005-03-01T00:00:00,logistikbalsta.nu.,,rfc4033_base_dnssec_record_present; rfc4033_dnssec_algorithm_present,rfc4033_dnssec_ok_negotiated,algorithm; rr_type,dnssec_ok_flag,4.0,0.75,0.0,1.0,0.0,0.0,0.0,0.0,3.75,trace_sig_0010_rfc4033,"RFC 4033 matched signal sig_0010: the required indicator rfc4033_base_dnssec_record_present passed because rr_type=DS is in [DNSKEY, DS, RRSIG, NSEC]. Corroborating indicators also matched: rfc4033_dnssec_algorithm_present. Indicator rfc4033_dnssec_ok_negotiated did not match: field 'dnssec_ok_flag' is absent from this observation, so the condition 'dnssec_ok_flag must equal true' could not be satisfied (absence is not evidence). The observation on 2018-10-13T02:28:15 is 4974 days after RFC 4033's publication on 2005-03-01, so the timestamp is valid. Score 3.75 (low) = (4.0 required + 1.0 optional) x 0.75 low specificity."
sig_0010,RFC 5155,DNS Security (DNSSEC) Hashed Authenticated Denial of Existence,no_match,0.0,none,true,2018-10-13T02:28:15,2008-03-01T00:00:00,logistikbalsta.nu.,,,rfc5155_nsec3_hash_algorithm; rfc5155_nsec3_record_present,,,0.0,1.5,0.0,0.0,3.0,0.0,0.0,0.0,0.0,trace_sig_0010_rfc5155,"RFC 5155 does not explain signal sig_0010: the required indicator rfc5155_nsec3_record_present failed because rr_type=DS is not in [NSEC3, NSEC3PARAM]. The observation on 2018-10-13T02:28:15 is 3878 days after RFC 5155's publication on 2008-03-01, so the timestamp is valid. Score 0.0 (none): no required indicator matched, so there is nothing to score."
sig_0010,RFC 6605,Elliptic Curve Digital Signature Algorithm (DSA) for DNSSEC,no_match,0.0,none,true,2018-10-13T02:28:15,2012-04-01T00:00:00,logistikbalsta.nu.,,,rfc6605_ecdsa_algorithm; rfc6605_ecdsa_on_key_or_signature,,,0.0,1.25,0.0,0.0,3.0,0.0,0.0,0.0,0.0,trace_sig_0010_rfc6605,"RFC 6605 does not explain signal sig_0010: the required indicator rfc6605_ecdsa_algorithm failed because algorithm=8 is not in [13, 14]. The observation on 2018-10-13T02:28:15 is 2386 days after RFC 6605's publication on 2012-04-01, so the timestamp is valid. Score 0.0 (none): no required indicator matched, so there is nothing to score."
sig_0010,RFC 7344,Automating DNSSEC Delegation Trust Maintenance,no_match,0.0,none,true,2018-10-13T02:28:15,2014-09-01T00:00:00,logistikbalsta.nu.,,,rfc7344_cds_cdnskey_present; rfc7344_cds_publishes_digest,,,0.0,1.25,0.0,0.0,3.0,0.0,0.0,0.0,0.0,trace_sig_0010_rfc7344,"RFC 7344 does not explain signal sig_0010: the required indicator rfc7344_cds_cdnskey_present failed because rr_type=DS is not in [CDS, CDNSKEY]. The observation on 2018-10-13T02:28:15 is 1503 days after RFC 7344's publication on 2014-09-01, so the timestamp is valid. Score 0.0 (none): no required indicator matched, so there is nothing to score."
sig_0010,RFC 8078,Managing DS Records from the Parent via CDS/CDNSKEY,no_match,0.0,none,true,2018-10-13T02:28:15,2017-03-01T00:00:00,logistikbalsta.nu.,,,rfc8078_cds_cdnskey_algorithm_zero; rfc8078_delete_signal_digest_zero,,,0.0,1.5,0.0,0.0,3.0,0.0,0.0,0.0,0.0,trace_sig_0010_rfc8078,"RFC 8078 does not explain signal sig_0010: the required indicator rfc8078_cds_cdnskey_algorithm_zero failed because rr_type=DS is not in [CDS, CDNSKEY]. The observation on 2018-10-13T02:28:15 is 591 days after RFC 8078's publication on 2017-03-01, so the timestamp is valid. Score 0.0 (none): no required indicator matched, so there is nothing to score."
sig_0010,RFC 8080,Edwards-Curve Digital Security Algorithm (EdDSA) for DNSSEC,no_match,0.0,none,true,2018-10-13T02:28:15,2017-02-01T00:00:00,logistikbalsta.nu.,,,rfc8080_eddsa_algorithm; rfc8080_eddsa_on_key_or_signature,,,0.0,1.5,0.0,0.0,3.0,0.0,0.0,0.0,0.0,trace_sig_0010_rfc8080,"RFC 8080 does not explain signal sig_0010: the required indicator rfc8080_eddsa_algorithm failed because algorithm=8 is not in [15, 16]. The observation on 2018-10-13T02:28:15 is 619 days after RFC 8080's publication on 2017-02-01, so the timestamp is valid. Score 0.0 (none): no required indicator matched, so there is nothing to score."
sig_0010,RFC 8624,Algorithm Implementation Requirements and Usage Guidance for DNSSEC,partial_match,0.0,none,false,2018-10-13T02:28:15,2019-06-01T00:00:00,logistikbalsta.nu.,,rfc8624_avoids_deprecated_algorithm,rfc8624_recommended_signing_algorithm,algorithm,rr_type; validator_algorithm_support,0.0,0.75,0.0,1.5,3.0,0.0,2.0,0.0,0.0,trace_sig_0010_rfc8624,"RFC 8624 partially matches signal sig_0010: the optional indicator rfc8624_avoids_deprecated_algorithm passed because algorithm is present (observed 8) and algorithm=8 differs from 1 as required. The required indicator rfc8624_recommended_signing_algorithm was not satisfied: algorithm=8 is not in [13, 15]. The observation on 2018-10-13T02:28:15 predates RFC 8624's publication on 2019-06-01 by 231 days. An observation cannot evidence adoption of an RFC that did not yet exist, so the score is forfeited. Score 0.0 (none): the penalties leave a raw total of -3.5, which is clamped to 0 before the 0.75 low specificity multiplier."
sig_0011,RFC 5155,DNS Security (DNSSEC) Hashed Authenticated Denial of Existence,valid_match,17.25,very_high,true,2018-10-29T02:54:57,2008-03-01T00:00:00,klickmonster.nu.,,rfc5155_nsec3_hash_algorithm; rfc5155_nsec3_record_present,,algorithm; rr_type,,10.0,1.5,0.0,1.5,0.0,0.0,0.0,0.0,17.25,trace_sig_0011_rfc5155,"RFC 5155 matched signal sig_0011: the required indicator rfc5155_nsec3_record_present passed because rr_type=NSEC3PARAM is in [NSEC3, NSEC3PARAM]. Corroborating indicators also matched: rfc5155_nsec3_hash_algorithm. The observation on 2018-10-29T02:54:57 is 3894 days after RFC 5155's publication on 2008-03-01, so the timestamp is valid. Score 17.25 (very_high) = (10.0 required + 1.5 optional) x 1.5 very_high specificity."
sig_0011,RFC 4033,DNS Security Introduction and Requirements (DNSSEC base: RFC 4033/4034/4035),partial_match,0.0,none,true,2018-10-29T02:54:57,2005-03-01T00:00:00,klickmonster.nu.,,rfc4033_dnssec_algorithm_present,rfc4033_base_dnssec_record_present; rfc4033_dnssec_ok_negotiated,algorithm,dnssec_ok_flag,0.0,0.75,0.0,1.0,3.0,0.0,0.0,0.0,0.0,trace_sig_0011_rfc4033,"RFC 4033 partially matches signal sig_0011: the optional indicator rfc4033_dnssec_algorithm_present passed because algorithm is present (observed 1). The required indicator rfc4033_base_dnssec_record_present was not satisfied: rr_type=NSEC3PARAM is not in [DNSKEY, DS, RRSIG, NSEC]. The observation on 2018-10-29T02:54:57 is 4990 days after RFC 4033's publication on 2005-03-01, so the timestamp is valid. Score 0.0 (none): the penalties leave a raw total of -2.0, which is clamped to 0 before the 0.75 low specificity multiplier."
sig_0011,RFC 4509,Use of SHA-256 in DNSSEC Delegation Signer (DS) Resource Records,no_match,0.0,none,true,2018-10-29T02:54:57,2006-05-01T00:00:00,klickmonster.nu.,,,rfc4509_ds_sha256_digest,,digest_type,0.0,1.25,0.0,0.0,3.0,0.0,0.0,0.0,0.0,trace_sig_0011_rfc4509,"RFC 4509 does not explain signal sig_0011: the required indicator rfc4509_ds_sha256_digest failed because rr_type=NSEC3PARAM is not in [DS, CDS]. The observation on 2018-10-29T02:54:57 is 4564 days after RFC 4509's publication on 2006-05-01, so the timestamp is valid. Score 0.0 (none): no required indicator matched, so there is nothing to score."
sig_0011,RFC 6605,Elliptic Curve Digital Signature Algorithm (DSA) for DNSSEC,no_match,0.0,none,true,2018-10-29T02:54:57,2012-04-01T00:00:00,klickmonster.nu.,,,rfc6605_ecdsa_algorithm; rfc6605_ecdsa_on_key_or_signature,,,0.0,1.25,0.0,0.0,3.0,0.0,0.0,0.0,0.0,trace_sig_0011_rfc6605,"RFC 6605 does not explain signal sig_0011: the required indicator rfc6605_ecdsa_algorithm failed because algorithm=1 is not in [13, 14]. The observation on 2018-10-29T02:54:57 is 2402 days after RFC 6605's publication on 2012-04-01, so the timestamp is valid. Score 0.0 (none): no required indicator matched, so there is nothing to score."
sig_0011,RFC 7344,Automating DNSSEC Delegation Trust Maintenance,no_match,0.0,none,true,2018-10-29T02:54:57,2014-09-01T00:00:00,klickmonster.nu.,,,rfc7344_cds_cdnskey_present; rfc7344_cds_publishes_digest,,digest_type,0.0,1.25,0.0,0.0,3.0,0.0,0.0,0.0,0.0,trace_sig_0011_rfc7344,"RFC 7344 does not explain signal sig_0011: the required indicator rfc7344_cds_cdnskey_present failed because rr_type=NSEC3PARAM is not in [CDS, CDNSKEY]. The observation on 2018-10-29T02:54:57 is 1519 days after RFC 7344's publication on 2014-09-01, so the timestamp is valid. Score 0.0 (none): no required indicator matched, so there is nothing to score."
sig_0011,RFC 8078,Managing DS Records from the Parent via CDS/CDNSKEY,no_match,0.0,none,true,2018-10-29T02:54:57,2017-03-01T00:00:00,klickmonster.nu.,,,rfc8078_cds_cdnskey_algorithm_zero; rfc8078_delete_signal_digest_zero,,digest_type,0.0,1.5,0.0,0.0,3.0,0.0,0.0,0.0,0.0,trace_sig_0011_rfc8078,"RFC 8078 does not explain signal sig_0011: the required indicator rfc8078_cds_cdnskey_algorithm_zero failed because rr_type=NSEC3PARAM is not in [CDS, CDNSKEY]. The observation on 2018-10-29T02:54:57 is 607 days after RFC 8078's publication on 2017-03-01, so the timestamp is valid. Score 0.0 (none): no required indicator matched, so there is nothing to score."
sig_0011,RFC 8080,Edwards-Curve Digital Security Algorithm (EdDSA) for DNSSEC,no_match,0.0,none,true,2018-10-29T02:54:57,2017-02-01T00:00:00,klickmonster.nu.,,,rfc8080_eddsa_algorithm; rfc8080_eddsa_on_key_or_signature,,,0.0,1.5,0.0,0.0,3.0,0.0,0.0,0.0,0.0,trace_sig_0011_rfc8080,"RFC 8080 does not explain signal sig_0011: the required indicator rfc8080_eddsa_algorithm failed because algorithm=1 is not in [15, 16]. The observation on 2018-10-29T02:54:57 is 635 days after RFC 8080's publication on 2017-02-01, so the timestamp is valid. Score 0.0 (none): no required indicator matched, so there is nothing to score."
sig_0011,RFC 8624,Algorithm Implementation Requirements and Usage Guidance for DNSSEC,no_match,0.0,none,false,2018-10-29T02:54:57,2019-06-01T00:00:00,klickmonster.nu.,,,rfc8624_avoids_deprecated_algorithm; rfc8624_recommended_signing_algorithm,,rr_type; validator_algorithm_support,0.0,0.75,0.0,0.0,3.0,0.0,0.0,0.0,0.0,trace_sig_0011_rfc8624,"RFC 8624 does not explain signal sig_0011: the required indicator rfc8624_recommended_signing_algorithm failed because algorithm=1 is not in [13, 15]. Indicator(s) rfc8624_validator_algorithm_support were not tested at all (not exported by the corpus), so this rejection rests only on the indicators that could be evaluated. The observation on 2018-10-29T02:54:57 predates RFC 8624's publication on 2019-06-01 by 215 days. An observation cannot evidence adoption of an RFC that did not yet exist, so the score is forfeited. Score 0.0 (none): no required indicator matched, so there is nothing to score."
sig_0012,RFC 8078,Managing DS Records from the Parent via CDS/CDNSKEY,valid_match,17.25,very_high,true,2019-01-27T03:22:36,2017-03-01T00:00:00,bowen.nu.,,rfc8078_cds_cdnskey_algorithm_zero; rfc8078_delete_signal_digest_zero,,algorithm; digest_type; rr_type,,10.0,1.5,0.0,1.5,0.0,0.0,0.0,0.0,17.25,trace_sig_0012_rfc8078,"RFC 8078 matched signal sig_0012: the required indicator rfc8078_cds_cdnskey_algorithm_zero passed because rr_type=CDS is in [CDS, CDNSKEY] and algorithm=0 equals the expected value 0. Corroborating indicators also matched: rfc8078_delete_signal_digest_zero. The observation on 2019-01-27T03:22:36 is 697 days after RFC 8078's publication on 2017-03-01, so the timestamp is valid. Score 17.25 (very_high) = (10.0 required + 1.5 optional) x 1.5 very_high specificity."
sig_0012,RFC 7344,Automating DNSSEC Delegation Trust Maintenance,valid_match,11.25,high,true,2019-01-27T03:22:36,2014-09-01T00:00:00,bowen.nu.,,rfc7344_cds_cdnskey_present,rfc7344_cds_publishes_digest,rr_type,,9.0,1.25,0.0,0.0,0.0,0.0,0.0,0.0,11.25,trace_sig_0012_rfc7344,"RFC 7344 matched signal sig_0012: the required indicator rfc7344_cds_cdnskey_present passed because rr_type=CDS is in [CDS, CDNSKEY]. Indicator rfc7344_cds_publishes_digest did not match: digest_type=0 is not >= 1. The observation on 2019-01-27T03:22:36 is 1609 days after RFC 7344's publication on 2014-09-01, so the timestamp is valid. Score 11.25 (high) = (9.0 required) x 1.25 high specificity."
sig_0012,RFC 4033,DNS Security Introduction and Requirements (DNSSEC base: RFC 4033/4034/4035),partial_match,0.0,none,true,2019-01-27T03:22:36,2005-03-01T00:00:00,bowen.nu.,,rfc4033_dnssec_algorithm_present,rfc4033_base_dnssec_record_present; rfc4033_dnssec_ok_negotiated,algorithm,dnssec_ok_flag,0.0,0.75,0.0,1.0,3.0,0.0,0.0,0.0,0.0,trace_sig_0012_rfc4033,"RFC 4033 partially matches signal sig_0012: the optional indicator rfc4033_dnssec_algorithm_present passed because algorithm is present (observed 0). The required indicator rfc4033_base_dnssec_record_present was not satisfied: rr_type=CDS is not in [DNSKEY, DS, RRSIG, NSEC]. The observation on 2019-01-27T03:22:36 is 5080 days after RFC 4033's publication on 2005-03-01, so the timestamp is valid. Score 0.0 (none): the penalties leave a raw total of -2.0, which is clamped to 0 before the 0.75 low specificity multiplier."
sig_0012,RFC 4509,Use of SHA-256 in DNSSEC Delegation Signer (DS) Resource Records,no_match,0.0,none,true,2019-01-27T03:22:36,2006-05-01T00:00:00,bowen.nu.,,,rfc4509_ds_sha256_digest,,,0.0,1.25,0.0,0.0,3.0,0.0,0.0,0.0,0.0,trace_sig_0012_rfc4509,"RFC 4509 does not explain signal sig_0012: the required indicator rfc4509_ds_sha256_digest failed because digest_type=0 does not equal the expected value 2. The observation on 2019-01-27T03:22:36 is 4654 days after RFC 4509's publication on 2006-05-01, so the timestamp is valid. Score 0.0 (none): no required indicator matched, so there is nothing to score."
sig_0012,RFC 5155,DNS Security (DNSSEC) Hashed Authenticated Denial of Existence,no_match,0.0,none,true,2019-01-27T03:22:36,2008-03-01T00:00:00,bowen.nu.,,,rfc5155_nsec3_hash_algorithm; rfc5155_nsec3_record_present,,,0.0,1.5,0.0,0.0,3.0,0.0,0.0,0.0,0.0,trace_sig_0012_rfc5155,"RFC 5155 does not explain signal sig_0012: the required indicator rfc5155_nsec3_record_present failed because rr_type=CDS is not in [NSEC3, NSEC3PARAM]. The observation on 2019-01-27T03:22:36 is 3984 days after RFC 5155's publication on 2008-03-01, so the timestamp is valid. Score 0.0 (none): no required indicator matched, so there is nothing to score."
sig_0012,RFC 6605,Elliptic Curve Digital Signature Algorithm (DSA) for DNSSEC,no_match,0.0,none,true,2019-01-27T03:22:36,2012-04-01T00:00:00,bowen.nu.,,,rfc6605_ecdsa_algorithm; rfc6605_ecdsa_on_key_or_signature,,,0.0,1.25,0.0,0.0,3.0,0.0,0.0,0.0,0.0,trace_sig_0012_rfc6605,"RFC 6605 does not explain signal sig_0012: the required indicator rfc6605_ecdsa_algorithm failed because algorithm=0 is not in [13, 14]. The observation on 2019-01-27T03:22:36 is 2492 days after RFC 6605's publication on 2012-04-01, so the timestamp is valid. Score 0.0 (none): no required indicator matched, so there is nothing to score."
sig_0012,RFC 8080,Edwards-Curve Digital Security Algorithm (EdDSA) for DNSSEC,no_match,0.0,none,true,2019-01-27T03:22:36,2017-02-01T00:00:00,bowen.nu.,,,rfc8080_eddsa_algorithm; rfc8080_eddsa_on_key_or_signature,,,0.0,1.5,0.0,0.0,3.0,0.0,0.0,0.0,0.0,trace_sig_0012_rfc8080,"RFC 8080 does not explain signal sig_0012: the required indicator rfc8080_eddsa_algorithm failed because algorithm=0 is not in [15, 16]. The observation on 2019-01-27T03:22:36 is 725 days after RFC 8080's publication on 2017-02-01, so the timestamp is valid. Score 0.0 (none): no required indicator matched, so there is nothing to score."
sig_0012,RFC 8624,Algorithm Implementation Requirements and Usage Guidance for DNSSEC,partial_match,0.0,none,false,2019-01-27T03:22:36,2019-06-01T00:00:00,bowen.nu.,,rfc8624_avoids_deprecated_algorithm,rfc8624_recommended_signing_algorithm,algorithm,rr_type; validator_algorithm_support,0.0,0.75,0.0,1.5,3.0,0.0,2.0,0.0,0.0,trace_sig_0012_rfc8624,"RFC 8624 partially matches signal sig_0012: the optional indicator rfc8624_avoids_deprecated_algorithm passed because algorithm is present (observed 0) and algorithm=0 differs from 1 as required. The required indicator rfc8624_recommended_signing_algorithm was not satisfied: algorithm=0 is not in [13, 15]. The observation on 2019-01-27T03:22:36 predates RFC 8624's publication on 2019-06-01 by 125 days. An observation cannot evidence adoption of an RFC that did not yet exist, so the score is forfeited. Score 0.0 (none): the penalties leave a raw total of -3.5, which is clamped to 0 before the 0.75 low specificity multiplier."
sig_0013,RFC 6605,Elliptic Curve Digital Signature Algorithm (DSA) for DNSSEC,valid_match,13.125,very_high,true,2019-04-21T02:25:06,2012-04-01T00:00:00,landimaging.gov.,,rfc6605_ecdsa_algorithm; rfc6605_ecdsa_on_key_or_signature,,algorithm; rr_type,,9.0,1.25,0.0,1.5,0.0,0.0,0.0,0.0,13.125,trace_sig_0013_rfc6605,"RFC 6605 matched signal sig_0013: the required indicator rfc6605_ecdsa_algorithm passed because algorithm=13 is in [13, 14]. Corroborating indicators also matched: rfc6605_ecdsa_on_key_or_signature. The observation on 2019-04-21T02:25:06 is 2576 days after RFC 6605's publication on 2012-04-01, so the timestamp is valid. Score 13.125 (very_high) = (9.0 required + 1.5 optional) x 1.25 high specificity."
sig_0013,RFC 7344,Automating DNSSEC Delegation Trust Maintenance,valid_match,13.125,very_high,true,2019-04-21T02:25:06,2014-09-01T00:00:00,landimaging.gov.,,rfc7344_cds_cdnskey_present; rfc7344_cds_publishes_digest,,digest_type; rr_type,,9.0,1.25,0.0,1.5,0.0,0.0,0.0,0.0,13.125,trace_sig_0013_rfc7344,"RFC 7344 matched signal sig_0013: the required indicator rfc7344_cds_cdnskey_present passed because rr_type=CDS is in [CDS, CDNSKEY]. Corroborating indicators also matched: rfc7344_cds_publishes_digest. The observation on 2019-04-21T02:25:06 is 1693 days after RFC 7344's publication on 2014-09-01, so the timestamp is valid. Score 13.125 (very_high) = (9.0 required + 1.5 optional) x 1.25 high specificity."
sig_0013,RFC 4509,Use of SHA-256 in DNSSEC Delegation Signer (DS) Resource Records,valid_match,11.25,high,true,2019-04-21T02:25:06,2006-05-01T00:00:00,landimaging.gov.,,rfc4509_ds_sha256_digest,,digest_type; rr_type,,9.0,1.25,0.0,0.0,0.0,0.0,0.0,0.0,11.25,trace_sig_0013_rfc4509,"RFC 4509 matched signal sig_0013: the required indicator rfc4509_ds_sha256_digest passed because rr_type=CDS is in [DS, CDS] and digest_type=2 equals the expected value 2. The observation on 2019-04-21T02:25:06 is 4738 days after RFC 4509's publication on 2006-05-01, so the timestamp is valid. Score 11.25 (high) = (9.0 required) x 1.25 high specificity."
sig_0013,RFC 4033,DNS Security Introduction and Requirements (DNSSEC base: RFC 4033/4034/4035),partial_match,0.0,none,true,2019-04-21T02:25:06,2005-03-01T00:00:00,landimaging.gov.,,rfc4033_dnssec_algorithm_present,rfc4033_base_dnssec_record_present; rfc4033_dnssec_ok_negotiated,algorithm,dnssec_ok_flag,0.0,0.75,0.0,1.0,3.0,0.0,0.0,0.0,0.0,trace_sig_0013_rfc4033,"RFC 4033 partially matches signal sig_0013: the optional indicator rfc4033_dnssec_algorithm_present passed because algorithm is present (observed 13). The required indicator rfc4033_base_dnssec_record_present was not satisfied: rr_type=CDS is not in [DNSKEY, DS, RRSIG, NSEC]. The observation on 2019-04-21T02:25:06 is 5164 days after RFC 4033's publication on 2005-03-01, so the timestamp is valid. Score 0.0 (none): the penalties leave a raw total of -2.0, which is clamped to 0 before the 0.75 low specificity multiplier."
sig_0013,RFC 5155,DNS Security (DNSSEC) Hashed Authenticated Denial of Existence,no_match,0.0,none,true,2019-04-21T02:25:06,2008-03-01T00:00:00,landimaging.gov.,,,rfc5155_nsec3_hash_algorithm; rfc5155_nsec3_record_present,,,0.0,1.5,0.0,0.0,3.0,0.0,0.0,0.0,0.0,trace_sig_0013_rfc5155,"RFC 5155 does not explain signal sig_0013: the required indicator rfc5155_nsec3_record_present failed because rr_type=CDS is not in [NSEC3, NSEC3PARAM]. The observation on 2019-04-21T02:25:06 is 4068 days after RFC 5155's publication on 2008-03-01, so the timestamp is valid. Score 0.0 (none): no required indicator matched, so there is nothing to score."
sig_0013,RFC 8078,Managing DS Records from the Parent via CDS/CDNSKEY,no_match,0.0,none,true,2019-04-21T02:25:06,2017-03-01T00:00:00,landimaging.gov.,,,rfc8078_cds_cdnskey_algorithm_zero; rfc8078_delete_signal_digest_zero,,,0.0,1.5,0.0,0.0,3.0,0.0,0.0,0.0,0.0,trace_sig_0013_rfc8078,"RFC 8078 does not explain signal sig_0013: the required indicator rfc8078_cds_cdnskey_algorithm_zero failed because algorithm=13 does not equal the expected value 0. The observation on 2019-04-21T02:25:06 is 781 days after RFC 8078's publication on 2017-03-01, so the timestamp is valid. Score 0.0 (none): no required indicator matched, so there is nothing to score."
sig_0013,RFC 8080,Edwards-Curve Digital Security Algorithm (EdDSA) for DNSSEC,no_match,0.0,none,true,2019-04-21T02:25:06,2017-02-01T00:00:00,landimaging.gov.,,,rfc8080_eddsa_algorithm; rfc8080_eddsa_on_key_or_signature,,,0.0,1.5,0.0,0.0,3.0,0.0,0.0,0.0,0.0,trace_sig_0013_rfc8080,"RFC 8080 does not explain signal sig_0013: the required indicator rfc8080_eddsa_algorithm failed because algorithm=13 is not in [15, 16]. The observation on 2019-04-21T02:25:06 is 809 days after RFC 8080's publication on 2017-02-01, so the timestamp is valid. Score 0.0 (none): no required indicator matched, so there is nothing to score."
sig_0013,RFC 8624,Algorithm Implementation Requirements and Usage Guidance for DNSSEC,timestamp_invalid,0.0,none,false,2019-04-21T02:25:06,2019-06-01T00:00:00,landimaging.gov.,,rfc8624_avoids_deprecated_algorithm; rfc8624_recommended_signing_algorithm,,algorithm,rr_type; validator_algorithm_support,5.0,0.75,0.0,1.5,0.0,0.0,2.0,3.375,0.0,trace_sig_0013_rfc8624,"RFC 8624 cannot explain signal sig_0013: although algorithm=13 satisfy the required indicator rfc8624_recommended_signing_algorithm, the observation on 2019-04-21T02:25:06 predates RFC 8624's publication on 2019-06-01 by 41 days. An observation cannot evidence adoption of an RFC that did not yet exist, so the score of 3.375 is forfeited and this is routed to the review queue. The withheld score derives from (5.0 required + 1.5 optional - 2.0 ambiguity penalty) x 0.75 low specificity."
sig_0014,RFC 8080,Edwards-Curve Digital Security Algorithm (EdDSA) for DNSSEC,valid_match,17.25,very_high,true,2021-01-04T03:29:11,2017-02-01T00:00:00,krossnassf.se.,,rfc8080_eddsa_algorithm; rfc8080_eddsa_on_key_or_signature,,algorithm; rr_type,,10.0,1.5,0.0,1.5,0.0,0.0,0.0,0.0,17.25,trace_sig_0014_rfc8080,"RFC 8080 matched signal sig_0014: the required indicator rfc8080_eddsa_algorithm passed because algorithm=15 is in [15, 16]. Corroborating indicators also matched: rfc8080_eddsa_on_key_or_signature. The observation on 2021-01-04T03:29:11 is 1433 days after RFC 8080's publication on 2017-02-01, so the timestamp is valid. Score 17.25 (very_high) = (10.0 required + 1.5 optional) x 1.5 very_high specificity."
sig_0014,RFC 4033,DNS Security Introduction and Requirements (DNSSEC base: RFC 4033/4034/4035),valid_match,3.75,low,true,2021-01-04T03:29:11,2005-03-01T00:00:00,krossnassf.se.,,rfc4033_base_dnssec_record_present; rfc4033_dnssec_algorithm_present,rfc4033_dnssec_ok_negotiated,algorithm; rr_type,dnssec_ok_flag,4.0,0.75,0.0,1.0,0.0,0.0,0.0,0.0,3.75,trace_sig_0014_rfc4033,"RFC 4033 matched signal sig_0014: the required indicator rfc4033_base_dnssec_record_present passed because rr_type=RRSIG is in [DNSKEY, DS, RRSIG, NSEC]. Corroborating indicators also matched: rfc4033_dnssec_algorithm_present. Indicator rfc4033_dnssec_ok_negotiated did not match: field 'dnssec_ok_flag' is absent from this observation, so the condition 'dnssec_ok_flag must equal true' could not be satisfied (absence is not evidence). The observation on 2021-01-04T03:29:11 is 5788 days after RFC 4033's publication on 2005-03-01, so the timestamp is valid. Score 3.75 (low) = (4.0 required + 1.0 optional) x 0.75 low specificity."
sig_0014,RFC 8624,Algorithm Implementation Requirements and Usage Guidance for DNSSEC,ambiguous,3.375,low,true,2021-01-04T03:29:11,2019-06-01T00:00:00,krossnassf.se.,,rfc8624_avoids_deprecated_algorithm; rfc8624_recommended_signing_algorithm,,algorithm,rr_type; validator_algorithm_support,5.0,0.75,0.0,1.5,0.0,0.0,2.0,0.0,3.375,trace_sig_0014_rfc8624,"RFC 8624 is an ambiguous match for signal sig_0014: the required indicator rfc8624_recommended_signing_algorithm passed because algorithm=15 is in [13, 15]. Corroborating indicators also matched: rfc8624_avoids_deprecated_algorithm. The checklist flags rfc8624_avoids_deprecated_algorithm, rfc8624_recommended_signing_algorithm ambiguous: the same observation is equally explained by other RFCs, so the match is penalized and sent to the review queue rather than reported as adoption. The observation on 2021-01-04T03:29:11 is 583 days after RFC 8624's publication on 2019-06-01, so the timestamp is valid. Score 3.375 (low) = (5.0 required + 1.5 optional - 2.0 ambiguity penalty) x 0.75 low specificity."
sig_0014,RFC 4509,Use of SHA-256 in DNSSEC Delegation Signer (DS) Resource Records,no_match,0.0,none,true,2021-01-04T03:29:11,2006-05-01T00:00:00,krossnassf.se.,,,rfc4509_ds_sha256_digest,,digest_type,0.0,1.25,0.0,0.0,3.0,0.0,0.0,0.0,0.0,trace_sig_0014_rfc4509,"RFC 4509 does not explain signal sig_0014: the required indicator rfc4509_ds_sha256_digest failed because rr_type=RRSIG is not in [DS, CDS]. The observation on 2021-01-04T03:29:11 is 5362 days after RFC 4509's publication on 2006-05-01, so the timestamp is valid. Score 0.0 (none): no required indicator matched, so there is nothing to score."
sig_0014,RFC 5155,DNS Security (DNSSEC) Hashed Authenticated Denial of Existence,no_match,0.0,none,true,2021-01-04T03:29:11,2008-03-01T00:00:00,krossnassf.se.,,,rfc5155_nsec3_hash_algorithm; rfc5155_nsec3_record_present,,,0.0,1.5,0.0,0.0,3.0,0.0,0.0,0.0,0.0,trace_sig_0014_rfc5155,"RFC 5155 does not explain signal sig_0014: the required indicator rfc5155_nsec3_record_present failed because rr_type=RRSIG is not in [NSEC3, NSEC3PARAM]. The observation on 2021-01-04T03:29:11 is 4692 days after RFC 5155's publication on 2008-03-01, so the timestamp is valid. Score 0.0 (none): no required indicator matched, so there is nothing to score."
sig_0014,RFC 6605,Elliptic Curve Digital Signature Algorithm (DSA) for DNSSEC,no_match,0.0,none,true,2021-01-04T03:29:11,2012-04-01T00:00:00,krossnassf.se.,,,rfc6605_ecdsa_algorithm; rfc6605_ecdsa_on_key_or_signature,,,0.0,1.25,0.0,0.0,3.0,0.0,0.0,0.0,0.0,trace_sig_0014_rfc6605,"RFC 6605 does not explain signal sig_0014: the required indicator rfc6605_ecdsa_algorithm failed because algorithm=15 is not in [13, 14]. The observation on 2021-01-04T03:29:11 is 3200 days after RFC 6605's publication on 2012-04-01, so the timestamp is valid. Score 0.0 (none): no required indicator matched, so there is nothing to score."
sig_0014,RFC 7344,Automating DNSSEC Delegation Trust Maintenance,no_match,0.0,none,true,2021-01-04T03:29:11,2014-09-01T00:00:00,krossnassf.se.,,,rfc7344_cds_cdnskey_present; rfc7344_cds_publishes_digest,,digest_type,0.0,1.25,0.0,0.0,3.0,0.0,0.0,0.0,0.0,trace_sig_0014_rfc7344,"RFC 7344 does not explain signal sig_0014: the required indicator rfc7344_cds_cdnskey_present failed because rr_type=RRSIG is not in [CDS, CDNSKEY]. The observation on 2021-01-04T03:29:11 is 2317 days after RFC 7344's publication on 2014-09-01, so the timestamp is valid. Score 0.0 (none): no required indicator matched, so there is nothing to score."
sig_0014,RFC 8078,Managing DS Records from the Parent via CDS/CDNSKEY,no_match,0.0,none,true,2021-01-04T03:29:11,2017-03-01T00:00:00,krossnassf.se.,,,rfc8078_cds_cdnskey_algorithm_zero; rfc8078_delete_signal_digest_zero,,digest_type,0.0,1.5,0.0,0.0,3.0,0.0,0.0,0.0,0.0,trace_sig_0014_rfc8078,"RFC 8078 does not explain signal sig_0014: the required indicator rfc8078_cds_cdnskey_algorithm_zero failed because rr_type=RRSIG is not in [CDS, CDNSKEY]. The observation on 2021-01-04T03:29:11 is 1405 days after RFC 8078's publication on 2017-03-01, so the timestamp is valid. Score 0.0 (none): no required indicator matched, so there is nothing to score."
sig_0015,RFC 8080,Edwards-Curve Digital Security Algorithm (EdDSA) for DNSSEC,valid_match,17.25,very_high,true,2021-01-10T04:08:05,2017-02-01T00:00:00,apps2grow.se.,,rfc8080_eddsa_algorithm; rfc8080_eddsa_on_key_or_signature,,algorithm; rr_type,,10.0,1.5,0.0,1.5,0.0,0.0,0.0,0.0,17.25,trace_sig_0015_rfc8080,"RFC 8080 matched signal sig_0015: the required indicator rfc8080_eddsa_algorithm passed because algorithm=15 is in [15, 16]. Corroborating indicators also matched: rfc8080_eddsa_on_key_or_signature. The observation on 2021-01-10T04:08:05 is 1439 days after RFC 8080's publication on 2017-02-01, so the timestamp is valid. Score 17.25 (very_high) = (10.0 required + 1.5 optional) x 1.5 very_high specificity."
sig_0015,RFC 4033,DNS Security Introduction and Requirements (DNSSEC base: RFC 4033/4034/4035),valid_match,3.75,low,true,2021-01-10T04:08:05,2005-03-01T00:00:00,apps2grow.se.,,rfc4033_base_dnssec_record_present; rfc4033_dnssec_algorithm_present,rfc4033_dnssec_ok_negotiated,algorithm; rr_type,dnssec_ok_flag,4.0,0.75,0.0,1.0,0.0,0.0,0.0,0.0,3.75,trace_sig_0015_rfc4033,"RFC 4033 matched signal sig_0015: the required indicator rfc4033_base_dnssec_record_present passed because rr_type=RRSIG is in [DNSKEY, DS, RRSIG, NSEC]. Corroborating indicators also matched: rfc4033_dnssec_algorithm_present. Indicator rfc4033_dnssec_ok_negotiated did not match: field 'dnssec_ok_flag' is absent from this observation, so the condition 'dnssec_ok_flag must equal true' could not be satisfied (absence is not evidence). The observation on 2021-01-10T04:08:05 is 5794 days after RFC 4033's publication on 2005-03-01, so the timestamp is valid. Score 3.75 (low) = (4.0 required + 1.0 optional) x 0.75 low specificity."
sig_0015,RFC 8624,Algorithm Implementation Requirements and Usage Guidance for DNSSEC,ambiguous,3.375,low,true,2021-01-10T04:08:05,2019-06-01T00:00:00,apps2grow.se.,,rfc8624_avoids_deprecated_algorithm; rfc8624_recommended_signing_algorithm,,algorithm,rr_type; validator_algorithm_support,5.0,0.75,0.0,1.5,0.0,0.0,2.0,0.0,3.375,trace_sig_0015_rfc8624,"RFC 8624 is an ambiguous match for signal sig_0015: the required indicator rfc8624_recommended_signing_algorithm passed because algorithm=15 is in [13, 15]. Corroborating indicators also matched: rfc8624_avoids_deprecated_algorithm. The checklist flags rfc8624_avoids_deprecated_algorithm, rfc8624_recommended_signing_algorithm ambiguous: the same observation is equally explained by other RFCs, so the match is penalized and sent to the review queue rather than reported as adoption. The observation on 2021-01-10T04:08:05 is 589 days after RFC 8624's publication on 2019-06-01, so the timestamp is valid. Score 3.375 (low) = (5.0 required + 1.5 optional - 2.0 ambiguity penalty) x 0.75 low specificity."
sig_0015,RFC 4509,Use of SHA-256 in DNSSEC Delegation Signer (DS) Resource Records,no_match,0.0,none,true,2021-01-10T04:08:05,2006-05-01T00:00:00,apps2grow.se.,,,rfc4509_ds_sha256_digest,,digest_type,0.0,1.25,0.0,0.0,3.0,0.0,0.0,0.0,0.0,trace_sig_0015_rfc4509,"RFC 4509 does not explain signal sig_0015: the required indicator rfc4509_ds_sha256_digest failed because rr_type=RRSIG is not in [DS, CDS]. The observation on 2021-01-10T04:08:05 is 5368 days after RFC 4509's publication on 2006-05-01, so the timestamp is valid. Score 0.0 (none): no required indicator matched, so there is nothing to score."
sig_0015,RFC 5155,DNS Security (DNSSEC) Hashed Authenticated Denial of Existence,no_match,0.0,none,true,2021-01-10T04:08:05,2008-03-01T00:00:00,apps2grow.se.,,,rfc5155_nsec3_hash_algorithm; rfc5155_nsec3_record_present,,,0.0,1.5,0.0,0.0,3.0,0.0,0.0,0.0,0.0,trace_sig_0015_rfc5155,"RFC 5155 does not explain signal sig_0015: the required indicator rfc5155_nsec3_record_present failed because rr_type=RRSIG is not in [NSEC3, NSEC3PARAM]. The observation on 2021-01-10T04:08:05 is 4698 days after RFC 5155's publication on 2008-03-01, so the timestamp is valid. Score 0.0 (none): no required indicator matched, so there is nothing to score."
sig_0015,RFC 6605,Elliptic Curve Digital Signature Algorithm (DSA) for DNSSEC,no_match,0.0,none,true,2021-01-10T04:08:05,2012-04-01T00:00:00,apps2grow.se.,,,rfc6605_ecdsa_algorithm; rfc6605_ecdsa_on_key_or_signature,,,0.0,1.25,0.0,0.0,3.0,0.0,0.0,0.0,0.0,trace_sig_0015_rfc6605,"RFC 6605 does not explain signal sig_0015: the required indicator rfc6605_ecdsa_algorithm failed because algorithm=15 is not in [13, 14]. The observation on 2021-01-10T04:08:05 is 3206 days after RFC 6605's publication on 2012-04-01, so the timestamp is valid. Score 0.0 (none): no required indicator matched, so there is nothing to score."
sig_0015,RFC 7344,Automating DNSSEC Delegation Trust Maintenance,no_match,0.0,none,true,2021-01-10T04:08:05,2014-09-01T00:00:00,apps2grow.se.,,,rfc7344_cds_cdnskey_present; rfc7344_cds_publishes_digest,,digest_type,0.0,1.25,0.0,0.0,3.0,0.0,0.0,0.0,0.0,trace_sig_0015_rfc7344,"RFC 7344 does not explain signal sig_0015: the required indicator rfc7344_cds_cdnskey_present failed because rr_type=RRSIG is not in [CDS, CDNSKEY]. The observation on 2021-01-10T04:08:05 is 2323 days after RFC 7344's publication on 2014-09-01, so the timestamp is valid. Score 0.0 (none): no required indicator matched, so there is nothing to score."
sig_0015,RFC 8078,Managing DS Records from the Parent via CDS/CDNSKEY,no_match,0.0,none,true,2021-01-10T04:08:05,2017-03-01T00:00:00,apps2grow.se.,,,rfc8078_cds_cdnskey_algorithm_zero; rfc8078_delete_signal_digest_zero,,digest_type,0.0,1.5,0.0,0.0,3.0,0.0,0.0,0.0,0.0,trace_sig_0015_rfc8078,"RFC 8078 does not explain signal sig_0015: the required indicator rfc8078_cds_cdnskey_algorithm_zero failed because rr_type=RRSIG is not in [CDS, CDNSKEY]. The observation on 2021-01-10T04:08:05 is 1411 days after RFC 8078's publication on 2017-03-01, so the timestamp is valid. Score 0.0 (none): no required indicator matched, so there is nothing to score."
sig_0016,RFC 6605,Elliptic Curve Digital Signature Algorithm (DSA) for DNSSEC,valid_match,13.125,very_high,true,2021-03-29T06:26:58,2012-04-01T00:00:00,brtisverige.nu.,,rfc6605_ecdsa_algorithm; rfc6605_ecdsa_on_key_or_signature,,algorithm; rr_type,,9.0,1.25,0.0,1.5,0.0,0.0,0.0,0.0,13.125,trace_sig_0016_rfc6605,"RFC 6605 matched signal sig_0016: the required indicator rfc6605_ecdsa_algorithm passed because algorithm=13 is in [13, 14]. Corroborating indicators also matched: rfc6605_ecdsa_on_key_or_signature. The observation on 2021-03-29T06:26:58 is 3284 days after RFC 6605's publication on 2012-04-01, so the timestamp is valid. Score 13.125 (very_high) = (9.0 required + 1.5 optional) x 1.25 high specificity."
sig_0016,RFC 4033,DNS Security Introduction and Requirements (DNSSEC base: RFC 4033/4034/4035),valid_match,3.75,low,true,2021-03-29T06:26:58,2005-03-01T00:00:00,brtisverige.nu.,,rfc4033_base_dnssec_record_present; rfc4033_dnssec_algorithm_present,rfc4033_dnssec_ok_negotiated,algorithm; rr_type,dnssec_ok_flag,4.0,0.75,0.0,1.0,0.0,0.0,0.0,0.0,3.75,trace_sig_0016_rfc4033,"RFC 4033 matched signal sig_0016: the required indicator rfc4033_base_dnssec_record_present passed because rr_type=RRSIG is in [DNSKEY, DS, RRSIG, NSEC]. Corroborating indicators also matched: rfc4033_dnssec_algorithm_present. Indicator rfc4033_dnssec_ok_negotiated did not match: field 'dnssec_ok_flag' is absent from this observation, so the condition 'dnssec_ok_flag must equal true' could not be satisfied (absence is not evidence). The observation on 2021-03-29T06:26:58 is 5872 days after RFC 4033's publication on 2005-03-01, so the timestamp is valid. Score 3.75 (low) = (4.0 required + 1.0 optional) x 0.75 low specificity."
sig_0016,RFC 8624,Algorithm Implementation Requirements and Usage Guidance for DNSSEC,ambiguous,3.375,low,true,2021-03-29T06:26:58,2019-06-01T00:00:00,brtisverige.nu.,,rfc8624_avoids_deprecated_algorithm; rfc8624_recommended_signing_algorithm,,algorithm,rr_type; validator_algorithm_support,5.0,0.75,0.0,1.5,0.0,0.0,2.0,0.0,3.375,trace_sig_0016_rfc8624,"RFC 8624 is an ambiguous match for signal sig_0016: the required indicator rfc8624_recommended_signing_algorithm passed because algorithm=13 is in [13, 15]. Corroborating indicators also matched: rfc8624_avoids_deprecated_algorithm. The checklist flags rfc8624_avoids_deprecated_algorithm, rfc8624_recommended_signing_algorithm ambiguous: the same observation is equally explained by other RFCs, so the match is penalized and sent to the review queue rather than reported as adoption. The observation on 2021-03-29T06:26:58 is 667 days after RFC 8624's publication on 2019-06-01, so the timestamp is valid. Score 3.375 (low) = (5.0 required + 1.5 optional - 2.0 ambiguity penalty) x 0.75 low specificity."
sig_0016,RFC 4509,Use of SHA-256 in DNSSEC Delegation Signer (DS) Resource Records,no_match,0.0,none,true,2021-03-29T06:26:58,2006-05-01T00:00:00,brtisverige.nu.,,,rfc4509_ds_sha256_digest,,digest_type,0.0,1.25,0.0,0.0,3.0,0.0,0.0,0.0,0.0,trace_sig_0016_rfc4509,"RFC 4509 does not explain signal sig_0016: the required indicator rfc4509_ds_sha256_digest failed because rr_type=RRSIG is not in [DS, CDS]. The observation on 2021-03-29T06:26:58 is 5446 days after RFC 4509's publication on 2006-05-01, so the timestamp is valid. Score 0.0 (none): no required indicator matched, so there is nothing to score."
sig_0016,RFC 5155,DNS Security (DNSSEC) Hashed Authenticated Denial of Existence,no_match,0.0,none,true,2021-03-29T06:26:58,2008-03-01T00:00:00,brtisverige.nu.,,,rfc5155_nsec3_hash_algorithm; rfc5155_nsec3_record_present,,,0.0,1.5,0.0,0.0,3.0,0.0,0.0,0.0,0.0,trace_sig_0016_rfc5155,"RFC 5155 does not explain signal sig_0016: the required indicator rfc5155_nsec3_record_present failed because rr_type=RRSIG is not in [NSEC3, NSEC3PARAM]. The observation on 2021-03-29T06:26:58 is 4776 days after RFC 5155's publication on 2008-03-01, so the timestamp is valid. Score 0.0 (none): no required indicator matched, so there is nothing to score."
sig_0016,RFC 7344,Automating DNSSEC Delegation Trust Maintenance,no_match,0.0,none,true,2021-03-29T06:26:58,2014-09-01T00:00:00,brtisverige.nu.,,,rfc7344_cds_cdnskey_present; rfc7344_cds_publishes_digest,,digest_type,0.0,1.25,0.0,0.0,3.0,0.0,0.0,0.0,0.0,trace_sig_0016_rfc7344,"RFC 7344 does not explain signal sig_0016: the required indicator rfc7344_cds_cdnskey_present failed because rr_type=RRSIG is not in [CDS, CDNSKEY]. The observation on 2021-03-29T06:26:58 is 2401 days after RFC 7344's publication on 2014-09-01, so the timestamp is valid. Score 0.0 (none): no required indicator matched, so there is nothing to score."
sig_0016,RFC 8078,Managing DS Records from the Parent via CDS/CDNSKEY,no_match,0.0,none,true,2021-03-29T06:26:58,2017-03-01T00:00:00,brtisverige.nu.,,,rfc8078_cds_cdnskey_algorithm_zero; rfc8078_delete_signal_digest_zero,,digest_type,0.0,1.5,0.0,0.0,3.0,0.0,0.0,0.0,0.0,trace_sig_0016_rfc8078,"RFC 8078 does not explain signal sig_0016: the required indicator rfc8078_cds_cdnskey_algorithm_zero failed because rr_type=RRSIG is not in [CDS, CDNSKEY]. The observation on 2021-03-29T06:26:58 is 1489 days after RFC 8078's publication on 2017-03-01, so the timestamp is valid. Score 0.0 (none): no required indicator matched, so there is nothing to score."
sig_0016,RFC 8080,Edwards-Curve Digital Security Algorithm (EdDSA) for DNSSEC,no_match,0.0,none,true,2021-03-29T06:26:58,2017-02-01T00:00:00,brtisverige.nu.,,,rfc8080_eddsa_algorithm; rfc8080_eddsa_on_key_or_signature,,,0.0,1.5,0.0,0.0,3.0,0.0,0.0,0.0,0.0,trace_sig_0016_rfc8080,"RFC 8080 does not explain signal sig_0016: the required indicator rfc8080_eddsa_algorithm failed because algorithm=13 is not in [15, 16]. The observation on 2021-03-29T06:26:58 is 1517 days after RFC 8080's publication on 2017-02-01, so the timestamp is valid. Score 0.0 (none): no required indicator matched, so there is nothing to score."
sig_0017,RFC 6605,Elliptic Curve Digital Signature Algorithm (DSA) for DNSSEC,valid_match,13.125,very_high,true,2021-06-30T02:56:27,2012-04-01T00:00:00,123-nonexistant-dnsjedi-456.smalsparet.nu.,,rfc6605_ecdsa_algorithm; rfc6605_ecdsa_on_key_or_signature,,algorithm; rr_type,,9.0,1.25,0.0,1.5,0.0,0.0,0.0,0.0,13.125,trace_sig_0017_rfc6605,"RFC 6605 matched signal sig_0017: the required indicator rfc6605_ecdsa_algorithm passed because algorithm=13 is in [13, 14]. Corroborating indicators also matched: rfc6605_ecdsa_on_key_or_signature. The observation on 2021-06-30T02:56:27 is 3377 days after RFC 6605's publication on 2012-04-01, so the timestamp is valid. Score 13.125 (very_high) = (9.0 required + 1.5 optional) x 1.25 high specificity."
sig_0017,RFC 4033,DNS Security Introduction and Requirements (DNSSEC base: RFC 4033/4034/4035),valid_match,3.75,low,true,2021-06-30T02:56:27,2005-03-01T00:00:00,123-nonexistant-dnsjedi-456.smalsparet.nu.,,rfc4033_base_dnssec_record_present; rfc4033_dnssec_algorithm_present,rfc4033_dnssec_ok_negotiated,algorithm; rr_type,dnssec_ok_flag,4.0,0.75,0.0,1.0,0.0,0.0,0.0,0.0,3.75,trace_sig_0017_rfc4033,"RFC 4033 matched signal sig_0017: the required indicator rfc4033_base_dnssec_record_present passed because rr_type=RRSIG is in [DNSKEY, DS, RRSIG, NSEC]. Corroborating indicators also matched: rfc4033_dnssec_algorithm_present. Indicator rfc4033_dnssec_ok_negotiated did not match: field 'dnssec_ok_flag' is absent from this observation, so the condition 'dnssec_ok_flag must equal true' could not be satisfied (absence is not evidence). The observation on 2021-06-30T02:56:27 is 5965 days after RFC 4033's publication on 2005-03-01, so the timestamp is valid. Score 3.75 (low) = (4.0 required + 1.0 optional) x 0.75 low specificity."
sig_0017,RFC 8624,Algorithm Implementation Requirements and Usage Guidance for DNSSEC,ambiguous,3.375,low,true,2021-06-30T02:56:27,2019-06-01T00:00:00,123-nonexistant-dnsjedi-456.smalsparet.nu.,,rfc8624_avoids_deprecated_algorithm; rfc8624_recommended_signing_algorithm,,algorithm,rr_type; validator_algorithm_support,5.0,0.75,0.0,1.5,0.0,0.0,2.0,0.0,3.375,trace_sig_0017_rfc8624,"RFC 8624 is an ambiguous match for signal sig_0017: the required indicator rfc8624_recommended_signing_algorithm passed because algorithm=13 is in [13, 15]. Corroborating indicators also matched: rfc8624_avoids_deprecated_algorithm. The checklist flags rfc8624_avoids_deprecated_algorithm, rfc8624_recommended_signing_algorithm ambiguous: the same observation is equally explained by other RFCs, so the match is penalized and sent to the review queue rather than reported as adoption. The observation on 2021-06-30T02:56:27 is 760 days after RFC 8624's publication on 2019-06-01, so the timestamp is valid. Score 3.375 (low) = (5.0 required + 1.5 optional - 2.0 ambiguity penalty) x 0.75 low specificity."
sig_0017,RFC 4509,Use of SHA-256 in DNSSEC Delegation Signer (DS) Resource Records,no_match,0.0,none,true,2021-06-30T02:56:27,2006-05-01T00:00:00,123-nonexistant-dnsjedi-456.smalsparet.nu.,,,rfc4509_ds_sha256_digest,,digest_type,0.0,1.25,0.0,0.0,3.0,0.0,0.0,0.0,0.0,trace_sig_0017_rfc4509,"RFC 4509 does not explain signal sig_0017: the required indicator rfc4509_ds_sha256_digest failed because rr_type=RRSIG is not in [DS, CDS]. The observation on 2021-06-30T02:56:27 is 5539 days after RFC 4509's publication on 2006-05-01, so the timestamp is valid. Score 0.0 (none): no required indicator matched, so there is nothing to score."
sig_0017,RFC 5155,DNS Security (DNSSEC) Hashed Authenticated Denial of Existence,no_match,0.0,none,true,2021-06-30T02:56:27,2008-03-01T00:00:00,123-nonexistant-dnsjedi-456.smalsparet.nu.,,,rfc5155_nsec3_hash_algorithm; rfc5155_nsec3_record_present,,,0.0,1.5,0.0,0.0,3.0,0.0,0.0,0.0,0.0,trace_sig_0017_rfc5155,"RFC 5155 does not explain signal sig_0017: the required indicator rfc5155_nsec3_record_present failed because rr_type=RRSIG is not in [NSEC3, NSEC3PARAM]. The observation on 2021-06-30T02:56:27 is 4869 days after RFC 5155's publication on 2008-03-01, so the timestamp is valid. Score 0.0 (none): no required indicator matched, so there is nothing to score."
sig_0017,RFC 7344,Automating DNSSEC Delegation Trust Maintenance,no_match,0.0,none,true,2021-06-30T02:56:27,2014-09-01T00:00:00,123-nonexistant-dnsjedi-456.smalsparet.nu.,,,rfc7344_cds_cdnskey_present; rfc7344_cds_publishes_digest,,digest_type,0.0,1.25,0.0,0.0,3.0,0.0,0.0,0.0,0.0,trace_sig_0017_rfc7344,"RFC 7344 does not explain signal sig_0017: the required indicator rfc7344_cds_cdnskey_present failed because rr_type=RRSIG is not in [CDS, CDNSKEY]. The observation on 2021-06-30T02:56:27 is 2494 days after RFC 7344's publication on 2014-09-01, so the timestamp is valid. Score 0.0 (none): no required indicator matched, so there is nothing to score."
sig_0017,RFC 8078,Managing DS Records from the Parent via CDS/CDNSKEY,no_match,0.0,none,true,2021-06-30T02:56:27,2017-03-01T00:00:00,123-nonexistant-dnsjedi-456.smalsparet.nu.,,,rfc8078_cds_cdnskey_algorithm_zero; rfc8078_delete_signal_digest_zero,,digest_type,0.0,1.5,0.0,0.0,3.0,0.0,0.0,0.0,0.0,trace_sig_0017_rfc8078,"RFC 8078 does not explain signal sig_0017: the required indicator rfc8078_cds_cdnskey_algorithm_zero failed because rr_type=RRSIG is not in [CDS, CDNSKEY]. The observation on 2021-06-30T02:56:27 is 1582 days after RFC 8078's publication on 2017-03-01, so the timestamp is valid. Score 0.0 (none): no required indicator matched, so there is nothing to score."
sig_0017,RFC 8080,Edwards-Curve Digital Security Algorithm (EdDSA) for DNSSEC,no_match,0.0,none,true,2021-06-30T02:56:27,2017-02-01T00:00:00,123-nonexistant-dnsjedi-456.smalsparet.nu.,,,rfc8080_eddsa_algorithm; rfc8080_eddsa_on_key_or_signature,,,0.0,1.5,0.0,0.0,3.0,0.0,0.0,0.0,0.0,trace_sig_0017_rfc8080,"RFC 8080 does not explain signal sig_0017: the required indicator rfc8080_eddsa_algorithm failed because algorithm=13 is not in [15, 16]. The observation on 2021-06-30T02:56:27 is 1610 days after RFC 8080's publication on 2017-02-01, so the timestamp is valid. Score 0.0 (none): no required indicator matched, so there is nothing to score."
sig_0018,RFC 6605,Elliptic Curve Digital Signature Algorithm (DSA) for DNSSEC,valid_match,13.125,very_high,true,2021-08-05T07:37:09,2012-04-01T00:00:00,zzptoday.nu.,,rfc6605_ecdsa_algorithm; rfc6605_ecdsa_on_key_or_signature,,algorithm; rr_type,,9.0,1.25,0.0,1.5,0.0,0.0,0.0,0.0,13.125,trace_sig_0018_rfc6605,"RFC 6605 matched signal sig_0018: the required indicator rfc6605_ecdsa_algorithm passed because algorithm=13 is in [13, 14]. Corroborating indicators also matched: rfc6605_ecdsa_on_key_or_signature. The observation on 2021-08-05T07:37:09 is 3413 days after RFC 6605's publication on 2012-04-01, so the timestamp is valid. Score 13.125 (very_high) = (9.0 required + 1.5 optional) x 1.25 high specificity."
sig_0018,RFC 4509,Use of SHA-256 in DNSSEC Delegation Signer (DS) Resource Records,valid_match,11.25,high,true,2021-08-05T07:37:09,2006-05-01T00:00:00,zzptoday.nu.,,rfc4509_ds_sha256_digest,,digest_type; rr_type,,9.0,1.25,0.0,0.0,0.0,0.0,0.0,0.0,11.25,trace_sig_0018_rfc4509,"RFC 4509 matched signal sig_0018: the required indicator rfc4509_ds_sha256_digest passed because rr_type=DS is in [DS, CDS] and digest_type=2 equals the expected value 2. The observation on 2021-08-05T07:37:09 is 5575 days after RFC 4509's publication on 2006-05-01, so the timestamp is valid. Score 11.25 (high) = (9.0 required) x 1.25 high specificity."
sig_0018,RFC 4033,DNS Security Introduction and Requirements (DNSSEC base: RFC 4033/4034/4035),valid_match,3.75,low,true,2021-08-05T07:37:09,2005-03-01T00:00:00,zzptoday.nu.,,rfc4033_base_dnssec_record_present; rfc4033_dnssec_algorithm_present,rfc4033_dnssec_ok_negotiated,algorithm; rr_type,dnssec_ok_flag,4.0,0.75,0.0,1.0,0.0,0.0,0.0,0.0,3.75,trace_sig_0018_rfc4033,"RFC 4033 matched signal sig_0018: the required indicator rfc4033_base_dnssec_record_present passed because rr_type=DS is in [DNSKEY, DS, RRSIG, NSEC]. Corroborating indicators also matched: rfc4033_dnssec_algorithm_present. Indicator rfc4033_dnssec_ok_negotiated did not match: field 'dnssec_ok_flag' is absent from this observation, so the condition 'dnssec_ok_flag must equal true' could not be satisfied (absence is not evidence). The observation on 2021-08-05T07:37:09 is 6001 days after RFC 4033's publication on 2005-03-01, so the timestamp is valid. Score 3.75 (low) = (4.0 required + 1.0 optional) x 0.75 low specificity."
sig_0018,RFC 8624,Algorithm Implementation Requirements and Usage Guidance for DNSSEC,ambiguous,3.375,low,true,2021-08-05T07:37:09,2019-06-01T00:00:00,zzptoday.nu.,,rfc8624_avoids_deprecated_algorithm; rfc8624_recommended_signing_algorithm,,algorithm,rr_type; validator_algorithm_support,5.0,0.75,0.0,1.5,0.0,0.0,2.0,0.0,3.375,trace_sig_0018_rfc8624,"RFC 8624 is an ambiguous match for signal sig_0018: the required indicator rfc8624_recommended_signing_algorithm passed because algorithm=13 is in [13, 15]. Corroborating indicators also matched: rfc8624_avoids_deprecated_algorithm. The checklist flags rfc8624_avoids_deprecated_algorithm, rfc8624_recommended_signing_algorithm ambiguous: the same observation is equally explained by other RFCs, so the match is penalized and sent to the review queue rather than reported as adoption. The observation on 2021-08-05T07:37:09 is 796 days after RFC 8624's publication on 2019-06-01, so the timestamp is valid. Score 3.375 (low) = (5.0 required + 1.5 optional - 2.0 ambiguity penalty) x 0.75 low specificity."
sig_0018,RFC 5155,DNS Security (DNSSEC) Hashed Authenticated Denial of Existence,no_match,0.0,none,true,2021-08-05T07:37:09,2008-03-01T00:00:00,zzptoday.nu.,,,rfc5155_nsec3_hash_algorithm; rfc5155_nsec3_record_present,,,0.0,1.5,0.0,0.0,3.0,0.0,0.0,0.0,0.0,trace_sig_0018_rfc5155,"RFC 5155 does not explain signal sig_0018: the required indicator rfc5155_nsec3_record_present failed because rr_type=DS is not in [NSEC3, NSEC3PARAM]. The observation on 2021-08-05T07:37:09 is 4905 days after RFC 5155's publication on 2008-03-01, so the timestamp is valid. Score 0.0 (none): no required indicator matched, so there is nothing to score."
sig_0018,RFC 7344,Automating DNSSEC Delegation Trust Maintenance,no_match,0.0,none,true,2021-08-05T07:37:09,2014-09-01T00:00:00,zzptoday.nu.,,,rfc7344_cds_cdnskey_present; rfc7344_cds_publishes_digest,,,0.0,1.25,0.0,0.0,3.0,0.0,0.0,0.0,0.0,trace_sig_0018_rfc7344,"RFC 7344 does not explain signal sig_0018: the required indicator rfc7344_cds_cdnskey_present failed because rr_type=DS is not in [CDS, CDNSKEY]. The observation on 2021-08-05T07:37:09 is 2530 days after RFC 7344's publication on 2014-09-01, so the timestamp is valid. Score 0.0 (none): no required indicator matched, so there is nothing to score."
sig_0018,RFC 8078,Managing DS Records from the Parent via CDS/CDNSKEY,no_match,0.0,none,true,2021-08-05T07:37:09,2017-03-01T00:00:00,zzptoday.nu.,,,rfc8078_cds_cdnskey_algorithm_zero; rfc8078_delete_signal_digest_zero,,,0.0,1.5,0.0,0.0,3.0,0.0,0.0,0.0,0.0,trace_sig_0018_rfc8078,"RFC 8078 does not explain signal sig_0018: the required indicator rfc8078_cds_cdnskey_algorithm_zero failed because rr_type=DS is not in [CDS, CDNSKEY]. The observation on 2021-08-05T07:37:09 is 1618 days after RFC 8078's publication on 2017-03-01, so the timestamp is valid. Score 0.0 (none): no required indicator matched, so there is nothing to score."
sig_0018,RFC 8080,Edwards-Curve Digital Security Algorithm (EdDSA) for DNSSEC,no_match,0.0,none,true,2021-08-05T07:37:09,2017-02-01T00:00:00,zzptoday.nu.,,,rfc8080_eddsa_algorithm; rfc8080_eddsa_on_key_or_signature,,,0.0,1.5,0.0,0.0,3.0,0.0,0.0,0.0,0.0,trace_sig_0018_rfc8080,"RFC 8080 does not explain signal sig_0018: the required indicator rfc8080_eddsa_algorithm failed because algorithm=13 is not in [15, 16]. The observation on 2021-08-05T07:37:09 is 1646 days after RFC 8080's publication on 2017-02-01, so the timestamp is valid. Score 0.0 (none): no required indicator matched, so there is nothing to score."
sig_0019,RFC 6605,Elliptic Curve Digital Signature Algorithm (DSA) for DNSSEC,valid_match,13.125,very_high,true,2021-08-13T07:50:30,2012-04-01T00:00:00,xn--smfdder-fxa6o.nu.,,rfc6605_ecdsa_algorithm; rfc6605_ecdsa_on_key_or_signature,,algorithm; rr_type,,9.0,1.25,0.0,1.5,0.0,0.0,0.0,0.0,13.125,trace_sig_0019_rfc6605,"RFC 6605 matched signal sig_0019: the required indicator rfc6605_ecdsa_algorithm passed because algorithm=13 is in [13, 14]. Corroborating indicators also matched: rfc6605_ecdsa_on_key_or_signature. The observation on 2021-08-13T07:50:30 is 3421 days after RFC 6605's publication on 2012-04-01, so the timestamp is valid. Score 13.125 (very_high) = (9.0 required + 1.5 optional) x 1.25 high specificity."
sig_0019,RFC 4033,DNS Security Introduction and Requirements (DNSSEC base: RFC 4033/4034/4035),valid_match,3.75,low,true,2021-08-13T07:50:30,2005-03-01T00:00:00,xn--smfdder-fxa6o.nu.,,rfc4033_base_dnssec_record_present; rfc4033_dnssec_algorithm_present,rfc4033_dnssec_ok_negotiated,algorithm; rr_type,dnssec_ok_flag,4.0,0.75,0.0,1.0,0.0,0.0,0.0,0.0,3.75,trace_sig_0019_rfc4033,"RFC 4033 matched signal sig_0019: the required indicator rfc4033_base_dnssec_record_present passed because rr_type=RRSIG is in [DNSKEY, DS, RRSIG, NSEC]. Corroborating indicators also matched: rfc4033_dnssec_algorithm_present. Indicator rfc4033_dnssec_ok_negotiated did not match: field 'dnssec_ok_flag' is absent from this observation, so the condition 'dnssec_ok_flag must equal true' could not be satisfied (absence is not evidence). The observation on 2021-08-13T07:50:30 is 6009 days after RFC 4033's publication on 2005-03-01, so the timestamp is valid. Score 3.75 (low) = (4.0 required + 1.0 optional) x 0.75 low specificity."
sig_0019,RFC 8624,Algorithm Implementation Requirements and Usage Guidance for DNSSEC,ambiguous,3.375,low,true,2021-08-13T07:50:30,2019-06-01T00:00:00,xn--smfdder-fxa6o.nu.,,rfc8624_avoids_deprecated_algorithm; rfc8624_recommended_signing_algorithm,,algorithm,rr_type; validator_algorithm_support,5.0,0.75,0.0,1.5,0.0,0.0,2.0,0.0,3.375,trace_sig_0019_rfc8624,"RFC 8624 is an ambiguous match for signal sig_0019: the required indicator rfc8624_recommended_signing_algorithm passed because algorithm=13 is in [13, 15]. Corroborating indicators also matched: rfc8624_avoids_deprecated_algorithm. The checklist flags rfc8624_avoids_deprecated_algorithm, rfc8624_recommended_signing_algorithm ambiguous: the same observation is equally explained by other RFCs, so the match is penalized and sent to the review queue rather than reported as adoption. The observation on 2021-08-13T07:50:30 is 804 days after RFC 8624's publication on 2019-06-01, so the timestamp is valid. Score 3.375 (low) = (5.0 required + 1.5 optional - 2.0 ambiguity penalty) x 0.75 low specificity."
sig_0019,RFC 4509,Use of SHA-256 in DNSSEC Delegation Signer (DS) Resource Records,no_match,0.0,none,true,2021-08-13T07:50:30,2006-05-01T00:00:00,xn--smfdder-fxa6o.nu.,,,rfc4509_ds_sha256_digest,,digest_type,0.0,1.25,0.0,0.0,3.0,0.0,0.0,0.0,0.0,trace_sig_0019_rfc4509,"RFC 4509 does not explain signal sig_0019: the required indicator rfc4509_ds_sha256_digest failed because rr_type=RRSIG is not in [DS, CDS]. The observation on 2021-08-13T07:50:30 is 5583 days after RFC 4509's publication on 2006-05-01, so the timestamp is valid. Score 0.0 (none): no required indicator matched, so there is nothing to score."
sig_0019,RFC 5155,DNS Security (DNSSEC) Hashed Authenticated Denial of Existence,no_match,0.0,none,true,2021-08-13T07:50:30,2008-03-01T00:00:00,xn--smfdder-fxa6o.nu.,,,rfc5155_nsec3_hash_algorithm; rfc5155_nsec3_record_present,,,0.0,1.5,0.0,0.0,3.0,0.0,0.0,0.0,0.0,trace_sig_0019_rfc5155,"RFC 5155 does not explain signal sig_0019: the required indicator rfc5155_nsec3_record_present failed because rr_type=RRSIG is not in [NSEC3, NSEC3PARAM]. The observation on 2021-08-13T07:50:30 is 4913 days after RFC 5155's publication on 2008-03-01, so the timestamp is valid. Score 0.0 (none): no required indicator matched, so there is nothing to score."
sig_0019,RFC 7344,Automating DNSSEC Delegation Trust Maintenance,no_match,0.0,none,true,2021-08-13T07:50:30,2014-09-01T00:00:00,xn--smfdder-fxa6o.nu.,,,rfc7344_cds_cdnskey_present; rfc7344_cds_publishes_digest,,digest_type,0.0,1.25,0.0,0.0,3.0,0.0,0.0,0.0,0.0,trace_sig_0019_rfc7344,"RFC 7344 does not explain signal sig_0019: the required indicator rfc7344_cds_cdnskey_present failed because rr_type=RRSIG is not in [CDS, CDNSKEY]. The observation on 2021-08-13T07:50:30 is 2538 days after RFC 7344's publication on 2014-09-01, so the timestamp is valid. Score 0.0 (none): no required indicator matched, so there is nothing to score."
sig_0019,RFC 8078,Managing DS Records from the Parent via CDS/CDNSKEY,no_match,0.0,none,true,2021-08-13T07:50:30,2017-03-01T00:00:00,xn--smfdder-fxa6o.nu.,,,rfc8078_cds_cdnskey_algorithm_zero; rfc8078_delete_signal_digest_zero,,digest_type,0.0,1.5,0.0,0.0,3.0,0.0,0.0,0.0,0.0,trace_sig_0019_rfc8078,"RFC 8078 does not explain signal sig_0019: the required indicator rfc8078_cds_cdnskey_algorithm_zero failed because rr_type=RRSIG is not in [CDS, CDNSKEY]. The observation on 2021-08-13T07:50:30 is 1626 days after RFC 8078's publication on 2017-03-01, so the timestamp is valid. Score 0.0 (none): no required indicator matched, so there is nothing to score."
sig_0019,RFC 8080,Edwards-Curve Digital Security Algorithm (EdDSA) for DNSSEC,no_match,0.0,none,true,2021-08-13T07:50:30,2017-02-01T00:00:00,xn--smfdder-fxa6o.nu.,,,rfc8080_eddsa_algorithm; rfc8080_eddsa_on_key_or_signature,,,0.0,1.5,0.0,0.0,3.0,0.0,0.0,0.0,0.0,trace_sig_0019_rfc8080,"RFC 8080 does not explain signal sig_0019: the required indicator rfc8080_eddsa_algorithm failed because algorithm=13 is not in [15, 16]. The observation on 2021-08-13T07:50:30 is 1654 days after RFC 8080's publication on 2017-02-01, so the timestamp is valid. Score 0.0 (none): no required indicator matched, so there is nothing to score."
sig_0020,RFC 8078,Managing DS Records from the Parent via CDS/CDNSKEY,valid_match,15.0,very_high,true,2021-10-02T02:59:05,2017-03-01T00:00:00,cottagecitymd.gov.,,rfc8078_cds_cdnskey_algorithm_zero,rfc8078_delete_signal_digest_zero,algorithm; rr_type,digest_type,10.0,1.5,0.0,0.0,0.0,0.0,0.0,0.0,15.0,trace_sig_0020_rfc8078,"RFC 8078 matched signal sig_0020: the required indicator rfc8078_cds_cdnskey_algorithm_zero passed because rr_type=CDNSKEY is in [CDS, CDNSKEY] and algorithm=0 equals the expected value 0. Indicator rfc8078_delete_signal_digest_zero did not match: field 'digest_type' is absent from this observation, so the condition 'digest_type must equal 0' could not be satisfied (absence is not evidence). The observation on 2021-10-02T02:59:05 is 1676 days after RFC 8078's publication on 2017-03-01, so the timestamp is valid. Score 15.0 (very_high) = (10.0 required) x 1.5 very_high specificity."
sig_0020,RFC 7344,Automating DNSSEC Delegation Trust Maintenance,valid_match,11.25,high,true,2021-10-02T02:59:05,2014-09-01T00:00:00,cottagecitymd.gov.,,rfc7344_cds_cdnskey_present,rfc7344_cds_publishes_digest,rr_type,digest_type,9.0,1.25,0.0,0.0,0.0,0.0,0.0,0.0,11.25,trace_sig_0020_rfc7344,"RFC 7344 matched signal sig_0020: the required indicator rfc7344_cds_cdnskey_present passed because rr_type=CDNSKEY is in [CDS, CDNSKEY]. Indicator rfc7344_cds_publishes_digest did not match: rr_type=CDNSKEY does not equal the expected value CDS. The observation on 2021-10-02T02:59:05 is 2588 days after RFC 7344's publication on 2014-09-01, so the timestamp is valid. Score 11.25 (high) = (9.0 required) x 1.25 high specificity."
sig_0020,RFC 4033,DNS Security Introduction and Requirements (DNSSEC base: RFC 4033/4034/4035),partial_match,0.0,none,true,2021-10-02T02:59:05,2005-03-01T00:00:00,cottagecitymd.gov.,,rfc4033_dnssec_algorithm_present,rfc4033_base_dnssec_record_present; rfc4033_dnssec_ok_negotiated,algorithm,dnssec_ok_flag,0.0,0.75,0.0,1.0,3.0,0.0,0.0,0.0,0.0,trace_sig_0020_rfc4033,"RFC 4033 partially matches signal sig_0020: the optional indicator rfc4033_dnssec_algorithm_present passed because algorithm is present (observed 0). The required indicator rfc4033_base_dnssec_record_present was not satisfied: rr_type=CDNSKEY is not in [DNSKEY, DS, RRSIG, NSEC]. The observation on 2021-10-02T02:59:05 is 6059 days after RFC 4033's publication on 2005-03-01, so the timestamp is valid. Score 0.0 (none): the penalties leave a raw total of -2.0, which is clamped to 0 before the 0.75 low specificity multiplier."
sig_0020,RFC 4509,Use of SHA-256 in DNSSEC Delegation Signer (DS) Resource Records,no_match,0.0,none,true,2021-10-02T02:59:05,2006-05-01T00:00:00,cottagecitymd.gov.,,,rfc4509_ds_sha256_digest,,digest_type,0.0,1.25,0.0,0.0,3.0,0.0,0.0,0.0,0.0,trace_sig_0020_rfc4509,"RFC 4509 does not explain signal sig_0020: the required indicator rfc4509_ds_sha256_digest failed because rr_type=CDNSKEY is not in [DS, CDS]. The observation on 2021-10-02T02:59:05 is 5633 days after RFC 4509's publication on 2006-05-01, so the timestamp is valid. Score 0.0 (none): no required indicator matched, so there is nothing to score."
sig_0020,RFC 5155,DNS Security (DNSSEC) Hashed Authenticated Denial of Existence,no_match,0.0,none,true,2021-10-02T02:59:05,2008-03-01T00:00:00,cottagecitymd.gov.,,,rfc5155_nsec3_hash_algorithm; rfc5155_nsec3_record_present,,,0.0,1.5,0.0,0.0,3.0,0.0,0.0,0.0,0.0,trace_sig_0020_rfc5155,"RFC 5155 does not explain signal sig_0020: the required indicator rfc5155_nsec3_record_present failed because rr_type=CDNSKEY is not in [NSEC3, NSEC3PARAM]. The observation on 2021-10-02T02:59:05 is 4963 days after RFC 5155's publication on 2008-03-01, so the timestamp is valid. Score 0.0 (none): no required indicator matched, so there is nothing to score."
sig_0020,RFC 6605,Elliptic Curve Digital Signature Algorithm (DSA) for DNSSEC,no_match,0.0,none,true,2021-10-02T02:59:05,2012-04-01T00:00:00,cottagecitymd.gov.,,,rfc6605_ecdsa_algorithm; rfc6605_ecdsa_on_key_or_signature,,,0.0,1.25,0.0,0.0,3.0,0.0,0.0,0.0,0.0,trace_sig_0020_rfc6605,"RFC 6605 does not explain signal sig_0020: the required indicator rfc6605_ecdsa_algorithm failed because algorithm=0 is not in [13, 14]. The observation on 2021-10-02T02:59:05 is 3471 days after RFC 6605's publication on 2012-04-01, so the timestamp is valid. Score 0.0 (none): no required indicator matched, so there is nothing to score."
sig_0020,RFC 8080,Edwards-Curve Digital Security Algorithm (EdDSA) for DNSSEC,no_match,0.0,none,true,2021-10-02T02:59:05,2017-02-01T00:00:00,cottagecitymd.gov.,,,rfc8080_eddsa_algorithm; rfc8080_eddsa_on_key_or_signature,,,0.0,1.5,0.0,0.0,3.0,0.0,0.0,0.0,0.0,trace_sig_0020_rfc8080,"RFC 8080 does not explain signal sig_0020: the required indicator rfc8080_eddsa_algorithm failed because algorithm=0 is not in [15, 16]. The observation on 2021-10-02T02:59:05 is 1704 days after RFC 8080's publication on 2017-02-01, so the timestamp is valid. Score 0.0 (none): no required indicator matched, so there is nothing to score."
sig_0020,RFC 8624,Algorithm Implementation Requirements and Usage Guidance for DNSSEC,partial_match,0.0,none,true,2021-10-02T02:59:05,2019-06-01T00:00:00,cottagecitymd.gov.,,rfc8624_avoids_deprecated_algorithm,rfc8624_recommended_signing_algorithm,algorithm,rr_type; validator_algorithm_support,0.0,0.75,0.0,1.5,3.0,0.0,2.0,0.0,0.0,trace_sig_0020_rfc8624,"RFC 8624 partially matches signal sig_0020: the optional indicator rfc8624_avoids_deprecated_algorithm passed because algorithm is present (observed 0) and algorithm=0 differs from 1 as required. The required indicator rfc8624_recommended_signing_algorithm was not satisfied: algorithm=0 is not in [13, 15]. The observation on 2021-10-02T02:59:05 is 854 days after RFC 8624's publication on 2019-06-01, so the timestamp is valid. Score 0.0 (none): the penalties leave a raw total of -3.5, which is clamped to 0 before the 0.75 low specificity multiplier."
sig_0021,RFC 8078,Managing DS Records from the Parent via CDS/CDNSKEY,valid_match,15.0,very_high,true,2021-11-01T02:55:43,2017-03-01T00:00:00,newrussiatownship-oh.gov.,,rfc8078_cds_cdnskey_algorithm_zero,rfc8078_delete_signal_digest_zero,algorithm; rr_type,digest_type,10.0,1.5,0.0,0.0,0.0,0.0,0.0,0.0,15.0,trace_sig_0021_rfc8078,"RFC 8078 matched signal sig_0021: the required indicator rfc8078_cds_cdnskey_algorithm_zero passed because rr_type=CDNSKEY is in [CDS, CDNSKEY] and algorithm=0 equals the expected value 0. Indicator rfc8078_delete_signal_digest_zero did not match: field 'digest_type' is absent from this observation, so the condition 'digest_type must equal 0' could not be satisfied (absence is not evidence). The observation on 2021-11-01T02:55:43 is 1706 days after RFC 8078's publication on 2017-03-01, so the timestamp is valid. Score 15.0 (very_high) = (10.0 required) x 1.5 very_high specificity."
sig_0021,RFC 7344,Automating DNSSEC Delegation Trust Maintenance,valid_match,11.25,high,true,2021-11-01T02:55:43,2014-09-01T00:00:00,newrussiatownship-oh.gov.,,rfc7344_cds_cdnskey_present,rfc7344_cds_publishes_digest,rr_type,digest_type,9.0,1.25,0.0,0.0,0.0,0.0,0.0,0.0,11.25,trace_sig_0021_rfc7344,"RFC 7344 matched signal sig_0021: the required indicator rfc7344_cds_cdnskey_present passed because rr_type=CDNSKEY is in [CDS, CDNSKEY]. Indicator rfc7344_cds_publishes_digest did not match: rr_type=CDNSKEY does not equal the expected value CDS. The observation on 2021-11-01T02:55:43 is 2618 days after RFC 7344's publication on 2014-09-01, so the timestamp is valid. Score 11.25 (high) = (9.0 required) x 1.25 high specificity."
sig_0021,RFC 4033,DNS Security Introduction and Requirements (DNSSEC base: RFC 4033/4034/4035),partial_match,0.0,none,true,2021-11-01T02:55:43,2005-03-01T00:00:00,newrussiatownship-oh.gov.,,rfc4033_dnssec_algorithm_present,rfc4033_base_dnssec_record_present; rfc4033_dnssec_ok_negotiated,algorithm,dnssec_ok_flag,0.0,0.75,0.0,1.0,3.0,0.0,0.0,0.0,0.0,trace_sig_0021_rfc4033,"RFC 4033 partially matches signal sig_0021: the optional indicator rfc4033_dnssec_algorithm_present passed because algorithm is present (observed 0). The required indicator rfc4033_base_dnssec_record_present was not satisfied: rr_type=CDNSKEY is not in [DNSKEY, DS, RRSIG, NSEC]. The observation on 2021-11-01T02:55:43 is 6089 days after RFC 4033's publication on 2005-03-01, so the timestamp is valid. Score 0.0 (none): the penalties leave a raw total of -2.0, which is clamped to 0 before the 0.75 low specificity multiplier."
sig_0021,RFC 4509,Use of SHA-256 in DNSSEC Delegation Signer (DS) Resource Records,no_match,0.0,none,true,2021-11-01T02:55:43,2006-05-01T00:00:00,newrussiatownship-oh.gov.,,,rfc4509_ds_sha256_digest,,digest_type,0.0,1.25,0.0,0.0,3.0,0.0,0.0,0.0,0.0,trace_sig_0021_rfc4509,"RFC 4509 does not explain signal sig_0021: the required indicator rfc4509_ds_sha256_digest failed because rr_type=CDNSKEY is not in [DS, CDS]. The observation on 2021-11-01T02:55:43 is 5663 days after RFC 4509's publication on 2006-05-01, so the timestamp is valid. Score 0.0 (none): no required indicator matched, so there is nothing to score."
sig_0021,RFC 5155,DNS Security (DNSSEC) Hashed Authenticated Denial of Existence,no_match,0.0,none,true,2021-11-01T02:55:43,2008-03-01T00:00:00,newrussiatownship-oh.gov.,,,rfc5155_nsec3_hash_algorithm; rfc5155_nsec3_record_present,,,0.0,1.5,0.0,0.0,3.0,0.0,0.0,0.0,0.0,trace_sig_0021_rfc5155,"RFC 5155 does not explain signal sig_0021: the required indicator rfc5155_nsec3_record_present failed because rr_type=CDNSKEY is not in [NSEC3, NSEC3PARAM]. The observation on 2021-11-01T02:55:43 is 4993 days after RFC 5155's publication on 2008-03-01, so the timestamp is valid. Score 0.0 (none): no required indicator matched, so there is nothing to score."
sig_0021,RFC 6605,Elliptic Curve Digital Signature Algorithm (DSA) for DNSSEC,no_match,0.0,none,true,2021-11-01T02:55:43,2012-04-01T00:00:00,newrussiatownship-oh.gov.,,,rfc6605_ecdsa_algorithm; rfc6605_ecdsa_on_key_or_signature,,,0.0,1.25,0.0,0.0,3.0,0.0,0.0,0.0,0.0,trace_sig_0021_rfc6605,"RFC 6605 does not explain signal sig_0021: the required indicator rfc6605_ecdsa_algorithm failed because algorithm=0 is not in [13, 14]. The observation on 2021-11-01T02:55:43 is 3501 days after RFC 6605's publication on 2012-04-01, so the timestamp is valid. Score 0.0 (none): no required indicator matched, so there is nothing to score."
sig_0021,RFC 8080,Edwards-Curve Digital Security Algorithm (EdDSA) for DNSSEC,no_match,0.0,none,true,2021-11-01T02:55:43,2017-02-01T00:00:00,newrussiatownship-oh.gov.,,,rfc8080_eddsa_algorithm; rfc8080_eddsa_on_key_or_signature,,,0.0,1.5,0.0,0.0,3.0,0.0,0.0,0.0,0.0,trace_sig_0021_rfc8080,"RFC 8080 does not explain signal sig_0021: the required indicator rfc8080_eddsa_algorithm failed because algorithm=0 is not in [15, 16]. The observation on 2021-11-01T02:55:43 is 1734 days after RFC 8080's publication on 2017-02-01, so the timestamp is valid. Score 0.0 (none): no required indicator matched, so there is nothing to score."
sig_0021,RFC 8624,Algorithm Implementation Requirements and Usage Guidance for DNSSEC,partial_match,0.0,none,true,2021-11-01T02:55:43,2019-06-01T00:00:00,newrussiatownship-oh.gov.,,rfc8624_avoids_deprecated_algorithm,rfc8624_recommended_signing_algorithm,algorithm,rr_type; validator_algorithm_support,0.0,0.75,0.0,1.5,3.0,0.0,2.0,0.0,0.0,trace_sig_0021_rfc8624,"RFC 8624 partially matches signal sig_0021: the optional indicator rfc8624_avoids_deprecated_algorithm passed because algorithm is present (observed 0) and algorithm=0 differs from 1 as required. The required indicator rfc8624_recommended_signing_algorithm was not satisfied: algorithm=0 is not in [13, 15]. The observation on 2021-11-01T02:55:43 is 884 days after RFC 8624's publication on 2019-06-01, so the timestamp is valid. Score 0.0 (none): the penalties leave a raw total of -3.5, which is clamped to 0 before the 0.75 low specificity multiplier."
sig_0022,RFC 4033,DNS Security Introduction and Requirements (DNSSEC base: RFC 4033/4034/4035),valid_match,3.75,low,true,2021-11-19T03:14:11,2005-03-01T00:00:00,leer-kracht.nu.,,rfc4033_base_dnssec_record_present; rfc4033_dnssec_algorithm_present,rfc4033_dnssec_ok_negotiated,algorithm; rr_type,dnssec_ok_flag,4.0,0.75,0.0,1.0,0.0,0.0,0.0,0.0,3.75,trace_sig_0022_rfc4033,"RFC 4033 matched signal sig_0022: the required indicator rfc4033_base_dnssec_record_present passed because rr_type=RRSIG is in [DNSKEY, DS, RRSIG, NSEC]. Corroborating indicators also matched: rfc4033_dnssec_algorithm_present. Indicator rfc4033_dnssec_ok_negotiated did not match: field 'dnssec_ok_flag' is absent from this observation, so the condition 'dnssec_ok_flag must equal true' could not be satisfied (absence is not evidence). The observation on 2021-11-19T03:14:11 is 6107 days after RFC 4033's publication on 2005-03-01, so the timestamp is valid. Score 3.75 (low) = (4.0 required + 1.0 optional) x 0.75 low specificity."
sig_0022,RFC 4509,Use of SHA-256 in DNSSEC Delegation Signer (DS) Resource Records,no_match,0.0,none,true,2021-11-19T03:14:11,2006-05-01T00:00:00,leer-kracht.nu.,,,rfc4509_ds_sha256_digest,,digest_type,0.0,1.25,0.0,0.0,3.0,0.0,0.0,0.0,0.0,trace_sig_0022_rfc4509,"RFC 4509 does not explain signal sig_0022: the required indicator rfc4509_ds_sha256_digest failed because rr_type=RRSIG is not in [DS, CDS]. The observation on 2021-11-19T03:14:11 is 5681 days after RFC 4509's publication on 2006-05-01, so the timestamp is valid. Score 0.0 (none): no required indicator matched, so there is nothing to score."
sig_0022,RFC 5155,DNS Security (DNSSEC) Hashed Authenticated Denial of Existence,no_match,0.0,none,true,2021-11-19T03:14:11,2008-03-01T00:00:00,leer-kracht.nu.,,,rfc5155_nsec3_hash_algorithm; rfc5155_nsec3_record_present,,,0.0,1.5,0.0,0.0,3.0,0.0,0.0,0.0,0.0,trace_sig_0022_rfc5155,"RFC 5155 does not explain signal sig_0022: the required indicator rfc5155_nsec3_record_present failed because rr_type=RRSIG is not in [NSEC3, NSEC3PARAM]. The observation on 2021-11-19T03:14:11 is 5011 days after RFC 5155's publication on 2008-03-01, so the timestamp is valid. Score 0.0 (none): no required indicator matched, so there is nothing to score."
sig_0022,RFC 6605,Elliptic Curve Digital Signature Algorithm (DSA) for DNSSEC,no_match,0.0,none,true,2021-11-19T03:14:11,2012-04-01T00:00:00,leer-kracht.nu.,,,rfc6605_ecdsa_algorithm; rfc6605_ecdsa_on_key_or_signature,,,0.0,1.25,0.0,0.0,3.0,0.0,0.0,0.0,0.0,trace_sig_0022_rfc6605,"RFC 6605 does not explain signal sig_0022: the required indicator rfc6605_ecdsa_algorithm failed because algorithm=8 is not in [13, 14]. The observation on 2021-11-19T03:14:11 is 3519 days after RFC 6605's publication on 2012-04-01, so the timestamp is valid. Score 0.0 (none): no required indicator matched, so there is nothing to score."
sig_0022,RFC 7344,Automating DNSSEC Delegation Trust Maintenance,no_match,0.0,none,true,2021-11-19T03:14:11,2014-09-01T00:00:00,leer-kracht.nu.,,,rfc7344_cds_cdnskey_present; rfc7344_cds_publishes_digest,,digest_type,0.0,1.25,0.0,0.0,3.0,0.0,0.0,0.0,0.0,trace_sig_0022_rfc7344,"RFC 7344 does not explain signal sig_0022: the required indicator rfc7344_cds_cdnskey_present failed because rr_type=RRSIG is not in [CDS, CDNSKEY]. The observation on 2021-11-19T03:14:11 is 2636 days after RFC 7344's publication on 2014-09-01, so the timestamp is valid. Score 0.0 (none): no required indicator matched, so there is nothing to score."
sig_0022,RFC 8078,Managing DS Records from the Parent via CDS/CDNSKEY,no_match,0.0,none,true,2021-11-19T03:14:11,2017-03-01T00:00:00,leer-kracht.nu.,,,rfc8078_cds_cdnskey_algorithm_zero; rfc8078_delete_signal_digest_zero,,digest_type,0.0,1.5,0.0,0.0,3.0,0.0,0.0,0.0,0.0,trace_sig_0022_rfc8078,"RFC 8078 does not explain signal sig_0022: the required indicator rfc8078_cds_cdnskey_algorithm_zero failed because rr_type=RRSIG is not in [CDS, CDNSKEY]. The observation on 2021-11-19T03:14:11 is 1724 days after RFC 8078's publication on 2017-03-01, so the timestamp is valid. Score 0.0 (none): no required indicator matched, so there is nothing to score."
sig_0022,RFC 8080,Edwards-Curve Digital Security Algorithm (EdDSA) for DNSSEC,no_match,0.0,none,true,2021-11-19T03:14:11,2017-02-01T00:00:00,leer-kracht.nu.,,,rfc8080_eddsa_algorithm; rfc8080_eddsa_on_key_or_signature,,,0.0,1.5,0.0,0.0,3.0,0.0,0.0,0.0,0.0,trace_sig_0022_rfc8080,"RFC 8080 does not explain signal sig_0022: the required indicator rfc8080_eddsa_algorithm failed because algorithm=8 is not in [15, 16]. The observation on 2021-11-19T03:14:11 is 1752 days after RFC 8080's publication on 2017-02-01, so the timestamp is valid. Score 0.0 (none): no required indicator matched, so there is nothing to score."
sig_0022,RFC 8624,Algorithm Implementation Requirements and Usage Guidance for DNSSEC,partial_match,0.0,none,true,2021-11-19T03:14:11,2019-06-01T00:00:00,leer-kracht.nu.,,rfc8624_avoids_deprecated_algorithm,rfc8624_recommended_signing_algorithm,algorithm,rr_type; validator_algorithm_support,0.0,0.75,0.0,1.5,3.0,0.0,2.0,0.0,0.0,trace_sig_0022_rfc8624,"RFC 8624 partially matches signal sig_0022: the optional indicator rfc8624_avoids_deprecated_algorithm passed because algorithm is present (observed 8) and algorithm=8 differs from 1 as required. The required indicator rfc8624_recommended_signing_algorithm was not satisfied: algorithm=8 is not in [13, 15]. The observation on 2021-11-19T03:14:11 is 902 days after RFC 8624's publication on 2019-06-01, so the timestamp is valid. Score 0.0 (none): the penalties leave a raw total of -3.5, which is clamped to 0 before the 0.75 low specificity multiplier."
sig_0023,RFC 8078,Managing DS Records from the Parent via CDS/CDNSKEY,valid_match,17.25,very_high,true,2021-12-25T08:22:57,2017-03-01T00:00:00,dlan.nu.,,rfc8078_cds_cdnskey_algorithm_zero; rfc8078_delete_signal_digest_zero,,algorithm; digest_type; rr_type,,10.0,1.5,0.0,1.5,0.0,0.0,0.0,0.0,17.25,trace_sig_0023_rfc8078,"RFC 8078 matched signal sig_0023: the required indicator rfc8078_cds_cdnskey_algorithm_zero passed because rr_type=CDS is in [CDS, CDNSKEY] and algorithm=0 equals the expected value 0. Corroborating indicators also matched: rfc8078_delete_signal_digest_zero. The observation on 2021-12-25T08:22:57 is 1760 days after RFC 8078's publication on 2017-03-01, so the timestamp is valid. Score 17.25 (very_high) = (10.0 required + 1.5 optional) x 1.5 very_high specificity."
sig_0023,RFC 7344,Automating DNSSEC Delegation Trust Maintenance,valid_match,11.25,high,true,2021-12-25T08:22:57,2014-09-01T00:00:00,dlan.nu.,,rfc7344_cds_cdnskey_present,rfc7344_cds_publishes_digest,rr_type,,9.0,1.25,0.0,0.0,0.0,0.0,0.0,0.0,11.25,trace_sig_0023_rfc7344,"RFC 7344 matched signal sig_0023: the required indicator rfc7344_cds_cdnskey_present passed because rr_type=CDS is in [CDS, CDNSKEY]. Indicator rfc7344_cds_publishes_digest did not match: digest_type=0 is not >= 1. The observation on 2021-12-25T08:22:57 is 2672 days after RFC 7344's publication on 2014-09-01, so the timestamp is valid. Score 11.25 (high) = (9.0 required) x 1.25 high specificity."
sig_0023,RFC 4033,DNS Security Introduction and Requirements (DNSSEC base: RFC 4033/4034/4035),partial_match,0.0,none,true,2021-12-25T08:22:57,2005-03-01T00:00:00,dlan.nu.,,rfc4033_dnssec_algorithm_present,rfc4033_base_dnssec_record_present; rfc4033_dnssec_ok_negotiated,algorithm,dnssec_ok_flag,0.0,0.75,0.0,1.0,3.0,0.0,0.0,0.0,0.0,trace_sig_0023_rfc4033,"RFC 4033 partially matches signal sig_0023: the optional indicator rfc4033_dnssec_algorithm_present passed because algorithm is present (observed 0). The required indicator rfc4033_base_dnssec_record_present was not satisfied: rr_type=CDS is not in [DNSKEY, DS, RRSIG, NSEC]. The observation on 2021-12-25T08:22:57 is 6143 days after RFC 4033's publication on 2005-03-01, so the timestamp is valid. Score 0.0 (none): the penalties leave a raw total of -2.0, which is clamped to 0 before the 0.75 low specificity multiplier."
sig_0023,RFC 4509,Use of SHA-256 in DNSSEC Delegation Signer (DS) Resource Records,no_match,0.0,none,true,2021-12-25T08:22:57,2006-05-01T00:00:00,dlan.nu.,,,rfc4509_ds_sha256_digest,,,0.0,1.25,0.0,0.0,3.0,0.0,0.0,0.0,0.0,trace_sig_0023_rfc4509,"RFC 4509 does not explain signal sig_0023: the required indicator rfc4509_ds_sha256_digest failed because digest_type=0 does not equal the expected value 2. The observation on 2021-12-25T08:22:57 is 5717 days after RFC 4509's publication on 2006-05-01, so the timestamp is valid. Score 0.0 (none): no required indicator matched, so there is nothing to score."
sig_0023,RFC 5155,DNS Security (DNSSEC) Hashed Authenticated Denial of Existence,no_match,0.0,none,true,2021-12-25T08:22:57,2008-03-01T00:00:00,dlan.nu.,,,rfc5155_nsec3_hash_algorithm; rfc5155_nsec3_record_present,,,0.0,1.5,0.0,0.0,3.0,0.0,0.0,0.0,0.0,trace_sig_0023_rfc5155,"RFC 5155 does not explain signal sig_0023: the required indicator rfc5155_nsec3_record_present failed because rr_type=CDS is not in [NSEC3, NSEC3PARAM]. The observation on 2021-12-25T08:22:57 is 5047 days after RFC 5155's publication on 2008-03-01, so the timestamp is valid. Score 0.0 (none): no required indicator matched, so there is nothing to score."
sig_0023,RFC 6605,Elliptic Curve Digital Signature Algorithm (DSA) for DNSSEC,no_match,0.0,none,true,2021-12-25T08:22:57,2012-04-01T00:00:00,dlan.nu.,,,rfc6605_ecdsa_algorithm; rfc6605_ecdsa_on_key_or_signature,,,0.0,1.25,0.0,0.0,3.0,0.0,0.0,0.0,0.0,trace_sig_0023_rfc6605,"RFC 6605 does not explain signal sig_0023: the required indicator rfc6605_ecdsa_algorithm failed because algorithm=0 is not in [13, 14]. The observation on 2021-12-25T08:22:57 is 3555 days after RFC 6605's publication on 2012-04-01, so the timestamp is valid. Score 0.0 (none): no required indicator matched, so there is nothing to score."
sig_0023,RFC 8080,Edwards-Curve Digital Security Algorithm (EdDSA) for DNSSEC,no_match,0.0,none,true,2021-12-25T08:22:57,2017-02-01T00:00:00,dlan.nu.,,,rfc8080_eddsa_algorithm; rfc8080_eddsa_on_key_or_signature,,,0.0,1.5,0.0,0.0,3.0,0.0,0.0,0.0,0.0,trace_sig_0023_rfc8080,"RFC 8080 does not explain signal sig_0023: the required indicator rfc8080_eddsa_algorithm failed because algorithm=0 is not in [15, 16]. The observation on 2021-12-25T08:22:57 is 1788 days after RFC 8080's publication on 2017-02-01, so the timestamp is valid. Score 0.0 (none): no required indicator matched, so there is nothing to score."
sig_0023,RFC 8624,Algorithm Implementation Requirements and Usage Guidance for DNSSEC,partial_match,0.0,none,true,2021-12-25T08:22:57,2019-06-01T00:00:00,dlan.nu.,,rfc8624_avoids_deprecated_algorithm,rfc8624_recommended_signing_algorithm,algorithm,rr_type; validator_algorithm_support,0.0,0.75,0.0,1.5,3.0,0.0,2.0,0.0,0.0,trace_sig_0023_rfc8624,"RFC 8624 partially matches signal sig_0023: the optional indicator rfc8624_avoids_deprecated_algorithm passed because algorithm is present (observed 0) and algorithm=0 differs from 1 as required. The required indicator rfc8624_recommended_signing_algorithm was not satisfied: algorithm=0 is not in [13, 15]. The observation on 2021-12-25T08:22:57 is 938 days after RFC 8624's publication on 2019-06-01, so the timestamp is valid. Score 0.0 (none): the penalties leave a raw total of -3.5, which is clamped to 0 before the 0.75 low specificity multiplier."
sig_0024,RFC 6605,Elliptic Curve Digital Signature Algorithm (DSA) for DNSSEC,valid_match,13.125,very_high,true,2023-01-12T03:03:26,2012-04-01T00:00:00,holgersen.nu.,,rfc6605_ecdsa_algorithm; rfc6605_ecdsa_on_key_or_signature,,algorithm; rr_type,,9.0,1.25,0.0,1.5,0.0,0.0,0.0,0.0,13.125,trace_sig_0024_rfc6605,"RFC 6605 matched signal sig_0024: the required indicator rfc6605_ecdsa_algorithm passed because algorithm=13 is in [13, 14]. Corroborating indicators also matched: rfc6605_ecdsa_on_key_or_signature. The observation on 2023-01-12T03:03:26 is 3938 days after RFC 6605's publication on 2012-04-01, so the timestamp is valid. Score 13.125 (very_high) = (9.0 required + 1.5 optional) x 1.25 high specificity."
sig_0024,RFC 4033,DNS Security Introduction and Requirements (DNSSEC base: RFC 4033/4034/4035),valid_match,3.75,low,true,2023-01-12T03:03:26,2005-03-01T00:00:00,holgersen.nu.,,rfc4033_base_dnssec_record_present; rfc4033_dnssec_algorithm_present,rfc4033_dnssec_ok_negotiated,algorithm; rr_type,dnssec_ok_flag,4.0,0.75,0.0,1.0,0.0,0.0,0.0,0.0,3.75,trace_sig_0024_rfc4033,"RFC 4033 matched signal sig_0024: the required indicator rfc4033_base_dnssec_record_present passed because rr_type=DS is in [DNSKEY, DS, RRSIG, NSEC]. Corroborating indicators also matched: rfc4033_dnssec_algorithm_present. Indicator rfc4033_dnssec_ok_negotiated did not match: field 'dnssec_ok_flag' is absent from this observation, so the condition 'dnssec_ok_flag must equal true' could not be satisfied (absence is not evidence). The observation on 2023-01-12T03:03:26 is 6526 days after RFC 4033's publication on 2005-03-01, so the timestamp is valid. Score 3.75 (low) = (4.0 required + 1.0 optional) x 0.75 low specificity."
sig_0024,RFC 8624,Algorithm Implementation Requirements and Usage Guidance for DNSSEC,ambiguous,3.375,low,true,2023-01-12T03:03:26,2019-06-01T00:00:00,holgersen.nu.,,rfc8624_avoids_deprecated_algorithm; rfc8624_recommended_signing_algorithm,,algorithm,rr_type; validator_algorithm_support,5.0,0.75,0.0,1.5,0.0,0.0,2.0,0.0,3.375,trace_sig_0024_rfc8624,"RFC 8624 is an ambiguous match for signal sig_0024: the required indicator rfc8624_recommended_signing_algorithm passed because algorithm=13 is in [13, 15]. Corroborating indicators also matched: rfc8624_avoids_deprecated_algorithm. The checklist flags rfc8624_avoids_deprecated_algorithm, rfc8624_recommended_signing_algorithm ambiguous: the same observation is equally explained by other RFCs, so the match is penalized and sent to the review queue rather than reported as adoption. The observation on 2023-01-12T03:03:26 is 1321 days after RFC 8624's publication on 2019-06-01, so the timestamp is valid. Score 3.375 (low) = (5.0 required + 1.5 optional - 2.0 ambiguity penalty) x 0.75 low specificity."
sig_0024,RFC 4509,Use of SHA-256 in DNSSEC Delegation Signer (DS) Resource Records,no_match,0.0,none,true,2023-01-12T03:03:26,2006-05-01T00:00:00,holgersen.nu.,,,rfc4509_ds_sha256_digest,,,0.0,1.25,0.0,0.0,3.0,0.0,0.0,0.0,0.0,trace_sig_0024_rfc4509,"RFC 4509 does not explain signal sig_0024: the required indicator rfc4509_ds_sha256_digest failed because digest_type=4 does not equal the expected value 2. The observation on 2023-01-12T03:03:26 is 6100 days after RFC 4509's publication on 2006-05-01, so the timestamp is valid. Score 0.0 (none): no required indicator matched, so there is nothing to score."
sig_0024,RFC 5155,DNS Security (DNSSEC) Hashed Authenticated Denial of Existence,no_match,0.0,none,true,2023-01-12T03:03:26,2008-03-01T00:00:00,holgersen.nu.,,,rfc5155_nsec3_hash_algorithm; rfc5155_nsec3_record_present,,,0.0,1.5,0.0,0.0,3.0,0.0,0.0,0.0,0.0,trace_sig_0024_rfc5155,"RFC 5155 does not explain signal sig_0024: the required indicator rfc5155_nsec3_record_present failed because rr_type=DS is not in [NSEC3, NSEC3PARAM]. The observation on 2023-01-12T03:03:26 is 5430 days after RFC 5155's publication on 2008-03-01, so the timestamp is valid. Score 0.0 (none): no required indicator matched, so there is nothing to score."
sig_0024,RFC 7344,Automating DNSSEC Delegation Trust Maintenance,no_match,0.0,none,true,2023-01-12T03:03:26,2014-09-01T00:00:00,holgersen.nu.,,,rfc7344_cds_cdnskey_present; rfc7344_cds_publishes_digest,,,0.0,1.25,0.0,0.0,3.0,0.0,0.0,0.0,0.0,trace_sig_0024_rfc7344,"RFC 7344 does not explain signal sig_0024: the required indicator rfc7344_cds_cdnskey_present failed because rr_type=DS is not in [CDS, CDNSKEY]. The observation on 2023-01-12T03:03:26 is 3055 days after RFC 7344's publication on 2014-09-01, so the timestamp is valid. Score 0.0 (none): no required indicator matched, so there is nothing to score."
sig_0024,RFC 8078,Managing DS Records from the Parent via CDS/CDNSKEY,no_match,0.0,none,true,2023-01-12T03:03:26,2017-03-01T00:00:00,holgersen.nu.,,,rfc8078_cds_cdnskey_algorithm_zero; rfc8078_delete_signal_digest_zero,,,0.0,1.5,0.0,0.0,3.0,0.0,0.0,0.0,0.0,trace_sig_0024_rfc8078,"RFC 8078 does not explain signal sig_0024: the required indicator rfc8078_cds_cdnskey_algorithm_zero failed because rr_type=DS is not in [CDS, CDNSKEY]. The observation on 2023-01-12T03:03:26 is 2143 days after RFC 8078's publication on 2017-03-01, so the timestamp is valid. Score 0.0 (none): no required indicator matched, so there is nothing to score."
sig_0024,RFC 8080,Edwards-Curve Digital Security Algorithm (EdDSA) for DNSSEC,no_match,0.0,none,true,2023-01-12T03:03:26,2017-02-01T00:00:00,holgersen.nu.,,,rfc8080_eddsa_algorithm; rfc8080_eddsa_on_key_or_signature,,,0.0,1.5,0.0,0.0,3.0,0.0,0.0,0.0,0.0,trace_sig_0024_rfc8080,"RFC 8080 does not explain signal sig_0024: the required indicator rfc8080_eddsa_algorithm failed because algorithm=13 is not in [15, 16]. The observation on 2023-01-12T03:03:26 is 2171 days after RFC 8080's publication on 2017-02-01, so the timestamp is valid. Score 0.0 (none): no required indicator matched, so there is nothing to score."
sig_0025,RFC 6605,Elliptic Curve Digital Signature Algorithm (DSA) for DNSSEC,valid_match,13.125,very_high,true,2024-01-27T00:41:53,2012-04-01T00:00:00,bospararna.nu.,,rfc6605_ecdsa_algorithm; rfc6605_ecdsa_on_key_or_signature,,algorithm; rr_type,,9.0,1.25,0.0,1.5,0.0,0.0,0.0,0.0,13.125,trace_sig_0025_rfc6605,"RFC 6605 matched signal sig_0025: the required indicator rfc6605_ecdsa_algorithm passed because algorithm=13 is in [13, 14]. Corroborating indicators also matched: rfc6605_ecdsa_on_key_or_signature. The observation on 2024-01-27T00:41:53 is 4318 days after RFC 6605's publication on 2012-04-01, so the timestamp is valid. Score 13.125 (very_high) = (9.0 required + 1.5 optional) x 1.25 high specificity."
sig_0025,RFC 4033,DNS Security Introduction and Requirements (DNSSEC base: RFC 4033/4034/4035),valid_match,3.75,low,true,2024-01-27T00:41:53,2005-03-01T00:00:00,bospararna.nu.,,rfc4033_base_dnssec_record_present; rfc4033_dnssec_algorithm_present,rfc4033_dnssec_ok_negotiated,algorithm; rr_type,dnssec_ok_flag,4.0,0.75,0.0,1.0,0.0,0.0,0.0,0.0,3.75,trace_sig_0025_rfc4033,"RFC 4033 matched signal sig_0025: the required indicator rfc4033_base_dnssec_record_present passed because rr_type=DNSKEY is in [DNSKEY, DS, RRSIG, NSEC]. Corroborating indicators also matched: rfc4033_dnssec_algorithm_present. Indicator rfc4033_dnssec_ok_negotiated did not match: field 'dnssec_ok_flag' is absent from this observation, so the condition 'dnssec_ok_flag must equal true' could not be satisfied (absence is not evidence). The observation on 2024-01-27T00:41:53 is 6906 days after RFC 4033's publication on 2005-03-01, so the timestamp is valid. Score 3.75 (low) = (4.0 required + 1.0 optional) x 0.75 low specificity."
sig_0025,RFC 8624,Algorithm Implementation Requirements and Usage Guidance for DNSSEC,ambiguous,3.375,low,true,2024-01-27T00:41:53,2019-06-01T00:00:00,bospararna.nu.,,rfc8624_avoids_deprecated_algorithm; rfc8624_recommended_signing_algorithm,,algorithm,rr_type; validator_algorithm_support,5.0,0.75,0.0,1.5,0.0,0.0,2.0,0.0,3.375,trace_sig_0025_rfc8624,"RFC 8624 is an ambiguous match for signal sig_0025: the required indicator rfc8624_recommended_signing_algorithm passed because algorithm=13 is in [13, 15]. Corroborating indicators also matched: rfc8624_avoids_deprecated_algorithm. The checklist flags rfc8624_avoids_deprecated_algorithm, rfc8624_recommended_signing_algorithm ambiguous: the same observation is equally explained by other RFCs, so the match is penalized and sent to the review queue rather than reported as adoption. The observation on 2024-01-27T00:41:53 is 1701 days after RFC 8624's publication on 2019-06-01, so the timestamp is valid. Score 3.375 (low) = (5.0 required + 1.5 optional - 2.0 ambiguity penalty) x 0.75 low specificity."
sig_0025,RFC 4509,Use of SHA-256 in DNSSEC Delegation Signer (DS) Resource Records,no_match,0.0,none,true,2024-01-27T00:41:53,2006-05-01T00:00:00,bospararna.nu.,,,rfc4509_ds_sha256_digest,,digest_type,0.0,1.25,0.0,0.0,3.0,0.0,0.0,0.0,0.0,trace_sig_0025_rfc4509,"RFC 4509 does not explain signal sig_0025: the required indicator rfc4509_ds_sha256_digest failed because rr_type=DNSKEY is not in [DS, CDS]. The observation on 2024-01-27T00:41:53 is 6480 days after RFC 4509's publication on 2006-05-01, so the timestamp is valid. Score 0.0 (none): no required indicator matched, so there is nothing to score."
sig_0025,RFC 5155,DNS Security (DNSSEC) Hashed Authenticated Denial of Existence,no_match,0.0,none,true,2024-01-27T00:41:53,2008-03-01T00:00:00,bospararna.nu.,,,rfc5155_nsec3_hash_algorithm; rfc5155_nsec3_record_present,,,0.0,1.5,0.0,0.0,3.0,0.0,0.0,0.0,0.0,trace_sig_0025_rfc5155,"RFC 5155 does not explain signal sig_0025: the required indicator rfc5155_nsec3_record_present failed because rr_type=DNSKEY is not in [NSEC3, NSEC3PARAM]. The observation on 2024-01-27T00:41:53 is 5810 days after RFC 5155's publication on 2008-03-01, so the timestamp is valid. Score 0.0 (none): no required indicator matched, so there is nothing to score."
sig_0025,RFC 7344,Automating DNSSEC Delegation Trust Maintenance,no_match,0.0,none,true,2024-01-27T00:41:53,2014-09-01T00:00:00,bospararna.nu.,,,rfc7344_cds_cdnskey_present; rfc7344_cds_publishes_digest,,digest_type,0.0,1.25,0.0,0.0,3.0,0.0,0.0,0.0,0.0,trace_sig_0025_rfc7344,"RFC 7344 does not explain signal sig_0025: the required indicator rfc7344_cds_cdnskey_present failed because rr_type=DNSKEY is not in [CDS, CDNSKEY]. The observation on 2024-01-27T00:41:53 is 3435 days after RFC 7344's publication on 2014-09-01, so the timestamp is valid. Score 0.0 (none): no required indicator matched, so there is nothing to score."
sig_0025,RFC 8078,Managing DS Records from the Parent via CDS/CDNSKEY,no_match,0.0,none,true,2024-01-27T00:41:53,2017-03-01T00:00:00,bospararna.nu.,,,rfc8078_cds_cdnskey_algorithm_zero; rfc8078_delete_signal_digest_zero,,digest_type,0.0,1.5,0.0,0.0,3.0,0.0,0.0,0.0,0.0,trace_sig_0025_rfc8078,"RFC 8078 does not explain signal sig_0025: the required indicator rfc8078_cds_cdnskey_algorithm_zero failed because rr_type=DNSKEY is not in [CDS, CDNSKEY]. The observation on 2024-01-27T00:41:53 is 2523 days after RFC 8078's publication on 2017-03-01, so the timestamp is valid. Score 0.0 (none): no required indicator matched, so there is nothing to score."
sig_0025,RFC 8080,Edwards-Curve Digital Security Algorithm (EdDSA) for DNSSEC,no_match,0.0,none,true,2024-01-27T00:41:53,2017-02-01T00:00:00,bospararna.nu.,,,rfc8080_eddsa_algorithm; rfc8080_eddsa_on_key_or_signature,,,0.0,1.5,0.0,0.0,3.0,0.0,0.0,0.0,0.0,trace_sig_0025_rfc8080,"RFC 8080 does not explain signal sig_0025: the required indicator rfc8080_eddsa_algorithm failed because algorithm=13 is not in [15, 16]. The observation on 2024-01-27T00:41:53 is 2551 days after RFC 8080's publication on 2017-02-01, so the timestamp is valid. Score 0.0 (none): no required indicator matched, so there is nothing to score."
sig_0026,RFC 6605,Elliptic Curve Digital Signature Algorithm (DSA) for DNSSEC,valid_match,13.125,very_high,true,2024-01-27T02:55:55,2012-04-01T00:00:00,fantastiskafonster.nu.,,rfc6605_ecdsa_algorithm; rfc6605_ecdsa_on_key_or_signature,,algorithm; rr_type,,9.0,1.25,0.0,1.5,0.0,0.0,0.0,0.0,13.125,trace_sig_0026_rfc6605,"RFC 6605 matched signal sig_0026: the required indicator rfc6605_ecdsa_algorithm passed because algorithm=13 is in [13, 14]. Corroborating indicators also matched: rfc6605_ecdsa_on_key_or_signature. The observation on 2024-01-27T02:55:55 is 4318 days after RFC 6605's publication on 2012-04-01, so the timestamp is valid. Score 13.125 (very_high) = (9.0 required + 1.5 optional) x 1.25 high specificity."
sig_0026,RFC 7344,Automating DNSSEC Delegation Trust Maintenance,valid_match,11.25,high,true,2024-01-27T02:55:55,2014-09-01T00:00:00,fantastiskafonster.nu.,,rfc7344_cds_cdnskey_present,rfc7344_cds_publishes_digest,rr_type,digest_type,9.0,1.25,0.0,0.0,0.0,0.0,0.0,0.0,11.25,trace_sig_0026_rfc7344,"RFC 7344 matched signal sig_0026: the required indicator rfc7344_cds_cdnskey_present passed because rr_type=CDNSKEY is in [CDS, CDNSKEY]. Indicator rfc7344_cds_publishes_digest did not match: rr_type=CDNSKEY does not equal the expected value CDS. The observation on 2024-01-27T02:55:55 is 3435 days after RFC 7344's publication on 2014-09-01, so the timestamp is valid. Score 11.25 (high) = (9.0 required) x 1.25 high specificity."
sig_0026,RFC 8624,Algorithm Implementation Requirements and Usage Guidance for DNSSEC,ambiguous,3.375,low,true,2024-01-27T02:55:55,2019-06-01T00:00:00,fantastiskafonster.nu.,,rfc8624_avoids_deprecated_algorithm; rfc8624_recommended_signing_algorithm,,algorithm,rr_type; validator_algorithm_support,5.0,0.75,0.0,1.5,0.0,0.0,2.0,0.0,3.375,trace_sig_0026_rfc8624,"RFC 8624 is an ambiguous match for signal sig_0026: the required indicator rfc8624_recommended_signing_algorithm passed because algorithm=13 is in [13, 15]. Corroborating indicators also matched: rfc8624_avoids_deprecated_algorithm. The checklist flags rfc8624_avoids_deprecated_algorithm, rfc8624_recommended_signing_algorithm ambiguous: the same observation is equally explained by other RFCs, so the match is penalized and sent to the review queue rather than reported as adoption. The observation on 2024-01-27T02:55:55 is 1701 days after RFC 8624's publication on 2019-06-01, so the timestamp is valid. Score 3.375 (low) = (5.0 required + 1.5 optional - 2.0 ambiguity penalty) x 0.75 low specificity."
sig_0026,RFC 4033,DNS Security Introduction and Requirements (DNSSEC base: RFC 4033/4034/4035),partial_match,0.0,none,true,2024-01-27T02:55:55,2005-03-01T00:00:00,fantastiskafonster.nu.,,rfc4033_dnssec_algorithm_present,rfc4033_base_dnssec_record_present; rfc4033_dnssec_ok_negotiated,algorithm,dnssec_ok_flag,0.0,0.75,0.0,1.0,3.0,0.0,0.0,0.0,0.0,trace_sig_0026_rfc4033,"RFC 4033 partially matches signal sig_0026: the optional indicator rfc4033_dnssec_algorithm_present passed because algorithm is present (observed 13). The required indicator rfc4033_base_dnssec_record_present was not satisfied: rr_type=CDNSKEY is not in [DNSKEY, DS, RRSIG, NSEC]. The observation on 2024-01-27T02:55:55 is 6906 days after RFC 4033's publication on 2005-03-01, so the timestamp is valid. Score 0.0 (none): the penalties leave a raw total of -2.0, which is clamped to 0 before the 0.75 low specificity multiplier."
sig_0026,RFC 4509,Use of SHA-256 in DNSSEC Delegation Signer (DS) Resource Records,no_match,0.0,none,true,2024-01-27T02:55:55,2006-05-01T00:00:00,fantastiskafonster.nu.,,,rfc4509_ds_sha256_digest,,digest_type,0.0,1.25,0.0,0.0,3.0,0.0,0.0,0.0,0.0,trace_sig_0026_rfc4509,"RFC 4509 does not explain signal sig_0026: the required indicator rfc4509_ds_sha256_digest failed because rr_type=CDNSKEY is not in [DS, CDS]. The observation on 2024-01-27T02:55:55 is 6480 days after RFC 4509's publication on 2006-05-01, so the timestamp is valid. Score 0.0 (none): no required indicator matched, so there is nothing to score."
sig_0026,RFC 5155,DNS Security (DNSSEC) Hashed Authenticated Denial of Existence,no_match,0.0,none,true,2024-01-27T02:55:55,2008-03-01T00:00:00,fantastiskafonster.nu.,,,rfc5155_nsec3_hash_algorithm; rfc5155_nsec3_record_present,,,0.0,1.5,0.0,0.0,3.0,0.0,0.0,0.0,0.0,trace_sig_0026_rfc5155,"RFC 5155 does not explain signal sig_0026: the required indicator rfc5155_nsec3_record_present failed because rr_type=CDNSKEY is not in [NSEC3, NSEC3PARAM]. The observation on 2024-01-27T02:55:55 is 5810 days after RFC 5155's publication on 2008-03-01, so the timestamp is valid. Score 0.0 (none): no required indicator matched, so there is nothing to score."
sig_0026,RFC 8078,Managing DS Records from the Parent via CDS/CDNSKEY,no_match,0.0,none,true,2024-01-27T02:55:55,2017-03-01T00:00:00,fantastiskafonster.nu.,,,rfc8078_cds_cdnskey_algorithm_zero; rfc8078_delete_signal_digest_zero,,digest_type,0.0,1.5,0.0,0.0,3.0,0.0,0.0,0.0,0.0,trace_sig_0026_rfc8078,"RFC 8078 does not explain signal sig_0026: the required indicator rfc8078_cds_cdnskey_algorithm_zero failed because algorithm=13 does not equal the expected value 0. The observation on 2024-01-27T02:55:55 is 2523 days after RFC 8078's publication on 2017-03-01, so the timestamp is valid. Score 0.0 (none): no required indicator matched, so there is nothing to score."
sig_0026,RFC 8080,Edwards-Curve Digital Security Algorithm (EdDSA) for DNSSEC,no_match,0.0,none,true,2024-01-27T02:55:55,2017-02-01T00:00:00,fantastiskafonster.nu.,,,rfc8080_eddsa_algorithm; rfc8080_eddsa_on_key_or_signature,,,0.0,1.5,0.0,0.0,3.0,0.0,0.0,0.0,0.0,trace_sig_0026_rfc8080,"RFC 8080 does not explain signal sig_0026: the required indicator rfc8080_eddsa_algorithm failed because algorithm=13 is not in [15, 16]. The observation on 2024-01-27T02:55:55 is 2551 days after RFC 8080's publication on 2017-02-01, so the timestamp is valid. Score 0.0 (none): no required indicator matched, so there is nothing to score."
sig_0027,RFC 6605,Elliptic Curve Digital Signature Algorithm (DSA) for DNSSEC,valid_match,13.125,very_high,true,2024-07-22T07:07:07,2012-04-01T00:00:00,bcvwd.gov.,,rfc6605_ecdsa_algorithm; rfc6605_ecdsa_on_key_or_signature,,algorithm; rr_type,,9.0,1.25,0.0,1.5,0.0,0.0,0.0,0.0,13.125,trace_sig_0027_rfc6605,"RFC 6605 matched signal sig_0027: the required indicator rfc6605_ecdsa_algorithm passed because algorithm=13 is in [13, 14]. Corroborating indicators also matched: rfc6605_ecdsa_on_key_or_signature. The observation on 2024-07-22T07:07:07 is 4495 days after RFC 6605's publication on 2012-04-01, so the timestamp is valid. Score 13.125 (very_high) = (9.0 required + 1.5 optional) x 1.25 high specificity."
sig_0027,RFC 7344,Automating DNSSEC Delegation Trust Maintenance,valid_match,13.125,very_high,true,2024-07-22T07:07:07,2014-09-01T00:00:00,bcvwd.gov.,,rfc7344_cds_cdnskey_present; rfc7344_cds_publishes_digest,,digest_type; rr_type,,9.0,1.25,0.0,1.5,0.0,0.0,0.0,0.0,13.125,trace_sig_0027_rfc7344,"RFC 7344 matched signal sig_0027: the required indicator rfc7344_cds_cdnskey_present passed because rr_type=CDS is in [CDS, CDNSKEY]. Corroborating indicators also matched: rfc7344_cds_publishes_digest. The observation on 2024-07-22T07:07:07 is 3612 days after RFC 7344's publication on 2014-09-01, so the timestamp is valid. Score 13.125 (very_high) = (9.0 required + 1.5 optional) x 1.25 high specificity."
sig_0027,RFC 4509,Use of SHA-256 in DNSSEC Delegation Signer (DS) Resource Records,valid_match,11.25,high,true,2024-07-22T07:07:07,2006-05-01T00:00:00,bcvwd.gov.,,rfc4509_ds_sha256_digest,,digest_type; rr_type,,9.0,1.25,0.0,0.0,0.0,0.0,0.0,0.0,11.25,trace_sig_0027_rfc4509,"RFC 4509 matched signal sig_0027: the required indicator rfc4509_ds_sha256_digest passed because rr_type=CDS is in [DS, CDS] and digest_type=2 equals the expected value 2. The observation on 2024-07-22T07:07:07 is 6657 days after RFC 4509's publication on 2006-05-01, so the timestamp is valid. Score 11.25 (high) = (9.0 required) x 1.25 high specificity."
sig_0027,RFC 8624,Algorithm Implementation Requirements and Usage Guidance for DNSSEC,ambiguous,3.375,low,true,2024-07-22T07:07:07,2019-06-01T00:00:00,bcvwd.gov.,,rfc8624_avoids_deprecated_algorithm; rfc8624_recommended_signing_algorithm,,algorithm,rr_type; validator_algorithm_support,5.0,0.75,0.0,1.5,0.0,0.0,2.0,0.0,3.375,trace_sig_0027_rfc8624,"RFC 8624 is an ambiguous match for signal sig_0027: the required indicator rfc8624_recommended_signing_algorithm passed because algorithm=13 is in [13, 15]. Corroborating indicators also matched: rfc8624_avoids_deprecated_algorithm. The checklist flags rfc8624_avoids_deprecated_algorithm, rfc8624_recommended_signing_algorithm ambiguous: the same observation is equally explained by other RFCs, so the match is penalized and sent to the review queue rather than reported as adoption. The observation on 2024-07-22T07:07:07 is 1878 days after RFC 8624's publication on 2019-06-01, so the timestamp is valid. Score 3.375 (low) = (5.0 required + 1.5 optional - 2.0 ambiguity penalty) x 0.75 low specificity."
sig_0027,RFC 4033,DNS Security Introduction and Requirements (DNSSEC base: RFC 4033/4034/4035),partial_match,0.0,none,true,2024-07-22T07:07:07,2005-03-01T00:00:00,bcvwd.gov.,,rfc4033_dnssec_algorithm_present,rfc4033_base_dnssec_record_present; rfc4033_dnssec_ok_negotiated,algorithm,dnssec_ok_flag,0.0,0.75,0.0,1.0,3.0,0.0,0.0,0.0,0.0,trace_sig_0027_rfc4033,"RFC 4033 partially matches signal sig_0027: the optional indicator rfc4033_dnssec_algorithm_present passed because algorithm is present (observed 13). The required indicator rfc4033_base_dnssec_record_present was not satisfied: rr_type=CDS is not in [DNSKEY, DS, RRSIG, NSEC]. The observation on 2024-07-22T07:07:07 is 7083 days after RFC 4033's publication on 2005-03-01, so the timestamp is valid. Score 0.0 (none): the penalties leave a raw total of -2.0, which is clamped to 0 before the 0.75 low specificity multiplier."
sig_0027,RFC 5155,DNS Security (DNSSEC) Hashed Authenticated Denial of Existence,no_match,0.0,none,true,2024-07-22T07:07:07,2008-03-01T00:00:00,bcvwd.gov.,,,rfc5155_nsec3_hash_algorithm; rfc5155_nsec3_record_present,,,0.0,1.5,0.0,0.0,3.0,0.0,0.0,0.0,0.0,trace_sig_0027_rfc5155,"RFC 5155 does not explain signal sig_0027: the required indicator rfc5155_nsec3_record_present failed because rr_type=CDS is not in [NSEC3, NSEC3PARAM]. The observation on 2024-07-22T07:07:07 is 5987 days after RFC 5155's publication on 2008-03-01, so the timestamp is valid. Score 0.0 (none): no required indicator matched, so there is nothing to score."
sig_0027,RFC 8078,Managing DS Records from the Parent via CDS/CDNSKEY,no_match,0.0,none,true,2024-07-22T07:07:07,2017-03-01T00:00:00,bcvwd.gov.,,,rfc8078_cds_cdnskey_algorithm_zero; rfc8078_delete_signal_digest_zero,,,0.0,1.5,0.0,0.0,3.0,0.0,0.0,0.0,0.0,trace_sig_0027_rfc8078,"RFC 8078 does not explain signal sig_0027: the required indicator rfc8078_cds_cdnskey_algorithm_zero failed because algorithm=13 does not equal the expected value 0. The observation on 2024-07-22T07:07:07 is 2700 days after RFC 8078's publication on 2017-03-01, so the timestamp is valid. Score 0.0 (none): no required indicator matched, so there is nothing to score."
sig_0027,RFC 8080,Edwards-Curve Digital Security Algorithm (EdDSA) for DNSSEC,no_match,0.0,none,true,2024-07-22T07:07:07,2017-02-01T00:00:00,bcvwd.gov.,,,rfc8080_eddsa_algorithm; rfc8080_eddsa_on_key_or_signature,,,0.0,1.5,0.0,0.0,3.0,0.0,0.0,0.0,0.0,trace_sig_0027_rfc8080,"RFC 8080 does not explain signal sig_0027: the required indicator rfc8080_eddsa_algorithm failed because algorithm=13 is not in [15, 16]. The observation on 2024-07-22T07:07:07 is 2728 days after RFC 8080's publication on 2017-02-01, so the timestamp is valid. Score 0.0 (none): no required indicator matched, so there is nothing to score."
sig_0028,RFC 6605,Elliptic Curve Digital Signature Algorithm (DSA) for DNSSEC,valid_match,13.125,very_high,true,2024-11-06T00:59:29,2012-04-01T00:00:00,falmouthma.gov.,,rfc6605_ecdsa_algorithm; rfc6605_ecdsa_on_key_or_signature,,algorithm; rr_type,,9.0,1.25,0.0,1.5,0.0,0.0,0.0,0.0,13.125,trace_sig_0028_rfc6605,"RFC 6605 matched signal sig_0028: the required indicator rfc6605_ecdsa_algorithm passed because algorithm=13 is in [13, 14]. Corroborating indicators also matched: rfc6605_ecdsa_on_key_or_signature. The observation on 2024-11-06T00:59:29 is 4602 days after RFC 6605's publication on 2012-04-01, so the timestamp is valid. Score 13.125 (very_high) = (9.0 required + 1.5 optional) x 1.25 high specificity."
sig_0028,RFC 7344,Automating DNSSEC Delegation Trust Maintenance,valid_match,11.25,high,true,2024-11-06T00:59:29,2014-09-01T00:00:00,falmouthma.gov.,,rfc7344_cds_cdnskey_present,rfc7344_cds_publishes_digest,rr_type,digest_type,9.0,1.25,0.0,0.0,0.0,0.0,0.0,0.0,11.25,trace_sig_0028_rfc7344,"RFC 7344 matched signal sig_0028: the required indicator rfc7344_cds_cdnskey_present passed because rr_type=CDNSKEY is in [CDS, CDNSKEY]. Indicator rfc7344_cds_publishes_digest did not match: rr_type=CDNSKEY does not equal the expected value CDS. The observation on 2024-11-06T00:59:29 is 3719 days after RFC 7344's publication on 2014-09-01, so the timestamp is valid. Score 11.25 (high) = (9.0 required) x 1.25 high specificity."
sig_0028,RFC 8624,Algorithm Implementation Requirements and Usage Guidance for DNSSEC,ambiguous,3.375,low,true,2024-11-06T00:59:29,2019-06-01T00:00:00,falmouthma.gov.,,rfc8624_avoids_deprecated_algorithm; rfc8624_recommended_signing_algorithm,,algorithm,rr_type; validator_algorithm_support,5.0,0.75,0.0,1.5,0.0,0.0,2.0,0.0,3.375,trace_sig_0028_rfc8624,"RFC 8624 is an ambiguous match for signal sig_0028: the required indicator rfc8624_recommended_signing_algorithm passed because algorithm=13 is in [13, 15]. Corroborating indicators also matched: rfc8624_avoids_deprecated_algorithm. The checklist flags rfc8624_avoids_deprecated_algorithm, rfc8624_recommended_signing_algorithm ambiguous: the same observation is equally explained by other RFCs, so the match is penalized and sent to the review queue rather than reported as adoption. The observation on 2024-11-06T00:59:29 is 1985 days after RFC 8624's publication on 2019-06-01, so the timestamp is valid. Score 3.375 (low) = (5.0 required + 1.5 optional - 2.0 ambiguity penalty) x 0.75 low specificity."
sig_0028,RFC 4033,DNS Security Introduction and Requirements (DNSSEC base: RFC 4033/4034/4035),partial_match,0.0,none,true,2024-11-06T00:59:29,2005-03-01T00:00:00,falmouthma.gov.,,rfc4033_dnssec_algorithm_present,rfc4033_base_dnssec_record_present; rfc4033_dnssec_ok_negotiated,algorithm,dnssec_ok_flag,0.0,0.75,0.0,1.0,3.0,0.0,0.0,0.0,0.0,trace_sig_0028_rfc4033,"RFC 4033 partially matches signal sig_0028: the optional indicator rfc4033_dnssec_algorithm_present passed because algorithm is present (observed 13). The required indicator rfc4033_base_dnssec_record_present was not satisfied: rr_type=CDNSKEY is not in [DNSKEY, DS, RRSIG, NSEC]. The observation on 2024-11-06T00:59:29 is 7190 days after RFC 4033's publication on 2005-03-01, so the timestamp is valid. Score 0.0 (none): the penalties leave a raw total of -2.0, which is clamped to 0 before the 0.75 low specificity multiplier."
sig_0028,RFC 4509,Use of SHA-256 in DNSSEC Delegation Signer (DS) Resource Records,no_match,0.0,none,true,2024-11-06T00:59:29,2006-05-01T00:00:00,falmouthma.gov.,,,rfc4509_ds_sha256_digest,,digest_type,0.0,1.25,0.0,0.0,3.0,0.0,0.0,0.0,0.0,trace_sig_0028_rfc4509,"RFC 4509 does not explain signal sig_0028: the required indicator rfc4509_ds_sha256_digest failed because rr_type=CDNSKEY is not in [DS, CDS]. The observation on 2024-11-06T00:59:29 is 6764 days after RFC 4509's publication on 2006-05-01, so the timestamp is valid. Score 0.0 (none): no required indicator matched, so there is nothing to score."
sig_0028,RFC 5155,DNS Security (DNSSEC) Hashed Authenticated Denial of Existence,no_match,0.0,none,true,2024-11-06T00:59:29,2008-03-01T00:00:00,falmouthma.gov.,,,rfc5155_nsec3_hash_algorithm; rfc5155_nsec3_record_present,,,0.0,1.5,0.0,0.0,3.0,0.0,0.0,0.0,0.0,trace_sig_0028_rfc5155,"RFC 5155 does not explain signal sig_0028: the required indicator rfc5155_nsec3_record_present failed because rr_type=CDNSKEY is not in [NSEC3, NSEC3PARAM]. The observation on 2024-11-06T00:59:29 is 6094 days after RFC 5155's publication on 2008-03-01, so the timestamp is valid. Score 0.0 (none): no required indicator matched, so there is nothing to score."
sig_0028,RFC 8078,Managing DS Records from the Parent via CDS/CDNSKEY,no_match,0.0,none,true,2024-11-06T00:59:29,2017-03-01T00:00:00,falmouthma.gov.,,,rfc8078_cds_cdnskey_algorithm_zero; rfc8078_delete_signal_digest_zero,,digest_type,0.0,1.5,0.0,0.0,3.0,0.0,0.0,0.0,0.0,trace_sig_0028_rfc8078,"RFC 8078 does not explain signal sig_0028: the required indicator rfc8078_cds_cdnskey_algorithm_zero failed because algorithm=13 does not equal the expected value 0. The observation on 2024-11-06T00:59:29 is 2807 days after RFC 8078's publication on 2017-03-01, so the timestamp is valid. Score 0.0 (none): no required indicator matched, so there is nothing to score."
sig_0028,RFC 8080,Edwards-Curve Digital Security Algorithm (EdDSA) for DNSSEC,no_match,0.0,none,true,2024-11-06T00:59:29,2017-02-01T00:00:00,falmouthma.gov.,,,rfc8080_eddsa_algorithm; rfc8080_eddsa_on_key_or_signature,,,0.0,1.5,0.0,0.0,3.0,0.0,0.0,0.0,0.0,trace_sig_0028_rfc8080,"RFC 8080 does not explain signal sig_0028: the required indicator rfc8080_eddsa_algorithm failed because algorithm=13 is not in [15, 16]. The observation on 2024-11-06T00:59:29 is 2835 days after RFC 8080's publication on 2017-02-01, so the timestamp is valid. Score 0.0 (none): no required indicator matched, so there is nothing to score."
sig_0029,RFC 8078,Managing DS Records from the Parent via CDS/CDNSKEY,valid_match,15.0,very_high,true,2026-04-13T03:02:45,2017-03-01T00:00:00,charlesmixcounty.gov.,,rfc8078_cds_cdnskey_algorithm_zero,rfc8078_delete_signal_digest_zero,algorithm; rr_type,digest_type,10.0,1.5,0.0,0.0,0.0,0.0,0.0,0.0,15.0,trace_sig_0029_rfc8078,"RFC 8078 matched signal sig_0029: the required indicator rfc8078_cds_cdnskey_algorithm_zero passed because rr_type=CDNSKEY is in [CDS, CDNSKEY] and algorithm=0 equals the expected value 0. Indicator rfc8078_delete_signal_digest_zero did not match: field 'digest_type' is absent from this observation, so the condition 'digest_type must equal 0' could not be satisfied (absence is not evidence). The observation on 2026-04-13T03:02:45 is 3330 days after RFC 8078's publication on 2017-03-01, so the timestamp is valid. Score 15.0 (very_high) = (10.0 required) x 1.5 very_high specificity."
sig_0029,RFC 7344,Automating DNSSEC Delegation Trust Maintenance,valid_match,11.25,high,true,2026-04-13T03:02:45,2014-09-01T00:00:00,charlesmixcounty.gov.,,rfc7344_cds_cdnskey_present,rfc7344_cds_publishes_digest,rr_type,digest_type,9.0,1.25,0.0,0.0,0.0,0.0,0.0,0.0,11.25,trace_sig_0029_rfc7344,"RFC 7344 matched signal sig_0029: the required indicator rfc7344_cds_cdnskey_present passed because rr_type=CDNSKEY is in [CDS, CDNSKEY]. Indicator rfc7344_cds_publishes_digest did not match: rr_type=CDNSKEY does not equal the expected value CDS. The observation on 2026-04-13T03:02:45 is 4242 days after RFC 7344's publication on 2014-09-01, so the timestamp is valid. Score 11.25 (high) = (9.0 required) x 1.25 high specificity."
sig_0029,RFC 4033,DNS Security Introduction and Requirements (DNSSEC base: RFC 4033/4034/4035),partial_match,0.0,none,true,2026-04-13T03:02:45,2005-03-01T00:00:00,charlesmixcounty.gov.,,rfc4033_dnssec_algorithm_present,rfc4033_base_dnssec_record_present; rfc4033_dnssec_ok_negotiated,algorithm,dnssec_ok_flag,0.0,0.75,0.0,1.0,3.0,0.0,0.0,0.0,0.0,trace_sig_0029_rfc4033,"RFC 4033 partially matches signal sig_0029: the optional indicator rfc4033_dnssec_algorithm_present passed because algorithm is present (observed 0). The required indicator rfc4033_base_dnssec_record_present was not satisfied: rr_type=CDNSKEY is not in [DNSKEY, DS, RRSIG, NSEC]. The observation on 2026-04-13T03:02:45 is 7713 days after RFC 4033's publication on 2005-03-01, so the timestamp is valid. Score 0.0 (none): the penalties leave a raw total of -2.0, which is clamped to 0 before the 0.75 low specificity multiplier."
sig_0029,RFC 4509,Use of SHA-256 in DNSSEC Delegation Signer (DS) Resource Records,no_match,0.0,none,true,2026-04-13T03:02:45,2006-05-01T00:00:00,charlesmixcounty.gov.,,,rfc4509_ds_sha256_digest,,digest_type,0.0,1.25,0.0,0.0,3.0,0.0,0.0,0.0,0.0,trace_sig_0029_rfc4509,"RFC 4509 does not explain signal sig_0029: the required indicator rfc4509_ds_sha256_digest failed because rr_type=CDNSKEY is not in [DS, CDS]. The observation on 2026-04-13T03:02:45 is 7287 days after RFC 4509's publication on 2006-05-01, so the timestamp is valid. Score 0.0 (none): no required indicator matched, so there is nothing to score."
sig_0029,RFC 5155,DNS Security (DNSSEC) Hashed Authenticated Denial of Existence,no_match,0.0,none,true,2026-04-13T03:02:45,2008-03-01T00:00:00,charlesmixcounty.gov.,,,rfc5155_nsec3_hash_algorithm; rfc5155_nsec3_record_present,,,0.0,1.5,0.0,0.0,3.0,0.0,0.0,0.0,0.0,trace_sig_0029_rfc5155,"RFC 5155 does not explain signal sig_0029: the required indicator rfc5155_nsec3_record_present failed because rr_type=CDNSKEY is not in [NSEC3, NSEC3PARAM]. The observation on 2026-04-13T03:02:45 is 6617 days after RFC 5155's publication on 2008-03-01, so the timestamp is valid. Score 0.0 (none): no required indicator matched, so there is nothing to score."
sig_0029,RFC 6605,Elliptic Curve Digital Signature Algorithm (DSA) for DNSSEC,no_match,0.0,none,true,2026-04-13T03:02:45,2012-04-01T00:00:00,charlesmixcounty.gov.,,,rfc6605_ecdsa_algorithm; rfc6605_ecdsa_on_key_or_signature,,,0.0,1.25,0.0,0.0,3.0,0.0,0.0,0.0,0.0,trace_sig_0029_rfc6605,"RFC 6605 does not explain signal sig_0029: the required indicator rfc6605_ecdsa_algorithm failed because algorithm=0 is not in [13, 14]. The observation on 2026-04-13T03:02:45 is 5125 days after RFC 6605's publication on 2012-04-01, so the timestamp is valid. Score 0.0 (none): no required indicator matched, so there is nothing to score."
sig_0029,RFC 8080,Edwards-Curve Digital Security Algorithm (EdDSA) for DNSSEC,no_match,0.0,none,true,2026-04-13T03:02:45,2017-02-01T00:00:00,charlesmixcounty.gov.,,,rfc8080_eddsa_algorithm; rfc8080_eddsa_on_key_or_signature,,,0.0,1.5,0.0,0.0,3.0,0.0,0.0,0.0,0.0,trace_sig_0029_rfc8080,"RFC 8080 does not explain signal sig_0029: the required indicator rfc8080_eddsa_algorithm failed because algorithm=0 is not in [15, 16]. The observation on 2026-04-13T03:02:45 is 3358 days after RFC 8080's publication on 2017-02-01, so the timestamp is valid. Score 0.0 (none): no required indicator matched, so there is nothing to score."
sig_0029,RFC 8624,Algorithm Implementation Requirements and Usage Guidance for DNSSEC,partial_match,0.0,none,true,2026-04-13T03:02:45,2019-06-01T00:00:00,charlesmixcounty.gov.,,rfc8624_avoids_deprecated_algorithm,rfc8624_recommended_signing_algorithm,algorithm,rr_type; validator_algorithm_support,0.0,0.75,0.0,1.5,3.0,0.0,2.0,0.0,0.0,trace_sig_0029_rfc8624,"RFC 8624 partially matches signal sig_0029: the optional indicator rfc8624_avoids_deprecated_algorithm passed because algorithm is present (observed 0) and algorithm=0 differs from 1 as required. The required indicator rfc8624_recommended_signing_algorithm was not satisfied: algorithm=0 is not in [13, 15]. The observation on 2026-04-13T03:02:45 is 2508 days after RFC 8624's publication on 2019-06-01, so the timestamp is valid. Score 0.0 (none): the penalties leave a raw total of -3.5, which is clamped to 0 before the 0.75 low specificity multiplier."
