program,event_set,test,role,observable,corpus,source,rows_touching,releases_total,release_months_total,status,reason,null_window,release_months_in_window,window_months,release_share_of_window,releases_tested,release_months_tested,allowed_offsets,nonoverlap_p_two_sided,tested_from,tested_to,observed_mean,null_draws_used,null_p5,null_p95,percentile,p_two_sided,band_lo,band_hi,share_release_months_outside_band,null_mean_share_outside,p_share_outside_ge_observed,beats_chance_mean,beats_chance_outside
bind9,all stable public releases,step12,primary: departure from the pre-event trend,alg1,forward,se,d08-rsamd5-removed,444,190,no test,"release months fill 52 of the 56 months of the testable window 2018-06..2023-01, more than 75%; a shifted schedule then covers almost the same months and the test has no contrast",2018-06..2023-01,52,,,,,,,,,,,,,,,,,,,,,
bind9,all stable public releases,transient3,"secondary: transient deviation, blind to a lasting step",alg1,forward,se,d08-rsamd5-removed,444,190,no test,"release months fill 72 of the 86 months of the testable window 2016-09..2023-10, more than 75%; a shifted schedule then covers almost the same months and the test has no contrast",2016-09..2023-10,72,,,,,,,,,,,,,,,,,,,,,
bind9,all stable public releases,step12,primary: departure from the pre-event trend,alg1,forward,nu,d08-rsamd5-removed,444,190,no test,the value is present in only 3 months of this series (fewer than 12),,,,,,,,,,,,,,,,,,,,,,,
bind9,all stable public releases,transient3,"secondary: transient deviation, blind to a lasting step",alg1,forward,nu,d08-rsamd5-removed,444,190,no test,the value is present in only 3 months of this series (fewer than 12),,,,,,,,,,,,,,,,,,,,,,,
bind9,all stable public releases,step12,primary: departure from the pre-event trend,alg1,forward,gov,d08-rsamd5-removed,444,190,no test,the value never appears in this series,,,,,,,,,,,,,,,,,,,,,,,
bind9,all stable public releases,transient3,"secondary: transient deviation, blind to a lasting step",alg1,forward,gov,d08-rsamd5-removed,444,190,no test,the value never appears in this series,,,,,,,,,,,,,,,,,,,,,,,
bind9,all stable public releases,step12,primary: departure from the pre-event trend,alg1,forward,fed.us,d08-rsamd5-removed,444,190,no test,no month with at least 30 in the denominator,,,,,,,,,,,,,,,,,,,,,,,
bind9,all stable public releases,transient3,"secondary: transient deviation, blind to a lasting step",alg1,forward,fed.us,d08-rsamd5-removed,444,190,no test,no month with at least 30 in the denominator,,,,,,,,,,,,,,,,,,,,,,,
bind9,all stable public releases,step12,primary: departure from the pre-event trend,alg1,forward,ee,d08-rsamd5-removed,444,190,no test,the value is present in only 2 months of this series (fewer than 12),,,,,,,,,,,,,,,,,,,,,,,
bind9,all stable public releases,transient3,"secondary: transient deviation, blind to a lasting step",alg1,forward,ee,d08-rsamd5-removed,444,190,no test,the value is present in only 2 months of this series (fewer than 12),,,,,,,,,,,,,,,,,,,,,,,
bind9,all stable public releases,step12,primary: departure from the pre-event trend,alg1,forward,ch,d08-rsamd5-removed,444,190,no test,the value never appears in this series,,,,,,,,,,,,,,,,,,,,,,,
bind9,all stable public releases,transient3,"secondary: transient deviation, blind to a lasting step",alg1,forward,ch,d08-rsamd5-removed,444,190,no test,the value never appears in this series,,,,,,,,,,,,,,,,,,,,,,,
bind9,all stable public releases,step12,primary: departure from the pre-event trend,alg1,forward,li,d08-rsamd5-removed,444,190,no test,the value never appears in this series,,,,,,,,,,,,,,,,,,,,,,,
bind9,all stable public releases,transient3,"secondary: transient deviation, blind to a lasting step",alg1,forward,li,d08-rsamd5-removed,444,190,no test,the value never appears in this series,,,,,,,,,,,,,,,,,,,,,,,
bind9,all stable public releases,step12,primary: departure from the pre-event trend,alg1,reverse_panel,_pooled-afrinic-arin,d08-rsamd5-removed,444,190,no test,the value never appears in this series,,,,,,,,,,,,,,,,,,,,,,,
bind9,all stable public releases,transient3,"secondary: transient deviation, blind to a lasting step",alg1,reverse_panel,_pooled-afrinic-arin,d08-rsamd5-removed,444,190,no test,the value never appears in this series,,,,,,,,,,,,,,,,,,,,,,,
bind9,all stable public releases,step12,primary: departure from the pre-event trend,alg12,forward,se,d09-gost-removed,444,190,no test,the value never appears in this series,,,,,,,,,,,,,,,,,,,,,,,
bind9,all stable public releases,transient3,"secondary: transient deviation, blind to a lasting step",alg12,forward,se,d09-gost-removed,444,190,no test,the value never appears in this series,,,,,,,,,,,,,,,,,,,,,,,
bind9,all stable public releases,step12,primary: departure from the pre-event trend,alg12,forward,nu,d09-gost-removed,444,190,no test,the value never appears in this series,,,,,,,,,,,,,,,,,,,,,,,
bind9,all stable public releases,transient3,"secondary: transient deviation, blind to a lasting step",alg12,forward,nu,d09-gost-removed,444,190,no test,the value never appears in this series,,,,,,,,,,,,,,,,,,,,,,,
bind9,all stable public releases,step12,primary: departure from the pre-event trend,alg12,forward,gov,d09-gost-removed,444,190,no test,the value never appears in this series,,,,,,,,,,,,,,,,,,,,,,,
bind9,all stable public releases,transient3,"secondary: transient deviation, blind to a lasting step",alg12,forward,gov,d09-gost-removed,444,190,no test,the value never appears in this series,,,,,,,,,,,,,,,,,,,,,,,
bind9,all stable public releases,step12,primary: departure from the pre-event trend,alg12,forward,fed.us,d09-gost-removed,444,190,no test,no month with at least 30 in the denominator,,,,,,,,,,,,,,,,,,,,,,,
bind9,all stable public releases,transient3,"secondary: transient deviation, blind to a lasting step",alg12,forward,fed.us,d09-gost-removed,444,190,no test,no month with at least 30 in the denominator,,,,,,,,,,,,,,,,,,,,,,,
bind9,all stable public releases,step12,primary: departure from the pre-event trend,alg12,forward,ee,d09-gost-removed,444,190,no test,the value never appears in this series,,,,,,,,,,,,,,,,,,,,,,,
bind9,all stable public releases,transient3,"secondary: transient deviation, blind to a lasting step",alg12,forward,ee,d09-gost-removed,444,190,no test,the value never appears in this series,,,,,,,,,,,,,,,,,,,,,,,
bind9,all stable public releases,step12,primary: departure from the pre-event trend,alg12,forward,ch,d09-gost-removed,444,190,no test,the value never appears in this series,,,,,,,,,,,,,,,,,,,,,,,
bind9,all stable public releases,transient3,"secondary: transient deviation, blind to a lasting step",alg12,forward,ch,d09-gost-removed,444,190,no test,the value never appears in this series,,,,,,,,,,,,,,,,,,,,,,,
bind9,all stable public releases,step12,primary: departure from the pre-event trend,alg12,forward,li,d09-gost-removed,444,190,no test,the value never appears in this series,,,,,,,,,,,,,,,,,,,,,,,
bind9,all stable public releases,transient3,"secondary: transient deviation, blind to a lasting step",alg12,forward,li,d09-gost-removed,444,190,no test,the value never appears in this series,,,,,,,,,,,,,,,,,,,,,,,
bind9,all stable public releases,step12,primary: departure from the pre-event trend,alg12,reverse_panel,_pooled-afrinic-arin,d09-gost-removed,444,190,no test,the value never appears in this series,,,,,,,,,,,,,,,,,,,,,,,
bind9,all stable public releases,transient3,"secondary: transient deviation, blind to a lasting step",alg12,reverse_panel,_pooled-afrinic-arin,d09-gost-removed,444,190,no test,the value never appears in this series,,,,,,,,,,,,,,,,,,,,,,,
bind9,all stable public releases,step12,primary: departure from the pre-event trend,alg13,forward,se,d15-dnssec-policy-default-ecdsap256,444,190,no test,"release months fill 52 of the 56 months of the testable window 2018-06..2023-01, more than 75%; a shifted schedule then covers almost the same months and the test has no contrast",2018-06..2023-01,52,,,,,,,,,,,,,,,,,,,,,
bind9,all stable public releases,transient3,"secondary: transient deviation, blind to a lasting step",alg13,forward,se,d15-dnssec-policy-default-ecdsap256,444,190,no test,"release months fill 72 of the 86 months of the testable window 2016-09..2023-10, more than 75%; a shifted schedule then covers almost the same months and the test has no contrast",2016-09..2023-10,72,,,,,,,,,,,,,,,,,,,,,
bind9,all stable public releases,step12,primary: departure from the pre-event trend,alg13,forward,nu,d15-dnssec-policy-default-ecdsap256,444,190,no test,"release months fill 52 of the 56 months of the testable window 2018-06..2023-01, more than 75%; a shifted schedule then covers almost the same months and the test has no contrast",2018-06..2023-01,52,,,,,,,,,,,,,,,,,,,,,
bind9,all stable public releases,transient3,"secondary: transient deviation, blind to a lasting step",alg13,forward,nu,d15-dnssec-policy-default-ecdsap256,444,190,no test,"release months fill 72 of the 86 months of the testable window 2016-09..2023-10, more than 75%; a shifted schedule then covers almost the same months and the test has no contrast",2016-09..2023-10,72,,,,,,,,,,,,,,,,,,,,,
bind9,all stable public releases,step12,primary: departure from the pre-event trend,alg13,forward,gov,d15-dnssec-policy-default-ecdsap256,444,190,no test,"release months fill 45 of the 45 months of the testable window 2019-05..2023-01, more than 75%; a shifted schedule then covers almost the same months and the test has no contrast",2019-05..2023-01,45,,,,,,,,,,,,,,,,,,,,,
bind9,all stable public releases,transient3,"secondary: transient deviation, blind to a lasting step",alg13,forward,gov,d15-dnssec-policy-default-ecdsap256,444,190,no test,"release months fill 63 of the 75 months of the testable window 2017-08..2023-10, more than 75%; a shifted schedule then covers almost the same months and the test has no contrast",2017-08..2023-10,63,,,,,,,,,,,,,,,,,,,,,
bind9,all stable public releases,step12,primary: departure from the pre-event trend,alg13,forward,fed.us,d15-dnssec-policy-default-ecdsap256,444,190,no test,no month with at least 30 in the denominator,,,,,,,,,,,,,,,,,,,,,,,
bind9,all stable public releases,transient3,"secondary: transient deviation, blind to a lasting step",alg13,forward,fed.us,d15-dnssec-policy-default-ecdsap256,444,190,no test,no month with at least 30 in the denominator,,,,,,,,,,,,,,,,,,,,,,,
bind9,all stable public releases,step12,primary: departure from the pre-event trend,alg13,forward,ee,d15-dnssec-policy-default-ecdsap256,444,190,no test,"the testable window 2021-07..2023-01 is 19 months, fewer than 24",2021-07..2023-01,19,,,,,,,,,,,,,,,,,,,,,
bind9,all stable public releases,transient3,"secondary: transient deviation, blind to a lasting step",alg13,forward,ee,d15-dnssec-policy-default-ecdsap256,444,190,no test,"release months fill 48 of the 49 months of the testable window 2019-10..2023-10, more than 75%; a shifted schedule then covers almost the same months and the test has no contrast",2019-10..2023-10,48,,,,,,,,,,,,,,,,,,,,,
bind9,all stable public releases,step12,primary: departure from the pre-event trend,alg13,forward,ch,d15-dnssec-policy-default-ecdsap256,444,190,no test,"the testable window 2022-05..2023-01 is 9 months, fewer than 24",2022-05..2023-01,9,,,,,,,,,,,,,,,,,,,,,
bind9,all stable public releases,transient3,"secondary: transient deviation, blind to a lasting step",alg13,forward,ch,d15-dnssec-policy-default-ecdsap256,444,190,no test,"release months fill 38 of the 39 months of the testable window 2020-08..2023-10, more than 75%; a shifted schedule then covers almost the same months and the test has no contrast",2020-08..2023-10,38,,,,,,,,,,,,,,,,,,,,,
bind9,all stable public releases,step12,primary: departure from the pre-event trend,alg13,forward,li,d15-dnssec-policy-default-ecdsap256,444,190,no test,"the testable window 2022-05..2023-01 is 9 months, fewer than 24",2022-05..2023-01,9,,,,,,,,,,,,,,,,,,,,,
bind9,all stable public releases,transient3,"secondary: transient deviation, blind to a lasting step",alg13,forward,li,d15-dnssec-policy-default-ecdsap256,444,190,no test,"release months fill 38 of the 39 months of the testable window 2020-08..2023-10, more than 75%; a shifted schedule then covers almost the same months and the test has no contrast",2020-08..2023-10,38,,,,,,,,,,,,,,,,,,,,,
bind9,all stable public releases,step12,primary: departure from the pre-event trend,alg13,reverse_panel,_pooled-afrinic-arin,d15-dnssec-policy-default-ecdsap256,444,190,no test,"release months fill 114 of the 149 months of the testable window 2013-04..2025-08, more than 75%; a shifted schedule then covers almost the same months and the test has no contrast",2013-04..2025-08,114,,,,,,,,,,,,,,,,,,,,,
bind9,all stable public releases,transient3,"secondary: transient deviation, blind to a lasting step",alg13,reverse_panel,_pooled-afrinic-arin,d15-dnssec-policy-default-ecdsap256,444,190,no test,"release months fill 135 of the 179 months of the testable window 2011-07..2026-05, more than 75%; a shifted schedule then covers almost the same months and the test has no contrast",2011-07..2026-05,135,,,,,,,,,,,,,,,,,,,,,
bind9,all stable public releases,step12,primary: departure from the pre-event trend,alg3_6,forward,se,d10-dsa-removed,444,190,no test,"release months fill 52 of the 56 months of the testable window 2018-06..2023-01, more than 75%; a shifted schedule then covers almost the same months and the test has no contrast",2018-06..2023-01,52,,,,,,,,,,,,,,,,,,,,,
bind9,all stable public releases,transient3,"secondary: transient deviation, blind to a lasting step",alg3_6,forward,se,d10-dsa-removed,444,190,no test,"release months fill 72 of the 86 months of the testable window 2016-09..2023-10, more than 75%; a shifted schedule then covers almost the same months and the test has no contrast",2016-09..2023-10,72,,,,,,,,,,,,,,,,,,,,,
bind9,all stable public releases,step12,primary: departure from the pre-event trend,alg3_6,forward,nu,d10-dsa-removed,444,190,no test,the value never appears in this series,,,,,,,,,,,,,,,,,,,,,,,
bind9,all stable public releases,transient3,"secondary: transient deviation, blind to a lasting step",alg3_6,forward,nu,d10-dsa-removed,444,190,no test,the value never appears in this series,,,,,,,,,,,,,,,,,,,,,,,
bind9,all stable public releases,step12,primary: departure from the pre-event trend,alg3_6,forward,gov,d10-dsa-removed,444,190,no test,the value never appears in this series,,,,,,,,,,,,,,,,,,,,,,,
bind9,all stable public releases,transient3,"secondary: transient deviation, blind to a lasting step",alg3_6,forward,gov,d10-dsa-removed,444,190,no test,the value never appears in this series,,,,,,,,,,,,,,,,,,,,,,,
bind9,all stable public releases,step12,primary: departure from the pre-event trend,alg3_6,forward,fed.us,d10-dsa-removed,444,190,no test,no month with at least 30 in the denominator,,,,,,,,,,,,,,,,,,,,,,,
bind9,all stable public releases,transient3,"secondary: transient deviation, blind to a lasting step",alg3_6,forward,fed.us,d10-dsa-removed,444,190,no test,no month with at least 30 in the denominator,,,,,,,,,,,,,,,,,,,,,,,
bind9,all stable public releases,step12,primary: departure from the pre-event trend,alg3_6,forward,ee,d10-dsa-removed,444,190,no test,the value never appears in this series,,,,,,,,,,,,,,,,,,,,,,,
bind9,all stable public releases,transient3,"secondary: transient deviation, blind to a lasting step",alg3_6,forward,ee,d10-dsa-removed,444,190,no test,the value never appears in this series,,,,,,,,,,,,,,,,,,,,,,,
bind9,all stable public releases,step12,primary: departure from the pre-event trend,alg3_6,forward,ch,d10-dsa-removed,444,190,no test,"the testable window 2022-05..2023-01 is 9 months, fewer than 24",2022-05..2023-01,9,,,,,,,,,,,,,,,,,,,,,
bind9,all stable public releases,transient3,"secondary: transient deviation, blind to a lasting step",alg3_6,forward,ch,d10-dsa-removed,444,190,no test,"release months fill 38 of the 39 months of the testable window 2020-08..2023-10, more than 75%; a shifted schedule then covers almost the same months and the test has no contrast",2020-08..2023-10,38,,,,,,,,,,,,,,,,,,,,,
bind9,all stable public releases,step12,primary: departure from the pre-event trend,alg3_6,forward,li,d10-dsa-removed,444,190,no test,the value never appears in this series,,,,,,,,,,,,,,,,,,,,,,,
bind9,all stable public releases,transient3,"secondary: transient deviation, blind to a lasting step",alg3_6,forward,li,d10-dsa-removed,444,190,no test,the value never appears in this series,,,,,,,,,,,,,,,,,,,,,,,
bind9,all stable public releases,step12,primary: departure from the pre-event trend,alg3_6,reverse_panel,_pooled-afrinic-arin,d10-dsa-removed,444,190,no test,the value never appears in this series,,,,,,,,,,,,,,,,,,,,,,,
bind9,all stable public releases,transient3,"secondary: transient deviation, blind to a lasting step",alg3_6,reverse_panel,_pooled-afrinic-arin,d10-dsa-removed,444,190,no test,the value never appears in this series,,,,,,,,,,,,,,,,,,,,,,,
bind9,all stable public releases,step12,primary: departure from the pre-event trend,alg5,forward,se,d02-keygen-default-alg-rsasha1;d06-keygen-no-default-alg,444,190,no test,"release months fill 52 of the 56 months of the testable window 2018-06..2023-01, more than 75%; a shifted schedule then covers almost the same months and the test has no contrast",2018-06..2023-01,52,,,,,,,,,,,,,,,,,,,,,
bind9,all stable public releases,transient3,"secondary: transient deviation, blind to a lasting step",alg5,forward,se,d02-keygen-default-alg-rsasha1;d06-keygen-no-default-alg,444,190,no test,"release months fill 72 of the 86 months of the testable window 2016-09..2023-10, more than 75%; a shifted schedule then covers almost the same months and the test has no contrast",2016-09..2023-10,72,,,,,,,,,,,,,,,,,,,,,
bind9,all stable public releases,step12,primary: departure from the pre-event trend,alg5,forward,nu,d02-keygen-default-alg-rsasha1;d06-keygen-no-default-alg,444,190,no test,"release months fill 52 of the 56 months of the testable window 2018-06..2023-01, more than 75%; a shifted schedule then covers almost the same months and the test has no contrast",2018-06..2023-01,52,,,,,,,,,,,,,,,,,,,,,
bind9,all stable public releases,transient3,"secondary: transient deviation, blind to a lasting step",alg5,forward,nu,d02-keygen-default-alg-rsasha1;d06-keygen-no-default-alg,444,190,no test,"release months fill 72 of the 86 months of the testable window 2016-09..2023-10, more than 75%; a shifted schedule then covers almost the same months and the test has no contrast",2016-09..2023-10,72,,,,,,,,,,,,,,,,,,,,,
bind9,all stable public releases,step12,primary: departure from the pre-event trend,alg5,forward,gov,d02-keygen-default-alg-rsasha1;d06-keygen-no-default-alg,444,190,no test,"release months fill 45 of the 45 months of the testable window 2019-05..2023-01, more than 75%; a shifted schedule then covers almost the same months and the test has no contrast",2019-05..2023-01,45,,,,,,,,,,,,,,,,,,,,,
bind9,all stable public releases,transient3,"secondary: transient deviation, blind to a lasting step",alg5,forward,gov,d02-keygen-default-alg-rsasha1;d06-keygen-no-default-alg,444,190,no test,"release months fill 63 of the 75 months of the testable window 2017-08..2023-10, more than 75%; a shifted schedule then covers almost the same months and the test has no contrast",2017-08..2023-10,63,,,,,,,,,,,,,,,,,,,,,
bind9,all stable public releases,step12,primary: departure from the pre-event trend,alg5,forward,fed.us,d02-keygen-default-alg-rsasha1;d06-keygen-no-default-alg,444,190,no test,no month with at least 30 in the denominator,,,,,,,,,,,,,,,,,,,,,,,
bind9,all stable public releases,transient3,"secondary: transient deviation, blind to a lasting step",alg5,forward,fed.us,d02-keygen-default-alg-rsasha1;d06-keygen-no-default-alg,444,190,no test,no month with at least 30 in the denominator,,,,,,,,,,,,,,,,,,,,,,,
bind9,all stable public releases,step12,primary: departure from the pre-event trend,alg5,forward,ee,d02-keygen-default-alg-rsasha1;d06-keygen-no-default-alg,444,190,no test,"the testable window 2021-07..2023-01 is 19 months, fewer than 24",2021-07..2023-01,19,,,,,,,,,,,,,,,,,,,,,
bind9,all stable public releases,transient3,"secondary: transient deviation, blind to a lasting step",alg5,forward,ee,d02-keygen-default-alg-rsasha1;d06-keygen-no-default-alg,444,190,no test,"release months fill 48 of the 49 months of the testable window 2019-10..2023-10, more than 75%; a shifted schedule then covers almost the same months and the test has no contrast",2019-10..2023-10,48,,,,,,,,,,,,,,,,,,,,,
bind9,all stable public releases,step12,primary: departure from the pre-event trend,alg5,forward,ch,d02-keygen-default-alg-rsasha1;d06-keygen-no-default-alg,444,190,no test,"the testable window 2022-05..2023-01 is 9 months, fewer than 24",2022-05..2023-01,9,,,,,,,,,,,,,,,,,,,,,
bind9,all stable public releases,transient3,"secondary: transient deviation, blind to a lasting step",alg5,forward,ch,d02-keygen-default-alg-rsasha1;d06-keygen-no-default-alg,444,190,no test,"release months fill 38 of the 39 months of the testable window 2020-08..2023-10, more than 75%; a shifted schedule then covers almost the same months and the test has no contrast",2020-08..2023-10,38,,,,,,,,,,,,,,,,,,,,,
bind9,all stable public releases,step12,primary: departure from the pre-event trend,alg5,forward,li,d02-keygen-default-alg-rsasha1;d06-keygen-no-default-alg,444,190,no test,"the testable window 2022-05..2023-01 is 9 months, fewer than 24",2022-05..2023-01,9,,,,,,,,,,,,,,,,,,,,,
bind9,all stable public releases,transient3,"secondary: transient deviation, blind to a lasting step",alg5,forward,li,d02-keygen-default-alg-rsasha1;d06-keygen-no-default-alg,444,190,no test,"release months fill 38 of the 39 months of the testable window 2020-08..2023-10, more than 75%; a shifted schedule then covers almost the same months and the test has no contrast",2020-08..2023-10,38,,,,,,,,,,,,,,,,,,,,,
bind9,all stable public releases,step12,primary: departure from the pre-event trend,alg5,reverse_panel,_pooled-afrinic-arin,d02-keygen-default-alg-rsasha1;d06-keygen-no-default-alg,444,190,no test,"release months fill 114 of the 149 months of the testable window 2013-04..2025-08, more than 75%; a shifted schedule then covers almost the same months and the test has no contrast",2013-04..2025-08,114,,,,,,,,,,,,,,,,,,,,,
bind9,all stable public releases,transient3,"secondary: transient deviation, blind to a lasting step",alg5,reverse_panel,_pooled-afrinic-arin,d02-keygen-default-alg-rsasha1;d06-keygen-no-default-alg,444,190,no test,"release months fill 135 of the 179 months of the testable window 2011-07..2026-05, more than 75%; a shifted schedule then covers almost the same months and the test has no contrast",2011-07..2026-05,135,,,,,,,,,,,,,,,,,,,,,
bind9,all stable public releases,step12,primary: departure from the pre-event trend,digest1,forward,se,d13-ds-cds-sha1-dropped;d20-dnssec-cds-sha2-only,444,190,no test,"release months fill 52 of the 56 months of the testable window 2018-06..2023-01, more than 75%; a shifted schedule then covers almost the same months and the test has no contrast",2018-06..2023-01,52,,,,,,,,,,,,,,,,,,,,,
bind9,all stable public releases,transient3,"secondary: transient deviation, blind to a lasting step",digest1,forward,se,d13-ds-cds-sha1-dropped;d20-dnssec-cds-sha2-only,444,190,no test,"release months fill 72 of the 86 months of the testable window 2016-09..2023-10, more than 75%; a shifted schedule then covers almost the same months and the test has no contrast",2016-09..2023-10,72,,,,,,,,,,,,,,,,,,,,,
bind9,all stable public releases,step12,primary: departure from the pre-event trend,digest1,forward,nu,d13-ds-cds-sha1-dropped;d20-dnssec-cds-sha2-only,444,190,no test,"release months fill 52 of the 56 months of the testable window 2018-06..2023-01, more than 75%; a shifted schedule then covers almost the same months and the test has no contrast",2018-06..2023-01,52,,,,,,,,,,,,,,,,,,,,,
bind9,all stable public releases,transient3,"secondary: transient deviation, blind to a lasting step",digest1,forward,nu,d13-ds-cds-sha1-dropped;d20-dnssec-cds-sha2-only,444,190,no test,"release months fill 72 of the 86 months of the testable window 2016-09..2023-10, more than 75%; a shifted schedule then covers almost the same months and the test has no contrast",2016-09..2023-10,72,,,,,,,,,,,,,,,,,,,,,
bind9,all stable public releases,step12,primary: departure from the pre-event trend,digest1,forward,gov,d13-ds-cds-sha1-dropped;d20-dnssec-cds-sha2-only,444,190,no test,"release months fill 45 of the 45 months of the testable window 2019-05..2023-01, more than 75%; a shifted schedule then covers almost the same months and the test has no contrast",2019-05..2023-01,45,,,,,,,,,,,,,,,,,,,,,
bind9,all stable public releases,transient3,"secondary: transient deviation, blind to a lasting step",digest1,forward,gov,d13-ds-cds-sha1-dropped;d20-dnssec-cds-sha2-only,444,190,no test,"release months fill 63 of the 75 months of the testable window 2017-08..2023-10, more than 75%; a shifted schedule then covers almost the same months and the test has no contrast",2017-08..2023-10,63,,,,,,,,,,,,,,,,,,,,,
bind9,all stable public releases,step12,primary: departure from the pre-event trend,digest1,forward,fed.us,d13-ds-cds-sha1-dropped;d20-dnssec-cds-sha2-only,444,190,no test,no month with at least 30 in the denominator,,,,,,,,,,,,,,,,,,,,,,,
bind9,all stable public releases,transient3,"secondary: transient deviation, blind to a lasting step",digest1,forward,fed.us,d13-ds-cds-sha1-dropped;d20-dnssec-cds-sha2-only,444,190,no test,no month with at least 30 in the denominator,,,,,,,,,,,,,,,,,,,,,,,
bind9,all stable public releases,step12,primary: departure from the pre-event trend,digest1,forward,ee,d13-ds-cds-sha1-dropped;d20-dnssec-cds-sha2-only,444,190,no test,the value never appears in this series,,,,,,,,,,,,,,,,,,,,,,,
bind9,all stable public releases,transient3,"secondary: transient deviation, blind to a lasting step",digest1,forward,ee,d13-ds-cds-sha1-dropped;d20-dnssec-cds-sha2-only,444,190,no test,the value never appears in this series,,,,,,,,,,,,,,,,,,,,,,,
bind9,all stable public releases,step12,primary: departure from the pre-event trend,digest1,forward,ch,d13-ds-cds-sha1-dropped;d20-dnssec-cds-sha2-only,444,190,no test,"the testable window 2022-05..2023-01 is 9 months, fewer than 24",2022-05..2023-01,9,,,,,,,,,,,,,,,,,,,,,
bind9,all stable public releases,transient3,"secondary: transient deviation, blind to a lasting step",digest1,forward,ch,d13-ds-cds-sha1-dropped;d20-dnssec-cds-sha2-only,444,190,no test,"release months fill 38 of the 39 months of the testable window 2020-08..2023-10, more than 75%; a shifted schedule then covers almost the same months and the test has no contrast",2020-08..2023-10,38,,,,,,,,,,,,,,,,,,,,,
bind9,all stable public releases,step12,primary: departure from the pre-event trend,digest1,forward,li,d13-ds-cds-sha1-dropped;d20-dnssec-cds-sha2-only,444,190,no test,"the testable window 2022-05..2023-01 is 9 months, fewer than 24",2022-05..2023-01,9,,,,,,,,,,,,,,,,,,,,,
bind9,all stable public releases,transient3,"secondary: transient deviation, blind to a lasting step",digest1,forward,li,d13-ds-cds-sha1-dropped;d20-dnssec-cds-sha2-only,444,190,no test,"release months fill 38 of the 39 months of the testable window 2020-08..2023-10, more than 75%; a shifted schedule then covers almost the same months and the test has no contrast",2020-08..2023-10,38,,,,,,,,,,,,,,,,,,,,,
bind9,all stable public releases,step12,primary: departure from the pre-event trend,digest1,reverse_panel,_pooled-afrinic-arin,d13-ds-cds-sha1-dropped;d20-dnssec-cds-sha2-only,444,190,no test,"release months fill 114 of the 149 months of the testable window 2013-04..2025-08, more than 75%; a shifted schedule then covers almost the same months and the test has no contrast",2013-04..2025-08,114,,,,,,,,,,,,,,,,,,,,,
bind9,all stable public releases,transient3,"secondary: transient deviation, blind to a lasting step",digest1,reverse_panel,_pooled-afrinic-arin,d13-ds-cds-sha1-dropped;d20-dnssec-cds-sha2-only,444,190,no test,"release months fill 135 of the 179 months of the testable window 2011-07..2026-05, more than 75%; a shifted schedule then covers almost the same months and the test has no contrast",2011-07..2026-05,135,,,,,,,,,,,,,,,,,,,,,
bind9,all stable public releases,step12,primary: departure from the pre-event trend,iter0,forward,se,d18-nsec3param-default-0-0;d21-signzone-nsec3-iterations-0,444,190,no test,"release months fill 52 of the 56 months of the testable window 2018-06..2023-01, more than 75%; a shifted schedule then covers almost the same months and the test has no contrast",2018-06..2023-01,52,,,,,,,,,,,,,,,,,,,,,
bind9,all stable public releases,transient3,"secondary: transient deviation, blind to a lasting step",iter0,forward,se,d18-nsec3param-default-0-0;d21-signzone-nsec3-iterations-0,444,190,no test,"release months fill 72 of the 86 months of the testable window 2016-09..2023-10, more than 75%; a shifted schedule then covers almost the same months and the test has no contrast",2016-09..2023-10,72,,,,,,,,,,,,,,,,,,,,,
bind9,all stable public releases,step12,primary: departure from the pre-event trend,iter0,forward,nu,d18-nsec3param-default-0-0;d21-signzone-nsec3-iterations-0,444,190,no test,"release months fill 52 of the 56 months of the testable window 2018-06..2023-01, more than 75%; a shifted schedule then covers almost the same months and the test has no contrast",2018-06..2023-01,52,,,,,,,,,,,,,,,,,,,,,
bind9,all stable public releases,transient3,"secondary: transient deviation, blind to a lasting step",iter0,forward,nu,d18-nsec3param-default-0-0;d21-signzone-nsec3-iterations-0,444,190,no test,"release months fill 72 of the 86 months of the testable window 2016-09..2023-10, more than 75%; a shifted schedule then covers almost the same months and the test has no contrast",2016-09..2023-10,72,,,,,,,,,,,,,,,,,,,,,
bind9,all stable public releases,step12,primary: departure from the pre-event trend,iter0,forward,gov,d18-nsec3param-default-0-0;d21-signzone-nsec3-iterations-0,444,190,no test,"release months fill 45 of the 45 months of the testable window 2019-05..2023-01, more than 75%; a shifted schedule then covers almost the same months and the test has no contrast",2019-05..2023-01,45,,,,,,,,,,,,,,,,,,,,,
bind9,all stable public releases,transient3,"secondary: transient deviation, blind to a lasting step",iter0,forward,gov,d18-nsec3param-default-0-0;d21-signzone-nsec3-iterations-0,444,190,no test,"release months fill 63 of the 75 months of the testable window 2017-08..2023-10, more than 75%; a shifted schedule then covers almost the same months and the test has no contrast",2017-08..2023-10,63,,,,,,,,,,,,,,,,,,,,,
bind9,all stable public releases,step12,primary: departure from the pre-event trend,iter0,forward,fed.us,d18-nsec3param-default-0-0;d21-signzone-nsec3-iterations-0,444,190,no test,no month with at least 30 in the denominator,,,,,,,,,,,,,,,,,,,,,,,
bind9,all stable public releases,transient3,"secondary: transient deviation, blind to a lasting step",iter0,forward,fed.us,d18-nsec3param-default-0-0;d21-signzone-nsec3-iterations-0,444,190,no test,no month with at least 30 in the denominator,,,,,,,,,,,,,,,,,,,,,,,
bind9,all stable public releases,step12,primary: departure from the pre-event trend,iter0,forward,ee,d18-nsec3param-default-0-0;d21-signzone-nsec3-iterations-0,444,190,no test,"the testable window 2021-07..2023-01 is 19 months, fewer than 24",2021-07..2023-01,19,,,,,,,,,,,,,,,,,,,,,
bind9,all stable public releases,transient3,"secondary: transient deviation, blind to a lasting step",iter0,forward,ee,d18-nsec3param-default-0-0;d21-signzone-nsec3-iterations-0,444,190,no test,"release months fill 48 of the 49 months of the testable window 2019-10..2023-10, more than 75%; a shifted schedule then covers almost the same months and the test has no contrast",2019-10..2023-10,48,,,,,,,,,,,,,,,,,,,,,
bind9,all stable public releases,step12,primary: departure from the pre-event trend,iter0,forward,ch,d18-nsec3param-default-0-0;d21-signzone-nsec3-iterations-0,444,190,no test,"the testable window 2022-05..2023-01 is 9 months, fewer than 24",2022-05..2023-01,9,,,,,,,,,,,,,,,,,,,,,
bind9,all stable public releases,transient3,"secondary: transient deviation, blind to a lasting step",iter0,forward,ch,d18-nsec3param-default-0-0;d21-signzone-nsec3-iterations-0,444,190,no test,"release months fill 38 of the 39 months of the testable window 2020-08..2023-10, more than 75%; a shifted schedule then covers almost the same months and the test has no contrast",2020-08..2023-10,38,,,,,,,,,,,,,,,,,,,,,
bind9,all stable public releases,step12,primary: departure from the pre-event trend,iter0,forward,li,d18-nsec3param-default-0-0;d21-signzone-nsec3-iterations-0,444,190,no test,"the testable window 2022-05..2023-01 is 9 months, fewer than 24",2022-05..2023-01,9,,,,,,,,,,,,,,,,,,,,,
bind9,all stable public releases,transient3,"secondary: transient deviation, blind to a lasting step",iter0,forward,li,d18-nsec3param-default-0-0;d21-signzone-nsec3-iterations-0,444,190,no test,"release months fill 38 of the 39 months of the testable window 2020-08..2023-10, more than 75%; a shifted schedule then covers almost the same months and the test has no contrast",2020-08..2023-10,38,,,,,,,,,,,,,,,,,,,,,
bind9,all stable public releases,step12,primary: departure from the pre-event trend,iter10,forward,se,d03-signzone-nsec3-iterations-100-to-10,444,190,no test,"release months fill 52 of the 56 months of the testable window 2018-06..2023-01, more than 75%; a shifted schedule then covers almost the same months and the test has no contrast",2018-06..2023-01,52,,,,,,,,,,,,,,,,,,,,,
bind9,all stable public releases,transient3,"secondary: transient deviation, blind to a lasting step",iter10,forward,se,d03-signzone-nsec3-iterations-100-to-10,444,190,no test,"release months fill 72 of the 86 months of the testable window 2016-09..2023-10, more than 75%; a shifted schedule then covers almost the same months and the test has no contrast",2016-09..2023-10,72,,,,,,,,,,,,,,,,,,,,,
bind9,all stable public releases,step12,primary: departure from the pre-event trend,iter10,forward,nu,d03-signzone-nsec3-iterations-100-to-10,444,190,no test,"release months fill 52 of the 56 months of the testable window 2018-06..2023-01, more than 75%; a shifted schedule then covers almost the same months and the test has no contrast",2018-06..2023-01,52,,,,,,,,,,,,,,,,,,,,,
bind9,all stable public releases,transient3,"secondary: transient deviation, blind to a lasting step",iter10,forward,nu,d03-signzone-nsec3-iterations-100-to-10,444,190,no test,"release months fill 72 of the 86 months of the testable window 2016-09..2023-10, more than 75%; a shifted schedule then covers almost the same months and the test has no contrast",2016-09..2023-10,72,,,,,,,,,,,,,,,,,,,,,
bind9,all stable public releases,step12,primary: departure from the pre-event trend,iter10,forward,gov,d03-signzone-nsec3-iterations-100-to-10,444,190,no test,"release months fill 45 of the 45 months of the testable window 2019-05..2023-01, more than 75%; a shifted schedule then covers almost the same months and the test has no contrast",2019-05..2023-01,45,,,,,,,,,,,,,,,,,,,,,
bind9,all stable public releases,transient3,"secondary: transient deviation, blind to a lasting step",iter10,forward,gov,d03-signzone-nsec3-iterations-100-to-10,444,190,no test,"release months fill 63 of the 75 months of the testable window 2017-08..2023-10, more than 75%; a shifted schedule then covers almost the same months and the test has no contrast",2017-08..2023-10,63,,,,,,,,,,,,,,,,,,,,,
bind9,all stable public releases,step12,primary: departure from the pre-event trend,iter10,forward,fed.us,d03-signzone-nsec3-iterations-100-to-10,444,190,no test,no month with at least 30 in the denominator,,,,,,,,,,,,,,,,,,,,,,,
bind9,all stable public releases,transient3,"secondary: transient deviation, blind to a lasting step",iter10,forward,fed.us,d03-signzone-nsec3-iterations-100-to-10,444,190,no test,no month with at least 30 in the denominator,,,,,,,,,,,,,,,,,,,,,,,
bind9,all stable public releases,step12,primary: departure from the pre-event trend,iter10,forward,ee,d03-signzone-nsec3-iterations-100-to-10,444,190,no test,"the testable window 2021-07..2023-01 is 19 months, fewer than 24",2021-07..2023-01,19,,,,,,,,,,,,,,,,,,,,,
bind9,all stable public releases,transient3,"secondary: transient deviation, blind to a lasting step",iter10,forward,ee,d03-signzone-nsec3-iterations-100-to-10,444,190,no test,"release months fill 48 of the 49 months of the testable window 2019-10..2023-10, more than 75%; a shifted schedule then covers almost the same months and the test has no contrast",2019-10..2023-10,48,,,,,,,,,,,,,,,,,,,,,
bind9,all stable public releases,step12,primary: departure from the pre-event trend,iter10,forward,ch,d03-signzone-nsec3-iterations-100-to-10,444,190,no test,"the testable window 2022-05..2023-01 is 9 months, fewer than 24",2022-05..2023-01,9,,,,,,,,,,,,,,,,,,,,,
bind9,all stable public releases,transient3,"secondary: transient deviation, blind to a lasting step",iter10,forward,ch,d03-signzone-nsec3-iterations-100-to-10,444,190,no test,"release months fill 38 of the 39 months of the testable window 2020-08..2023-10, more than 75%; a shifted schedule then covers almost the same months and the test has no contrast",2020-08..2023-10,38,,,,,,,,,,,,,,,,,,,,,
bind9,all stable public releases,step12,primary: departure from the pre-event trend,iter10,forward,li,d03-signzone-nsec3-iterations-100-to-10,444,190,no test,"the testable window 2022-05..2023-01 is 9 months, fewer than 24",2022-05..2023-01,9,,,,,,,,,,,,,,,,,,,,,
bind9,all stable public releases,transient3,"secondary: transient deviation, blind to a lasting step",iter10,forward,li,d03-signzone-nsec3-iterations-100-to-10,444,190,no test,"release months fill 38 of the 39 months of the testable window 2020-08..2023-10, more than 75%; a shifted schedule then covers almost the same months and the test has no contrast",2020-08..2023-10,38,,,,,,,,,,,,,,,,,,,,,
bind9,all stable public releases,step12,primary: departure from the pre-event trend,iter5,forward,se,d17-nsec3param-default-in-policy,444,190,no test,"release months fill 52 of the 56 months of the testable window 2018-06..2023-01, more than 75%; a shifted schedule then covers almost the same months and the test has no contrast",2018-06..2023-01,52,,,,,,,,,,,,,,,,,,,,,
bind9,all stable public releases,transient3,"secondary: transient deviation, blind to a lasting step",iter5,forward,se,d17-nsec3param-default-in-policy,444,190,no test,"release months fill 72 of the 86 months of the testable window 2016-09..2023-10, more than 75%; a shifted schedule then covers almost the same months and the test has no contrast",2016-09..2023-10,72,,,,,,,,,,,,,,,,,,,,,
bind9,all stable public releases,step12,primary: departure from the pre-event trend,iter5,forward,nu,d17-nsec3param-default-in-policy,444,190,no test,"release months fill 52 of the 56 months of the testable window 2018-06..2023-01, more than 75%; a shifted schedule then covers almost the same months and the test has no contrast",2018-06..2023-01,52,,,,,,,,,,,,,,,,,,,,,
bind9,all stable public releases,transient3,"secondary: transient deviation, blind to a lasting step",iter5,forward,nu,d17-nsec3param-default-in-policy,444,190,no test,"release months fill 72 of the 86 months of the testable window 2016-09..2023-10, more than 75%; a shifted schedule then covers almost the same months and the test has no contrast",2016-09..2023-10,72,,,,,,,,,,,,,,,,,,,,,
bind9,all stable public releases,step12,primary: departure from the pre-event trend,iter5,forward,gov,d17-nsec3param-default-in-policy,444,190,no test,"release months fill 45 of the 45 months of the testable window 2019-05..2023-01, more than 75%; a shifted schedule then covers almost the same months and the test has no contrast",2019-05..2023-01,45,,,,,,,,,,,,,,,,,,,,,
bind9,all stable public releases,transient3,"secondary: transient deviation, blind to a lasting step",iter5,forward,gov,d17-nsec3param-default-in-policy,444,190,no test,"release months fill 63 of the 75 months of the testable window 2017-08..2023-10, more than 75%; a shifted schedule then covers almost the same months and the test has no contrast",2017-08..2023-10,63,,,,,,,,,,,,,,,,,,,,,
bind9,all stable public releases,step12,primary: departure from the pre-event trend,iter5,forward,fed.us,d17-nsec3param-default-in-policy,444,190,no test,no month with at least 30 in the denominator,,,,,,,,,,,,,,,,,,,,,,,
bind9,all stable public releases,transient3,"secondary: transient deviation, blind to a lasting step",iter5,forward,fed.us,d17-nsec3param-default-in-policy,444,190,no test,no month with at least 30 in the denominator,,,,,,,,,,,,,,,,,,,,,,,
bind9,all stable public releases,step12,primary: departure from the pre-event trend,iter5,forward,ee,d17-nsec3param-default-in-policy,444,190,no test,"the testable window 2021-07..2023-01 is 19 months, fewer than 24",2021-07..2023-01,19,,,,,,,,,,,,,,,,,,,,,
bind9,all stable public releases,transient3,"secondary: transient deviation, blind to a lasting step",iter5,forward,ee,d17-nsec3param-default-in-policy,444,190,no test,"release months fill 48 of the 49 months of the testable window 2019-10..2023-10, more than 75%; a shifted schedule then covers almost the same months and the test has no contrast",2019-10..2023-10,48,,,,,,,,,,,,,,,,,,,,,
bind9,all stable public releases,step12,primary: departure from the pre-event trend,iter5,forward,ch,d17-nsec3param-default-in-policy,444,190,no test,"the testable window 2022-05..2023-01 is 9 months, fewer than 24",2022-05..2023-01,9,,,,,,,,,,,,,,,,,,,,,
bind9,all stable public releases,transient3,"secondary: transient deviation, blind to a lasting step",iter5,forward,ch,d17-nsec3param-default-in-policy,444,190,no test,"release months fill 38 of the 39 months of the testable window 2020-08..2023-10, more than 75%; a shifted schedule then covers almost the same months and the test has no contrast",2020-08..2023-10,38,,,,,,,,,,,,,,,,,,,,,
bind9,all stable public releases,step12,primary: departure from the pre-event trend,iter5,forward,li,d17-nsec3param-default-in-policy,444,190,no test,"the testable window 2022-05..2023-01 is 9 months, fewer than 24",2022-05..2023-01,9,,,,,,,,,,,,,,,,,,,,,
bind9,all stable public releases,transient3,"secondary: transient deviation, blind to a lasting step",iter5,forward,li,d17-nsec3param-default-in-policy,444,190,no test,"release months fill 38 of the 39 months of the testable window 2020-08..2023-10, more than 75%; a shifted schedule then covers almost the same months and the test has no contrast",2020-08..2023-10,38,,,,,,,,,,,,,,,,,,,,,
bind9,all stable public releases,step12,primary: departure from the pre-event trend,iter_gt150,forward,se,l01-nsec3-max-iterations-150,444,190,no test,"release months fill 52 of the 56 months of the testable window 2018-06..2023-01, more than 75%; a shifted schedule then covers almost the same months and the test has no contrast",2018-06..2023-01,52,,,,,,,,,,,,,,,,,,,,,
bind9,all stable public releases,transient3,"secondary: transient deviation, blind to a lasting step",iter_gt150,forward,se,l01-nsec3-max-iterations-150,444,190,no test,"release months fill 72 of the 86 months of the testable window 2016-09..2023-10, more than 75%; a shifted schedule then covers almost the same months and the test has no contrast",2016-09..2023-10,72,,,,,,,,,,,,,,,,,,,,,
bind9,all stable public releases,step12,primary: departure from the pre-event trend,iter_gt150,forward,nu,l01-nsec3-max-iterations-150,444,190,no test,"release months fill 52 of the 56 months of the testable window 2018-06..2023-01, more than 75%; a shifted schedule then covers almost the same months and the test has no contrast",2018-06..2023-01,52,,,,,,,,,,,,,,,,,,,,,
bind9,all stable public releases,transient3,"secondary: transient deviation, blind to a lasting step",iter_gt150,forward,nu,l01-nsec3-max-iterations-150,444,190,no test,"release months fill 72 of the 86 months of the testable window 2016-09..2023-10, more than 75%; a shifted schedule then covers almost the same months and the test has no contrast",2016-09..2023-10,72,,,,,,,,,,,,,,,,,,,,,
bind9,all stable public releases,step12,primary: departure from the pre-event trend,iter_gt150,forward,gov,l01-nsec3-max-iterations-150,444,190,no test,the value is present in only 5 months of this series (fewer than 12),,,,,,,,,,,,,,,,,,,,,,,
bind9,all stable public releases,transient3,"secondary: transient deviation, blind to a lasting step",iter_gt150,forward,gov,l01-nsec3-max-iterations-150,444,190,no test,the value is present in only 5 months of this series (fewer than 12),,,,,,,,,,,,,,,,,,,,,,,
bind9,all stable public releases,step12,primary: departure from the pre-event trend,iter_gt150,forward,fed.us,l01-nsec3-max-iterations-150,444,190,no test,no month with at least 30 in the denominator,,,,,,,,,,,,,,,,,,,,,,,
bind9,all stable public releases,transient3,"secondary: transient deviation, blind to a lasting step",iter_gt150,forward,fed.us,l01-nsec3-max-iterations-150,444,190,no test,no month with at least 30 in the denominator,,,,,,,,,,,,,,,,,,,,,,,
bind9,all stable public releases,step12,primary: departure from the pre-event trend,iter_gt150,forward,ee,l01-nsec3-max-iterations-150,444,190,no test,"the testable window 2021-07..2023-01 is 19 months, fewer than 24",2021-07..2023-01,19,,,,,,,,,,,,,,,,,,,,,
bind9,all stable public releases,transient3,"secondary: transient deviation, blind to a lasting step",iter_gt150,forward,ee,l01-nsec3-max-iterations-150,444,190,no test,"release months fill 48 of the 49 months of the testable window 2019-10..2023-10, more than 75%; a shifted schedule then covers almost the same months and the test has no contrast",2019-10..2023-10,48,,,,,,,,,,,,,,,,,,,,,
bind9,all stable public releases,step12,primary: departure from the pre-event trend,iter_gt150,forward,ch,l01-nsec3-max-iterations-150,444,190,no test,"the testable window 2022-05..2023-01 is 9 months, fewer than 24",2022-05..2023-01,9,,,,,,,,,,,,,,,,,,,,,
bind9,all stable public releases,transient3,"secondary: transient deviation, blind to a lasting step",iter_gt150,forward,ch,l01-nsec3-max-iterations-150,444,190,no test,"release months fill 38 of the 39 months of the testable window 2020-08..2023-10, more than 75%; a shifted schedule then covers almost the same months and the test has no contrast",2020-08..2023-10,38,,,,,,,,,,,,,,,,,,,,,
bind9,all stable public releases,step12,primary: departure from the pre-event trend,iter_gt150,forward,li,l01-nsec3-max-iterations-150,444,190,no test,"the testable window 2022-05..2023-01 is 9 months, fewer than 24",2022-05..2023-01,9,,,,,,,,,,,,,,,,,,,,,
bind9,all stable public releases,transient3,"secondary: transient deviation, blind to a lasting step",iter_gt150,forward,li,l01-nsec3-max-iterations-150,444,190,no test,"release months fill 38 of the 39 months of the testable window 2020-08..2023-10, more than 75%; a shifted schedule then covers almost the same months and the test has no contrast",2020-08..2023-10,38,,,,,,,,,,,,,,,,,,,,,
bind9,all stable public releases,step12,primary: departure from the pre-event trend,iter_gt50,forward,se,l02-nsec3-max-iterations-50,444,190,no test,"release months fill 52 of the 56 months of the testable window 2018-06..2023-01, more than 75%; a shifted schedule then covers almost the same months and the test has no contrast",2018-06..2023-01,52,,,,,,,,,,,,,,,,,,,,,
bind9,all stable public releases,transient3,"secondary: transient deviation, blind to a lasting step",iter_gt50,forward,se,l02-nsec3-max-iterations-50,444,190,no test,"release months fill 72 of the 86 months of the testable window 2016-09..2023-10, more than 75%; a shifted schedule then covers almost the same months and the test has no contrast",2016-09..2023-10,72,,,,,,,,,,,,,,,,,,,,,
bind9,all stable public releases,step12,primary: departure from the pre-event trend,iter_gt50,forward,nu,l02-nsec3-max-iterations-50,444,190,no test,"release months fill 52 of the 56 months of the testable window 2018-06..2023-01, more than 75%; a shifted schedule then covers almost the same months and the test has no contrast",2018-06..2023-01,52,,,,,,,,,,,,,,,,,,,,,
bind9,all stable public releases,transient3,"secondary: transient deviation, blind to a lasting step",iter_gt50,forward,nu,l02-nsec3-max-iterations-50,444,190,no test,"release months fill 72 of the 86 months of the testable window 2016-09..2023-10, more than 75%; a shifted schedule then covers almost the same months and the test has no contrast",2016-09..2023-10,72,,,,,,,,,,,,,,,,,,,,,
bind9,all stable public releases,step12,primary: departure from the pre-event trend,iter_gt50,forward,gov,l02-nsec3-max-iterations-50,444,190,no test,"release months fill 45 of the 45 months of the testable window 2019-05..2023-01, more than 75%; a shifted schedule then covers almost the same months and the test has no contrast",2019-05..2023-01,45,,,,,,,,,,,,,,,,,,,,,
bind9,all stable public releases,transient3,"secondary: transient deviation, blind to a lasting step",iter_gt50,forward,gov,l02-nsec3-max-iterations-50,444,190,no test,"release months fill 63 of the 75 months of the testable window 2017-08..2023-10, more than 75%; a shifted schedule then covers almost the same months and the test has no contrast",2017-08..2023-10,63,,,,,,,,,,,,,,,,,,,,,
bind9,all stable public releases,step12,primary: departure from the pre-event trend,iter_gt50,forward,fed.us,l02-nsec3-max-iterations-50,444,190,no test,no month with at least 30 in the denominator,,,,,,,,,,,,,,,,,,,,,,,
bind9,all stable public releases,transient3,"secondary: transient deviation, blind to a lasting step",iter_gt50,forward,fed.us,l02-nsec3-max-iterations-50,444,190,no test,no month with at least 30 in the denominator,,,,,,,,,,,,,,,,,,,,,,,
bind9,all stable public releases,step12,primary: departure from the pre-event trend,iter_gt50,forward,ee,l02-nsec3-max-iterations-50,444,190,no test,"the testable window 2021-07..2023-01 is 19 months, fewer than 24",2021-07..2023-01,19,,,,,,,,,,,,,,,,,,,,,
bind9,all stable public releases,transient3,"secondary: transient deviation, blind to a lasting step",iter_gt50,forward,ee,l02-nsec3-max-iterations-50,444,190,no test,"release months fill 48 of the 49 months of the testable window 2019-10..2023-10, more than 75%; a shifted schedule then covers almost the same months and the test has no contrast",2019-10..2023-10,48,,,,,,,,,,,,,,,,,,,,,
bind9,all stable public releases,step12,primary: departure from the pre-event trend,iter_gt50,forward,ch,l02-nsec3-max-iterations-50,444,190,no test,"the testable window 2022-05..2023-01 is 9 months, fewer than 24",2022-05..2023-01,9,,,,,,,,,,,,,,,,,,,,,
bind9,all stable public releases,transient3,"secondary: transient deviation, blind to a lasting step",iter_gt50,forward,ch,l02-nsec3-max-iterations-50,444,190,no test,"release months fill 38 of the 39 months of the testable window 2020-08..2023-10, more than 75%; a shifted schedule then covers almost the same months and the test has no contrast",2020-08..2023-10,38,,,,,,,,,,,,,,,,,,,,,
bind9,all stable public releases,step12,primary: departure from the pre-event trend,iter_gt50,forward,li,l02-nsec3-max-iterations-50,444,190,no test,"the testable window 2022-05..2023-01 is 9 months, fewer than 24",2022-05..2023-01,9,,,,,,,,,,,,,,,,,,,,,
bind9,all stable public releases,transient3,"secondary: transient deviation, blind to a lasting step",iter_gt50,forward,li,l02-nsec3-max-iterations-50,444,190,no test,"release months fill 38 of the 39 months of the testable window 2020-08..2023-10, more than 75%; a shifted schedule then covers almost the same months and the test has no contrast",2020-08..2023-10,38,,,,,,,,,,,,,,,,,,,,,
bind9,all stable public releases,step12,primary: departure from the pre-event trend,rsa1024,forward,se,d14-keygen-rsa-zsk-2048;d16-dnssec-policy-default-key-size-2048,444,190,no test,"release months fill 52 of the 56 months of the testable window 2018-06..2023-01, more than 75%; a shifted schedule then covers almost the same months and the test has no contrast",2018-06..2023-01,52,,,,,,,,,,,,,,,,,,,,,
bind9,all stable public releases,transient3,"secondary: transient deviation, blind to a lasting step",rsa1024,forward,se,d14-keygen-rsa-zsk-2048;d16-dnssec-policy-default-key-size-2048,444,190,no test,"release months fill 72 of the 86 months of the testable window 2016-09..2023-10, more than 75%; a shifted schedule then covers almost the same months and the test has no contrast",2016-09..2023-10,72,,,,,,,,,,,,,,,,,,,,,
bind9,all stable public releases,step12,primary: departure from the pre-event trend,rsa1024,forward,nu,d14-keygen-rsa-zsk-2048;d16-dnssec-policy-default-key-size-2048,444,190,no test,"release months fill 52 of the 56 months of the testable window 2018-06..2023-01, more than 75%; a shifted schedule then covers almost the same months and the test has no contrast",2018-06..2023-01,52,,,,,,,,,,,,,,,,,,,,,
bind9,all stable public releases,transient3,"secondary: transient deviation, blind to a lasting step",rsa1024,forward,nu,d14-keygen-rsa-zsk-2048;d16-dnssec-policy-default-key-size-2048,444,190,no test,"release months fill 72 of the 86 months of the testable window 2016-09..2023-10, more than 75%; a shifted schedule then covers almost the same months and the test has no contrast",2016-09..2023-10,72,,,,,,,,,,,,,,,,,,,,,
bind9,all stable public releases,step12,primary: departure from the pre-event trend,rsa1024,forward,gov,d14-keygen-rsa-zsk-2048;d16-dnssec-policy-default-key-size-2048,444,190,no test,"release months fill 45 of the 45 months of the testable window 2019-05..2023-01, more than 75%; a shifted schedule then covers almost the same months and the test has no contrast",2019-05..2023-01,45,,,,,,,,,,,,,,,,,,,,,
bind9,all stable public releases,transient3,"secondary: transient deviation, blind to a lasting step",rsa1024,forward,gov,d14-keygen-rsa-zsk-2048;d16-dnssec-policy-default-key-size-2048,444,190,no test,"release months fill 63 of the 75 months of the testable window 2017-08..2023-10, more than 75%; a shifted schedule then covers almost the same months and the test has no contrast",2017-08..2023-10,63,,,,,,,,,,,,,,,,,,,,,
bind9,all stable public releases,step12,primary: departure from the pre-event trend,rsa1024,forward,fed.us,d14-keygen-rsa-zsk-2048;d16-dnssec-policy-default-key-size-2048,444,190,no test,no month with at least 30 in the denominator,,,,,,,,,,,,,,,,,,,,,,,
bind9,all stable public releases,transient3,"secondary: transient deviation, blind to a lasting step",rsa1024,forward,fed.us,d14-keygen-rsa-zsk-2048;d16-dnssec-policy-default-key-size-2048,444,190,no test,no month with at least 30 in the denominator,,,,,,,,,,,,,,,,,,,,,,,
bind9,all stable public releases,step12,primary: departure from the pre-event trend,rsa1024,forward,ee,d14-keygen-rsa-zsk-2048;d16-dnssec-policy-default-key-size-2048,444,190,no test,"the testable window 2021-07..2023-01 is 19 months, fewer than 24",2021-07..2023-01,19,,,,,,,,,,,,,,,,,,,,,
bind9,all stable public releases,transient3,"secondary: transient deviation, blind to a lasting step",rsa1024,forward,ee,d14-keygen-rsa-zsk-2048;d16-dnssec-policy-default-key-size-2048,444,190,no test,"release months fill 48 of the 49 months of the testable window 2019-10..2023-10, more than 75%; a shifted schedule then covers almost the same months and the test has no contrast",2019-10..2023-10,48,,,,,,,,,,,,,,,,,,,,,
bind9,all stable public releases,step12,primary: departure from the pre-event trend,rsa1024,forward,ch,d14-keygen-rsa-zsk-2048;d16-dnssec-policy-default-key-size-2048,444,190,no test,"the testable window 2022-05..2023-01 is 9 months, fewer than 24",2022-05..2023-01,9,,,,,,,,,,,,,,,,,,,,,
bind9,all stable public releases,transient3,"secondary: transient deviation, blind to a lasting step",rsa1024,forward,ch,d14-keygen-rsa-zsk-2048;d16-dnssec-policy-default-key-size-2048,444,190,no test,"release months fill 38 of the 39 months of the testable window 2020-08..2023-10, more than 75%; a shifted schedule then covers almost the same months and the test has no contrast",2020-08..2023-10,38,,,,,,,,,,,,,,,,,,,,,
bind9,all stable public releases,step12,primary: departure from the pre-event trend,rsa1024,forward,li,d14-keygen-rsa-zsk-2048;d16-dnssec-policy-default-key-size-2048,444,190,no test,"the testable window 2022-05..2023-01 is 9 months, fewer than 24",2022-05..2023-01,9,,,,,,,,,,,,,,,,,,,,,
bind9,all stable public releases,transient3,"secondary: transient deviation, blind to a lasting step",rsa1024,forward,li,d14-keygen-rsa-zsk-2048;d16-dnssec-policy-default-key-size-2048,444,190,no test,"release months fill 38 of the 39 months of the testable window 2020-08..2023-10, more than 75%; a shifted schedule then covers almost the same months and the test has no contrast",2020-08..2023-10,38,,,,,,,,,,,,,,,,,,,,,
knot,all stable public releases,step12,primary: departure from the pre-event trend,alg13,forward,se,knot[2]@2.1.0,174,126,tested,,2018-06..2023-01,,56,0.696429,54,39,55,0.624,2018-07,2022-12,-0.268146,1000,-2.4521,3.62336,62.3,0.754,-30.8117,32.2481,0.076923,0.108128,0.928,False,False
knot,all stable public releases,transient3,"secondary: transient deviation, blind to a lasting step",alg13,forward,se,knot[2]@2.1.0,174,126,tested,,2016-09..2023-10,,86,0.72093,89,62,85,0.628,2016-10,2023-10,0.109711,1000,0.022799,0.168246,64.4,0.712,-0.954088,1.39876,0.096774,0.117161,0.9,False,False
knot,all stable public releases,step12,primary: departure from the pre-event trend,alg13,forward,nu,knot[2]@2.1.0,174,126,tested,,2018-06..2023-01,,56,0.696429,54,39,55,0.736,2018-07,2022-12,0.561542,1000,-0.665058,2.57632,66.1,0.678,-14.9348,20.239,0.076923,0.107923,0.944,False,False
knot,all stable public releases,transient3,"secondary: transient deviation, blind to a lasting step",alg13,forward,nu,knot[2]@2.1.0,174,126,tested,,2016-09..2023-10,,86,0.72093,89,62,85,0.016,2016-10,2023-10,0.105513,1000,0.039702,0.096146,97.7,0.046,-0.415373,0.617334,0.112903,0.116242,0.739,True,False
knot,all stable public releases,step12,primary: departure from the pre-event trend,alg13,forward,gov,knot[2]@2.1.0,174,126,tested,,2019-05..2023-01,,45,0.711111,42,32,44,0,2019-06,2022-12,1.75523,1000,1.344,2.3278,27,0.54,-2.80502,5.35084,0.15625,0.134125,0.408,False,False
knot,all stable public releases,transient3,"secondary: transient deviation, blind to a lasting step",alg13,forward,gov,knot[2]@2.1.0,174,126,tested,,2017-08..2023-10,,75,0.706667,76,53,74,0.938,2017-08,2023-10,0.311185,1000,0.212073,0.468537,46.5,0.93,-0.872321,2.51057,0.113208,0.105774,0.521,False,False
knot,all stable public releases,step12,primary: departure from the pre-event trend,alg13,forward,fed.us,knot[2]@2.1.0,174,126,no test,no month with at least 30 in the denominator,,,,,,,,,,,,,,,,,,,,,,,
knot,all stable public releases,transient3,"secondary: transient deviation, blind to a lasting step",alg13,forward,fed.us,knot[2]@2.1.0,174,126,no test,no month with at least 30 in the denominator,,,,,,,,,,,,,,,,,,,,,,,
knot,all stable public releases,step12,primary: departure from the pre-event trend,alg13,forward,ee,knot[2]@2.1.0,174,126,no test,"the testable window 2021-07..2023-01 is 19 months, fewer than 24",2021-07..2023-01,13,,,,,,,,,,,,,,,,,,,,,
knot,all stable public releases,transient3,"secondary: transient deviation, blind to a lasting step",alg13,forward,ee,knot[2]@2.1.0,174,126,tested,,2019-10..2023-10,,49,0.734694,48,36,48,0.824,2019-10,2023-10,0.621716,1000,0.369157,0.771716,61,0.78,-0.175752,3.54768,0.166667,0.120444,0.135,False,False
knot,all stable public releases,step12,primary: departure from the pre-event trend,alg13,forward,ch,knot[2]@2.1.0,174,126,no test,"the testable window 2022-05..2023-01 is 9 months, fewer than 24",2022-05..2023-01,4,,,,,,,,,,,,,,,,,,,,,
knot,all stable public releases,transient3,"secondary: transient deviation, blind to a lasting step",alg13,forward,ch,knot[2]@2.1.0,174,126,no test,"release months fill 30 of the 39 months of the testable window 2020-08..2023-10, more than 75%; a shifted schedule then covers almost the same months and the test has no contrast",2020-08..2023-10,30,,,,,,,,,,,,,,,,,,,,,
knot,all stable public releases,step12,primary: departure from the pre-event trend,alg13,forward,li,knot[2]@2.1.0,174,126,no test,"the testable window 2022-05..2023-01 is 9 months, fewer than 24",2022-05..2023-01,4,,,,,,,,,,,,,,,,,,,,,
knot,all stable public releases,transient3,"secondary: transient deviation, blind to a lasting step",alg13,forward,li,knot[2]@2.1.0,174,126,no test,"release months fill 30 of the 39 months of the testable window 2020-08..2023-10, more than 75%; a shifted schedule then covers almost the same months and the test has no contrast",2020-08..2023-10,30,,,,,,,,,,,,,,,,,,,,,
knot,all stable public releases,step12,primary: departure from the pre-event trend,alg13,reverse_panel,_pooled-afrinic-arin,knot[2]@2.1.0,174,126,tested,,2013-04..2025-08,,149,0.684564,143,102,148,0.638,2013-04,2025-07,0.393129,1000,0.144537,0.837478,32.3,0.646,-5.69458,8.79535,0.098039,0.107912,0.81,False,False
knot,all stable public releases,transient3,"secondary: transient deviation, blind to a lasting step",alg13,reverse_panel,_pooled-afrinic-arin,knot[2]@2.1.0,174,126,tested,,2011-07..2026-05,,179,0.670391,166,120,178,0.422,2011-09,2026-04,0.026249,1000,0.011146,0.06058,23.6,0.472,-0.198068,0.674946,0.1,0.100733,0.616,False,False
knot,all stable public releases,step12,primary: departure from the pre-event trend,alg3_6,forward,se,knot[7]@2.6.0,174,126,tested,,2018-06..2023-01,,56,0.696429,54,39,55,0.326,2018-07,2022-12,2.9e-05,1000,1.4e-05,3.7e-05,66.3,0.674,-0.000114,0.000184,0.076923,0.108385,0.924,False,False
knot,all stable public releases,transient3,"secondary: transient deviation, blind to a lasting step",alg3_6,forward,se,knot[7]@2.6.0,174,126,tested,,2016-09..2023-10,,86,0.72093,89,62,85,0.756,2016-10,2023-10,-8e-06,1000,-1e-05,-5e-06,37.6,0.752,-7.9e-05,8e-06,0.129032,0.116887,0.419,False,False
knot,all stable public releases,step12,primary: departure from the pre-event trend,alg3_6,forward,nu,knot[7]@2.6.0,174,126,no test,the value never appears in this series,,,,,,,,,,,,,,,,,,,,,,,
knot,all stable public releases,transient3,"secondary: transient deviation, blind to a lasting step",alg3_6,forward,nu,knot[7]@2.6.0,174,126,no test,the value never appears in this series,,,,,,,,,,,,,,,,,,,,,,,
knot,all stable public releases,step12,primary: departure from the pre-event trend,alg3_6,forward,gov,knot[7]@2.6.0,174,126,no test,the value never appears in this series,,,,,,,,,,,,,,,,,,,,,,,
knot,all stable public releases,transient3,"secondary: transient deviation, blind to a lasting step",alg3_6,forward,gov,knot[7]@2.6.0,174,126,no test,the value never appears in this series,,,,,,,,,,,,,,,,,,,,,,,
knot,all stable public releases,step12,primary: departure from the pre-event trend,alg3_6,forward,fed.us,knot[7]@2.6.0,174,126,no test,no month with at least 30 in the denominator,,,,,,,,,,,,,,,,,,,,,,,
knot,all stable public releases,transient3,"secondary: transient deviation, blind to a lasting step",alg3_6,forward,fed.us,knot[7]@2.6.0,174,126,no test,no month with at least 30 in the denominator,,,,,,,,,,,,,,,,,,,,,,,
knot,all stable public releases,step12,primary: departure from the pre-event trend,alg3_6,forward,ee,knot[7]@2.6.0,174,126,no test,the value never appears in this series,,,,,,,,,,,,,,,,,,,,,,,
knot,all stable public releases,transient3,"secondary: transient deviation, blind to a lasting step",alg3_6,forward,ee,knot[7]@2.6.0,174,126,no test,the value never appears in this series,,,,,,,,,,,,,,,,,,,,,,,
knot,all stable public releases,step12,primary: departure from the pre-event trend,alg3_6,forward,ch,knot[7]@2.6.0,174,126,no test,"the testable window 2022-05..2023-01 is 9 months, fewer than 24",2022-05..2023-01,4,,,,,,,,,,,,,,,,,,,,,
knot,all stable public releases,transient3,"secondary: transient deviation, blind to a lasting step",alg3_6,forward,ch,knot[7]@2.6.0,174,126,no test,"release months fill 30 of the 39 months of the testable window 2020-08..2023-10, more than 75%; a shifted schedule then covers almost the same months and the test has no contrast",2020-08..2023-10,30,,,,,,,,,,,,,,,,,,,,,
knot,all stable public releases,step12,primary: departure from the pre-event trend,alg3_6,forward,li,knot[7]@2.6.0,174,126,no test,the value never appears in this series,,,,,,,,,,,,,,,,,,,,,,,
knot,all stable public releases,transient3,"secondary: transient deviation, blind to a lasting step",alg3_6,forward,li,knot[7]@2.6.0,174,126,no test,the value never appears in this series,,,,,,,,,,,,,,,,,,,,,,,
knot,all stable public releases,step12,primary: departure from the pre-event trend,alg3_6,reverse_panel,_pooled-afrinic-arin,knot[7]@2.6.0,174,126,no test,the value never appears in this series,,,,,,,,,,,,,,,,,,,,,,,
knot,all stable public releases,transient3,"secondary: transient deviation, blind to a lasting step",alg3_6,reverse_panel,_pooled-afrinic-arin,knot[7]@2.6.0,174,126,no test,the value never appears in this series,,,,,,,,,,,,,,,,,,,,,,,
knot,all stable public releases,step12,primary: departure from the pre-event trend,alg5_7,forward,se,knot[12]@3.0.2,174,126,tested,,2018-06..2023-01,,56,0.696429,54,39,55,0,2018-07,2022-12,0.000694,1000,-0.000504,0.029828,10.5,0.21,-0.149512,0.187277,0.128205,0.107615,0.354,False,False
knot,all stable public releases,transient3,"secondary: transient deviation, blind to a lasting step",alg5_7,forward,se,knot[12]@3.0.2,174,126,tested,,2016-09..2023-10,,86,0.72093,89,62,85,0.952,2016-10,2023-10,-0.001187,1000,-0.004211,0.001879,48.9,0.978,-0.047863,0.066878,0.112903,0.115581,0.732,False,False
knot,all stable public releases,step12,primary: departure from the pre-event trend,alg5_7,forward,nu,knot[12]@3.0.2,174,126,tested,,2018-06..2023-01,,56,0.696429,54,39,55,0,2018-07,2022-12,-0.376052,1000,-0.358435,0.224358,2.1,0.042,-3.54285,3.05156,0.128205,0.106513,0.417,True,False
knot,all stable public releases,transient3,"secondary: transient deviation, blind to a lasting step",alg5_7,forward,nu,knot[12]@3.0.2,174,126,tested,,2016-09..2023-10,,86,0.72093,89,62,85,0.984,2016-10,2023-10,-0.005329,1000,-0.021626,0.015189,53.7,0.926,-0.304875,0.315017,0.112903,0.116742,0.721,False,False
knot,all stable public releases,step12,primary: departure from the pre-event trend,alg5_7,forward,gov,knot[12]@3.0.2,174,126,tested,,2019-05..2023-01,,45,0.711111,42,32,44,0.244,2019-06,2022-12,-0.753688,1000,-1.16918,-0.454075,52,0.96,-3.28987,2.47485,0.125,0.134187,0.815,False,False
knot,all stable public releases,transient3,"secondary: transient deviation, blind to a lasting step",alg5_7,forward,gov,knot[12]@3.0.2,174,126,tested,,2017-08..2023-10,,75,0.706667,76,53,74,0.634,2017-08,2023-10,-0.185128,1000,-0.236143,-0.115883,32.5,0.65,-1.41236,0.189956,0.113208,0.107868,0.578,False,False
knot,all stable public releases,step12,primary: departure from the pre-event trend,alg5_7,forward,fed.us,knot[12]@3.0.2,174,126,no test,no month with at least 30 in the denominator,,,,,,,,,,,,,,,,,,,,,,,
knot,all stable public releases,transient3,"secondary: transient deviation, blind to a lasting step",alg5_7,forward,fed.us,knot[12]@3.0.2,174,126,no test,no month with at least 30 in the denominator,,,,,,,,,,,,,,,,,,,,,,,
knot,all stable public releases,step12,primary: departure from the pre-event trend,alg5_7,forward,ee,knot[12]@3.0.2,174,126,no test,"the testable window 2021-07..2023-01 is 19 months, fewer than 24",2021-07..2023-01,13,,,,,,,,,,,,,,,,,,,,,
knot,all stable public releases,transient3,"secondary: transient deviation, blind to a lasting step",alg5_7,forward,ee,knot[12]@3.0.2,174,126,tested,,2019-10..2023-10,,49,0.734694,48,36,48,0.878,2019-10,2023-10,-0.037187,1000,-0.048345,-0.024765,44.2,0.884,-0.214815,0.000238,0.111111,0.121833,0.832,False,False
knot,all stable public releases,step12,primary: departure from the pre-event trend,alg5_7,forward,ch,knot[12]@3.0.2,174,126,no test,"the testable window 2022-05..2023-01 is 9 months, fewer than 24",2022-05..2023-01,4,,,,,,,,,,,,,,,,,,,,,
knot,all stable public releases,transient3,"secondary: transient deviation, blind to a lasting step",alg5_7,forward,ch,knot[12]@3.0.2,174,126,no test,"release months fill 30 of the 39 months of the testable window 2020-08..2023-10, more than 75%; a shifted schedule then covers almost the same months and the test has no contrast",2020-08..2023-10,30,,,,,,,,,,,,,,,,,,,,,
knot,all stable public releases,step12,primary: departure from the pre-event trend,alg5_7,forward,li,knot[12]@3.0.2,174,126,no test,"the testable window 2022-05..2023-01 is 9 months, fewer than 24",2022-05..2023-01,4,,,,,,,,,,,,,,,,,,,,,
knot,all stable public releases,transient3,"secondary: transient deviation, blind to a lasting step",alg5_7,forward,li,knot[12]@3.0.2,174,126,no test,"release months fill 30 of the 39 months of the testable window 2020-08..2023-10, more than 75%; a shifted schedule then covers almost the same months and the test has no contrast",2020-08..2023-10,30,,,,,,,,,,,,,,,,,,,,,
knot,all stable public releases,step12,primary: departure from the pre-event trend,alg5_7,reverse_panel,_pooled-afrinic-arin,knot[12]@3.0.2,174,126,tested,,2013-04..2025-08,,149,0.684564,143,102,148,0.642,2013-04,2025-07,1.08691,1000,0.699155,2.10778,27.7,0.554,-11.2205,13.9901,0.088235,0.107304,0.908,False,False
knot,all stable public releases,transient3,"secondary: transient deviation, blind to a lasting step",alg5_7,reverse_panel,_pooled-afrinic-arin,knot[12]@3.0.2,174,126,tested,,2011-07..2026-05,,179,0.670391,166,120,178,0.916,2011-09,2026-04,-0.048225,1000,-0.212788,0.103799,46.7,0.934,-3.50599,3.63235,0.108333,0.100775,0.445,False,False
knot,all stable public releases,step12,primary: departure from the pre-event trend,alg8,forward,se,knot[1]@2.0.0,174,126,tested,,2018-06..2023-01,,56,0.696429,54,39,55,0.47,2018-07,2022-12,0.926349,1000,-2.65673,1.83055,64.5,0.71,-21.6742,24.2153,0.128205,0.107564,0.385,False,False
knot,all stable public releases,transient3,"secondary: transient deviation, blind to a lasting step",alg8,forward,se,knot[1]@2.0.0,174,126,tested,,2016-09..2023-10,,86,0.72093,89,62,85,0.512,2016-10,2023-10,-0.09599,1000,-0.125366,-0.04775,35.1,0.702,-0.964456,0.40284,0.129032,0.116419,0.396,False,False
knot,all stable public releases,step12,primary: departure from the pre-event trend,alg8,forward,nu,knot[1]@2.0.0,174,126,tested,,2018-06..2023-01,,56,0.696429,54,39,55,0.488,2018-07,2022-12,-0.067056,1000,-2.63142,0.531173,41.9,0.838,-21.4611,14.9838,0.076923,0.107179,0.951,False,False
knot,all stable public releases,transient3,"secondary: transient deviation, blind to a lasting step",alg8,forward,nu,knot[1]@2.0.0,174,126,tested,,2016-09..2023-10,,86,0.72093,89,62,85,0.06,2016-10,2023-10,-0.101004,1000,-0.093791,-0.000329,2.9,0.058,-0.730424,0.595547,0.112903,0.115484,0.72,True,False
knot,all stable public releases,step12,primary: departure from the pre-event trend,alg8,forward,gov,knot[1]@2.0.0,174,126,tested,,2019-05..2023-01,,45,0.711111,42,32,44,0,2019-06,2022-12,-1.05788,1000,-1.68348,-0.863263,75.9,0.482,-5.03154,2.84088,0.125,0.133281,0.795,False,False
knot,all stable public releases,transient3,"secondary: transient deviation, blind to a lasting step",alg8,forward,gov,knot[1]@2.0.0,174,126,tested,,2017-08..2023-10,,75,0.706667,76,53,74,0.894,2017-08,2023-10,-0.162663,1000,-0.265043,-0.05009,48,0.96,-1.92997,1.49293,0.09434,0.107566,0.906,False,False
knot,all stable public releases,step12,primary: departure from the pre-event trend,alg8,forward,fed.us,knot[1]@2.0.0,174,126,no test,no month with at least 30 in the denominator,,,,,,,,,,,,,,,,,,,,,,,
knot,all stable public releases,transient3,"secondary: transient deviation, blind to a lasting step",alg8,forward,fed.us,knot[1]@2.0.0,174,126,no test,no month with at least 30 in the denominator,,,,,,,,,,,,,,,,,,,,,,,
knot,all stable public releases,step12,primary: departure from the pre-event trend,alg8,forward,ee,knot[1]@2.0.0,174,126,no test,"the testable window 2021-07..2023-01 is 19 months, fewer than 24",2021-07..2023-01,13,,,,,,,,,,,,,,,,,,,,,
knot,all stable public releases,transient3,"secondary: transient deviation, blind to a lasting step",alg8,forward,ee,knot[1]@2.0.0,174,126,tested,,2019-10..2023-10,,49,0.734694,48,36,48,0.728,2019-10,2023-10,-0.587633,1000,-0.734414,-0.347291,35.6,0.712,-3.30002,0.184953,0.166667,0.120028,0.132,False,False
knot,all stable public releases,step12,primary: departure from the pre-event trend,alg8,forward,ch,knot[1]@2.0.0,174,126,no test,"the testable window 2022-05..2023-01 is 9 months, fewer than 24",2022-05..2023-01,4,,,,,,,,,,,,,,,,,,,,,
knot,all stable public releases,transient3,"secondary: transient deviation, blind to a lasting step",alg8,forward,ch,knot[1]@2.0.0,174,126,no test,"release months fill 30 of the 39 months of the testable window 2020-08..2023-10, more than 75%; a shifted schedule then covers almost the same months and the test has no contrast",2020-08..2023-10,30,,,,,,,,,,,,,,,,,,,,,
knot,all stable public releases,step12,primary: departure from the pre-event trend,alg8,forward,li,knot[1]@2.0.0,174,126,no test,"the testable window 2022-05..2023-01 is 9 months, fewer than 24",2022-05..2023-01,4,,,,,,,,,,,,,,,,,,,,,
knot,all stable public releases,transient3,"secondary: transient deviation, blind to a lasting step",alg8,forward,li,knot[1]@2.0.0,174,126,no test,"release months fill 30 of the 39 months of the testable window 2020-08..2023-10, more than 75%; a shifted schedule then covers almost the same months and the test has no contrast",2020-08..2023-10,30,,,,,,,,,,,,,,,,,,,,,
knot,all stable public releases,step12,primary: departure from the pre-event trend,alg8,reverse_panel,_pooled-afrinic-arin,knot[1]@2.0.0,174,126,tested,,2013-04..2025-08,,149,0.684564,143,102,148,0.41,2013-04,2025-07,-1.49128,1000,-2.24246,-1.28283,75.7,0.486,-13.5321,4.43577,0.088235,0.107088,0.967,False,False
knot,all stable public releases,transient3,"secondary: transient deviation, blind to a lasting step",alg8,reverse_panel,_pooled-afrinic-arin,knot[1]@2.0.0,174,126,tested,,2011-07..2026-05,,179,0.670391,166,120,178,0.912,2011-09,2026-04,0.021525,1000,-0.129422,0.163738,57.2,0.856,-2.35897,3.21365,0.1,0.1006,0.617,False,False
knot,all stable public releases,step12,primary: departure from the pre-event trend,cds,forward,se,knot[10]@2.8.0,174,126,tested,,2018-06..2023-01,,56,0.696429,54,39,55,0,2018-07,2022-12,0.107417,1000,0.063656,0.112497,89.9,0.202,-0.092373,0.471477,0.128205,0.107923,0.285,False,False
knot,all stable public releases,transient3,"secondary: transient deviation, blind to a lasting step",cds,forward,se,knot[10]@2.8.0,174,126,tested,,2016-09..2023-10,,86,0.72093,89,62,85,0.784,2016-10,2023-10,0.016101,1000,0.009482,0.020975,58.2,0.836,-0.008314,0.138248,0.112903,0.116468,0.739,False,False
knot,all stable public releases,step12,primary: departure from the pre-event trend,cds,forward,nu,knot[10]@2.8.0,174,126,tested,,2018-06..2023-01,,56,0.696429,54,39,55,0,2018-07,2022-12,0.051587,1000,0.043031,0.074642,32.6,0.652,-0.097711,0.298645,0.076923,0.106897,0.963,False,False
knot,all stable public releases,transient3,"secondary: transient deviation, blind to a lasting step",cds,forward,nu,knot[10]@2.8.0,174,126,tested,,2016-09..2023-10,,86,0.72093,89,62,85,0.642,2016-10,2023-10,0.017302,1000,0.010365,0.020329,65.9,0.682,-0.009087,0.118051,0.129032,0.115903,0.371,False,False
knot,all stable public releases,step12,primary: departure from the pre-event trend,cds,forward,gov,knot[10]@2.8.0,174,126,tested,,2019-05..2023-01,,45,0.711111,42,32,44,0,2019-06,2022-12,0.20975,1000,0.190073,0.661906,6.1,0.122,-2.32419,2.88297,0.09375,0.132812,0.944,False,False
knot,all stable public releases,transient3,"secondary: transient deviation, blind to a lasting step",cds,forward,gov,knot[10]@2.8.0,174,126,tested,,2017-08..2023-10,,75,0.706667,76,53,74,0.494,2017-08,2023-10,0.310936,1000,0.187603,0.395239,73.2,0.536,-0.440381,2.32364,0.113208,0.105943,0.544,False,False
knot,all stable public releases,step12,primary: departure from the pre-event trend,cds,forward,fed.us,knot[10]@2.8.0,174,126,no test,no month with at least 30 in the denominator,,,,,,,,,,,,,,,,,,,,,,,
knot,all stable public releases,transient3,"secondary: transient deviation, blind to a lasting step",cds,forward,fed.us,knot[10]@2.8.0,174,126,no test,no month with at least 30 in the denominator,,,,,,,,,,,,,,,,,,,,,,,
knot,all stable public releases,step12,primary: departure from the pre-event trend,cds,forward,ee,knot[10]@2.8.0,174,126,no test,"the testable window 2021-07..2023-01 is 19 months, fewer than 24",2021-07..2023-01,13,,,,,,,,,,,,,,,,,,,,,
knot,all stable public releases,transient3,"secondary: transient deviation, blind to a lasting step",cds,forward,ee,knot[10]@2.8.0,174,126,tested,,2019-10..2023-10,,49,0.734694,48,36,48,0.748,2019-10,2023-10,0.00088,1000,-0.015091,0.025436,42.2,0.844,-0.186229,0.257627,0.111111,0.122361,0.868,False,False
knot,all stable public releases,step12,primary: departure from the pre-event trend,cds,forward,ch,knot[10]@2.8.0,174,126,no test,"the testable window 2022-05..2023-01 is 9 months, fewer than 24",2022-05..2023-01,4,,,,,,,,,,,,,,,,,,,,,
knot,all stable public releases,transient3,"secondary: transient deviation, blind to a lasting step",cds,forward,ch,knot[10]@2.8.0,174,126,no test,"release months fill 30 of the 39 months of the testable window 2020-08..2023-10, more than 75%; a shifted schedule then covers almost the same months and the test has no contrast",2020-08..2023-10,30,,,,,,,,,,,,,,,,,,,,,
knot,all stable public releases,step12,primary: departure from the pre-event trend,cds,forward,li,knot[10]@2.8.0,174,126,no test,"the testable window 2022-05..2023-01 is 9 months, fewer than 24",2022-05..2023-01,4,,,,,,,,,,,,,,,,,,,,,
knot,all stable public releases,transient3,"secondary: transient deviation, blind to a lasting step",cds,forward,li,knot[10]@2.8.0,174,126,no test,"release months fill 30 of the 39 months of the testable window 2020-08..2023-10, more than 75%; a shifted schedule then covers almost the same months and the test has no contrast",2020-08..2023-10,30,,,,,,,,,,,,,,,,,,,,,
knot,all stable public releases,step12,primary: departure from the pre-event trend,digest1,forward,se,knot[11]@2.8.0,174,126,tested,,2018-06..2023-01,,56,0.696429,54,39,55,0.186,2018-07,2022-12,-5.88768,1000,-8.03864,-3.77375,26.6,0.532,-33.2074,11.3368,0.102564,0.106923,0.761,False,False
knot,all stable public releases,transient3,"secondary: transient deviation, blind to a lasting step",digest1,forward,se,knot[11]@2.8.0,174,126,tested,,2016-09..2023-10,,86,0.72093,89,62,85,0.296,2016-10,2023-10,0.008196,1000,-0.147026,0.1156,85.3,0.294,-1.23345,1.63777,0.096774,0.116387,0.942,False,False
knot,all stable public releases,step12,primary: departure from the pre-event trend,digest1,forward,nu,knot[11]@2.8.0,174,126,tested,,2018-06..2023-01,,56,0.696429,54,39,55,0.342,2018-07,2022-12,-2.12194,1000,-4.38109,1.46894,27.2,0.544,-29.1274,30.7031,0.128205,0.106103,0.355,False,False
knot,all stable public releases,transient3,"secondary: transient deviation, blind to a lasting step",digest1,forward,nu,knot[11]@2.8.0,174,126,tested,,2016-09..2023-10,,86,0.72093,89,62,85,0.938,2016-10,2023-10,0.006211,1000,-0.353755,0.270894,54.3,0.914,-3.2746,2.50697,0.112903,0.116323,0.779,False,False
knot,all stable public releases,step12,primary: departure from the pre-event trend,digest1,forward,gov,knot[11]@2.8.0,174,126,tested,,2019-05..2023-01,,45,0.711111,42,32,44,0.468,2019-06,2022-12,-2.56815,1000,-3.33666,-1.55197,51.2,0.976,-12.884,7.47232,0.125,0.131375,0.713,False,False
knot,all stable public releases,transient3,"secondary: transient deviation, blind to a lasting step",digest1,forward,gov,knot[11]@2.8.0,174,126,tested,,2017-08..2023-10,,75,0.706667,76,53,74,0.76,2017-08,2023-10,-0.762238,1000,-0.953492,-0.522384,36.6,0.732,-4.71793,1.90048,0.132075,0.106208,0.257,False,False
knot,all stable public releases,step12,primary: departure from the pre-event trend,digest1,forward,fed.us,knot[11]@2.8.0,174,126,no test,no month with at least 30 in the denominator,,,,,,,,,,,,,,,,,,,,,,,
knot,all stable public releases,transient3,"secondary: transient deviation, blind to a lasting step",digest1,forward,fed.us,knot[11]@2.8.0,174,126,no test,no month with at least 30 in the denominator,,,,,,,,,,,,,,,,,,,,,,,
knot,all stable public releases,step12,primary: departure from the pre-event trend,digest1,forward,ee,knot[11]@2.8.0,174,126,no test,the value never appears in this series,,,,,,,,,,,,,,,,,,,,,,,
knot,all stable public releases,transient3,"secondary: transient deviation, blind to a lasting step",digest1,forward,ee,knot[11]@2.8.0,174,126,no test,the value never appears in this series,,,,,,,,,,,,,,,,,,,,,,,
knot,all stable public releases,step12,primary: departure from the pre-event trend,digest1,forward,ch,knot[11]@2.8.0,174,126,no test,"the testable window 2022-05..2023-01 is 9 months, fewer than 24",2022-05..2023-01,4,,,,,,,,,,,,,,,,,,,,,
knot,all stable public releases,transient3,"secondary: transient deviation, blind to a lasting step",digest1,forward,ch,knot[11]@2.8.0,174,126,no test,"release months fill 30 of the 39 months of the testable window 2020-08..2023-10, more than 75%; a shifted schedule then covers almost the same months and the test has no contrast",2020-08..2023-10,30,,,,,,,,,,,,,,,,,,,,,
knot,all stable public releases,step12,primary: departure from the pre-event trend,digest1,forward,li,knot[11]@2.8.0,174,126,no test,"the testable window 2022-05..2023-01 is 9 months, fewer than 24",2022-05..2023-01,4,,,,,,,,,,,,,,,,,,,,,
knot,all stable public releases,transient3,"secondary: transient deviation, blind to a lasting step",digest1,forward,li,knot[11]@2.8.0,174,126,no test,"release months fill 30 of the 39 months of the testable window 2020-08..2023-10, more than 75%; a shifted schedule then covers almost the same months and the test has no contrast",2020-08..2023-10,30,,,,,,,,,,,,,,,,,,,,,
knot,all stable public releases,step12,primary: departure from the pre-event trend,digest1,reverse_panel,_pooled-afrinic-arin,knot[11]@2.8.0,174,126,tested,,2013-04..2025-08,,149,0.684564,143,102,148,0,2013-04,2025-07,-1.06296,1000,-0.936554,0.531306,3.3,0.066,-14.936,14.3492,0.107843,0.106892,0.615,True,False
knot,all stable public releases,transient3,"secondary: transient deviation, blind to a lasting step",digest1,reverse_panel,_pooled-afrinic-arin,knot[11]@2.8.0,174,126,tested,,2011-07..2026-05,,179,0.670391,166,120,178,0.862,2011-09,2026-04,-0.054499,1000,-0.123369,0.031085,44.2,0.884,-1.86922,1.95302,0.116667,0.099767,0.211,False,False
knot,all stable public releases,step12,primary: departure from the pre-event trend,iter0,forward,se,knot[14]@3.2.0,174,126,tested,,2018-06..2023-01,,56,0.696429,54,39,55,0,2018-07,2022-12,0.456693,1000,0.412909,0.670076,27.4,0.548,-0.000939,2.39729,0.076923,0.10641,0.914,False,False
knot,all stable public releases,transient3,"secondary: transient deviation, blind to a lasting step",iter0,forward,se,knot[14]@3.2.0,174,126,tested,,2016-09..2023-10,,86,0.72093,89,62,85,0.458,2016-10,2023-10,0.047763,1000,0.019906,0.056284,75,0.5,-0.052763,0.214635,0.112903,0.116242,0.707,False,False
knot,all stable public releases,step12,primary: departure from the pre-event trend,iter0,forward,nu,knot[14]@3.2.0,174,126,tested,,2018-06..2023-01,,56,0.696429,54,39,55,0,2018-07,2022-12,1.14715,1000,0.527028,1.15775,93.3,0.134,-2.49256,5.16331,0.128205,0.107154,0.427,False,False
knot,all stable public releases,transient3,"secondary: transient deviation, blind to a lasting step",iter0,forward,nu,knot[14]@3.2.0,174,126,tested,,2016-09..2023-10,,86,0.72093,89,62,85,0.772,2016-10,2023-10,0.033234,1000,0.023024,0.039977,64.6,0.708,-0.001678,0.205516,0.129032,0.115742,0.417,False,False
knot,all stable public releases,step12,primary: departure from the pre-event trend,iter0,forward,gov,knot[14]@3.2.0,174,126,tested,,2019-05..2023-01,,45,0.711111,42,32,44,0,2019-06,2022-12,0.083906,1000,0.076793,0.134348,16.2,0.324,0,0.535064,0.0625,0.067562,0.801,False,False
knot,all stable public releases,transient3,"secondary: transient deviation, blind to a lasting step",iter0,forward,gov,knot[14]@3.2.0,174,126,tested,,2017-08..2023-10,,75,0.706667,76,53,74,0.258,2017-08,2023-10,0.005472,1000,-0.000188,0.021013,16.8,0.336,-0.099622,0.129817,0.113208,0.10617,0.497,False,False
knot,all stable public releases,step12,primary: departure from the pre-event trend,iter0,forward,fed.us,knot[14]@3.2.0,174,126,no test,no month with at least 30 in the denominator,,,,,,,,,,,,,,,,,,,,,,,
knot,all stable public releases,transient3,"secondary: transient deviation, blind to a lasting step",iter0,forward,fed.us,knot[14]@3.2.0,174,126,no test,no month with at least 30 in the denominator,,,,,,,,,,,,,,,,,,,,,,,
knot,all stable public releases,step12,primary: departure from the pre-event trend,iter0,forward,ee,knot[14]@3.2.0,174,126,no test,"the testable window 2021-07..2023-01 is 19 months, fewer than 24",2021-07..2023-01,13,,,,,,,,,,,,,,,,,,,,,
knot,all stable public releases,transient3,"secondary: transient deviation, blind to a lasting step",iter0,forward,ee,knot[14]@3.2.0,174,126,tested,,2019-10..2023-10,,49,0.734694,48,36,48,0.834,2019-10,2023-10,0.000856,1000,-0.00011,0.001809,43.9,0.878,-0.007711,0.017162,0.111111,0.12325,0.724,False,False
knot,all stable public releases,step12,primary: departure from the pre-event trend,iter0,forward,ch,knot[14]@3.2.0,174,126,no test,"the testable window 2022-05..2023-01 is 9 months, fewer than 24",2022-05..2023-01,4,,,,,,,,,,,,,,,,,,,,,
knot,all stable public releases,transient3,"secondary: transient deviation, blind to a lasting step",iter0,forward,ch,knot[14]@3.2.0,174,126,no test,"release months fill 30 of the 39 months of the testable window 2020-08..2023-10, more than 75%; a shifted schedule then covers almost the same months and the test has no contrast",2020-08..2023-10,30,,,,,,,,,,,,,,,,,,,,,
knot,all stable public releases,step12,primary: departure from the pre-event trend,iter0,forward,li,knot[14]@3.2.0,174,126,no test,"the testable window 2022-05..2023-01 is 9 months, fewer than 24",2022-05..2023-01,4,,,,,,,,,,,,,,,,,,,,,
knot,all stable public releases,transient3,"secondary: transient deviation, blind to a lasting step",iter0,forward,li,knot[14]@3.2.0,174,126,no test,"release months fill 30 of the 39 months of the testable window 2020-08..2023-10, more than 75%; a shifted schedule then covers almost the same months and the test has no contrast",2020-08..2023-10,30,,,,,,,,,,,,,,,,,,,,,
knot,all stable public releases,step12,primary: departure from the pre-event trend,iter_gt256,forward,se,knot[19]@3.6.0,174,126,no test,the value is present in only 10 months of this series (fewer than 12),,,,,,,,,,,,,,,,,,,,,,,
knot,all stable public releases,transient3,"secondary: transient deviation, blind to a lasting step",iter_gt256,forward,se,knot[19]@3.6.0,174,126,no test,the value is present in only 10 months of this series (fewer than 12),,,,,,,,,,,,,,,,,,,,,,,
knot,all stable public releases,step12,primary: departure from the pre-event trend,iter_gt256,forward,nu,knot[19]@3.6.0,174,126,tested,,2018-06..2023-01,,56,0.696429,54,39,55,0.462,2018-07,2022-12,4.4e-05,1000,1.5e-05,7.4e-05,69.6,0.608,-0.000245,0.000389,0.076923,0.107974,0.967,False,False
knot,all stable public releases,transient3,"secondary: transient deviation, blind to a lasting step",iter_gt256,forward,nu,knot[19]@3.6.0,174,126,tested,,2016-09..2023-10,,86,0.72093,89,62,85,0.436,2016-10,2023-10,-3e-06,1000,-7e-06,2e-06,22.4,0.448,-4.8e-05,5.6e-05,0.112903,0.11629,0.686,False,False
knot,all stable public releases,step12,primary: departure from the pre-event trend,iter_gt256,forward,gov,knot[19]@3.6.0,174,126,no test,the value never appears in this series,,,,,,,,,,,,,,,,,,,,,,,
knot,all stable public releases,transient3,"secondary: transient deviation, blind to a lasting step",iter_gt256,forward,gov,knot[19]@3.6.0,174,126,no test,the value never appears in this series,,,,,,,,,,,,,,,,,,,,,,,
knot,all stable public releases,step12,primary: departure from the pre-event trend,iter_gt256,forward,fed.us,knot[19]@3.6.0,174,126,no test,no month with at least 30 in the denominator,,,,,,,,,,,,,,,,,,,,,,,
knot,all stable public releases,transient3,"secondary: transient deviation, blind to a lasting step",iter_gt256,forward,fed.us,knot[19]@3.6.0,174,126,no test,no month with at least 30 in the denominator,,,,,,,,,,,,,,,,,,,,,,,
knot,all stable public releases,step12,primary: departure from the pre-event trend,iter_gt256,forward,ee,knot[19]@3.6.0,174,126,no test,the value never appears in this series,,,,,,,,,,,,,,,,,,,,,,,
knot,all stable public releases,transient3,"secondary: transient deviation, blind to a lasting step",iter_gt256,forward,ee,knot[19]@3.6.0,174,126,no test,the value never appears in this series,,,,,,,,,,,,,,,,,,,,,,,
knot,all stable public releases,step12,primary: departure from the pre-event trend,iter_gt256,forward,ch,knot[19]@3.6.0,174,126,no test,"the testable window 2022-05..2023-01 is 9 months, fewer than 24",2022-05..2023-01,4,,,,,,,,,,,,,,,,,,,,,
knot,all stable public releases,transient3,"secondary: transient deviation, blind to a lasting step",iter_gt256,forward,ch,knot[19]@3.6.0,174,126,no test,"release months fill 30 of the 39 months of the testable window 2020-08..2023-10, more than 75%; a shifted schedule then covers almost the same months and the test has no contrast",2020-08..2023-10,30,,,,,,,,,,,,,,,,,,,,,
knot,all stable public releases,step12,primary: departure from the pre-event trend,iter_gt256,forward,li,knot[19]@3.6.0,174,126,no test,the value never appears in this series,,,,,,,,,,,,,,,,,,,,,,,
knot,all stable public releases,transient3,"secondary: transient deviation, blind to a lasting step",iter_gt256,forward,li,knot[19]@3.6.0,174,126,no test,the value never appears in this series,,,,,,,,,,,,,,,,,,,,,,,
knot,all stable public releases,step12,primary: departure from the pre-event trend,rsa1024,forward,se,knot[3]@2.2.0,174,126,tested,,2018-06..2023-01,,56,0.696429,54,39,55,0.894,2018-07,2022-12,1.21925,1000,-5.45671,3.82894,56.5,0.87,-52.0905,45.5221,0.128205,0.106436,0.409,False,False
knot,all stable public releases,transient3,"secondary: transient deviation, blind to a lasting step",rsa1024,forward,se,knot[3]@2.2.0,174,126,tested,,2016-09..2023-10,,86,0.72093,89,62,85,0.594,2016-10,2023-10,-0.011693,1000,-0.123069,0.058606,70.8,0.584,-1.72524,1.72626,0.112903,0.116903,0.752,False,False
knot,all stable public releases,step12,primary: departure from the pre-event trend,rsa1024,forward,nu,knot[3]@2.2.0,174,126,tested,,2018-06..2023-01,,56,0.696429,54,39,55,0.808,2018-07,2022-12,1.07968,1000,-2.84128,3.25564,48.8,0.976,-36.3273,29.7613,0.128205,0.107462,0.427,False,False
knot,all stable public releases,transient3,"secondary: transient deviation, blind to a lasting step",rsa1024,forward,nu,knot[3]@2.2.0,174,126,tested,,2016-09..2023-10,,86,0.72093,89,62,85,0.758,2016-10,2023-10,-0.008186,1000,-0.19667,0.20966,39,0.78,-3.20748,3.23791,0.129032,0.116548,0.413,False,False
knot,all stable public releases,step12,primary: departure from the pre-event trend,rsa1024,forward,gov,knot[3]@2.2.0,174,126,tested,,2019-05..2023-01,,45,0.711111,42,32,44,0,2019-06,2022-12,-0.14201,1000,-0.256318,-0.102539,67.6,0.648,-0.899036,0.517249,0.125,0.133219,0.722,False,False
knot,all stable public releases,transient3,"secondary: transient deviation, blind to a lasting step",rsa1024,forward,gov,knot[3]@2.2.0,174,126,tested,,2017-08..2023-10,,75,0.706667,76,53,74,0.842,2017-08,2023-10,-0.025365,1000,-0.083824,0.029545,55.3,0.894,-0.708619,1.08548,0.113208,0.107113,0.527,False,False
knot,all stable public releases,step12,primary: departure from the pre-event trend,rsa1024,forward,fed.us,knot[3]@2.2.0,174,126,no test,no month with at least 30 in the denominator,,,,,,,,,,,,,,,,,,,,,,,
knot,all stable public releases,transient3,"secondary: transient deviation, blind to a lasting step",rsa1024,forward,fed.us,knot[3]@2.2.0,174,126,no test,no month with at least 30 in the denominator,,,,,,,,,,,,,,,,,,,,,,,
knot,all stable public releases,step12,primary: departure from the pre-event trend,rsa1024,forward,ee,knot[3]@2.2.0,174,126,no test,"the testable window 2021-07..2023-01 is 19 months, fewer than 24",2021-07..2023-01,13,,,,,,,,,,,,,,,,,,,,,
knot,all stable public releases,transient3,"secondary: transient deviation, blind to a lasting step",rsa1024,forward,ee,knot[3]@2.2.0,174,126,tested,,2019-10..2023-10,,49,0.734694,48,36,48,0.952,2019-10,2023-10,0.004611,1000,-0.114153,0.057723,54.4,0.912,-0.814618,1.38581,0.166667,0.122694,0.135,False,False
knot,all stable public releases,step12,primary: departure from the pre-event trend,rsa1024,forward,ch,knot[3]@2.2.0,174,126,no test,"the testable window 2022-05..2023-01 is 9 months, fewer than 24",2022-05..2023-01,4,,,,,,,,,,,,,,,,,,,,,
knot,all stable public releases,transient3,"secondary: transient deviation, blind to a lasting step",rsa1024,forward,ch,knot[3]@2.2.0,174,126,no test,"release months fill 30 of the 39 months of the testable window 2020-08..2023-10, more than 75%; a shifted schedule then covers almost the same months and the test has no contrast",2020-08..2023-10,30,,,,,,,,,,,,,,,,,,,,,
knot,all stable public releases,step12,primary: departure from the pre-event trend,rsa1024,forward,li,knot[3]@2.2.0,174,126,no test,"the testable window 2022-05..2023-01 is 9 months, fewer than 24",2022-05..2023-01,4,,,,,,,,,,,,,,,,,,,,,
knot,all stable public releases,transient3,"secondary: transient deviation, blind to a lasting step",rsa1024,forward,li,knot[3]@2.2.0,174,126,no test,"release months fill 30 of the 39 months of the testable window 2020-08..2023-10, more than 75%; a shifted schedule then covers almost the same months and the test has no contrast",2020-08..2023-10,30,,,,,,,,,,,,,,,,,,,,,
knot,all stable public releases,step12,primary: departure from the pre-event trend,rsa_lt1024,forward,se,knot[8]@2.7.0,174,126,tested,,2018-06..2023-01,,56,0.696429,54,39,55,0.518,2018-07,2022-12,-0.010635,1000,-0.014826,0.002153,43.8,0.876,-0.083605,0.078842,0.128205,0.106667,0.362,False,False
knot,all stable public releases,transient3,"secondary: transient deviation, blind to a lasting step",rsa_lt1024,forward,se,knot[8]@2.7.0,174,126,tested,,2016-09..2023-10,,86,0.72093,89,62,85,0.578,2016-10,2023-10,-0.003775,1000,-0.005057,-0.002061,31.1,0.622,-0.021091,0.024238,0.145161,0.116403,0.181,False,False
knot,all stable public releases,step12,primary: departure from the pre-event trend,rsa_lt1024,forward,nu,knot[8]@2.7.0,174,126,tested,,2018-06..2023-01,,56,0.696429,54,39,55,0,2018-07,2022-12,-0.10608,1000,-0.274481,-0.072508,80.7,0.386,-1.49224,1.14749,0.102564,0.105846,0.735,False,False
knot,all stable public releases,transient3,"secondary: transient deviation, blind to a lasting step",rsa_lt1024,forward,nu,knot[8]@2.7.0,174,126,tested,,2016-09..2023-10,,86,0.72093,89,62,85,0.836,2016-10,2023-10,-0.006827,1000,-0.049553,0.048665,37.7,0.754,-0.788883,0.509951,0.129032,0.116113,0.418,False,False
knot,all stable public releases,step12,primary: departure from the pre-event trend,rsa_lt1024,forward,gov,knot[8]@2.7.0,174,126,tested,,2019-05..2023-01,,45,0.711111,42,32,44,0,2019-06,2022-12,-0.023575,1000,-0.097448,-0.008569,83.8,0.324,-0.514105,0.303428,0.1875,0.131125,0.045,False,True
knot,all stable public releases,transient3,"secondary: transient deviation, blind to a lasting step",rsa_lt1024,forward,gov,knot[8]@2.7.0,174,126,tested,,2017-08..2023-10,,75,0.706667,76,53,74,0.746,2017-08,2023-10,-0.003406,1000,-0.009457,0.006642,40.1,0.802,-0.126213,0.108334,0.075472,0.108094,1,False,False
knot,all stable public releases,step12,primary: departure from the pre-event trend,rsa_lt1024,forward,fed.us,knot[8]@2.7.0,174,126,no test,no month with at least 30 in the denominator,,,,,,,,,,,,,,,,,,,,,,,
knot,all stable public releases,transient3,"secondary: transient deviation, blind to a lasting step",rsa_lt1024,forward,fed.us,knot[8]@2.7.0,174,126,no test,no month with at least 30 in the denominator,,,,,,,,,,,,,,,,,,,,,,,
knot,all stable public releases,step12,primary: departure from the pre-event trend,rsa_lt1024,forward,ee,knot[8]@2.7.0,174,126,no test,the value never appears in this series,,,,,,,,,,,,,,,,,,,,,,,
knot,all stable public releases,transient3,"secondary: transient deviation, blind to a lasting step",rsa_lt1024,forward,ee,knot[8]@2.7.0,174,126,no test,the value never appears in this series,,,,,,,,,,,,,,,,,,,,,,,
knot,all stable public releases,step12,primary: departure from the pre-event trend,rsa_lt1024,forward,ch,knot[8]@2.7.0,174,126,no test,"the testable window 2022-05..2023-01 is 9 months, fewer than 24",2022-05..2023-01,4,,,,,,,,,,,,,,,,,,,,,
knot,all stable public releases,transient3,"secondary: transient deviation, blind to a lasting step",rsa_lt1024,forward,ch,knot[8]@2.7.0,174,126,no test,"release months fill 30 of the 39 months of the testable window 2020-08..2023-10, more than 75%; a shifted schedule then covers almost the same months and the test has no contrast",2020-08..2023-10,30,,,,,,,,,,,,,,,,,,,,,
knot,all stable public releases,step12,primary: departure from the pre-event trend,rsa_lt1024,forward,li,knot[8]@2.7.0,174,126,no test,"the testable window 2022-05..2023-01 is 9 months, fewer than 24",2022-05..2023-01,4,,,,,,,,,,,,,,,,,,,,,
knot,all stable public releases,transient3,"secondary: transient deviation, blind to a lasting step",rsa_lt1024,forward,li,knot[8]@2.7.0,174,126,no test,"release months fill 30 of the 39 months of the testable window 2020-08..2023-10, more than 75%; a shifted schedule then covers almost the same months and the test has no contrast",2020-08..2023-10,30,,,,,,,,,,,,,,,,,,,,,
kresd,all stable public releases,step12,primary: departure from the pre-event trend,iter_gt150,forward,se,kresd[9]@5.3.1,89,72,tested,,2018-06..2023-01,,56,0.571429,33,32,55,0,2018-07,2023-01,-1e-06,1000,-0,1.7e-05,5,0.1,-0.000116,0.000103,0.09375,0.10725,0.861,False,False
kresd,all stable public releases,transient3,"secondary: transient deviation, blind to a lasting step",iter_gt150,forward,se,kresd[9]@5.3.1,89,72,tested,,2016-09..2023-10,,86,0.581395,59,50,85,0.582,2017-01,2023-10,0,1000,-3e-06,5e-06,29.9,0.598,-2.3e-05,3.5e-05,0.14,0.11796,0.367,False,False
kresd,all stable public releases,step12,primary: departure from the pre-event trend,iter_gt150,forward,nu,kresd[9]@5.3.1,89,72,tested,,2018-06..2023-01,,56,0.571429,33,32,55,0,2018-07,2023-01,-0.000184,1000,-0.000185,-6e-05,6.1,0.122,-0.000834,0.000683,0.125,0.107594,0.469,False,False
kresd,all stable public releases,transient3,"secondary: transient deviation, blind to a lasting step",iter_gt150,forward,nu,kresd[9]@5.3.1,89,72,tested,,2016-09..2023-10,,86,0.581395,59,50,85,0.33,2017-01,2023-10,-5e-06,1000,-1e-05,7e-06,19,0.38,-8.3e-05,0.000122,0.14,0.11618,0.241,False,False
kresd,all stable public releases,step12,primary: departure from the pre-event trend,iter_gt150,forward,gov,kresd[9]@5.3.1,89,72,no test,the value is present in only 5 months of this series (fewer than 12),,,,,,,,,,,,,,,,,,,,,,,
kresd,all stable public releases,transient3,"secondary: transient deviation, blind to a lasting step",iter_gt150,forward,gov,kresd[9]@5.3.1,89,72,no test,the value is present in only 5 months of this series (fewer than 12),,,,,,,,,,,,,,,,,,,,,,,
kresd,all stable public releases,step12,primary: departure from the pre-event trend,iter_gt150,forward,fed.us,kresd[9]@5.3.1,89,72,no test,no month with at least 30 in the denominator,,,,,,,,,,,,,,,,,,,,,,,
kresd,all stable public releases,transient3,"secondary: transient deviation, blind to a lasting step",iter_gt150,forward,fed.us,kresd[9]@5.3.1,89,72,no test,no month with at least 30 in the denominator,,,,,,,,,,,,,,,,,,,,,,,
kresd,all stable public releases,step12,primary: departure from the pre-event trend,iter_gt150,forward,ee,kresd[9]@5.3.1,89,72,no test,"the testable window 2021-07..2023-01 is 19 months, fewer than 24",2021-07..2023-01,10,,,,,,,,,,,,,,,,,,,,,
kresd,all stable public releases,transient3,"secondary: transient deviation, blind to a lasting step",iter_gt150,forward,ee,kresd[9]@5.3.1,89,72,tested,,2019-10..2023-10,,49,0.55102,28,27,48,0.128,2019-10,2023-10,-0.00062,1000,-0.000696,-0.000238,16.7,0.334,-0.002963,0,0.074074,0.062444,0.675,False,False
kresd,all stable public releases,step12,primary: departure from the pre-event trend,iter_gt150,forward,ch,kresd[9]@5.3.1,89,72,no test,"the testable window 2022-05..2023-01 is 9 months, fewer than 24",2022-05..2023-01,4,,,,,,,,,,,,,,,,,,,,,
kresd,all stable public releases,transient3,"secondary: transient deviation, blind to a lasting step",iter_gt150,forward,ch,kresd[9]@5.3.1,89,72,tested,,2020-08..2023-10,,39,0.512821,21,20,38,0.922,2020-09,2023-10,-0.000264,1000,-0.000407,-6.5e-05,54.1,0.918,-0.002085,0.000131,0.1,0.10455,0.682,False,False
kresd,all stable public releases,step12,primary: departure from the pre-event trend,iter_gt150,forward,li,kresd[9]@5.3.1,89,72,no test,"the testable window 2022-05..2023-01 is 9 months, fewer than 24",2022-05..2023-01,4,,,,,,,,,,,,,,,,,,,,,
kresd,all stable public releases,transient3,"secondary: transient deviation, blind to a lasting step",iter_gt150,forward,li,kresd[9]@5.3.1,89,72,tested,,2020-08..2023-10,,39,0.512821,21,20,38,0.726,2020-09,2023-10,-0.000666,1000,-0.001148,0.000377,33.2,0.664,-0.009796,0.00485,0.1,0.10465,0.757,False,False
kresd,all stable public releases,step12,primary: departure from the pre-event trend,iter_gt50,forward,se,kresd[12]@5.7.1;kresd[15]@6.0.6,89,72,tested,,2018-06..2023-01,,56,0.571429,33,32,55,0.076,2018-07,2023-01,-0.014256,1000,-0.014516,-0.006424,11.4,0.228,-0.084788,0.060576,0.09375,0.106188,0.843,False,False
kresd,all stable public releases,transient3,"secondary: transient deviation, blind to a lasting step",iter_gt50,forward,se,kresd[12]@5.7.1;kresd[15]@6.0.6,89,72,tested,,2016-09..2023-10,,86,0.581395,59,50,85,0.436,2017-01,2023-10,0.000471,1000,1e-06,0.000549,81.1,0.378,-0.00263,0.004822,0.14,0.11608,0.356,False,False
kresd,all stable public releases,step12,primary: departure from the pre-event trend,iter_gt50,forward,nu,kresd[12]@5.7.1;kresd[15]@6.0.6,89,72,tested,,2018-06..2023-01,,56,0.571429,33,32,55,0,2018-07,2023-01,-0.456971,1000,-0.4923,0.081168,9.9,0.198,-4.6058,3.87847,0.09375,0.107469,0.855,False,False
kresd,all stable public releases,transient3,"secondary: transient deviation, blind to a lasting step",iter_gt50,forward,nu,kresd[12]@5.7.1;kresd[15]@6.0.6,89,72,tested,,2016-09..2023-10,,86,0.581395,59,50,85,0.97,2017-01,2023-10,0.001224,1000,-0.021547,0.022713,52.8,0.944,-0.250025,0.277414,0.14,0.1158,0.325,False,False
kresd,all stable public releases,step12,primary: departure from the pre-event trend,iter_gt50,forward,gov,kresd[12]@5.7.1;kresd[15]@6.0.6,89,72,tested,,2019-05..2023-01,,45,0.577778,26,26,44,0,2019-07,2023-01,-0.033483,1000,-0.039763,0.017621,10.1,0.202,-0.213951,0.269563,0.076923,0.1355,1,False,False
kresd,all stable public releases,transient3,"secondary: transient deviation, blind to a lasting step",iter_gt50,forward,gov,kresd[12]@5.7.1;kresd[15]@6.0.6,89,72,tested,,2017-08..2023-10,,75,0.586667,49,44,74,0.676,2017-08,2023-10,-0.015211,1000,-0.027847,0.008689,34.8,0.696,-0.252599,0.269922,0.068182,0.106955,0.957,False,False
kresd,all stable public releases,step12,primary: departure from the pre-event trend,iter_gt50,forward,fed.us,kresd[12]@5.7.1;kresd[15]@6.0.6,89,72,no test,no month with at least 30 in the denominator,,,,,,,,,,,,,,,,,,,,,,,
kresd,all stable public releases,transient3,"secondary: transient deviation, blind to a lasting step",iter_gt50,forward,fed.us,kresd[12]@5.7.1;kresd[15]@6.0.6,89,72,no test,no month with at least 30 in the denominator,,,,,,,,,,,,,,,,,,,,,,,
kresd,all stable public releases,step12,primary: departure from the pre-event trend,iter_gt50,forward,ee,kresd[12]@5.7.1;kresd[15]@6.0.6,89,72,no test,"the testable window 2021-07..2023-01 is 19 months, fewer than 24",2021-07..2023-01,10,,,,,,,,,,,,,,,,,,,,,
kresd,all stable public releases,transient3,"secondary: transient deviation, blind to a lasting step",iter_gt50,forward,ee,kresd[12]@5.7.1;kresd[15]@6.0.6,89,72,tested,,2019-10..2023-10,,49,0.55102,28,27,48,0,2019-10,2023-10,-0.001589,1000,-0.001731,-0.000279,8.1,0.162,-0.007655,0.004072,0.111111,0.124148,0.848,False,False
kresd,all stable public releases,step12,primary: departure from the pre-event trend,iter_gt50,forward,ch,kresd[12]@5.7.1;kresd[15]@6.0.6,89,72,no test,"the testable window 2022-05..2023-01 is 9 months, fewer than 24",2022-05..2023-01,4,,,,,,,,,,,,,,,,,,,,,
kresd,all stable public releases,transient3,"secondary: transient deviation, blind to a lasting step",iter_gt50,forward,ch,kresd[12]@5.7.1;kresd[15]@6.0.6,89,72,tested,,2020-08..2023-10,,39,0.512821,21,20,38,0.514,2020-09,2023-10,-0.003487,1000,-0.013241,0.011085,20.2,0.404,-0.112897,0.097417,0.15,0.1043,0.327,False,False
kresd,all stable public releases,step12,primary: departure from the pre-event trend,iter_gt50,forward,li,kresd[12]@5.7.1;kresd[15]@6.0.6,89,72,no test,"the testable window 2022-05..2023-01 is 9 months, fewer than 24",2022-05..2023-01,4,,,,,,,,,,,,,,,,,,,,,
kresd,all stable public releases,transient3,"secondary: transient deviation, blind to a lasting step",iter_gt50,forward,li,kresd[12]@5.7.1;kresd[15]@6.0.6,89,72,tested,,2020-08..2023-10,,39,0.512821,21,20,38,0.41,2020-09,2023-10,-0.017308,1000,-0.034247,0.068259,17.2,0.344,-0.304822,0.312896,0.1,0.10135,0.708,False,False
opendnssec,all stable public releases,step12,primary: departure from the pre-event trend,alg7,forward,se,opendnssec[5]@1.2.0b1,65,52,tested,,2018-06..2023-01,,56,0.160714,9,9,55,0.108,2019-05,2022-11,-0.01548,1000,-0.035113,0.019027,29.6,0.592,-0.131183,0.107616,0.333333,0.108333,0.043,False,True
opendnssec,all stable public releases,transient3,"secondary: transient deviation, blind to a lasting step",alg7,forward,se,opendnssec[5]@1.2.0b1,65,52,tested,,2016-09..2023-10,,86,0.186047,21,16,85,0.056,2016-09,2023-06,0.017005,1000,-0.006524,0.016626,95.3,0.094,-0.039809,0.068681,0.125,0.114625,0.562,True,False
opendnssec,all stable public releases,step12,primary: departure from the pre-event trend,alg7,forward,nu,opendnssec[5]@1.2.0b1,65,52,tested,,2018-06..2023-01,,56,0.160714,9,9,55,0,2019-05,2022-11,-0.553338,1000,-0.839593,0.757647,11.2,0.224,-3.53589,3.04854,0.222222,0.104778,0.222,False,False
opendnssec,all stable public releases,transient3,"secondary: transient deviation, blind to a lasting step",alg7,forward,nu,opendnssec[5]@1.2.0b1,65,52,tested,,2016-09..2023-10,,86,0.186047,21,16,85,0.88,2016-09,2023-06,0.012487,1000,-0.071086,0.069712,55.5,0.89,-0.291732,0.301629,0,0.116,1,False,False
opendnssec,all stable public releases,step12,primary: departure from the pre-event trend,alg7,forward,gov,opendnssec[5]@1.2.0b1,65,52,tested,,2019-05..2023-01,,45,0.2,9,9,44,0,2019-05,2022-11,0.407938,1000,-1.04566,0.346334,97.3,0.054,-2.57387,3.38308,0.111111,0.136222,0.827,True,False
opendnssec,all stable public releases,transient3,"secondary: transient deviation, blind to a lasting step",alg7,forward,gov,opendnssec[5]@1.2.0b1,65,52,tested,,2017-08..2023-10,,75,0.146667,12,11,74,0.712,2017-08,2023-06,-0.138437,1000,-0.355868,0.039547,61.2,0.776,-1.4494,0.087296,0.090909,0.111455,0.769,False,False
opendnssec,all stable public releases,step12,primary: departure from the pre-event trend,alg7,forward,fed.us,opendnssec[5]@1.2.0b1,65,52,no test,no month with at least 30 in the denominator,,,,,,,,,,,,,,,,,,,,,,,
opendnssec,all stable public releases,transient3,"secondary: transient deviation, blind to a lasting step",alg7,forward,fed.us,opendnssec[5]@1.2.0b1,65,52,no test,no month with at least 30 in the denominator,,,,,,,,,,,,,,,,,,,,,,,
opendnssec,all stable public releases,step12,primary: departure from the pre-event trend,alg7,forward,ee,opendnssec[5]@1.2.0b1,65,52,no test,"the testable window 2021-07..2023-01 is 19 months, fewer than 24",2021-07..2023-01,3,,,,,,,,,,,,,,,,,,,,,
opendnssec,all stable public releases,transient3,"secondary: transient deviation, blind to a lasting step",alg7,forward,ee,opendnssec[5]@1.2.0b1,65,52,tested,,2019-10..2023-10,,49,0.183673,9,9,48,0.692,2019-11,2023-06,-0.031877,1000,-0.039981,-0.004683,39.8,0.796,-0.150198,0.009818,0.222222,0.121667,0.208,False,False
opendnssec,all stable public releases,step12,primary: departure from the pre-event trend,alg7,forward,ch,opendnssec[5]@1.2.0b1,65,52,no test,"the testable window 2022-05..2023-01 is 9 months, fewer than 24",2022-05..2023-01,2,,,,,,,,,,,,,,,,,,,,,
opendnssec,all stable public releases,transient3,"secondary: transient deviation, blind to a lasting step",alg7,forward,ch,opendnssec[5]@1.2.0b1,65,52,tested,,2020-08..2023-10,,39,0.179487,7,7,38,0.116,2020-10,2023-06,-0.150328,1000,-0.161579,-0.007624,10.5,0.21,-0.43796,0.000426,0.142857,0.101143,0.494,False,False
opendnssec,all stable public releases,step12,primary: departure from the pre-event trend,alg7,forward,li,opendnssec[5]@1.2.0b1,65,52,no test,"the testable window 2022-05..2023-01 is 9 months, fewer than 24",2022-05..2023-01,2,,,,,,,,,,,,,,,,,,,,,
opendnssec,all stable public releases,transient3,"secondary: transient deviation, blind to a lasting step",alg7,forward,li,opendnssec[5]@1.2.0b1,65,52,tested,,2020-08..2023-10,,39,0.179487,7,7,38,0.19,2020-10,2023-06,-0.474393,1000,-0.5055,0.003093,7,0.14,-1.68213,0.018653,0.142857,0.105143,0.569,False,False
opendnssec,all stable public releases,step12,primary: departure from the pre-event trend,alg7,reverse_panel,_pooled-afrinic-arin,opendnssec[5]@1.2.0b1,65,52,tested,,2013-04..2025-08,,149,0.214765,43,32,148,0.314,2013-04,2024-08,1.36881,1000,-2.3225,2.22304,77.2,0.456,-10.3509,8.73928,0.15625,0.107063,0.238,False,False
opendnssec,all stable public releases,transient3,"secondary: transient deviation, blind to a lasting step",alg7,reverse_panel,_pooled-afrinic-arin,opendnssec[5]@1.2.0b1,65,52,tested,,2011-07..2026-05,,179,0.256983,58,46,178,0.382,2011-07,2024-08,0.315221,1000,-0.256181,0.50008,79.7,0.406,-1.38845,2.6214,0.152174,0.098978,0.199,False,False
opendnssec,all stable public releases,step12,primary: departure from the pre-event trend,alg8,forward,se,opendnssec[5]@1.2.0b1,65,52,tested,,2018-06..2023-01,,56,0.160714,9,9,55,0,2019-05,2022-11,3.16778,1000,-3.76128,3.97247,87.1,0.258,-21.6742,24.2153,0.111111,0.107444,0.659,False,False
opendnssec,all stable public releases,transient3,"secondary: transient deviation, blind to a lasting step",alg8,forward,se,opendnssec[5]@1.2.0b1,65,52,tested,,2016-09..2023-10,,86,0.186047,21,16,85,0.336,2016-09,2023-06,-0.161498,1000,-0.268995,0.056482,24.6,0.492,-0.964456,0.40284,0.125,0.116937,0.607,False,False
opendnssec,all stable public releases,step12,primary: departure from the pre-event trend,alg8,forward,nu,opendnssec[5]@1.2.0b1,65,52,tested,,2018-06..2023-01,,56,0.160714,9,9,55,0,2019-05,2022-11,2.56685,1000,-3.93666,3.01345,94.7,0.106,-21.4611,14.9838,0,0.108667,1,False,False
opendnssec,all stable public releases,transient3,"secondary: transient deviation, blind to a lasting step",alg8,forward,nu,opendnssec[5]@1.2.0b1,65,52,tested,,2016-09..2023-10,,86,0.186047,21,16,85,0.078,2016-09,2023-06,-0.22463,1000,-0.247883,0.128394,5.6,0.112,-0.730424,0.595547,0.125,0.116937,0.601,False,False
opendnssec,all stable public releases,step12,primary: departure from the pre-event trend,alg8,forward,gov,opendnssec[5]@1.2.0b1,65,52,tested,,2019-05..2023-01,,45,0.2,9,9,44,0,2019-05,2022-11,-1.41898,1000,-1.77481,-0.715099,34.9,0.698,-5.03154,2.84088,0.111111,0.136,0.814,False,False
opendnssec,all stable public releases,transient3,"secondary: transient deviation, blind to a lasting step",alg8,forward,gov,opendnssec[5]@1.2.0b1,65,52,tested,,2017-08..2023-10,,75,0.146667,12,11,74,0.23,2017-08,2023-06,-0.455452,1000,-0.502905,0.314791,9.3,0.186,-1.92997,1.49293,0.090909,0.106273,0.796,False,False
opendnssec,all stable public releases,step12,primary: departure from the pre-event trend,alg8,forward,fed.us,opendnssec[5]@1.2.0b1,65,52,no test,no month with at least 30 in the denominator,,,,,,,,,,,,,,,,,,,,,,,
opendnssec,all stable public releases,transient3,"secondary: transient deviation, blind to a lasting step",alg8,forward,fed.us,opendnssec[5]@1.2.0b1,65,52,no test,no month with at least 30 in the denominator,,,,,,,,,,,,,,,,,,,,,,,
opendnssec,all stable public releases,step12,primary: departure from the pre-event trend,alg8,forward,ee,opendnssec[5]@1.2.0b1,65,52,no test,"the testable window 2021-07..2023-01 is 19 months, fewer than 24",2021-07..2023-01,3,,,,,,,,,,,,,,,,,,,,,
opendnssec,all stable public releases,transient3,"secondary: transient deviation, blind to a lasting step",alg8,forward,ee,opendnssec[5]@1.2.0b1,65,52,tested,,2019-10..2023-10,,49,0.183673,9,9,48,0.426,2019-11,2023-06,-0.808019,1000,-1.12531,-0.0241,20,0.4,-3.30002,0.184953,0.222222,0.115778,0.267,False,False
opendnssec,all stable public releases,step12,primary: departure from the pre-event trend,alg8,forward,ch,opendnssec[5]@1.2.0b1,65,52,no test,"the testable window 2022-05..2023-01 is 9 months, fewer than 24",2022-05..2023-01,2,,,,,,,,,,,,,,,,,,,,,
opendnssec,all stable public releases,transient3,"secondary: transient deviation, blind to a lasting step",alg8,forward,ch,opendnssec[5]@1.2.0b1,65,52,tested,,2020-08..2023-10,,39,0.179487,7,7,38,0.108,2020-10,2023-06,-0.793356,1000,-0.756013,1.36841,3.9,0.078,-4.0841,3.64523,0,0.103571,1,True,False
opendnssec,all stable public releases,step12,primary: departure from the pre-event trend,alg8,forward,li,opendnssec[5]@1.2.0b1,65,52,no test,"the testable window 2022-05..2023-01 is 9 months, fewer than 24",2022-05..2023-01,2,,,,,,,,,,,,,,,,,,,,,
opendnssec,all stable public releases,transient3,"secondary: transient deviation, blind to a lasting step",alg8,forward,li,opendnssec[5]@1.2.0b1,65,52,tested,,2020-08..2023-10,,39,0.179487,7,7,38,0.286,2020-10,2023-06,-0.52836,1000,-1.61392,1.87401,18,0.36,-5.73032,3.50728,0,0.102286,1,False,False
opendnssec,all stable public releases,step12,primary: departure from the pre-event trend,alg8,reverse_panel,_pooled-afrinic-arin,opendnssec[5]@1.2.0b1,65,52,tested,,2013-04..2025-08,,149,0.214765,43,32,148,0.646,2013-04,2024-08,-1.65521,1000,-4.52266,-0.096122,42.8,0.856,-13.5321,4.43577,0.03125,0.10825,0.978,False,False
opendnssec,all stable public releases,transient3,"secondary: transient deviation, blind to a lasting step",alg8,reverse_panel,_pooled-afrinic-arin,opendnssec[5]@1.2.0b1,65,52,tested,,2011-07..2026-05,,179,0.256983,58,46,178,0.612,2011-07,2024-08,0.128078,1000,-0.345489,0.319005,67.6,0.648,-2.35897,3.21365,0.173913,0.102543,0.102,False,False
opendnssec,all stable public releases,step12,primary: departure from the pre-event trend,digest1,forward,se,opendnssec[13]@2.1.0,65,52,tested,,2018-06..2023-01,,56,0.160714,9,9,55,0,2019-05,2022-11,-2.54621,1000,-10.0503,-1.17044,78.5,0.43,-33.2074,11.3368,0,0.106222,1,False,False
opendnssec,all stable public releases,transient3,"secondary: transient deviation, blind to a lasting step",digest1,forward,se,opendnssec[13]@2.1.0,65,52,tested,,2016-09..2023-10,,86,0.186047,21,16,85,0.468,2016-09,2023-06,0.114018,1000,-0.511922,0.32155,74.9,0.502,-1.23345,1.63777,0,0.115937,1,False,False
opendnssec,all stable public releases,step12,primary: departure from the pre-event trend,digest1,forward,nu,opendnssec[13]@2.1.0,65,52,tested,,2018-06..2023-01,,56,0.160714,9,9,55,0.856,2019-05,2022-11,-1.73966,1000,-5.11255,3.66055,47.2,0.944,-29.1274,30.7031,0,0.109,1,False,False
opendnssec,all stable public releases,transient3,"secondary: transient deviation, blind to a lasting step",digest1,forward,nu,opendnssec[13]@2.1.0,65,52,tested,,2016-09..2023-10,,86,0.186047,21,16,85,0.898,2016-09,2023-06,0.237347,1000,-1.04406,0.856184,56.6,0.868,-3.2746,2.50697,0,0.1175,1,False,False
opendnssec,all stable public releases,step12,primary: departure from the pre-event trend,digest1,forward,gov,opendnssec[13]@2.1.0,65,52,tested,,2019-05..2023-01,,45,0.2,9,9,44,0.228,2019-05,2022-11,-3.31878,1000,-5.10773,-0.093671,29.5,0.59,-12.884,7.47232,0.111111,0.133778,0.772,False,False
opendnssec,all stable public releases,transient3,"secondary: transient deviation, blind to a lasting step",digest1,forward,gov,opendnssec[13]@2.1.0,65,52,tested,,2017-08..2023-10,,75,0.146667,12,11,74,0.814,2017-08,2023-06,-0.605131,1000,-1.61409,0.105511,59.4,0.812,-4.71793,1.90048,0.181818,0.108182,0.338,False,False
opendnssec,all stable public releases,step12,primary: departure from the pre-event trend,digest1,forward,fed.us,opendnssec[13]@2.1.0,65,52,no test,no month with at least 30 in the denominator,,,,,,,,,,,,,,,,,,,,,,,
opendnssec,all stable public releases,transient3,"secondary: transient deviation, blind to a lasting step",digest1,forward,fed.us,opendnssec[13]@2.1.0,65,52,no test,no month with at least 30 in the denominator,,,,,,,,,,,,,,,,,,,,,,,
opendnssec,all stable public releases,step12,primary: departure from the pre-event trend,digest1,forward,ee,opendnssec[13]@2.1.0,65,52,no test,the value never appears in this series,,,,,,,,,,,,,,,,,,,,,,,
opendnssec,all stable public releases,transient3,"secondary: transient deviation, blind to a lasting step",digest1,forward,ee,opendnssec[13]@2.1.0,65,52,no test,the value never appears in this series,,,,,,,,,,,,,,,,,,,,,,,
opendnssec,all stable public releases,step12,primary: departure from the pre-event trend,digest1,forward,ch,opendnssec[13]@2.1.0,65,52,no test,"the testable window 2022-05..2023-01 is 9 months, fewer than 24",2022-05..2023-01,2,,,,,,,,,,,,,,,,,,,,,
opendnssec,all stable public releases,transient3,"secondary: transient deviation, blind to a lasting step",digest1,forward,ch,opendnssec[13]@2.1.0,65,52,tested,,2020-08..2023-10,,39,0.179487,7,7,38,0.376,2020-10,2023-06,-0.658025,1000,-1.25568,1.0951,16.2,0.324,-3.32608,2.77332,0,0.104429,1,False,False
opendnssec,all stable public releases,step12,primary: departure from the pre-event trend,digest1,forward,li,opendnssec[13]@2.1.0,65,52,no test,"the testable window 2022-05..2023-01 is 9 months, fewer than 24",2022-05..2023-01,2,,,,,,,,,,,,,,,,,,,,,
opendnssec,all stable public releases,transient3,"secondary: transient deviation, blind to a lasting step",digest1,forward,li,opendnssec[13]@2.1.0,65,52,tested,,2020-08..2023-10,,39,0.179487,7,7,38,0.424,2020-10,2023-06,-1.27723,1000,-1.95489,2.41449,17,0.34,-4.91657,5.80782,0.142857,0.105143,0.618,False,False
opendnssec,all stable public releases,step12,primary: departure from the pre-event trend,digest1,reverse_panel,_pooled-afrinic-arin,opendnssec[13]@2.1.0,65,52,tested,,2013-04..2025-08,,149,0.214765,43,32,148,0.76,2013-04,2024-08,-0.408196,1000,-2.31469,1.83924,42.9,0.858,-14.936,14.3492,0.1875,0.107719,0.131,False,False
opendnssec,all stable public releases,transient3,"secondary: transient deviation, blind to a lasting step",digest1,reverse_panel,_pooled-afrinic-arin,opendnssec[13]@2.1.0,65,52,tested,,2011-07..2026-05,,179,0.256983,58,46,178,0.558,2011-07,2024-08,-0.109682,1000,-0.264472,0.155512,28.2,0.564,-1.86922,1.95302,0.065217,0.0995,0.833,False,False
opendnssec,all stable public releases,step12,primary: departure from the pre-event trend,optout,forward,se,opendnssec[3]@1.1.0rc1,65,52,tested,,2018-06..2023-01,,56,0.160714,9,9,55,0,2019-05,2022-11,0.444052,1000,-4.3684,1.22332,84.9,0.302,-20.8277,12.9928,0.222222,0.106333,0.245,False,False
opendnssec,all stable public releases,transient3,"secondary: transient deviation, blind to a lasting step",optout,forward,se,opendnssec[3]@1.1.0rc1,65,52,tested,,2016-09..2023-10,,86,0.186047,21,16,85,0.914,2016-09,2023-06,-0.034929,1000,-0.089235,0.019162,42.8,0.856,-0.30681,0.11117,0.125,0.116125,0.581,False,False
opendnssec,all stable public releases,step12,primary: departure from the pre-event trend,optout,forward,nu,opendnssec[3]@1.1.0rc1,65,52,tested,,2018-06..2023-01,,56,0.160714,9,9,55,0,2019-05,2022-11,-1.41322,1000,-1.67769,0.11075,13.5,0.27,-6.07207,2.10407,0,0.109,1,False,False
opendnssec,all stable public releases,transient3,"secondary: transient deviation, blind to a lasting step",optout,forward,nu,opendnssec[3]@1.1.0rc1,65,52,tested,,2016-09..2023-10,,86,0.186047,21,16,85,0.39,2016-09,2023-06,-0.193502,1000,-0.349213,0.315638,18.6,0.372,-1.11606,1.04076,0.0625,0.116625,0.874,False,False
opendnssec,all stable public releases,step12,primary: departure from the pre-event trend,optout,forward,gov,opendnssec[3]@1.1.0rc1,65,52,tested,,2019-05..2023-01,,45,0.2,9,9,44,0,2019-05,2022-11,-0.234036,1000,-0.365273,-0.142542,84.8,0.304,-0.65574,0.182965,0.111111,0.137778,0.848,False,False
opendnssec,all stable public releases,transient3,"secondary: transient deviation, blind to a lasting step",optout,forward,gov,opendnssec[3]@1.1.0rc1,65,52,tested,,2017-08..2023-10,,75,0.146667,12,11,74,0.266,2017-08,2023-06,-0.066792,1000,-0.084204,0.095156,14.6,0.292,-0.407878,0.397926,0.181818,0.105091,0.314,False,False
opendnssec,all stable public releases,step12,primary: departure from the pre-event trend,optout,forward,fed.us,opendnssec[3]@1.1.0rc1,65,52,no test,no month with at least 30 in the denominator,,,,,,,,,,,,,,,,,,,,,,,
opendnssec,all stable public releases,transient3,"secondary: transient deviation, blind to a lasting step",optout,forward,fed.us,opendnssec[3]@1.1.0rc1,65,52,no test,no month with at least 30 in the denominator,,,,,,,,,,,,,,,,,,,,,,,
opendnssec,all stable public releases,step12,primary: departure from the pre-event trend,optout,forward,ee,opendnssec[3]@1.1.0rc1,65,52,no test,"the testable window 2021-07..2023-01 is 19 months, fewer than 24",2021-07..2023-01,3,,,,,,,,,,,,,,,,,,,,,
opendnssec,all stable public releases,transient3,"secondary: transient deviation, blind to a lasting step",optout,forward,ee,opendnssec[3]@1.1.0rc1,65,52,tested,,2019-10..2023-10,,49,0.183673,9,9,48,0.35,2019-11,2023-06,-0.037829,1000,-0.046569,-0.003698,15.9,0.318,-0.167418,0.004793,0.111111,0.120111,0.743,False,False
opendnssec,all stable public releases,step12,primary: departure from the pre-event trend,optout,forward,ch,opendnssec[3]@1.1.0rc1,65,52,no test,"the testable window 2022-05..2023-01 is 9 months, fewer than 24",2022-05..2023-01,2,,,,,,,,,,,,,,,,,,,,,
opendnssec,all stable public releases,transient3,"secondary: transient deviation, blind to a lasting step",optout,forward,ch,opendnssec[3]@1.1.0rc1,65,52,tested,,2020-08..2023-10,,39,0.179487,7,7,38,0.378,2020-10,2023-06,-0.014983,1000,-0.024936,0.040868,23,0.46,-0.079139,0.123627,0.142857,0.105429,0.587,False,False
opendnssec,all stable public releases,step12,primary: departure from the pre-event trend,optout,forward,li,opendnssec[3]@1.1.0rc1,65,52,no test,"the testable window 2022-05..2023-01 is 9 months, fewer than 24",2022-05..2023-01,2,,,,,,,,,,,,,,,,,,,,,
opendnssec,all stable public releases,transient3,"secondary: transient deviation, blind to a lasting step",optout,forward,li,opendnssec[3]@1.1.0rc1,65,52,tested,,2020-08..2023-10,,39,0.179487,7,7,38,0.43,2020-10,2023-06,0.010878,1000,-0.053954,0.029925,81.6,0.368,-0.121645,0.102041,0.142857,0.098286,0.513,False,False
pdns-auth,all stable public releases,step12,primary: departure from the pre-event trend,alg13,forward,se,pdns-auth[7]@4.0.0;pdns-auth[8]@4.0.0,132,85,tested,,2018-06..2023-01,,56,0.375,41,21,55,0,2018-08,2022-12,3.8013,1000,-1.85738,3.07043,100,0,-30.8117,32.2481,0.047619,0.107619,0.981,True,False
pdns-auth,all stable public releases,transient3,"secondary: transient deviation, blind to a lasting step",alg13,forward,se,pdns-auth[7]@4.0.0;pdns-auth[8]@4.0.0,132,85,tested,,2016-09..2023-10,,86,0.372093,56,32,85,0.092,2016-09,2023-10,0.20398,1000,-0.026105,0.206317,92.8,0.144,-0.954088,1.39876,0.09375,0.116812,0.86,False,False
pdns-auth,all stable public releases,step12,primary: departure from the pre-event trend,alg13,forward,nu,pdns-auth[7]@4.0.0;pdns-auth[8]@4.0.0,132,85,tested,,2018-06..2023-01,,56,0.375,41,21,55,0,2018-08,2022-12,2.16501,1000,-0.898586,2.27943,94,0.12,-14.9348,20.239,0.095238,0.107381,0.79,False,False
pdns-auth,all stable public releases,transient3,"secondary: transient deviation, blind to a lasting step",alg13,forward,nu,pdns-auth[7]@4.0.0;pdns-auth[8]@4.0.0,132,85,tested,,2016-09..2023-10,,86,0.372093,56,32,85,0.972,2016-09,2023-10,0.0642,1000,0.007153,0.126421,51.3,0.974,-0.415373,0.617334,0.09375,0.117188,0.853,False,False
pdns-auth,all stable public releases,step12,primary: departure from the pre-event trend,alg13,forward,gov,pdns-auth[7]@4.0.0;pdns-auth[8]@4.0.0,132,85,tested,,2019-05..2023-01,,45,0.377778,34,17,44,0,2019-06,2022-12,1.89968,1000,1.21526,2.45428,44.6,0.892,-2.80502,5.35084,0.176471,0.129059,0.386,False,False
pdns-auth,all stable public releases,transient3,"secondary: transient deviation, blind to a lasting step",alg13,forward,gov,pdns-auth[7]@4.0.0;pdns-auth[8]@4.0.0,132,85,tested,,2017-08..2023-10,,75,0.386667,51,29,74,0.27,2017-11,2023-10,0.429904,1000,0.132261,0.46682,84.4,0.312,-0.872321,2.51057,0.137931,0.105276,0.269,False,False
pdns-auth,all stable public releases,step12,primary: departure from the pre-event trend,alg13,forward,fed.us,pdns-auth[7]@4.0.0;pdns-auth[8]@4.0.0,132,85,no test,no month with at least 30 in the denominator,,,,,,,,,,,,,,,,,,,,,,,
pdns-auth,all stable public releases,transient3,"secondary: transient deviation, blind to a lasting step",alg13,forward,fed.us,pdns-auth[7]@4.0.0;pdns-auth[8]@4.0.0,132,85,no test,no month with at least 30 in the denominator,,,,,,,,,,,,,,,,,,,,,,,
pdns-auth,all stable public releases,step12,primary: departure from the pre-event trend,alg13,forward,ee,pdns-auth[7]@4.0.0;pdns-auth[8]@4.0.0,132,85,no test,"the testable window 2021-07..2023-01 is 19 months, fewer than 24",2021-07..2023-01,8,,,,,,,,,,,,,,,,,,,,,
pdns-auth,all stable public releases,transient3,"secondary: transient deviation, blind to a lasting step",alg13,forward,ee,pdns-auth[7]@4.0.0;pdns-auth[8]@4.0.0,132,85,tested,,2019-10..2023-10,,49,0.387755,31,19,48,0.288,2019-11,2023-10,0.376063,1000,0.269708,1.03086,19.3,0.386,-0.175752,3.54768,0.105263,0.121947,0.805,False,False
pdns-auth,all stable public releases,step12,primary: departure from the pre-event trend,alg13,forward,ch,pdns-auth[7]@4.0.0;pdns-auth[8]@4.0.0,132,85,no test,"the testable window 2022-05..2023-01 is 9 months, fewer than 24",2022-05..2023-01,4,,,,,,,,,,,,,,,,,,,,,
pdns-auth,all stable public releases,transient3,"secondary: transient deviation, blind to a lasting step",alg13,forward,ch,pdns-auth[7]@4.0.0;pdns-auth[8]@4.0.0,132,85,tested,,2020-08..2023-10,,39,0.435897,28,17,38,0.364,2020-09,2023-10,-0.227885,1000,-0.365317,0.500171,18.9,0.378,-4.18628,3.4531,0.058824,0.105059,0.919,False,False
pdns-auth,all stable public releases,step12,primary: departure from the pre-event trend,alg13,forward,li,pdns-auth[7]@4.0.0;pdns-auth[8]@4.0.0,132,85,no test,"the testable window 2022-05..2023-01 is 9 months, fewer than 24",2022-05..2023-01,4,,,,,,,,,,,,,,,,,,,,,
pdns-auth,all stable public releases,transient3,"secondary: transient deviation, blind to a lasting step",alg13,forward,li,pdns-auth[7]@4.0.0;pdns-auth[8]@4.0.0,132,85,tested,,2020-08..2023-10,,39,0.435897,28,17,38,0.516,2020-09,2023-10,-0.084224,1000,-0.208936,0.67579,26.8,0.536,-3.58601,3.49412,0.058824,0.103176,0.942,False,False
pdns-auth,all stable public releases,step12,primary: departure from the pre-event trend,alg13,reverse_panel,_pooled-afrinic-arin,pdns-auth[7]@4.0.0;pdns-auth[8]@4.0.0,132,85,tested,,2013-04..2025-08,,149,0.369128,85,55,148,0.738,2013-07,2025-08,0.714287,1000,-0.277253,1.10014,67.8,0.644,-5.69458,8.79535,0.090909,0.106618,0.827,False,False
pdns-auth,all stable public releases,transient3,"secondary: transient deviation, blind to a lasting step",alg13,reverse_panel,_pooled-afrinic-arin,pdns-auth[7]@4.0.0;pdns-auth[8]@4.0.0,132,85,tested,,2011-07..2026-05,,179,0.363128,101,65,178,0.31,2011-07,2026-05,0.070121,1000,-0.014591,0.080688,85.6,0.288,-0.198068,0.674946,0.138462,0.099769,0.135,False,False
pdns-auth,all stable public releases,step12,primary: departure from the pre-event trend,alg8,forward,se,pdns-auth[0]@3.2,132,85,tested,,2018-06..2023-01,,56,0.375,41,21,55,0,2018-08,2022-12,-1.76917,1000,-2.2966,1.56391,16.5,0.33,-21.6742,24.2153,0.095238,0.109238,0.803,False,False
pdns-auth,all stable public releases,transient3,"secondary: transient deviation, blind to a lasting step",alg8,forward,se,pdns-auth[0]@3.2,132,85,tested,,2016-09..2023-10,,86,0.372093,56,32,85,0.136,2016-09,2023-10,-0.028216,1000,-0.179707,-0.015802,92.7,0.146,-0.964456,0.40284,0.09375,0.119938,0.865,False,False
pdns-auth,all stable public releases,step12,primary: departure from the pre-event trend,alg8,forward,nu,pdns-auth[0]@3.2,132,85,tested,,2018-06..2023-01,,56,0.375,41,21,55,0,2018-08,2022-12,-2.3121,1000,-2.25699,0.919653,3.8,0.076,-21.4611,14.9838,0.095238,0.107524,0.809,True,False
pdns-auth,all stable public releases,transient3,"secondary: transient deviation, blind to a lasting step",alg8,forward,nu,pdns-auth[0]@3.2,132,85,tested,,2016-09..2023-10,,86,0.372093,56,32,85,0.978,2016-09,2023-10,-0.040332,1000,-0.140893,0.038615,54.5,0.91,-0.730424,0.595547,0.09375,0.116094,0.836,False,False
pdns-auth,all stable public releases,step12,primary: departure from the pre-event trend,alg8,forward,gov,pdns-auth[0]@3.2,132,85,tested,,2019-05..2023-01,,45,0.377778,34,17,44,0,2019-06,2022-12,-1.70802,1000,-1.7516,-0.761251,5.4,0.108,-5.03154,2.84088,0.176471,0.133765,0.356,False,False
pdns-auth,all stable public releases,transient3,"secondary: transient deviation, blind to a lasting step",alg8,forward,gov,pdns-auth[0]@3.2,132,85,tested,,2017-08..2023-10,,75,0.386667,51,29,74,0.334,2017-11,2023-10,-0.274605,1000,-0.347815,0.046435,19.6,0.392,-1.92997,1.49293,0.103448,0.106172,0.704,False,False
pdns-auth,all stable public releases,step12,primary: departure from the pre-event trend,alg8,forward,fed.us,pdns-auth[0]@3.2,132,85,no test,no month with at least 30 in the denominator,,,,,,,,,,,,,,,,,,,,,,,
pdns-auth,all stable public releases,transient3,"secondary: transient deviation, blind to a lasting step",alg8,forward,fed.us,pdns-auth[0]@3.2,132,85,no test,no month with at least 30 in the denominator,,,,,,,,,,,,,,,,,,,,,,,
pdns-auth,all stable public releases,step12,primary: departure from the pre-event trend,alg8,forward,ee,pdns-auth[0]@3.2,132,85,no test,"the testable window 2021-07..2023-01 is 19 months, fewer than 24",2021-07..2023-01,8,,,,,,,,,,,,,,,,,,,,,
pdns-auth,all stable public releases,transient3,"secondary: transient deviation, blind to a lasting step",alg8,forward,ee,pdns-auth[0]@3.2,132,85,tested,,2019-10..2023-10,,49,0.387755,31,19,48,0.308,2019-11,2023-10,-0.354655,1000,-0.866831,-0.247058,83.8,0.324,-3.30002,0.184953,0.105263,0.124737,0.839,False,False
pdns-auth,all stable public releases,step12,primary: departure from the pre-event trend,alg8,forward,ch,pdns-auth[0]@3.2,132,85,no test,"the testable window 2022-05..2023-01 is 9 months, fewer than 24",2022-05..2023-01,4,,,,,,,,,,,,,,,,,,,,,
pdns-auth,all stable public releases,transient3,"secondary: transient deviation, blind to a lasting step",alg8,forward,ch,pdns-auth[0]@3.2,132,85,tested,,2020-08..2023-10,,39,0.435897,28,17,38,0.206,2020-09,2023-10,0.329053,1000,-0.388966,0.545032,88.4,0.232,-4.0841,3.64523,0.117647,0.101235,0.545,False,False
pdns-auth,all stable public releases,step12,primary: departure from the pre-event trend,alg8,forward,li,pdns-auth[0]@3.2,132,85,no test,"the testable window 2022-05..2023-01 is 9 months, fewer than 24",2022-05..2023-01,4,,,,,,,,,,,,,,,,,,,,,
pdns-auth,all stable public releases,transient3,"secondary: transient deviation, blind to a lasting step",alg8,forward,li,pdns-auth[0]@3.2,132,85,tested,,2020-08..2023-10,,39,0.435897,28,17,38,0.32,2020-09,2023-10,0.40149,1000,-0.440879,0.587315,82.8,0.344,-5.73032,3.50728,0.117647,0.100353,0.53,False,False
pdns-auth,all stable public releases,step12,primary: departure from the pre-event trend,alg8,reverse_panel,_pooled-afrinic-arin,pdns-auth[0]@3.2,132,85,tested,,2013-04..2025-08,,149,0.369128,85,55,148,0.32,2013-07,2025-08,-2.10877,1000,-2.25056,-1.18142,14.2,0.284,-13.5321,4.43577,0.181818,0.108655,0.047,False,True
pdns-auth,all stable public releases,transient3,"secondary: transient deviation, blind to a lasting step",alg8,reverse_panel,_pooled-afrinic-arin,pdns-auth[0]@3.2,132,85,tested,,2011-07..2026-05,,179,0.363128,101,65,178,0.49,2011-07,2026-05,0.110355,1000,-0.216884,0.232086,74.3,0.514,-2.35897,3.21365,0.107692,0.100646,0.471,False,False
pdns-auth,all stable public releases,step12,primary: departure from the pre-event trend,iter0,forward,se,pdns-auth[11]@4.6.0,132,85,tested,,2018-06..2023-01,,56,0.375,41,21,55,0,2018-08,2022-12,0.548167,1000,0.341927,0.677109,62,0.76,-0.000939,2.39729,0.095238,0.107476,0.825,False,False
pdns-auth,all stable public releases,transient3,"secondary: transient deviation, blind to a lasting step",iter0,forward,se,pdns-auth[11]@4.6.0,132,85,tested,,2016-09..2023-10,,86,0.372093,56,32,85,0.348,2016-09,2023-10,0.054219,1000,0.009826,0.083218,78.2,0.436,-0.052763,0.214635,0.1875,0.114094,0.072,False,True
pdns-auth,all stable public releases,step12,primary: departure from the pre-event trend,iter0,forward,nu,pdns-auth[11]@4.6.0,132,85,tested,,2018-06..2023-01,,56,0.375,41,21,55,0.504,2018-08,2022-12,0.528442,1000,0.459499,1.20739,12.2,0.244,-2.49256,5.16331,0.095238,0.108571,0.798,False,False
pdns-auth,all stable public releases,transient3,"secondary: transient deviation, blind to a lasting step",iter0,forward,nu,pdns-auth[11]@4.6.0,132,85,tested,,2016-09..2023-10,,86,0.372093,56,32,85,0.128,2016-09,2023-10,0.04436,1000,0.016439,0.048962,87,0.26,-0.001678,0.205516,0.125,0.117531,0.585,False,False
pdns-auth,all stable public releases,step12,primary: departure from the pre-event trend,iter0,forward,gov,pdns-auth[11]@4.6.0,132,85,tested,,2019-05..2023-01,,45,0.377778,34,17,44,0,2019-06,2022-12,0.132867,1000,0.05872,0.151623,85.9,0.282,0,0.535064,0.117647,0.064353,0.219,False,False
pdns-auth,all stable public releases,transient3,"secondary: transient deviation, blind to a lasting step",iter0,forward,gov,pdns-auth[11]@4.6.0,132,85,tested,,2017-08..2023-10,,75,0.386667,51,29,74,0.374,2017-11,2023-10,0.019383,1000,-0.004136,0.028149,77.9,0.442,-0.099622,0.129817,0.137931,0.107483,0.346,False,False
pdns-auth,all stable public releases,step12,primary: departure from the pre-event trend,iter0,forward,fed.us,pdns-auth[11]@4.6.0,132,85,no test,no month with at least 30 in the denominator,,,,,,,,,,,,,,,,,,,,,,,
pdns-auth,all stable public releases,transient3,"secondary: transient deviation, blind to a lasting step",iter0,forward,fed.us,pdns-auth[11]@4.6.0,132,85,no test,no month with at least 30 in the denominator,,,,,,,,,,,,,,,,,,,,,,,
pdns-auth,all stable public releases,step12,primary: departure from the pre-event trend,iter0,forward,ee,pdns-auth[11]@4.6.0,132,85,no test,"the testable window 2021-07..2023-01 is 19 months, fewer than 24",2021-07..2023-01,8,,,,,,,,,,,,,,,,,,,,,
pdns-auth,all stable public releases,transient3,"secondary: transient deviation, blind to a lasting step",iter0,forward,ee,pdns-auth[11]@4.6.0,132,85,tested,,2019-10..2023-10,,49,0.387755,31,19,48,0.572,2019-11,2023-10,0.000313,1000,-0.000588,0.003003,28.1,0.562,-0.007711,0.017162,0.157895,0.122158,0.457,False,False
pdns-auth,all stable public releases,step12,primary: departure from the pre-event trend,iter0,forward,ch,pdns-auth[11]@4.6.0,132,85,no test,"the testable window 2022-05..2023-01 is 9 months, fewer than 24",2022-05..2023-01,4,,,,,,,,,,,,,,,,,,,,,
pdns-auth,all stable public releases,transient3,"secondary: transient deviation, blind to a lasting step",iter0,forward,ch,pdns-auth[11]@4.6.0,132,85,tested,,2020-08..2023-10,,39,0.435897,28,17,38,0.632,2020-09,2023-10,-0.090892,1000,-0.198558,0.204996,30.6,0.612,-1.02137,1.58486,0.176471,0.100529,0.156,False,False
pdns-auth,all stable public releases,step12,primary: departure from the pre-event trend,iter0,forward,li,pdns-auth[11]@4.6.0,132,85,no test,"the testable window 2022-05..2023-01 is 9 months, fewer than 24",2022-05..2023-01,4,,,,,,,,,,,,,,,,,,,,,
pdns-auth,all stable public releases,transient3,"secondary: transient deviation, blind to a lasting step",iter0,forward,li,pdns-auth[11]@4.6.0,132,85,tested,,2020-08..2023-10,,39,0.435897,28,17,38,0.262,2020-09,2023-10,-0.131313,1000,-0.176641,0.211199,13,0.26,-1.67477,1.69017,0.176471,0.101,0.153,False,False
pdns-auth,all stable public releases,step12,primary: departure from the pre-event trend,iter_gt100,forward,se,pdns-auth[10]@4.5.0,132,85,tested,,2018-06..2023-01,,56,0.375,41,21,55,0,2018-08,2022-12,1.3e-05,1000,-6.1e-05,2.9e-05,77.2,0.456,-0.000447,0.000295,0.142857,0.106952,0.348,False,False
pdns-auth,all stable public releases,transient3,"secondary: transient deviation, blind to a lasting step",iter_gt100,forward,se,pdns-auth[10]@4.5.0,132,85,tested,,2016-09..2023-10,,86,0.372093,56,32,85,0.322,2016-09,2023-10,1.2e-05,1000,-1.1e-05,1.7e-05,82.1,0.358,-0.000203,0.000215,0.03125,0.119094,1,False,False
pdns-auth,all stable public releases,step12,primary: departure from the pre-event trend,iter_gt100,forward,nu,pdns-auth[10]@4.5.0,132,85,tested,,2018-06..2023-01,,56,0.375,41,21,55,0.228,2018-08,2022-12,0.000225,1000,9e-05,0.000285,73.4,0.532,-0.000834,0.001014,0.142857,0.110095,0.342,False,False
pdns-auth,all stable public releases,transient3,"secondary: transient deviation, blind to a lasting step",iter_gt100,forward,nu,pdns-auth[10]@4.5.0,132,85,tested,,2016-09..2023-10,,86,0.372093,56,32,85,0,2016-09,2023-10,4.6e-05,1000,-3.6e-05,2.8e-05,100,0,-0.000211,0.000224,0.15625,0.116156,0.249,True,False
pdns-auth,all stable public releases,step12,primary: departure from the pre-event trend,iter_gt100,forward,gov,pdns-auth[10]@4.5.0,132,85,no test,the value is present in only 5 months of this series (fewer than 12),,,,,,,,,,,,,,,,,,,,,,,
pdns-auth,all stable public releases,transient3,"secondary: transient deviation, blind to a lasting step",iter_gt100,forward,gov,pdns-auth[10]@4.5.0,132,85,no test,the value is present in only 5 months of this series (fewer than 12),,,,,,,,,,,,,,,,,,,,,,,
pdns-auth,all stable public releases,step12,primary: departure from the pre-event trend,iter_gt100,forward,fed.us,pdns-auth[10]@4.5.0,132,85,no test,no month with at least 30 in the denominator,,,,,,,,,,,,,,,,,,,,,,,
pdns-auth,all stable public releases,transient3,"secondary: transient deviation, blind to a lasting step",iter_gt100,forward,fed.us,pdns-auth[10]@4.5.0,132,85,no test,no month with at least 30 in the denominator,,,,,,,,,,,,,,,,,,,,,,,
pdns-auth,all stable public releases,step12,primary: departure from the pre-event trend,iter_gt100,forward,ee,pdns-auth[10]@4.5.0,132,85,no test,"the testable window 2021-07..2023-01 is 19 months, fewer than 24",2021-07..2023-01,8,,,,,,,,,,,,,,,,,,,,,
pdns-auth,all stable public releases,transient3,"secondary: transient deviation, blind to a lasting step",iter_gt100,forward,ee,pdns-auth[10]@4.5.0,132,85,tested,,2019-10..2023-10,,49,0.387755,31,19,48,0.406,2019-11,2023-10,-0.000742,1000,-0.00114,-2e-05,28.1,0.562,-0.004933,0.003664,0.157895,0.124053,0.425,False,False
pdns-auth,all stable public releases,step12,primary: departure from the pre-event trend,iter_gt100,forward,ch,pdns-auth[10]@4.5.0,132,85,no test,"the testable window 2022-05..2023-01 is 9 months, fewer than 24",2022-05..2023-01,4,,,,,,,,,,,,,,,,,,,,,
pdns-auth,all stable public releases,transient3,"secondary: transient deviation, blind to a lasting step",iter_gt100,forward,ch,pdns-auth[10]@4.5.0,132,85,tested,,2020-08..2023-10,,39,0.435897,28,17,38,0.204,2020-09,2023-10,0.00526,1000,-0.005426,0.006159,88,0.24,-0.061574,0.04878,0.058824,0.103765,0.964,False,False
pdns-auth,all stable public releases,step12,primary: departure from the pre-event trend,iter_gt100,forward,li,pdns-auth[10]@4.5.0,132,85,no test,"the testable window 2022-05..2023-01 is 9 months, fewer than 24",2022-05..2023-01,4,,,,,,,,,,,,,,,,,,,,,
pdns-auth,all stable public releases,transient3,"secondary: transient deviation, blind to a lasting step",iter_gt100,forward,li,pdns-auth[10]@4.5.0,132,85,tested,,2020-08..2023-10,,39,0.435897,28,17,38,0.238,2020-09,2023-10,0.014607,1000,-0.012293,0.018919,83.8,0.324,-0.165746,0.141828,0.058824,0.103412,0.955,False,False
pdns-auth,all stable public releases,step12,primary: departure from the pre-event trend,iter_gt500,forward,se,pdns-auth[3]@3.4.0;pdns-auth[4]@3.4.7,132,85,no test,the value is present in only 2 months of this series (fewer than 12),,,,,,,,,,,,,,,,,,,,,,,
pdns-auth,all stable public releases,transient3,"secondary: transient deviation, blind to a lasting step",iter_gt500,forward,se,pdns-auth[3]@3.4.0;pdns-auth[4]@3.4.7,132,85,no test,the value is present in only 2 months of this series (fewer than 12),,,,,,,,,,,,,,,,,,,,,,,
pdns-auth,all stable public releases,step12,primary: departure from the pre-event trend,iter_gt500,forward,nu,pdns-auth[3]@3.4.0;pdns-auth[4]@3.4.7,132,85,no test,the value never appears in this series,,,,,,,,,,,,,,,,,,,,,,,
pdns-auth,all stable public releases,transient3,"secondary: transient deviation, blind to a lasting step",iter_gt500,forward,nu,pdns-auth[3]@3.4.0;pdns-auth[4]@3.4.7,132,85,no test,the value never appears in this series,,,,,,,,,,,,,,,,,,,,,,,
pdns-auth,all stable public releases,step12,primary: departure from the pre-event trend,iter_gt500,forward,gov,pdns-auth[3]@3.4.0;pdns-auth[4]@3.4.7,132,85,no test,the value never appears in this series,,,,,,,,,,,,,,,,,,,,,,,
pdns-auth,all stable public releases,transient3,"secondary: transient deviation, blind to a lasting step",iter_gt500,forward,gov,pdns-auth[3]@3.4.0;pdns-auth[4]@3.4.7,132,85,no test,the value never appears in this series,,,,,,,,,,,,,,,,,,,,,,,
pdns-auth,all stable public releases,step12,primary: departure from the pre-event trend,iter_gt500,forward,fed.us,pdns-auth[3]@3.4.0;pdns-auth[4]@3.4.7,132,85,no test,no month with at least 30 in the denominator,,,,,,,,,,,,,,,,,,,,,,,
pdns-auth,all stable public releases,transient3,"secondary: transient deviation, blind to a lasting step",iter_gt500,forward,fed.us,pdns-auth[3]@3.4.0;pdns-auth[4]@3.4.7,132,85,no test,no month with at least 30 in the denominator,,,,,,,,,,,,,,,,,,,,,,,
pdns-auth,all stable public releases,step12,primary: departure from the pre-event trend,iter_gt500,forward,ee,pdns-auth[3]@3.4.0;pdns-auth[4]@3.4.7,132,85,no test,the value never appears in this series,,,,,,,,,,,,,,,,,,,,,,,
pdns-auth,all stable public releases,transient3,"secondary: transient deviation, blind to a lasting step",iter_gt500,forward,ee,pdns-auth[3]@3.4.0;pdns-auth[4]@3.4.7,132,85,no test,the value never appears in this series,,,,,,,,,,,,,,,,,,,,,,,
pdns-auth,all stable public releases,step12,primary: departure from the pre-event trend,iter_gt500,forward,ch,pdns-auth[3]@3.4.0;pdns-auth[4]@3.4.7,132,85,no test,the value is present in only 3 months of this series (fewer than 12),,,,,,,,,,,,,,,,,,,,,,,
pdns-auth,all stable public releases,transient3,"secondary: transient deviation, blind to a lasting step",iter_gt500,forward,ch,pdns-auth[3]@3.4.0;pdns-auth[4]@3.4.7,132,85,no test,the value is present in only 3 months of this series (fewer than 12),,,,,,,,,,,,,,,,,,,,,,,
pdns-auth,all stable public releases,step12,primary: departure from the pre-event trend,iter_gt500,forward,li,pdns-auth[3]@3.4.0;pdns-auth[4]@3.4.7,132,85,no test,the value never appears in this series,,,,,,,,,,,,,,,,,,,,,,,
pdns-auth,all stable public releases,transient3,"secondary: transient deviation, blind to a lasting step",iter_gt500,forward,li,pdns-auth[3]@3.4.0;pdns-auth[4]@3.4.7,132,85,no test,the value never appears in this series,,,,,,,,,,,,,,,,,,,,,,,
pdns-auth,all stable public releases,step12,primary: departure from the pre-event trend,optout,forward,se,pdns-auth[1]@3.3,132,85,tested,,2018-06..2023-01,,56,0.375,41,21,55,0,2018-08,2022-12,-3.53907,1000,-3.18954,-0.323674,0,0,-20.8277,12.9928,0.142857,0.102619,0.345,True,False
pdns-auth,all stable public releases,transient3,"secondary: transient deviation, blind to a lasting step",optout,forward,se,pdns-auth[1]@3.3,132,85,tested,,2016-09..2023-10,,86,0.372093,56,32,85,0.394,2016-09,2023-10,-0.044996,1000,-0.070898,-0.010164,26.2,0.524,-0.30681,0.11117,0.15625,0.116281,0.296,False,False
pdns-auth,all stable public releases,step12,primary: departure from the pre-event trend,optout,forward,nu,pdns-auth[1]@3.3,132,85,tested,,2018-06..2023-01,,56,0.375,41,21,55,0.224,2018-08,2022-12,-1.08858,1000,-1.19328,-0.349411,21.5,0.43,-6.07207,2.10407,0.190476,0.105238,0.079,False,True
pdns-auth,all stable public releases,transient3,"secondary: transient deviation, blind to a lasting step",optout,forward,nu,pdns-auth[1]@3.3,132,85,tested,,2016-09..2023-10,,86,0.372093,56,32,85,0.302,2016-09,2023-10,-0.141871,1000,-0.239777,0.19375,13,0.26,-1.11606,1.04076,0.15625,0.115281,0.225,False,False
pdns-auth,all stable public releases,step12,primary: departure from the pre-event trend,optout,forward,gov,pdns-auth[1]@3.3,132,85,tested,,2019-05..2023-01,,45,0.377778,34,17,44,0.754,2019-06,2022-12,-0.292413,1000,-0.366685,-0.23348,50.9,0.982,-0.65574,0.182965,0.176471,0.131412,0.373,False,False
pdns-auth,all stable public releases,transient3,"secondary: transient deviation, blind to a lasting step",optout,forward,gov,pdns-auth[1]@3.3,132,85,tested,,2017-08..2023-10,,75,0.386667,51,29,74,0.92,2017-11,2023-10,-0.007852,1000,-0.052859,0.045119,46.2,0.924,-0.407878,0.397926,0.206897,0.105069,0.016,False,True
pdns-auth,all stable public releases,step12,primary: departure from the pre-event trend,optout,forward,fed.us,pdns-auth[1]@3.3,132,85,no test,no month with at least 30 in the denominator,,,,,,,,,,,,,,,,,,,,,,,
pdns-auth,all stable public releases,transient3,"secondary: transient deviation, blind to a lasting step",optout,forward,fed.us,pdns-auth[1]@3.3,132,85,no test,no month with at least 30 in the denominator,,,,,,,,,,,,,,,,,,,,,,,
pdns-auth,all stable public releases,step12,primary: departure from the pre-event trend,optout,forward,ee,pdns-auth[1]@3.3,132,85,no test,"the testable window 2021-07..2023-01 is 19 months, fewer than 24",2021-07..2023-01,8,,,,,,,,,,,,,,,,,,,,,
pdns-auth,all stable public releases,transient3,"secondary: transient deviation, blind to a lasting step",optout,forward,ee,pdns-auth[1]@3.3,132,85,tested,,2019-10..2023-10,,49,0.387755,31,19,48,0.28,2019-11,2023-10,-0.016399,1000,-0.03817,-0.011758,83.9,0.322,-0.167418,0.004793,0.157895,0.122474,0.404,False,False
pdns-auth,all stable public releases,step12,primary: departure from the pre-event trend,optout,forward,ch,pdns-auth[1]@3.3,132,85,no test,"the testable window 2022-05..2023-01 is 9 months, fewer than 24",2022-05..2023-01,4,,,,,,,,,,,,,,,,,,,,,
pdns-auth,all stable public releases,transient3,"secondary: transient deviation, blind to a lasting step",optout,forward,ch,pdns-auth[1]@3.3,132,85,tested,,2020-08..2023-10,,39,0.435897,28,17,38,0.19,2020-09,2023-10,0.007314,1000,-0.01163,0.012701,87.3,0.254,-0.079139,0.123627,0,0.106588,1,False,False
pdns-auth,all stable public releases,step12,primary: departure from the pre-event trend,optout,forward,li,pdns-auth[1]@3.3,132,85,no test,"the testable window 2022-05..2023-01 is 9 months, fewer than 24",2022-05..2023-01,4,,,,,,,,,,,,,,,,,,,,,
pdns-auth,all stable public releases,transient3,"secondary: transient deviation, blind to a lasting step",optout,forward,li,pdns-auth[1]@3.3,132,85,tested,,2020-08..2023-10,,39,0.435897,28,17,38,0.994,2020-09,2023-10,-0.012248,1000,-0.025583,0.004009,47.9,0.958,-0.121645,0.102041,0.058824,0.103941,0.923,False,False
pdns-auth,all stable public releases,step12,primary: departure from the pre-event trend,rsa1024,forward,se,pdns-auth[9]@4.0.0,132,85,tested,,2018-06..2023-01,,56,0.375,41,21,55,0,2018-08,2022-12,-3.00182,1000,-5.02043,2.6198,17.8,0.356,-52.0905,45.5221,0.095238,0.110857,0.847,False,False
pdns-auth,all stable public releases,transient3,"secondary: transient deviation, blind to a lasting step",rsa1024,forward,se,pdns-auth[9]@4.0.0,132,85,tested,,2016-09..2023-10,,86,0.372093,56,32,85,0.884,2016-09,2023-10,-0.029513,1000,-0.176788,0.096287,52.3,0.954,-1.72524,1.72626,0.15625,0.114719,0.248,False,False
pdns-auth,all stable public releases,step12,primary: departure from the pre-event trend,rsa1024,forward,nu,pdns-auth[9]@4.0.0,132,85,tested,,2018-06..2023-01,,56,0.375,41,21,55,0,2018-08,2022-12,-1.15863,1000,-3.03583,2.55694,18.4,0.368,-36.3273,29.7613,0.095238,0.107714,0.841,False,False
pdns-auth,all stable public releases,transient3,"secondary: transient deviation, blind to a lasting step",rsa1024,forward,nu,pdns-auth[9]@4.0.0,132,85,tested,,2016-09..2023-10,,86,0.372093,56,32,85,0.736,2016-09,2023-10,0.101813,1000,-0.276461,0.451907,59.9,0.802,-3.20748,3.23791,0.125,0.115812,0.532,False,False
pdns-auth,all stable public releases,step12,primary: departure from the pre-event trend,rsa1024,forward,gov,pdns-auth[9]@4.0.0,132,85,tested,,2019-05..2023-01,,45,0.377778,34,17,44,0.736,2019-06,2022-12,-0.211869,1000,-0.297753,-0.045653,41.6,0.832,-0.899036,0.517249,0.235294,0.126294,0.121,False,False
pdns-auth,all stable public releases,transient3,"secondary: transient deviation, blind to a lasting step",rsa1024,forward,gov,pdns-auth[9]@4.0.0,132,85,tested,,2017-08..2023-10,,75,0.386667,51,29,74,0.148,2017-11,2023-10,-0.102111,1000,-0.108521,0.039062,6.3,0.126,-0.708619,1.08548,0.068966,0.107621,0.944,False,False
pdns-auth,all stable public releases,step12,primary: departure from the pre-event trend,rsa1024,forward,fed.us,pdns-auth[9]@4.0.0,132,85,no test,no month with at least 30 in the denominator,,,,,,,,,,,,,,,,,,,,,,,
pdns-auth,all stable public releases,transient3,"secondary: transient deviation, blind to a lasting step",rsa1024,forward,fed.us,pdns-auth[9]@4.0.0,132,85,no test,no month with at least 30 in the denominator,,,,,,,,,,,,,,,,,,,,,,,
pdns-auth,all stable public releases,step12,primary: departure from the pre-event trend,rsa1024,forward,ee,pdns-auth[9]@4.0.0,132,85,no test,"the testable window 2021-07..2023-01 is 19 months, fewer than 24",2021-07..2023-01,8,,,,,,,,,,,,,,,,,,,,,
pdns-auth,all stable public releases,transient3,"secondary: transient deviation, blind to a lasting step",rsa1024,forward,ee,pdns-auth[9]@4.0.0,132,85,tested,,2019-10..2023-10,,49,0.387755,31,19,48,0.3,2019-11,2023-10,0.102305,1000,-0.184836,0.180312,83.4,0.332,-0.814618,1.38581,0.105263,0.119947,0.707,False,False
pdns-auth,all stable public releases,step12,primary: departure from the pre-event trend,rsa1024,forward,ch,pdns-auth[9]@4.0.0,132,85,no test,"the testable window 2022-05..2023-01 is 9 months, fewer than 24",2022-05..2023-01,4,,,,,,,,,,,,,,,,,,,,,
pdns-auth,all stable public releases,transient3,"secondary: transient deviation, blind to a lasting step",rsa1024,forward,ch,pdns-auth[9]@4.0.0,132,85,tested,,2020-08..2023-10,,39,0.435897,28,17,38,0.584,2020-09,2023-10,-0.022888,1000,-0.072448,0.049812,32,0.64,-0.786496,1.21246,0.176471,0.101471,0.185,False,False
pdns-auth,all stable public releases,step12,primary: departure from the pre-event trend,rsa1024,forward,li,pdns-auth[9]@4.0.0,132,85,no test,"the testable window 2022-05..2023-01 is 9 months, fewer than 24",2022-05..2023-01,4,,,,,,,,,,,,,,,,,,,,,
pdns-auth,all stable public releases,transient3,"secondary: transient deviation, blind to a lasting step",rsa1024,forward,li,pdns-auth[9]@4.0.0,132,85,tested,,2020-08..2023-10,,39,0.435897,28,17,38,0.57,2020-09,2023-10,0.040474,1000,-0.088811,0.151435,68.8,0.624,-1.10661,1.54899,0.117647,0.104412,0.56,False,False
pdns-rec,all stable public releases,step12,primary: departure from the pre-event trend,iter_gt150,forward,se,nsec3-max-iterations-150,171,86,tested,,2018-06..2023-01,,56,0.535714,64,30,55,0.31,2018-08,2023-01,8e-06,1000,-2e-06,1.7e-05,54.6,0.908,-0.000116,0.000103,0.133333,0.107667,0.466,False,False
pdns-rec,all stable public releases,transient3,"secondary: transient deviation, blind to a lasting step",iter_gt150,forward,se,nsec3-max-iterations-150,171,86,tested,,2016-09..2023-10,,86,0.488372,83,42,85,0.676,2016-09,2023-08,0,1000,-4e-06,5e-06,40.1,0.802,-2.3e-05,3.5e-05,0.071429,0.118619,0.99,False,False
pdns-rec,all stable public releases,step12,primary: departure from the pre-event trend,iter_gt150,forward,nu,nsec3-max-iterations-150,171,86,tested,,2018-06..2023-01,,56,0.535714,64,30,55,0.914,2018-08,2023-01,-9.1e-05,1000,-0.000202,-7.9e-05,67.1,0.658,-0.000834,0.000683,0.066667,0.106567,0.985,False,False
pdns-rec,all stable public releases,transient3,"secondary: transient deviation, blind to a lasting step",iter_gt150,forward,nu,nsec3-max-iterations-150,171,86,tested,,2016-09..2023-10,,86,0.488372,83,42,85,0.902,2016-09,2023-08,-2e-06,1000,-9e-06,5e-06,41.3,0.826,-8.3e-05,0.000122,0.119048,0.11869,0.691,False,False
pdns-rec,all stable public releases,step12,primary: departure from the pre-event trend,iter_gt150,forward,gov,nsec3-max-iterations-150,171,86,no test,the value is present in only 5 months of this series (fewer than 12),,,,,,,,,,,,,,,,,,,,,,,
pdns-rec,all stable public releases,transient3,"secondary: transient deviation, blind to a lasting step",iter_gt150,forward,gov,nsec3-max-iterations-150,171,86,no test,the value is present in only 5 months of this series (fewer than 12),,,,,,,,,,,,,,,,,,,,,,,
pdns-rec,all stable public releases,step12,primary: departure from the pre-event trend,iter_gt150,forward,fed.us,nsec3-max-iterations-150,171,86,no test,no month with at least 30 in the denominator,,,,,,,,,,,,,,,,,,,,,,,
pdns-rec,all stable public releases,transient3,"secondary: transient deviation, blind to a lasting step",iter_gt150,forward,fed.us,nsec3-max-iterations-150,171,86,no test,no month with at least 30 in the denominator,,,,,,,,,,,,,,,,,,,,,,,
pdns-rec,all stable public releases,step12,primary: departure from the pre-event trend,iter_gt150,forward,ee,nsec3-max-iterations-150,171,86,no test,"the testable window 2021-07..2023-01 is 19 months, fewer than 24",2021-07..2023-01,11,,,,,,,,,,,,,,,,,,,,,
pdns-rec,all stable public releases,transient3,"secondary: transient deviation, blind to a lasting step",iter_gt150,forward,ee,nsec3-max-iterations-150,171,86,tested,,2019-10..2023-10,,49,0.530612,59,26,48,0.232,2019-11,2023-08,-0.000348,1000,-0.000716,-0.000257,82.3,0.354,-0.002963,0,0.038462,0.062462,0.982,False,False
pdns-rec,all stable public releases,step12,primary: departure from the pre-event trend,iter_gt150,forward,ch,nsec3-max-iterations-150,171,86,no test,"the testable window 2022-05..2023-01 is 9 months, fewer than 24",2022-05..2023-01,7,,,,,,,,,,,,,,,,,,,,,
pdns-rec,all stable public releases,transient3,"secondary: transient deviation, blind to a lasting step",iter_gt150,forward,ch,nsec3-max-iterations-150,171,86,tested,,2020-08..2023-10,,39,0.538462,48,21,38,0.232,2020-09,2023-08,-0.000364,1000,-0.000454,-0.000146,12,0.24,-0.002085,0.000131,0.047619,0.102524,1,False,False
pdns-rec,all stable public releases,step12,primary: departure from the pre-event trend,iter_gt150,forward,li,nsec3-max-iterations-150,171,86,no test,"the testable window 2022-05..2023-01 is 9 months, fewer than 24",2022-05..2023-01,7,,,,,,,,,,,,,,,,,,,,,
pdns-rec,all stable public releases,transient3,"secondary: transient deviation, blind to a lasting step",iter_gt150,forward,li,nsec3-max-iterations-150,171,86,tested,,2020-08..2023-10,,39,0.538462,48,21,38,0.058,2020-09,2023-08,-0.001326,1000,-0.001262,0.000448,1.9,0.038,-0.009796,0.00485,0.142857,0.103286,0.36,True,False
pdns-rec,all stable public releases,step12,primary: departure from the pre-event trend,iter_gt2500,forward,se,nsec3-max-iterations-2500,171,86,no test,the value never appears in this series,,,,,,,,,,,,,,,,,,,,,,,
pdns-rec,all stable public releases,transient3,"secondary: transient deviation, blind to a lasting step",iter_gt2500,forward,se,nsec3-max-iterations-2500,171,86,no test,the value never appears in this series,,,,,,,,,,,,,,,,,,,,,,,
pdns-rec,all stable public releases,step12,primary: departure from the pre-event trend,iter_gt2500,forward,nu,nsec3-max-iterations-2500,171,86,no test,the value never appears in this series,,,,,,,,,,,,,,,,,,,,,,,
pdns-rec,all stable public releases,transient3,"secondary: transient deviation, blind to a lasting step",iter_gt2500,forward,nu,nsec3-max-iterations-2500,171,86,no test,the value never appears in this series,,,,,,,,,,,,,,,,,,,,,,,
pdns-rec,all stable public releases,step12,primary: departure from the pre-event trend,iter_gt2500,forward,gov,nsec3-max-iterations-2500,171,86,no test,the value never appears in this series,,,,,,,,,,,,,,,,,,,,,,,
pdns-rec,all stable public releases,transient3,"secondary: transient deviation, blind to a lasting step",iter_gt2500,forward,gov,nsec3-max-iterations-2500,171,86,no test,the value never appears in this series,,,,,,,,,,,,,,,,,,,,,,,
pdns-rec,all stable public releases,step12,primary: departure from the pre-event trend,iter_gt2500,forward,fed.us,nsec3-max-iterations-2500,171,86,no test,no month with at least 30 in the denominator,,,,,,,,,,,,,,,,,,,,,,,
pdns-rec,all stable public releases,transient3,"secondary: transient deviation, blind to a lasting step",iter_gt2500,forward,fed.us,nsec3-max-iterations-2500,171,86,no test,no month with at least 30 in the denominator,,,,,,,,,,,,,,,,,,,,,,,
pdns-rec,all stable public releases,step12,primary: departure from the pre-event trend,iter_gt2500,forward,ee,nsec3-max-iterations-2500,171,86,no test,the value never appears in this series,,,,,,,,,,,,,,,,,,,,,,,
pdns-rec,all stable public releases,transient3,"secondary: transient deviation, blind to a lasting step",iter_gt2500,forward,ee,nsec3-max-iterations-2500,171,86,no test,the value never appears in this series,,,,,,,,,,,,,,,,,,,,,,,
pdns-rec,all stable public releases,step12,primary: departure from the pre-event trend,iter_gt2500,forward,ch,nsec3-max-iterations-2500,171,86,no test,the value never appears in this series,,,,,,,,,,,,,,,,,,,,,,,
pdns-rec,all stable public releases,transient3,"secondary: transient deviation, blind to a lasting step",iter_gt2500,forward,ch,nsec3-max-iterations-2500,171,86,no test,the value never appears in this series,,,,,,,,,,,,,,,,,,,,,,,
pdns-rec,all stable public releases,step12,primary: departure from the pre-event trend,iter_gt2500,forward,li,nsec3-max-iterations-2500,171,86,no test,the value never appears in this series,,,,,,,,,,,,,,,,,,,,,,,
pdns-rec,all stable public releases,transient3,"secondary: transient deviation, blind to a lasting step",iter_gt2500,forward,li,nsec3-max-iterations-2500,171,86,no test,the value never appears in this series,,,,,,,,,,,,,,,,,,,,,,,
pdns-rec,all stable public releases,step12,primary: departure from the pre-event trend,iter_gt50,forward,se,nsec3-max-iterations-50,171,86,tested,,2018-06..2023-01,,56,0.535714,64,30,55,0.546,2018-08,2023-01,-0.006169,1000,-0.016496,-0.005681,91.8,0.164,-0.084788,0.060576,0.133333,0.108333,0.376,False,False
pdns-rec,all stable public releases,transient3,"secondary: transient deviation, blind to a lasting step",iter_gt50,forward,se,nsec3-max-iterations-50,171,86,tested,,2016-09..2023-10,,86,0.488372,83,42,85,0.964,2016-09,2023-08,0.000319,1000,-9.8e-05,0.000617,50,1,-0.00263,0.004822,0.095238,0.116905,0.861,False,False
pdns-rec,all stable public releases,step12,primary: departure from the pre-event trend,iter_gt50,forward,nu,nsec3-max-iterations-50,171,86,tested,,2018-06..2023-01,,56,0.535714,64,30,55,0.61,2018-08,2023-01,0.017007,1000,-0.560383,0.06265,89.9,0.202,-4.6058,3.87847,0.133333,0.108033,0.374,False,False
pdns-rec,all stable public releases,transient3,"secondary: transient deviation, blind to a lasting step",iter_gt50,forward,nu,nsec3-max-iterations-50,171,86,tested,,2016-09..2023-10,,86,0.488372,83,42,85,1,2016-09,2023-08,-0.004181,1000,-0.025751,0.038787,53.2,0.936,-0.250025,0.277414,0.142857,0.115476,0.325,False,False
pdns-rec,all stable public releases,step12,primary: departure from the pre-event trend,iter_gt50,forward,gov,nsec3-max-iterations-50,171,86,tested,,2019-05..2023-01,,45,0.577778,54,26,44,0.51,2019-05,2023-01,-0.020248,1000,-0.044646,0.013947,33.1,0.662,-0.213951,0.269563,0.192308,0.135577,0.201,False,False
pdns-rec,all stable public releases,transient3,"secondary: transient deviation, blind to a lasting step",iter_gt50,forward,gov,nsec3-max-iterations-50,171,86,tested,,2017-08..2023-10,,75,0.506667,78,38,74,0.25,2017-11,2023-08,-0.028751,1000,-0.031557,0.019016,10.6,0.212,-0.252599,0.269922,0.105263,0.107921,0.693,False,False
pdns-rec,all stable public releases,step12,primary: departure from the pre-event trend,iter_gt50,forward,fed.us,nsec3-max-iterations-50,171,86,no test,no month with at least 30 in the denominator,,,,,,,,,,,,,,,,,,,,,,,
pdns-rec,all stable public releases,transient3,"secondary: transient deviation, blind to a lasting step",iter_gt50,forward,fed.us,nsec3-max-iterations-50,171,86,no test,no month with at least 30 in the denominator,,,,,,,,,,,,,,,,,,,,,,,
pdns-rec,all stable public releases,step12,primary: departure from the pre-event trend,iter_gt50,forward,ee,nsec3-max-iterations-50,171,86,no test,"the testable window 2021-07..2023-01 is 19 months, fewer than 24",2021-07..2023-01,11,,,,,,,,,,,,,,,,,,,,,
pdns-rec,all stable public releases,transient3,"secondary: transient deviation, blind to a lasting step",iter_gt50,forward,ee,nsec3-max-iterations-50,171,86,tested,,2019-10..2023-10,,49,0.530612,59,26,48,0.398,2019-11,2023-08,-0.000432,1000,-0.001831,-8.6e-05,73.9,0.522,-0.007655,0.004072,0.115385,0.121615,0.716,False,False
pdns-rec,all stable public releases,step12,primary: departure from the pre-event trend,iter_gt50,forward,ch,nsec3-max-iterations-50,171,86,no test,"the testable window 2022-05..2023-01 is 9 months, fewer than 24",2022-05..2023-01,7,,,,,,,,,,,,,,,,,,,,,
pdns-rec,all stable public releases,transient3,"secondary: transient deviation, blind to a lasting step",iter_gt50,forward,ch,nsec3-max-iterations-50,171,86,tested,,2020-08..2023-10,,39,0.538462,48,21,38,0.798,2020-09,2023-08,-0.000806,1000,-0.010721,0.014302,34.4,0.688,-0.112897,0.097417,0.142857,0.101619,0.386,False,False
pdns-rec,all stable public releases,step12,primary: departure from the pre-event trend,iter_gt50,forward,li,nsec3-max-iterations-50,171,86,no test,"the testable window 2022-05..2023-01 is 9 months, fewer than 24",2022-05..2023-01,7,,,,,,,,,,,,,,,,,,,,,
pdns-rec,all stable public releases,transient3,"secondary: transient deviation, blind to a lasting step",iter_gt50,forward,li,nsec3-max-iterations-50,171,86,tested,,2020-08..2023-10,,39,0.538462,48,21,38,0.586,2020-09,2023-08,-0.003629,1000,-0.023939,0.072713,26.4,0.528,-0.304822,0.312896,0.095238,0.102286,0.755,False,False
unbound,all stable public releases,step12,primary: departure from the pre-event trend,iter_gt150,forward,se,unbound[1]@0.5;unbound[20]@1.13.2,120,102,tested,,2018-06..2023-01,,56,0.482143,28,27,55,0,2018-06,2023-01,2.5e-05,1000,-9e-06,2.8e-05,88,0.24,-0.000116,0.000103,0.074074,0.107111,0.913,False,False
unbound,all stable public releases,transient3,"secondary: transient deviation, blind to a lasting step",iter_gt150,forward,se,unbound[1]@0.5;unbound[20]@1.13.2,120,102,tested,,2016-09..2023-10,,86,0.430233,41,37,85,0.8,2016-09,2023-08,2e-06,1000,-3e-06,7e-06,60,0.8,-2.3e-05,3.5e-05,0.135135,0.116243,0.444,False,False
unbound,all stable public releases,step12,primary: departure from the pre-event trend,iter_gt150,forward,nu,unbound[1]@0.5;unbound[20]@1.13.2,120,102,tested,,2018-06..2023-01,,56,0.482143,28,27,55,0,2018-06,2023-01,-1.1e-05,1000,-0.000264,-1.5e-05,100,0,-0.000834,0.000683,0.148148,0.105333,0.29,True,False
unbound,all stable public releases,transient3,"secondary: transient deviation, blind to a lasting step",iter_gt150,forward,nu,unbound[1]@0.5;unbound[20]@1.13.2,120,102,tested,,2016-09..2023-10,,86,0.430233,41,37,85,0.322,2016-09,2023-08,6e-06,1000,-1e-05,8e-06,86.1,0.278,-8.3e-05,0.000122,0.135135,0.115243,0.438,False,False
unbound,all stable public releases,step12,primary: departure from the pre-event trend,iter_gt150,forward,gov,unbound[1]@0.5;unbound[20]@1.13.2,120,102,no test,the value is present in only 5 months of this series (fewer than 12),,,,,,,,,,,,,,,,,,,,,,,
unbound,all stable public releases,transient3,"secondary: transient deviation, blind to a lasting step",iter_gt150,forward,gov,unbound[1]@0.5;unbound[20]@1.13.2,120,102,no test,the value is present in only 5 months of this series (fewer than 12),,,,,,,,,,,,,,,,,,,,,,,
unbound,all stable public releases,step12,primary: departure from the pre-event trend,iter_gt150,forward,fed.us,unbound[1]@0.5;unbound[20]@1.13.2,120,102,no test,no month with at least 30 in the denominator,,,,,,,,,,,,,,,,,,,,,,,
unbound,all stable public releases,transient3,"secondary: transient deviation, blind to a lasting step",iter_gt150,forward,fed.us,unbound[1]@0.5;unbound[20]@1.13.2,120,102,no test,no month with at least 30 in the denominator,,,,,,,,,,,,,,,,,,,,,,,
unbound,all stable public releases,step12,primary: departure from the pre-event trend,iter_gt150,forward,ee,unbound[1]@0.5;unbound[20]@1.13.2,120,102,no test,"the testable window 2021-07..2023-01 is 19 months, fewer than 24",2021-07..2023-01,9,,,,,,,,,,,,,,,,,,,,,
unbound,all stable public releases,transient3,"secondary: transient deviation, blind to a lasting step",iter_gt150,forward,ee,unbound[1]@0.5;unbound[20]@1.13.2,120,102,tested,,2019-10..2023-10,,49,0.387755,19,19,48,0.044,2019-10,2023-08,-0.000877,1000,-0.000777,-0.000167,2.2,0.044,-0.002963,0,0.157895,0.059421,0.038,True,True
unbound,all stable public releases,step12,primary: departure from the pre-event trend,iter_gt150,forward,ch,unbound[1]@0.5;unbound[20]@1.13.2,120,102,no test,"the testable window 2022-05..2023-01 is 9 months, fewer than 24",2022-05..2023-01,6,,,,,,,,,,,,,,,,,,,,,
unbound,all stable public releases,transient3,"secondary: transient deviation, blind to a lasting step",iter_gt150,forward,ch,unbound[1]@0.5;unbound[20]@1.13.2,120,102,tested,,2020-08..2023-10,,39,0.333333,13,13,38,0,2020-10,2023-08,3.5e-05,1000,-0.000517,-5.1e-05,97.6,0.048,-0.002085,0.000131,0.076923,0.103769,0.845,True,False
unbound,all stable public releases,step12,primary: departure from the pre-event trend,iter_gt150,forward,li,unbound[1]@0.5;unbound[20]@1.13.2,120,102,no test,"the testable window 2022-05..2023-01 is 9 months, fewer than 24",2022-05..2023-01,6,,,,,,,,,,,,,,,,,,,,,
unbound,all stable public releases,transient3,"secondary: transient deviation, blind to a lasting step",iter_gt150,forward,li,unbound[1]@0.5;unbound[20]@1.13.2,120,102,tested,,2020-08..2023-10,,39,0.333333,13,13,38,0.586,2020-10,2023-08,0.00016,1000,-0.001943,0.000677,74.4,0.512,-0.009796,0.00485,0,0.107385,1,False,False
bind9,x.y.0 feature releases,step12,primary: departure from the pre-event trend,alg1,forward,se,d08-rsamd5-removed,17,17,tested,,2018-06..2023-01,,56,0.053571,3,3,55,0.502,2019-03,2022-01,3e-06,1000,-1e-05,3e-05,27.5,0.55,-2.9e-05,5e-05,0,0.113,1,False,False
bind9,x.y.0 feature releases,transient3,"secondary: transient deviation, blind to a lasting step",alg1,forward,se,d08-rsamd5-removed,17,17,tested,,2016-09..2023-10,,86,0.05814,5,5,85,0.67,2016-09,2022-01,-5e-06,1000,-2.8e-05,1.3e-05,36.4,0.728,-3.9e-05,2.2e-05,0.4,0.1086,0.069,False,True
bind9,x.y.0 feature releases,step12,primary: departure from the pre-event trend,alg1,forward,nu,d08-rsamd5-removed,17,17,no test,the value is present in only 3 months of this series (fewer than 12),,,,,,,,,,,,,,,,,,,,,,,
bind9,x.y.0 feature releases,transient3,"secondary: transient deviation, blind to a lasting step",alg1,forward,nu,d08-rsamd5-removed,17,17,no test,the value is present in only 3 months of this series (fewer than 12),,,,,,,,,,,,,,,,,,,,,,,
bind9,x.y.0 feature releases,step12,primary: departure from the pre-event trend,alg1,forward,gov,d08-rsamd5-removed,17,17,no test,the value never appears in this series,,,,,,,,,,,,,,,,,,,,,,,
bind9,x.y.0 feature releases,transient3,"secondary: transient deviation, blind to a lasting step",alg1,forward,gov,d08-rsamd5-removed,17,17,no test,the value never appears in this series,,,,,,,,,,,,,,,,,,,,,,,
bind9,x.y.0 feature releases,step12,primary: departure from the pre-event trend,alg1,forward,fed.us,d08-rsamd5-removed,17,17,no test,no month with at least 30 in the denominator,,,,,,,,,,,,,,,,,,,,,,,
bind9,x.y.0 feature releases,transient3,"secondary: transient deviation, blind to a lasting step",alg1,forward,fed.us,d08-rsamd5-removed,17,17,no test,no month with at least 30 in the denominator,,,,,,,,,,,,,,,,,,,,,,,
bind9,x.y.0 feature releases,step12,primary: departure from the pre-event trend,alg1,forward,ee,d08-rsamd5-removed,17,17,no test,the value is present in only 2 months of this series (fewer than 12),,,,,,,,,,,,,,,,,,,,,,,
bind9,x.y.0 feature releases,transient3,"secondary: transient deviation, blind to a lasting step",alg1,forward,ee,d08-rsamd5-removed,17,17,no test,the value is present in only 2 months of this series (fewer than 12),,,,,,,,,,,,,,,,,,,,,,,
bind9,x.y.0 feature releases,step12,primary: departure from the pre-event trend,alg1,forward,ch,d08-rsamd5-removed,17,17,no test,the value never appears in this series,,,,,,,,,,,,,,,,,,,,,,,
bind9,x.y.0 feature releases,transient3,"secondary: transient deviation, blind to a lasting step",alg1,forward,ch,d08-rsamd5-removed,17,17,no test,the value never appears in this series,,,,,,,,,,,,,,,,,,,,,,,
bind9,x.y.0 feature releases,step12,primary: departure from the pre-event trend,alg1,forward,li,d08-rsamd5-removed,17,17,no test,the value never appears in this series,,,,,,,,,,,,,,,,,,,,,,,
bind9,x.y.0 feature releases,transient3,"secondary: transient deviation, blind to a lasting step",alg1,forward,li,d08-rsamd5-removed,17,17,no test,the value never appears in this series,,,,,,,,,,,,,,,,,,,,,,,
bind9,x.y.0 feature releases,step12,primary: departure from the pre-event trend,alg1,reverse_panel,_pooled-afrinic-arin,d08-rsamd5-removed,17,17,no test,the value never appears in this series,,,,,,,,,,,,,,,,,,,,,,,
bind9,x.y.0 feature releases,transient3,"secondary: transient deviation, blind to a lasting step",alg1,reverse_panel,_pooled-afrinic-arin,d08-rsamd5-removed,17,17,no test,the value never appears in this series,,,,,,,,,,,,,,,,,,,,,,,
bind9,x.y.0 feature releases,step12,primary: departure from the pre-event trend,alg12,forward,se,d09-gost-removed,17,17,no test,the value never appears in this series,,,,,,,,,,,,,,,,,,,,,,,
bind9,x.y.0 feature releases,transient3,"secondary: transient deviation, blind to a lasting step",alg12,forward,se,d09-gost-removed,17,17,no test,the value never appears in this series,,,,,,,,,,,,,,,,,,,,,,,
bind9,x.y.0 feature releases,step12,primary: departure from the pre-event trend,alg12,forward,nu,d09-gost-removed,17,17,no test,the value never appears in this series,,,,,,,,,,,,,,,,,,,,,,,
bind9,x.y.0 feature releases,transient3,"secondary: transient deviation, blind to a lasting step",alg12,forward,nu,d09-gost-removed,17,17,no test,the value never appears in this series,,,,,,,,,,,,,,,,,,,,,,,
bind9,x.y.0 feature releases,step12,primary: departure from the pre-event trend,alg12,forward,gov,d09-gost-removed,17,17,no test,the value never appears in this series,,,,,,,,,,,,,,,,,,,,,,,
bind9,x.y.0 feature releases,transient3,"secondary: transient deviation, blind to a lasting step",alg12,forward,gov,d09-gost-removed,17,17,no test,the value never appears in this series,,,,,,,,,,,,,,,,,,,,,,,
bind9,x.y.0 feature releases,step12,primary: departure from the pre-event trend,alg12,forward,fed.us,d09-gost-removed,17,17,no test,no month with at least 30 in the denominator,,,,,,,,,,,,,,,,,,,,,,,
bind9,x.y.0 feature releases,transient3,"secondary: transient deviation, blind to a lasting step",alg12,forward,fed.us,d09-gost-removed,17,17,no test,no month with at least 30 in the denominator,,,,,,,,,,,,,,,,,,,,,,,
bind9,x.y.0 feature releases,step12,primary: departure from the pre-event trend,alg12,forward,ee,d09-gost-removed,17,17,no test,the value never appears in this series,,,,,,,,,,,,,,,,,,,,,,,
bind9,x.y.0 feature releases,transient3,"secondary: transient deviation, blind to a lasting step",alg12,forward,ee,d09-gost-removed,17,17,no test,the value never appears in this series,,,,,,,,,,,,,,,,,,,,,,,
bind9,x.y.0 feature releases,step12,primary: departure from the pre-event trend,alg12,forward,ch,d09-gost-removed,17,17,no test,the value never appears in this series,,,,,,,,,,,,,,,,,,,,,,,
bind9,x.y.0 feature releases,transient3,"secondary: transient deviation, blind to a lasting step",alg12,forward,ch,d09-gost-removed,17,17,no test,the value never appears in this series,,,,,,,,,,,,,,,,,,,,,,,
bind9,x.y.0 feature releases,step12,primary: departure from the pre-event trend,alg12,forward,li,d09-gost-removed,17,17,no test,the value never appears in this series,,,,,,,,,,,,,,,,,,,,,,,
bind9,x.y.0 feature releases,transient3,"secondary: transient deviation, blind to a lasting step",alg12,forward,li,d09-gost-removed,17,17,no test,the value never appears in this series,,,,,,,,,,,,,,,,,,,,,,,
bind9,x.y.0 feature releases,step12,primary: departure from the pre-event trend,alg12,reverse_panel,_pooled-afrinic-arin,d09-gost-removed,17,17,no test,the value never appears in this series,,,,,,,,,,,,,,,,,,,,,,,
bind9,x.y.0 feature releases,transient3,"secondary: transient deviation, blind to a lasting step",alg12,reverse_panel,_pooled-afrinic-arin,d09-gost-removed,17,17,no test,the value never appears in this series,,,,,,,,,,,,,,,,,,,,,,,
bind9,x.y.0 feature releases,step12,primary: departure from the pre-event trend,alg13,forward,se,d15-dnssec-policy-default-ecdsap256,17,17,tested,,2018-06..2023-01,,56,0.053571,3,3,55,0.66,2019-03,2022-01,5.40673,1000,-12.5466,10.7641,72.2,0.556,-30.8117,32.2481,0.333333,0.096667,0.29,False,False
bind9,x.y.0 feature releases,transient3,"secondary: transient deviation, blind to a lasting step",alg13,forward,se,d15-dnssec-policy-default-ecdsap256,17,17,tested,,2016-09..2023-10,,86,0.05814,5,5,85,0.956,2016-09,2022-01,0.133725,1000,-0.335536,0.583115,54,0.92,-0.954088,1.39876,0,0.1182,1,False,False
bind9,x.y.0 feature releases,step12,primary: departure from the pre-event trend,alg13,forward,nu,d15-dnssec-policy-default-ecdsap256,17,17,tested,,2018-06..2023-01,,56,0.053571,3,3,55,0.312,2019-03,2022-01,4.50181,1000,-6.03199,7.47743,77.4,0.452,-14.9348,20.239,0.333333,0.108667,0.326,False,False
bind9,x.y.0 feature releases,transient3,"secondary: transient deviation, blind to a lasting step",alg13,forward,nu,d15-dnssec-policy-default-ecdsap256,17,17,tested,,2016-09..2023-10,,86,0.05814,5,5,85,0.994,2016-09,2022-01,0.067654,1000,-0.117836,0.297787,51.4,0.972,-0.415373,0.617334,0,0.1184,1,False,False
bind9,x.y.0 feature releases,step12,primary: departure from the pre-event trend,alg13,forward,gov,d15-dnssec-policy-default-ecdsap256,17,17,tested,,2019-05..2023-01,,45,0.044444,2,2,44,0,2020-02,2022-01,3.87864,1000,-0.480525,3.94452,90.2,0.196,-2.80502,5.35084,0.5,0.127,0.254,False,False
bind9,x.y.0 feature releases,transient3,"secondary: transient deviation, blind to a lasting step",alg13,forward,gov,d15-dnssec-policy-default-ecdsap256,17,17,tested,,2017-08..2023-10,,75,0.053333,4,4,74,0.028,2018-01,2022-01,-0.450408,1000,-0.323304,1.41354,1.2,0.024,-0.872321,2.51057,0.25,0.109,0.366,True,False
bind9,x.y.0 feature releases,step12,primary: departure from the pre-event trend,alg13,forward,fed.us,d15-dnssec-policy-default-ecdsap256,17,17,no test,no month with at least 30 in the denominator,,,,,,,,,,,,,,,,,,,,,,,
bind9,x.y.0 feature releases,transient3,"secondary: transient deviation, blind to a lasting step",alg13,forward,fed.us,d15-dnssec-policy-default-ecdsap256,17,17,no test,no month with at least 30 in the denominator,,,,,,,,,,,,,,,,,,,,,,,
bind9,x.y.0 feature releases,step12,primary: departure from the pre-event trend,alg13,forward,ee,d15-dnssec-policy-default-ecdsap256,17,17,no test,"the testable window 2021-07..2023-01 is 19 months, fewer than 24",2021-07..2023-01,1,,,,,,,,,,,,,,,,,,,,,
bind9,x.y.0 feature releases,transient3,"secondary: transient deviation, blind to a lasting step",alg13,forward,ee,d15-dnssec-policy-default-ecdsap256,17,17,tested,,2019-10..2023-10,,49,0.040816,2,2,48,0.252,2020-02,2022-01,1.29107,1000,-0.107468,2.60579,81.75,0.384,-0.175752,3.54768,0,0.1265,1,False,False
bind9,x.y.0 feature releases,step12,primary: departure from the pre-event trend,alg13,forward,ch,d15-dnssec-policy-default-ecdsap256,17,17,no test,"the testable window 2022-05..2023-01 is 9 months, fewer than 24",2022-05..2023-01,0,,,,,,,,,,,,,,,,,,,,,
bind9,x.y.0 feature releases,transient3,"secondary: transient deviation, blind to a lasting step",alg13,forward,ch,d15-dnssec-policy-default-ecdsap256,17,17,tested,,2020-08..2023-10,,39,0.025641,1,1,38,0,2022-01,2022-01,-6.20175,1000,-2.73647,5.47337,2.5,0.05,-4.18628,3.4531,1,0.088,0.088,True,True
bind9,x.y.0 feature releases,step12,primary: departure from the pre-event trend,alg13,forward,li,d15-dnssec-policy-default-ecdsap256,17,17,no test,"the testable window 2022-05..2023-01 is 9 months, fewer than 24",2022-05..2023-01,0,,,,,,,,,,,,,,,,,,,,,
bind9,x.y.0 feature releases,transient3,"secondary: transient deviation, blind to a lasting step",alg13,forward,li,d15-dnssec-policy-default-ecdsap256,17,17,tested,,2020-08..2023-10,,39,0.025641,1,1,38,0,2022-01,2022-01,-5.21642,1000,-3.4766,3.72888,0,0,-3.58601,3.49412,1,0.077,0.077,True,True
bind9,x.y.0 feature releases,step12,primary: departure from the pre-event trend,alg13,reverse_panel,_pooled-afrinic-arin,d15-dnssec-policy-default-ecdsap256,17,17,tested,,2013-04..2025-08,,149,0.04698,7,7,148,0.138,2014-04,2024-07,1.27474,1000,-0.546129,1.42342,88.7,0.226,-5.69458,8.79535,0.142857,0.104571,0.634,False,False
bind9,x.y.0 feature releases,transient3,"secondary: transient deviation, blind to a lasting step",alg13,reverse_panel,_pooled-afrinic-arin,d15-dnssec-policy-default-ecdsap256,17,17,tested,,2011-07..2026-05,,179,0.044693,8,8,178,0.91,2012-02,2024-07,0.061403,1000,-0.154477,0.194321,54.2,0.916,-0.198068,0.674946,0,0.101375,1,False,False
bind9,x.y.0 feature releases,step12,primary: departure from the pre-event trend,alg3_6,forward,se,d10-dsa-removed,17,17,tested,,2018-06..2023-01,,56,0.053571,3,3,55,0.11,2019-03,2022-01,8e-06,1000,-3.6e-05,8.1e-05,30.4,0.608,-0.000114,0.000184,0,0.11,1,False,False
bind9,x.y.0 feature releases,transient3,"secondary: transient deviation, blind to a lasting step",alg3_6,forward,se,d10-dsa-removed,17,17,tested,,2016-09..2023-10,,86,0.05814,5,5,85,0.158,2016-09,2022-01,-2.1e-05,1000,-2.2e-05,6e-06,7.7,0.154,-7.9e-05,8e-06,0.2,0.1118,0.479,False,False
bind9,x.y.0 feature releases,step12,primary: departure from the pre-event trend,alg3_6,forward,nu,d10-dsa-removed,17,17,no test,the value never appears in this series,,,,,,,,,,,,,,,,,,,,,,,
bind9,x.y.0 feature releases,transient3,"secondary: transient deviation, blind to a lasting step",alg3_6,forward,nu,d10-dsa-removed,17,17,no test,the value never appears in this series,,,,,,,,,,,,,,,,,,,,,,,
bind9,x.y.0 feature releases,step12,primary: departure from the pre-event trend,alg3_6,forward,gov,d10-dsa-removed,17,17,no test,the value never appears in this series,,,,,,,,,,,,,,,,,,,,,,,
bind9,x.y.0 feature releases,transient3,"secondary: transient deviation, blind to a lasting step",alg3_6,forward,gov,d10-dsa-removed,17,17,no test,the value never appears in this series,,,,,,,,,,,,,,,,,,,,,,,
bind9,x.y.0 feature releases,step12,primary: departure from the pre-event trend,alg3_6,forward,fed.us,d10-dsa-removed,17,17,no test,no month with at least 30 in the denominator,,,,,,,,,,,,,,,,,,,,,,,
bind9,x.y.0 feature releases,transient3,"secondary: transient deviation, blind to a lasting step",alg3_6,forward,fed.us,d10-dsa-removed,17,17,no test,no month with at least 30 in the denominator,,,,,,,,,,,,,,,,,,,,,,,
bind9,x.y.0 feature releases,step12,primary: departure from the pre-event trend,alg3_6,forward,ee,d10-dsa-removed,17,17,no test,the value never appears in this series,,,,,,,,,,,,,,,,,,,,,,,
bind9,x.y.0 feature releases,transient3,"secondary: transient deviation, blind to a lasting step",alg3_6,forward,ee,d10-dsa-removed,17,17,no test,the value never appears in this series,,,,,,,,,,,,,,,,,,,,,,,
bind9,x.y.0 feature releases,step12,primary: departure from the pre-event trend,alg3_6,forward,ch,d10-dsa-removed,17,17,no test,"the testable window 2022-05..2023-01 is 9 months, fewer than 24",2022-05..2023-01,0,,,,,,,,,,,,,,,,,,,,,
bind9,x.y.0 feature releases,transient3,"secondary: transient deviation, blind to a lasting step",alg3_6,forward,ch,d10-dsa-removed,17,17,tested,,2020-08..2023-10,,39,0.025641,1,1,38,0.736,2022-01,2022-01,-2.2e-05,1000,-0.000474,0.000597,39.7,0.794,-0.00048,0.000575,0,0.102,1,False,False
bind9,x.y.0 feature releases,step12,primary: departure from the pre-event trend,alg3_6,forward,li,d10-dsa-removed,17,17,no test,the value never appears in this series,,,,,,,,,,,,,,,,,,,,,,,
bind9,x.y.0 feature releases,transient3,"secondary: transient deviation, blind to a lasting step",alg3_6,forward,li,d10-dsa-removed,17,17,no test,the value never appears in this series,,,,,,,,,,,,,,,,,,,,,,,
bind9,x.y.0 feature releases,step12,primary: departure from the pre-event trend,alg3_6,reverse_panel,_pooled-afrinic-arin,d10-dsa-removed,17,17,no test,the value never appears in this series,,,,,,,,,,,,,,,,,,,,,,,
bind9,x.y.0 feature releases,transient3,"secondary: transient deviation, blind to a lasting step",alg3_6,reverse_panel,_pooled-afrinic-arin,d10-dsa-removed,17,17,no test,the value never appears in this series,,,,,,,,,,,,,,,,,,,,,,,
bind9,x.y.0 feature releases,step12,primary: departure from the pre-event trend,alg5,forward,se,d02-keygen-default-alg-rsasha1;d06-keygen-no-default-alg,17,17,tested,,2018-06..2023-01,,56,0.053571,3,3,55,0.886,2019-03,2022-01,0.013742,1000,-0.014401,0.046956,43.8,0.876,-0.040045,0.125634,0.333333,0.103,0.309,False,False
bind9,x.y.0 feature releases,transient3,"secondary: transient deviation, blind to a lasting step",alg5,forward,se,d02-keygen-default-alg-rsasha1;d06-keygen-no-default-alg,17,17,tested,,2016-09..2023-10,,86,0.05814,5,5,85,0.556,2016-09,2022-01,-0.005973,1000,-0.009956,0.005416,29.4,0.588,-0.024086,0.019325,0,0.1102,1,False,False
bind9,x.y.0 feature releases,step12,primary: departure from the pre-event trend,alg5,forward,nu,d02-keygen-default-alg-rsasha1;d06-keygen-no-default-alg,17,17,tested,,2018-06..2023-01,,56,0.053571,3,3,55,0.328,2019-03,2022-01,-0.009144,1000,-0.015629,0.029312,19.2,0.384,-0.038421,0.073178,0.333333,0.099667,0.299,False,False
bind9,x.y.0 feature releases,transient3,"secondary: transient deviation, blind to a lasting step",alg5,forward,nu,d02-keygen-default-alg-rsasha1;d06-keygen-no-default-alg,17,17,tested,,2016-09..2023-10,,86,0.05814,5,5,85,0.094,2016-09,2022-01,-0.006221,1000,-0.006742,0.003727,5.2,0.104,-0.013521,0.011706,0.2,0.1202,0.489,False,False
bind9,x.y.0 feature releases,step12,primary: departure from the pre-event trend,alg5,forward,gov,d02-keygen-default-alg-rsasha1;d06-keygen-no-default-alg,17,17,tested,,2019-05..2023-01,,45,0.044444,2,2,44,0,2020-02,2022-01,-0.877265,1000,-0.925713,0.062803,7.1,0.142,-1.35763,0.304249,0.5,0.1195,0.239,False,False
bind9,x.y.0 feature releases,transient3,"secondary: transient deviation, blind to a lasting step",alg5,forward,gov,d02-keygen-default-alg-rsasha1;d06-keygen-no-default-alg,17,17,tested,,2017-08..2023-10,,75,0.053333,4,4,74,0.064,2018-01,2022-01,0.196036,1000,-0.182118,0.203881,94.7,0.106,-0.566271,0.485542,0.25,0.109,0.402,False,False
bind9,x.y.0 feature releases,step12,primary: departure from the pre-event trend,alg5,forward,fed.us,d02-keygen-default-alg-rsasha1;d06-keygen-no-default-alg,17,17,no test,no month with at least 30 in the denominator,,,,,,,,,,,,,,,,,,,,,,,
bind9,x.y.0 feature releases,transient3,"secondary: transient deviation, blind to a lasting step",alg5,forward,fed.us,d02-keygen-default-alg-rsasha1;d06-keygen-no-default-alg,17,17,no test,no month with at least 30 in the denominator,,,,,,,,,,,,,,,,,,,,,,,
bind9,x.y.0 feature releases,step12,primary: departure from the pre-event trend,alg5,forward,ee,d02-keygen-default-alg-rsasha1;d06-keygen-no-default-alg,17,17,no test,"the testable window 2021-07..2023-01 is 19 months, fewer than 24",2021-07..2023-01,1,,,,,,,,,,,,,,,,,,,,,
bind9,x.y.0 feature releases,transient3,"secondary: transient deviation, blind to a lasting step",alg5,forward,ee,d02-keygen-default-alg-rsasha1;d06-keygen-no-default-alg,17,17,tested,,2019-10..2023-10,,49,0.040816,2,2,48,0.3,2020-02,2022-01,-0.025576,1000,-0.050936,-4.9e-05,17.9,0.378,-0.075831,0,0,0.1,1,False,False
bind9,x.y.0 feature releases,step12,primary: departure from the pre-event trend,alg5,forward,ch,d02-keygen-default-alg-rsasha1;d06-keygen-no-default-alg,17,17,no test,"the testable window 2022-05..2023-01 is 9 months, fewer than 24",2022-05..2023-01,0,,,,,,,,,,,,,,,,,,,,,
bind9,x.y.0 feature releases,transient3,"secondary: transient deviation, blind to a lasting step",alg5,forward,ch,d02-keygen-default-alg-rsasha1;d06-keygen-no-default-alg,17,17,tested,,2020-08..2023-10,,39,0.025641,1,1,38,0.884,2022-01,2022-01,-0.000403,1000,-0.009846,0.001583,48.6,0.994,-0.00942,0.001609,0,0.091,1,False,False
bind9,x.y.0 feature releases,step12,primary: departure from the pre-event trend,alg5,forward,li,d02-keygen-default-alg-rsasha1;d06-keygen-no-default-alg,17,17,no test,"the testable window 2022-05..2023-01 is 9 months, fewer than 24",2022-05..2023-01,0,,,,,,,,,,,,,,,,,,,,,
bind9,x.y.0 feature releases,transient3,"secondary: transient deviation, blind to a lasting step",alg5,forward,li,d02-keygen-default-alg-rsasha1;d06-keygen-no-default-alg,17,17,tested,,2020-08..2023-10,,39,0.025641,1,1,38,0.722,2022-01,2022-01,0,1000,-0.07059,0.015895,68.7,0.884,-0.064389,0.014133,0,0.115,1,False,False
bind9,x.y.0 feature releases,step12,primary: departure from the pre-event trend,alg5,reverse_panel,_pooled-afrinic-arin,d02-keygen-default-alg-rsasha1;d06-keygen-no-default-alg,17,17,tested,,2013-04..2025-08,,149,0.04698,7,7,148,0.388,2014-04,2024-07,0.023114,1000,-0.941551,3.0721,20.7,0.414,-3.38609,12.7517,0.142857,0.106429,0.597,False,False
bind9,x.y.0 feature releases,transient3,"secondary: transient deviation, blind to a lasting step",alg5,reverse_panel,_pooled-afrinic-arin,d02-keygen-default-alg-rsasha1;d06-keygen-no-default-alg,17,17,tested,,2011-07..2026-05,,179,0.044693,8,8,178,0.914,2012-02,2024-07,-0.115514,1000,-1.71098,0.919327,46.8,0.936,-3.55052,2.24652,0,0.09925,1,False,False
bind9,x.y.0 feature releases,step12,primary: departure from the pre-event trend,digest1,forward,se,d13-ds-cds-sha1-dropped;d20-dnssec-cds-sha2-only,17,17,tested,,2018-06..2023-01,,56,0.053571,3,3,55,0.794,2019-03,2022-01,-9.50212,1000,-13.5787,5.75939,25.8,0.516,-33.2074,11.3368,0,0.110333,1,False,False
bind9,x.y.0 feature releases,transient3,"secondary: transient deviation, blind to a lasting step",digest1,forward,se,d13-ds-cds-sha1-dropped;d20-dnssec-cds-sha2-only,17,17,tested,,2016-09..2023-10,,86,0.05814,5,5,85,0.394,2016-09,2022-01,-0.511391,1000,-1.06276,0.589767,17.4,0.348,-1.23345,1.63777,0.4,0.1012,0.074,False,True
bind9,x.y.0 feature releases,step12,primary: departure from the pre-event trend,digest1,forward,nu,d13-ds-cds-sha1-dropped;d20-dnssec-cds-sha2-only,17,17,tested,,2018-06..2023-01,,56,0.053571,3,3,55,0.874,2019-03,2022-01,-4.02886,1000,-10.2168,11.3266,41.8,0.836,-29.1274,30.7031,0,0.114,1,False,False
bind9,x.y.0 feature releases,transient3,"secondary: transient deviation, blind to a lasting step",digest1,forward,nu,d13-ds-cds-sha1-dropped;d20-dnssec-cds-sha2-only,17,17,tested,,2016-09..2023-10,,86,0.05814,5,5,85,0.224,2016-09,2022-01,-1.52052,1000,-2.12948,1.9972,10.8,0.216,-3.2746,2.50697,0.2,0.1132,0.503,False,False
bind9,x.y.0 feature releases,step12,primary: departure from the pre-event trend,digest1,forward,gov,d13-ds-cds-sha1-dropped;d20-dnssec-cds-sha2-only,17,17,tested,,2019-05..2023-01,,45,0.044444,2,2,44,0.52,2020-02,2022-01,0.237522,1000,-10.745,1.15487,68.6,0.628,-12.884,7.47232,0,0.1415,1,False,False
bind9,x.y.0 feature releases,transient3,"secondary: transient deviation, blind to a lasting step",digest1,forward,gov,d13-ds-cds-sha1-dropped;d20-dnssec-cds-sha2-only,17,17,tested,,2017-08..2023-10,,75,0.053333,4,4,74,0.24,2018-01,2022-01,0.188055,1000,-2.25618,0.627148,85.4,0.292,-4.71793,1.90048,0,0.1085,1,False,False
bind9,x.y.0 feature releases,step12,primary: departure from the pre-event trend,digest1,forward,fed.us,d13-ds-cds-sha1-dropped;d20-dnssec-cds-sha2-only,17,17,no test,no month with at least 30 in the denominator,,,,,,,,,,,,,,,,,,,,,,,
bind9,x.y.0 feature releases,transient3,"secondary: transient deviation, blind to a lasting step",digest1,forward,fed.us,d13-ds-cds-sha1-dropped;d20-dnssec-cds-sha2-only,17,17,no test,no month with at least 30 in the denominator,,,,,,,,,,,,,,,,,,,,,,,
bind9,x.y.0 feature releases,step12,primary: departure from the pre-event trend,digest1,forward,ee,d13-ds-cds-sha1-dropped;d20-dnssec-cds-sha2-only,17,17,no test,the value never appears in this series,,,,,,,,,,,,,,,,,,,,,,,
bind9,x.y.0 feature releases,transient3,"secondary: transient deviation, blind to a lasting step",digest1,forward,ee,d13-ds-cds-sha1-dropped;d20-dnssec-cds-sha2-only,17,17,no test,the value never appears in this series,,,,,,,,,,,,,,,,,,,,,,,
bind9,x.y.0 feature releases,step12,primary: departure from the pre-event trend,digest1,forward,ch,d13-ds-cds-sha1-dropped;d20-dnssec-cds-sha2-only,17,17,no test,"the testable window 2022-05..2023-01 is 9 months, fewer than 24",2022-05..2023-01,0,,,,,,,,,,,,,,,,,,,,,
bind9,x.y.0 feature releases,transient3,"secondary: transient deviation, blind to a lasting step",digest1,forward,ch,d13-ds-cds-sha1-dropped;d20-dnssec-cds-sha2-only,17,17,tested,,2020-08..2023-10,,39,0.025641,1,1,38,0.1,2022-01,2022-01,2.70857,1000,-3.73877,3.35606,94.1,0.118,-3.32608,2.77332,0,0.11,1,False,False
bind9,x.y.0 feature releases,step12,primary: departure from the pre-event trend,digest1,forward,li,d13-ds-cds-sha1-dropped;d20-dnssec-cds-sha2-only,17,17,no test,"the testable window 2022-05..2023-01 is 9 months, fewer than 24",2022-05..2023-01,0,,,,,,,,,,,,,,,,,,,,,
bind9,x.y.0 feature releases,transient3,"secondary: transient deviation, blind to a lasting step",digest1,forward,li,d13-ds-cds-sha1-dropped;d20-dnssec-cds-sha2-only,17,17,tested,,2020-08..2023-10,,39,0.025641,1,1,38,0,2022-01,2022-01,6.39248,1000,-5.39045,4.80668,100,0,-4.91657,5.80782,1,0.082,0.082,True,True
bind9,x.y.0 feature releases,step12,primary: departure from the pre-event trend,digest1,reverse_panel,_pooled-afrinic-arin,d13-ds-cds-sha1-dropped;d20-dnssec-cds-sha2-only,17,17,tested,,2013-04..2025-08,,149,0.04698,7,7,148,0.346,2014-04,2024-07,-2.68039,1000,-3.74777,2.64417,18,0.36,-14.936,14.3492,0.142857,0.107714,0.64,False,False
bind9,x.y.0 feature releases,transient3,"secondary: transient deviation, blind to a lasting step",digest1,reverse_panel,_pooled-afrinic-arin,d13-ds-cds-sha1-dropped;d20-dnssec-cds-sha2-only,17,17,tested,,2011-07..2026-05,,179,0.044693,8,8,178,0.736,2012-02,2024-07,0.120584,1000,-0.682649,0.506905,66.1,0.678,-1.86922,1.95302,0,0.098125,1,False,False
bind9,x.y.0 feature releases,step12,primary: departure from the pre-event trend,iter0,forward,se,d18-nsec3param-default-0-0;d21-signzone-nsec3-iterations-0,17,17,tested,,2018-06..2023-01,,56,0.053571,3,3,55,0.94,2019-03,2022-01,0.498164,1000,0.051724,0.967034,45.6,0.912,-0.000939,2.39729,0,0.115333,1,False,False
bind9,x.y.0 feature releases,transient3,"secondary: transient deviation, blind to a lasting step",iter0,forward,se,d18-nsec3param-default-0-0;d21-signzone-nsec3-iterations-0,17,17,tested,,2016-09..2023-10,,86,0.05814,5,5,85,0.87,2016-09,2022-01,6.2e-05,1000,-0.018715,0.222599,38.3,0.766,-0.052763,0.214635,0,0.119,1,False,False
bind9,x.y.0 feature releases,step12,primary: departure from the pre-event trend,iter0,forward,nu,d18-nsec3param-default-0-0;d21-signzone-nsec3-iterations-0,17,17,tested,,2018-06..2023-01,,56,0.053571,3,3,55,0,2019-03,2022-01,0.923667,1000,-0.490355,2.06393,47,0.94,-2.49256,5.16331,0,0.102,1,False,False
bind9,x.y.0 feature releases,transient3,"secondary: transient deviation, blind to a lasting step",iter0,forward,nu,d18-nsec3param-default-0-0;d21-signzone-nsec3-iterations-0,17,17,tested,,2016-09..2023-10,,86,0.05814,5,5,85,0.23,2016-09,2022-01,-0.000261,1000,-0.00049,0.081339,13,0.26,-0.001678,0.205516,0,0.1156,1,False,False
bind9,x.y.0 feature releases,step12,primary: departure from the pre-event trend,iter0,forward,gov,d18-nsec3param-default-0-0;d21-signzone-nsec3-iterations-0,17,17,tested,,2019-05..2023-01,,45,0.044444,2,2,44,0,2020-02,2022-01,0.030343,1000,0.013682,0.289603,38.7,0.798,0,0.535064,0,0.0665,1,False,False
bind9,x.y.0 feature releases,transient3,"secondary: transient deviation, blind to a lasting step",iter0,forward,gov,d18-nsec3param-default-0-0;d21-signzone-nsec3-iterations-0,17,17,tested,,2017-08..2023-10,,75,0.053333,4,4,74,0.688,2018-01,2022-01,-0.009037,1000,-0.037234,0.091426,36.45,0.738,-0.099622,0.129817,0,0.1105,1,False,False
bind9,x.y.0 feature releases,step12,primary: departure from the pre-event trend,iter0,forward,fed.us,d18-nsec3param-default-0-0;d21-signzone-nsec3-iterations-0,17,17,no test,no month with at least 30 in the denominator,,,,,,,,,,,,,,,,,,,,,,,
bind9,x.y.0 feature releases,transient3,"secondary: transient deviation, blind to a lasting step",iter0,forward,fed.us,d18-nsec3param-default-0-0;d21-signzone-nsec3-iterations-0,17,17,no test,no month with at least 30 in the denominator,,,,,,,,,,,,,,,,,,,,,,,
bind9,x.y.0 feature releases,step12,primary: departure from the pre-event trend,iter0,forward,ee,d18-nsec3param-default-0-0;d21-signzone-nsec3-iterations-0,17,17,no test,"the testable window 2021-07..2023-01 is 19 months, fewer than 24",2021-07..2023-01,1,,,,,,,,,,,,,,,,,,,,,
bind9,x.y.0 feature releases,transient3,"secondary: transient deviation, blind to a lasting step",iter0,forward,ee,d18-nsec3param-default-0-0;d21-signzone-nsec3-iterations-0,17,17,tested,,2019-10..2023-10,,49,0.040816,2,2,48,0.708,2020-02,2022-01,-7.6e-05,1000,-0.010401,0.009243,31.75,0.716,-0.007711,0.017162,0,0.1335,1,False,False
bind9,x.y.0 feature releases,step12,primary: departure from the pre-event trend,iter0,forward,ch,d18-nsec3param-default-0-0;d21-signzone-nsec3-iterations-0,17,17,no test,"the testable window 2022-05..2023-01 is 9 months, fewer than 24",2022-05..2023-01,0,,,,,,,,,,,,,,,,,,,,,
bind9,x.y.0 feature releases,transient3,"secondary: transient deviation, blind to a lasting step",iter0,forward,ch,d18-nsec3param-default-0-0;d21-signzone-nsec3-iterations-0,17,17,tested,,2020-08..2023-10,,39,0.025641,1,1,38,0.902,2022-01,2022-01,0,1000,-1.15358,2.31578,48.6,1,-1.02137,1.58486,0,0.111,1,False,False
bind9,x.y.0 feature releases,step12,primary: departure from the pre-event trend,iter0,forward,li,d18-nsec3param-default-0-0;d21-signzone-nsec3-iterations-0,17,17,no test,"the testable window 2022-05..2023-01 is 9 months, fewer than 24",2022-05..2023-01,0,,,,,,,,,,,,,,,,,,,,,
bind9,x.y.0 feature releases,transient3,"secondary: transient deviation, blind to a lasting step",iter0,forward,li,d18-nsec3param-default-0-0;d21-signzone-nsec3-iterations-0,17,17,tested,,2020-08..2023-10,,39,0.025641,1,1,38,0.382,2022-01,2022-01,-0.089559,1000,-1.69296,1.67849,20.7,0.414,-1.67477,1.69017,0,0.105,1,False,False
bind9,x.y.0 feature releases,step12,primary: departure from the pre-event trend,iter10,forward,se,d03-signzone-nsec3-iterations-100-to-10,17,17,tested,,2018-06..2023-01,,56,0.053571,3,3,55,0.886,2019-03,2022-01,0.368128,1000,-0.03305,1.3564,35.5,0.71,-0.122113,3.1306,0,0.102,1,False,False
bind9,x.y.0 feature releases,transient3,"secondary: transient deviation, blind to a lasting step",iter10,forward,se,d03-signzone-nsec3-iterations-100-to-10,17,17,tested,,2016-09..2023-10,,86,0.05814,5,5,85,0.488,2016-09,2022-01,0.002176,1000,0.000451,0.183491,26.7,0.534,-0.000844,0.581697,0,0.1146,1,False,False
bind9,x.y.0 feature releases,step12,primary: departure from the pre-event trend,iter10,forward,nu,d03-signzone-nsec3-iterations-100-to-10,17,17,tested,,2018-06..2023-01,,56,0.053571,3,3,55,0.952,2019-03,2022-01,0.024355,1000,-0.055247,0.784935,33.1,0.662,-0.195978,2.22688,0,0.111333,1,False,False
bind9,x.y.0 feature releases,transient3,"secondary: transient deviation, blind to a lasting step",iter10,forward,nu,d03-signzone-nsec3-iterations-100-to-10,17,17,tested,,2016-09..2023-10,,86,0.05814,5,5,85,0,2016-09,2022-01,-0.005815,1000,-0.00081,0.123053,0,0,-0.013276,0.535777,0.2,0.1158,0.501,True,False
bind9,x.y.0 feature releases,step12,primary: departure from the pre-event trend,iter10,forward,gov,d03-signzone-nsec3-iterations-100-to-10,17,17,tested,,2019-05..2023-01,,45,0.044444,2,2,44,0,2020-02,2022-01,0.099315,1000,-2.91201,3.17178,36.6,0.732,-3.71648,4.9043,0,0.1245,1,False,False
bind9,x.y.0 feature releases,transient3,"secondary: transient deviation, blind to a lasting step",iter10,forward,gov,d03-signzone-nsec3-iterations-100-to-10,17,17,tested,,2017-08..2023-10,,75,0.053333,4,4,74,0.592,2018-01,2022-01,0.801239,1000,-1.87379,2.03373,70.2,0.596,-3.22863,3.46314,0,0.10575,1,False,False
bind9,x.y.0 feature releases,step12,primary: departure from the pre-event trend,iter10,forward,fed.us,d03-signzone-nsec3-iterations-100-to-10,17,17,no test,no month with at least 30 in the denominator,,,,,,,,,,,,,,,,,,,,,,,
bind9,x.y.0 feature releases,transient3,"secondary: transient deviation, blind to a lasting step",iter10,forward,fed.us,d03-signzone-nsec3-iterations-100-to-10,17,17,no test,no month with at least 30 in the denominator,,,,,,,,,,,,,,,,,,,,,,,
bind9,x.y.0 feature releases,step12,primary: departure from the pre-event trend,iter10,forward,ee,d03-signzone-nsec3-iterations-100-to-10,17,17,no test,"the testable window 2021-07..2023-01 is 19 months, fewer than 24",2021-07..2023-01,1,,,,,,,,,,,,,,,,,,,,,
bind9,x.y.0 feature releases,transient3,"secondary: transient deviation, blind to a lasting step",iter10,forward,ee,d03-signzone-nsec3-iterations-100-to-10,17,17,tested,,2019-10..2023-10,,49,0.040816,2,2,48,0.334,2020-02,2022-01,-0.148024,1000,-0.274973,0.016593,19.4,0.388,-0.362825,0.063591,0,0.134,1,False,False
bind9,x.y.0 feature releases,step12,primary: departure from the pre-event trend,iter10,forward,ch,d03-signzone-nsec3-iterations-100-to-10,17,17,no test,"the testable window 2022-05..2023-01 is 9 months, fewer than 24",2022-05..2023-01,0,,,,,,,,,,,,,,,,,,,,,
bind9,x.y.0 feature releases,transient3,"secondary: transient deviation, blind to a lasting step",iter10,forward,ch,d03-signzone-nsec3-iterations-100-to-10,17,17,tested,,2020-08..2023-10,,39,0.025641,1,1,38,0,2022-01,2022-01,1.17867,1000,-0.831464,0.513148,100,0,-0.699653,0.611806,1,0.092,0.092,True,True
bind9,x.y.0 feature releases,step12,primary: departure from the pre-event trend,iter10,forward,li,d03-signzone-nsec3-iterations-100-to-10,17,17,no test,"the testable window 2022-05..2023-01 is 9 months, fewer than 24",2022-05..2023-01,0,,,,,,,,,,,,,,,,,,,,,
bind9,x.y.0 feature releases,transient3,"secondary: transient deviation, blind to a lasting step",iter10,forward,li,d03-signzone-nsec3-iterations-100-to-10,17,17,tested,,2020-08..2023-10,,39,0.025641,1,1,38,0.304,2022-01,2022-01,0.378753,1000,-1.2551,1.24191,83.2,0.336,-0.998435,1.24868,0,0.102,1,False,False
bind9,x.y.0 feature releases,step12,primary: departure from the pre-event trend,iter5,forward,se,d17-nsec3param-default-in-policy,17,17,tested,,2018-06..2023-01,,56,0.053571,3,3,55,0.386,2019-03,2022-01,6.03598,1000,-11.2764,10.8613,76,0.48,-26.9752,30.2982,0,0.11,1,False,False
bind9,x.y.0 feature releases,transient3,"secondary: transient deviation, blind to a lasting step",iter5,forward,se,d17-nsec3param-default-in-policy,17,17,tested,,2016-09..2023-10,,86,0.05814,5,5,85,0.12,2016-09,2022-01,0.126489,1000,-0.279162,0.122417,96.2,0.076,-0.535909,0.447159,0.2,0.116,0.542,True,False
bind9,x.y.0 feature releases,step12,primary: departure from the pre-event trend,iter5,forward,nu,d17-nsec3param-default-in-policy,17,17,tested,,2018-06..2023-01,,56,0.053571,3,3,55,0.216,2019-03,2022-01,1.65753,1000,-1.95792,2.71848,79.2,0.416,-4.75287,7.58283,0,0.104,1,False,False
bind9,x.y.0 feature releases,transient3,"secondary: transient deviation, blind to a lasting step",iter5,forward,nu,d17-nsec3param-default-in-policy,17,17,tested,,2016-09..2023-10,,86,0.05814,5,5,85,0.372,2016-09,2022-01,-0.001665,1000,-0.029197,0.040218,20.2,0.404,-0.010809,0.033991,0,0.111,1,False,False
bind9,x.y.0 feature releases,step12,primary: departure from the pre-event trend,iter5,forward,gov,d17-nsec3param-default-in-policy,17,17,tested,,2019-05..2023-01,,45,0.044444,2,2,44,0.756,2020-02,2022-01,-0.342647,1000,-0.532403,0.28266,28.6,0.572,-1.02049,0.763416,0,0.1345,1,False,False
bind9,x.y.0 feature releases,transient3,"secondary: transient deviation, blind to a lasting step",iter5,forward,gov,d17-nsec3param-default-in-policy,17,17,tested,,2017-08..2023-10,,75,0.053333,4,4,74,0.972,2018-01,2022-01,0.0005,1000,-0.025407,0.023247,47.4,0.948,-0.073389,0.068002,0,0.10375,1,False,False
bind9,x.y.0 feature releases,step12,primary: departure from the pre-event trend,iter5,forward,fed.us,d17-nsec3param-default-in-policy,17,17,no test,no month with at least 30 in the denominator,,,,,,,,,,,,,,,,,,,,,,,
bind9,x.y.0 feature releases,transient3,"secondary: transient deviation, blind to a lasting step",iter5,forward,fed.us,d17-nsec3param-default-in-policy,17,17,no test,no month with at least 30 in the denominator,,,,,,,,,,,,,,,,,,,,,,,
bind9,x.y.0 feature releases,step12,primary: departure from the pre-event trend,iter5,forward,ee,d17-nsec3param-default-in-policy,17,17,no test,"the testable window 2021-07..2023-01 is 19 months, fewer than 24",2021-07..2023-01,1,,,,,,,,,,,,,,,,,,,,,
bind9,x.y.0 feature releases,transient3,"secondary: transient deviation, blind to a lasting step",iter5,forward,ee,d17-nsec3param-default-in-policy,17,17,tested,,2019-10..2023-10,,49,0.040816,2,2,48,0.266,2020-02,2022-01,0.317595,1000,-0.457321,0.874213,82.7,0.346,-0.599369,0.930897,0,0.131,1,False,False
bind9,x.y.0 feature releases,step12,primary: departure from the pre-event trend,iter5,forward,ch,d17-nsec3param-default-in-policy,17,17,no test,"the testable window 2022-05..2023-01 is 9 months, fewer than 24",2022-05..2023-01,0,,,,,,,,,,,,,,,,,,,,,
bind9,x.y.0 feature releases,transient3,"secondary: transient deviation, blind to a lasting step",iter5,forward,ch,d17-nsec3param-default-in-policy,17,17,tested,,2020-08..2023-10,,39,0.025641,1,1,38,0.724,2022-01,2022-01,0.000455,1000,-0.178229,1.42356,39.1,0.782,-0.185926,0.925106,0,0.107,1,False,False
bind9,x.y.0 feature releases,step12,primary: departure from the pre-event trend,iter5,forward,li,d17-nsec3param-default-in-policy,17,17,no test,"the testable window 2022-05..2023-01 is 9 months, fewer than 24",2022-05..2023-01,0,,,,,,,,,,,,,,,,,,,,,
bind9,x.y.0 feature releases,transient3,"secondary: transient deviation, blind to a lasting step",iter5,forward,li,d17-nsec3param-default-in-policy,17,17,tested,,2020-08..2023-10,,39,0.025641,1,1,38,0.598,2022-01,2022-01,-0.001366,1000,-0.062272,1.98805,34.3,0.686,-0.063014,2.12109,0,0.096,1,False,False
bind9,x.y.0 feature releases,step12,primary: departure from the pre-event trend,iter_gt150,forward,se,l01-nsec3-max-iterations-150,17,17,tested,,2018-06..2023-01,,56,0.053571,3,3,55,0,2019-03,2022-01,4e-05,1000,-4.4e-05,3.7e-05,98.7,0.026,-0.000116,0.000103,0,0.107,1,True,False
bind9,x.y.0 feature releases,transient3,"secondary: transient deviation, blind to a lasting step",iter_gt150,forward,se,l01-nsec3-max-iterations-150,17,17,tested,,2016-09..2023-10,,86,0.05814,5,5,85,0.986,2016-09,2022-01,1e-06,1000,-2.2e-05,2.6e-05,53.9,0.922,-2.3e-05,3.5e-05,0,0.1158,1,False,False
bind9,x.y.0 feature releases,step12,primary: departure from the pre-event trend,iter_gt150,forward,nu,l01-nsec3-max-iterations-150,17,17,tested,,2018-06..2023-01,,56,0.053571,3,3,55,0.468,2019-03,2022-01,-0.000305,1000,-0.000349,0.000275,13,0.26,-0.000834,0.000683,0,0.110667,1,False,False
bind9,x.y.0 feature releases,transient3,"secondary: transient deviation, blind to a lasting step",iter_gt150,forward,nu,l01-nsec3-max-iterations-150,17,17,tested,,2016-09..2023-10,,86,0.05814,5,5,85,0.714,2016-09,2022-01,4e-06,1000,-4.4e-05,3.6e-05,65.1,0.698,-8.3e-05,0.000122,0,0.1172,1,False,False
bind9,x.y.0 feature releases,step12,primary: departure from the pre-event trend,iter_gt150,forward,gov,l01-nsec3-max-iterations-150,17,17,no test,the value is present in only 5 months of this series (fewer than 12),,,,,,,,,,,,,,,,,,,,,,,
bind9,x.y.0 feature releases,transient3,"secondary: transient deviation, blind to a lasting step",iter_gt150,forward,gov,l01-nsec3-max-iterations-150,17,17,no test,the value is present in only 5 months of this series (fewer than 12),,,,,,,,,,,,,,,,,,,,,,,
bind9,x.y.0 feature releases,step12,primary: departure from the pre-event trend,iter_gt150,forward,fed.us,l01-nsec3-max-iterations-150,17,17,no test,no month with at least 30 in the denominator,,,,,,,,,,,,,,,,,,,,,,,
bind9,x.y.0 feature releases,transient3,"secondary: transient deviation, blind to a lasting step",iter_gt150,forward,fed.us,l01-nsec3-max-iterations-150,17,17,no test,no month with at least 30 in the denominator,,,,,,,,,,,,,,,,,,,,,,,
bind9,x.y.0 feature releases,step12,primary: departure from the pre-event trend,iter_gt150,forward,ee,l01-nsec3-max-iterations-150,17,17,no test,"the testable window 2021-07..2023-01 is 19 months, fewer than 24",2021-07..2023-01,1,,,,,,,,,,,,,,,,,,,,,
bind9,x.y.0 feature releases,transient3,"secondary: transient deviation, blind to a lasting step",iter_gt150,forward,ee,l01-nsec3-max-iterations-150,17,17,tested,,2019-10..2023-10,,49,0.040816,2,2,48,0.246,2020-02,2022-01,-0.001116,1000,-0.00213,0,19,0.404,-0.002963,0,0,0.065,1,False,False
bind9,x.y.0 feature releases,step12,primary: departure from the pre-event trend,iter_gt150,forward,ch,l01-nsec3-max-iterations-150,17,17,no test,"the testable window 2022-05..2023-01 is 9 months, fewer than 24",2022-05..2023-01,0,,,,,,,,,,,,,,,,,,,,,
bind9,x.y.0 feature releases,transient3,"secondary: transient deviation, blind to a lasting step",iter_gt150,forward,ch,l01-nsec3-max-iterations-150,17,17,tested,,2020-08..2023-10,,39,0.025641,1,1,38,0.492,2022-01,2022-01,2e-05,1000,-0.002037,0.000246,80.4,0.392,-0.002085,0.000131,0,0.094,1,False,False
bind9,x.y.0 feature releases,step12,primary: departure from the pre-event trend,iter_gt150,forward,li,l01-nsec3-max-iterations-150,17,17,no test,"the testable window 2022-05..2023-01 is 9 months, fewer than 24",2022-05..2023-01,0,,,,,,,,,,,,,,,,,,,,,
bind9,x.y.0 feature releases,transient3,"secondary: transient deviation, blind to a lasting step",iter_gt150,forward,li,l01-nsec3-max-iterations-150,17,17,tested,,2020-08..2023-10,,39,0.025641,1,1,38,1,2022-01,2022-01,0,1000,-0.010133,0.005718,49.5,1,-0.009796,0.00485,0,0.121,1,False,False
bind9,x.y.0 feature releases,step12,primary: departure from the pre-event trend,iter_gt50,forward,se,l02-nsec3-max-iterations-50,17,17,tested,,2018-06..2023-01,,56,0.053571,3,3,55,0,2019-03,2022-01,-0.01768,1000,-0.033394,0.015567,50,1,-0.084788,0.060576,0,0.105667,1,False,False
bind9,x.y.0 feature releases,transient3,"secondary: transient deviation, blind to a lasting step",iter_gt50,forward,se,l02-nsec3-max-iterations-50,17,17,tested,,2016-09..2023-10,,86,0.05814,5,5,85,0.792,2016-09,2022-01,0.000268,1000,-0.001657,0.001734,39.9,0.798,-0.00263,0.004822,0,0.1086,1,False,False
bind9,x.y.0 feature releases,step12,primary: departure from the pre-event trend,iter_gt50,forward,nu,l02-nsec3-max-iterations-50,17,17,tested,,2018-06..2023-01,,56,0.053571,3,3,55,0,2019-03,2022-01,-0.535375,1000,-1.22739,1.64759,47.9,0.958,-4.6058,3.87847,0,0.106,1,False,False
bind9,x.y.0 feature releases,transient3,"secondary: transient deviation, blind to a lasting step",iter_gt50,forward,nu,l02-nsec3-max-iterations-50,17,17,tested,,2016-09..2023-10,,86,0.05814,5,5,85,0.842,2016-09,2022-01,-0.007493,1000,-0.11703,0.153066,48.8,0.976,-0.250025,0.277414,0.2,0.1126,0.507,False,False
bind9,x.y.0 feature releases,step12,primary: departure from the pre-event trend,iter_gt50,forward,gov,l02-nsec3-max-iterations-50,17,17,tested,,2019-05..2023-01,,45,0.044444,2,2,44,0.73,2020-02,2022-01,0.023274,1000,-0.153238,0.069528,64,0.72,-0.213951,0.269563,0,0.1235,1,False,False
bind9,x.y.0 feature releases,transient3,"secondary: transient deviation, blind to a lasting step",iter_gt50,forward,gov,l02-nsec3-max-iterations-50,17,17,tested,,2017-08..2023-10,,75,0.053333,4,4,74,0.532,2018-01,2022-01,-0.038704,1000,-0.131829,0.078722,28.5,0.57,-0.252599,0.269922,0,0.10775,1,False,False
bind9,x.y.0 feature releases,step12,primary: departure from the pre-event trend,iter_gt50,forward,fed.us,l02-nsec3-max-iterations-50,17,17,no test,no month with at least 30 in the denominator,,,,,,,,,,,,,,,,,,,,,,,
bind9,x.y.0 feature releases,transient3,"secondary: transient deviation, blind to a lasting step",iter_gt50,forward,fed.us,l02-nsec3-max-iterations-50,17,17,no test,no month with at least 30 in the denominator,,,,,,,,,,,,,,,,,,,,,,,
bind9,x.y.0 feature releases,step12,primary: departure from the pre-event trend,iter_gt50,forward,ee,l02-nsec3-max-iterations-50,17,17,no test,"the testable window 2021-07..2023-01 is 19 months, fewer than 24",2021-07..2023-01,1,,,,,,,,,,,,,,,,,,,,,
bind9,x.y.0 feature releases,transient3,"secondary: transient deviation, blind to a lasting step",iter_gt50,forward,ee,l02-nsec3-max-iterations-50,17,17,tested,,2019-10..2023-10,,49,0.040816,2,2,48,0.448,2020-02,2022-01,-0.001972,1000,-0.008538,0.0047,27.1,0.542,-0.007655,0.004072,0,0.127,1,False,False
bind9,x.y.0 feature releases,step12,primary: departure from the pre-event trend,iter_gt50,forward,ch,l02-nsec3-max-iterations-50,17,17,no test,"the testable window 2022-05..2023-01 is 9 months, fewer than 24",2022-05..2023-01,0,,,,,,,,,,,,,,,,,,,,,
bind9,x.y.0 feature releases,transient3,"secondary: transient deviation, blind to a lasting step",iter_gt50,forward,ch,l02-nsec3-max-iterations-50,17,17,tested,,2020-08..2023-10,,39,0.025641,1,1,38,0.796,2022-01,2022-01,0.003205,1000,-0.118065,0.107597,63.1,0.738,-0.112897,0.097417,0,0.114,1,False,False
bind9,x.y.0 feature releases,step12,primary: departure from the pre-event trend,iter_gt50,forward,li,l02-nsec3-max-iterations-50,17,17,no test,"the testable window 2022-05..2023-01 is 9 months, fewer than 24",2022-05..2023-01,0,,,,,,,,,,,,,,,,,,,,,
bind9,x.y.0 feature releases,transient3,"secondary: transient deviation, blind to a lasting step",iter_gt50,forward,li,l02-nsec3-max-iterations-50,17,17,tested,,2020-08..2023-10,,39,0.025641,1,1,38,0.788,2022-01,2022-01,-0.009155,1000,-0.370129,0.613321,41.1,0.822,-0.304822,0.312896,0,0.109,1,False,False
bind9,x.y.0 feature releases,step12,primary: departure from the pre-event trend,rsa1024,forward,se,d14-keygen-rsa-zsk-2048;d16-dnssec-policy-default-key-size-2048,17,17,tested,,2018-06..2023-01,,56,0.053571,3,3,55,0,2019-03,2022-01,-13.0787,1000,-17.9725,17.7994,10.3,0.206,-52.0905,45.5221,0,0.109333,1,False,False
bind9,x.y.0 feature releases,transient3,"secondary: transient deviation, blind to a lasting step",rsa1024,forward,se,d14-keygen-rsa-zsk-2048;d16-dnssec-policy-default-key-size-2048,17,17,tested,,2016-09..2023-10,,86,0.05814,5,5,85,0.292,2016-09,2022-01,0.325443,1000,-0.678527,0.626651,85,0.3,-1.72524,1.72626,0.2,0.1104,0.448,False,False
bind9,x.y.0 feature releases,step12,primary: departure from the pre-event trend,rsa1024,forward,nu,d14-keygen-rsa-zsk-2048;d16-dnssec-policy-default-key-size-2048,17,17,tested,,2018-06..2023-01,,56,0.053571,3,3,55,0.324,2019-03,2022-01,-6.27641,1000,-13.6177,11.233,18.5,0.37,-36.3273,29.7613,0,0.105667,1,False,False
bind9,x.y.0 feature releases,transient3,"secondary: transient deviation, blind to a lasting step",rsa1024,forward,nu,d14-keygen-rsa-zsk-2048;d16-dnssec-policy-default-key-size-2048,17,17,tested,,2016-09..2023-10,,86,0.05814,5,5,85,0,2016-09,2022-01,1.84695,1000,-1.46958,1.42925,100,0,-3.20748,3.23791,0.2,0.1118,0.496,True,False
bind9,x.y.0 feature releases,step12,primary: departure from the pre-event trend,rsa1024,forward,gov,d14-keygen-rsa-zsk-2048;d16-dnssec-policy-default-key-size-2048,17,17,tested,,2019-05..2023-01,,45,0.044444,2,2,44,0,2020-02,2022-01,0.376355,1000,-0.80028,0.327351,95.7,0.086,-0.899036,0.517249,0.5,0.136,0.272,True,False
bind9,x.y.0 feature releases,transient3,"secondary: transient deviation, blind to a lasting step",rsa1024,forward,gov,d14-keygen-rsa-zsk-2048;d16-dnssec-policy-default-key-size-2048,17,17,tested,,2017-08..2023-10,,75,0.053333,4,4,74,0.5,2018-01,2022-01,0.175781,1000,-0.417602,0.473892,73.6,0.528,-0.708619,1.08548,0,0.10525,1,False,False
bind9,x.y.0 feature releases,step12,primary: departure from the pre-event trend,rsa1024,forward,fed.us,d14-keygen-rsa-zsk-2048;d16-dnssec-policy-default-key-size-2048,17,17,no test,no month with at least 30 in the denominator,,,,,,,,,,,,,,,,,,,,,,,
bind9,x.y.0 feature releases,transient3,"secondary: transient deviation, blind to a lasting step",rsa1024,forward,fed.us,d14-keygen-rsa-zsk-2048;d16-dnssec-policy-default-key-size-2048,17,17,no test,no month with at least 30 in the denominator,,,,,,,,,,,,,,,,,,,,,,,
bind9,x.y.0 feature releases,step12,primary: departure from the pre-event trend,rsa1024,forward,ee,d14-keygen-rsa-zsk-2048;d16-dnssec-policy-default-key-size-2048,17,17,no test,"the testable window 2021-07..2023-01 is 19 months, fewer than 24",2021-07..2023-01,1,,,,,,,,,,,,,,,,,,,,,
bind9,x.y.0 feature releases,transient3,"secondary: transient deviation, blind to a lasting step",rsa1024,forward,ee,d14-keygen-rsa-zsk-2048;d16-dnssec-policy-default-key-size-2048,17,17,tested,,2019-10..2023-10,,49,0.040816,2,2,48,0.592,2020-02,2022-01,0.281558,1000,-0.93993,0.649133,75,0.5,-0.814618,1.38581,0,0.121,1,False,False
bind9,x.y.0 feature releases,step12,primary: departure from the pre-event trend,rsa1024,forward,ch,d14-keygen-rsa-zsk-2048;d16-dnssec-policy-default-key-size-2048,17,17,no test,"the testable window 2022-05..2023-01 is 9 months, fewer than 24",2022-05..2023-01,0,,,,,,,,,,,,,,,,,,,,,
bind9,x.y.0 feature releases,transient3,"secondary: transient deviation, blind to a lasting step",rsa1024,forward,ch,d14-keygen-rsa-zsk-2048;d16-dnssec-policy-default-key-size-2048,17,17,tested,,2020-08..2023-10,,39,0.025641,1,1,38,0,2022-01,2022-01,1.39745,1000,-0.781793,0.843468,98.1,0.038,-0.786496,1.21246,1,0.063,0.063,True,True
bind9,x.y.0 feature releases,step12,primary: departure from the pre-event trend,rsa1024,forward,li,d14-keygen-rsa-zsk-2048;d16-dnssec-policy-default-key-size-2048,17,17,no test,"the testable window 2022-05..2023-01 is 9 months, fewer than 24",2022-05..2023-01,0,,,,,,,,,,,,,,,,,,,,,
bind9,x.y.0 feature releases,transient3,"secondary: transient deviation, blind to a lasting step",rsa1024,forward,li,d14-keygen-rsa-zsk-2048;d16-dnssec-policy-default-key-size-2048,17,17,tested,,2020-08..2023-10,,39,0.025641,1,1,38,0,2022-01,2022-01,2.1107,1000,-1.09269,1.48658,96.4,0.072,-1.10661,1.54899,1,0.084,0.084,True,True
bind9,all stable public releases,step12,primary: departure from the pre-event trend,dnskey_prev,forward,se,,444,190,no test,"release months fill 52 of the 56 months of the testable window 2018-06..2023-01, more than 75%; a shifted schedule then covers almost the same months and the test has no contrast",2018-06..2023-01,52,,,,,,,,,,,,,,,,,,,,,
bind9,all stable public releases,transient3,"secondary: transient deviation, blind to a lasting step",dnskey_prev,forward,se,,444,190,no test,"release months fill 72 of the 86 months of the testable window 2016-09..2023-10, more than 75%; a shifted schedule then covers almost the same months and the test has no contrast",2016-09..2023-10,72,,,,,,,,,,,,,,,,,,,,,
bind9,all stable public releases,step12,primary: departure from the pre-event trend,dnskey_prev,forward,nu,,444,190,no test,"release months fill 52 of the 56 months of the testable window 2018-06..2023-01, more than 75%; a shifted schedule then covers almost the same months and the test has no contrast",2018-06..2023-01,52,,,,,,,,,,,,,,,,,,,,,
bind9,all stable public releases,transient3,"secondary: transient deviation, blind to a lasting step",dnskey_prev,forward,nu,,444,190,no test,"release months fill 72 of the 86 months of the testable window 2016-09..2023-10, more than 75%; a shifted schedule then covers almost the same months and the test has no contrast",2016-09..2023-10,72,,,,,,,,,,,,,,,,,,,,,
bind9,all stable public releases,step12,primary: departure from the pre-event trend,dnskey_prev,forward,gov,,444,190,no test,"release months fill 45 of the 45 months of the testable window 2019-05..2023-01, more than 75%; a shifted schedule then covers almost the same months and the test has no contrast",2019-05..2023-01,45,,,,,,,,,,,,,,,,,,,,,
bind9,all stable public releases,transient3,"secondary: transient deviation, blind to a lasting step",dnskey_prev,forward,gov,,444,190,no test,"release months fill 63 of the 75 months of the testable window 2017-08..2023-10, more than 75%; a shifted schedule then covers almost the same months and the test has no contrast",2017-08..2023-10,63,,,,,,,,,,,,,,,,,,,,,
bind9,all stable public releases,step12,primary: departure from the pre-event trend,dnskey_prev,forward,fed.us,,444,190,no test,no month with at least 30 in the denominator,,,,,,,,,,,,,,,,,,,,,,,
bind9,all stable public releases,transient3,"secondary: transient deviation, blind to a lasting step",dnskey_prev,forward,fed.us,,444,190,no test,no month with at least 30 in the denominator,,,,,,,,,,,,,,,,,,,,,,,
bind9,all stable public releases,step12,primary: departure from the pre-event trend,dnskey_prev,forward,ee,,444,190,no test,"the testable window 2021-07..2023-01 is 19 months, fewer than 24",2021-07..2023-01,19,,,,,,,,,,,,,,,,,,,,,
bind9,all stable public releases,transient3,"secondary: transient deviation, blind to a lasting step",dnskey_prev,forward,ee,,444,190,no test,"release months fill 48 of the 49 months of the testable window 2019-10..2023-10, more than 75%; a shifted schedule then covers almost the same months and the test has no contrast",2019-10..2023-10,48,,,,,,,,,,,,,,,,,,,,,
bind9,all stable public releases,step12,primary: departure from the pre-event trend,dnskey_prev,forward,ch,,444,190,no test,"the testable window 2022-05..2023-01 is 9 months, fewer than 24",2022-05..2023-01,9,,,,,,,,,,,,,,,,,,,,,
bind9,all stable public releases,transient3,"secondary: transient deviation, blind to a lasting step",dnskey_prev,forward,ch,,444,190,no test,"release months fill 38 of the 39 months of the testable window 2020-08..2023-10, more than 75%; a shifted schedule then covers almost the same months and the test has no contrast",2020-08..2023-10,38,,,,,,,,,,,,,,,,,,,,,
bind9,all stable public releases,step12,primary: departure from the pre-event trend,dnskey_prev,forward,li,,444,190,no test,"the testable window 2022-05..2023-01 is 9 months, fewer than 24",2022-05..2023-01,9,,,,,,,,,,,,,,,,,,,,,
bind9,all stable public releases,transient3,"secondary: transient deviation, blind to a lasting step",dnskey_prev,forward,li,,444,190,no test,"release months fill 38 of the 39 months of the testable window 2020-08..2023-10, more than 75%; a shifted schedule then covers almost the same months and the test has no contrast",2020-08..2023-10,38,,,,,,,,,,,,,,,,,,,,,
bind9,all stable public releases,step12,primary: departure from the pre-event trend,ds_prev,forward,se,,444,190,no test,"release months fill 52 of the 56 months of the testable window 2018-06..2023-01, more than 75%; a shifted schedule then covers almost the same months and the test has no contrast",2018-06..2023-01,52,,,,,,,,,,,,,,,,,,,,,
bind9,all stable public releases,transient3,"secondary: transient deviation, blind to a lasting step",ds_prev,forward,se,,444,190,no test,"release months fill 72 of the 86 months of the testable window 2016-09..2023-10, more than 75%; a shifted schedule then covers almost the same months and the test has no contrast",2016-09..2023-10,72,,,,,,,,,,,,,,,,,,,,,
bind9,all stable public releases,step12,primary: departure from the pre-event trend,ds_prev,forward,nu,,444,190,no test,"release months fill 52 of the 56 months of the testable window 2018-06..2023-01, more than 75%; a shifted schedule then covers almost the same months and the test has no contrast",2018-06..2023-01,52,,,,,,,,,,,,,,,,,,,,,
bind9,all stable public releases,transient3,"secondary: transient deviation, blind to a lasting step",ds_prev,forward,nu,,444,190,no test,"release months fill 72 of the 86 months of the testable window 2016-09..2023-10, more than 75%; a shifted schedule then covers almost the same months and the test has no contrast",2016-09..2023-10,72,,,,,,,,,,,,,,,,,,,,,
bind9,all stable public releases,step12,primary: departure from the pre-event trend,ds_prev,forward,gov,,444,190,no test,"release months fill 45 of the 45 months of the testable window 2019-05..2023-01, more than 75%; a shifted schedule then covers almost the same months and the test has no contrast",2019-05..2023-01,45,,,,,,,,,,,,,,,,,,,,,
bind9,all stable public releases,transient3,"secondary: transient deviation, blind to a lasting step",ds_prev,forward,gov,,444,190,no test,"release months fill 63 of the 75 months of the testable window 2017-08..2023-10, more than 75%; a shifted schedule then covers almost the same months and the test has no contrast",2017-08..2023-10,63,,,,,,,,,,,,,,,,,,,,,
bind9,all stable public releases,step12,primary: departure from the pre-event trend,ds_prev,forward,fed.us,,444,190,no test,no month with at least 30 in the denominator,,,,,,,,,,,,,,,,,,,,,,,
bind9,all stable public releases,transient3,"secondary: transient deviation, blind to a lasting step",ds_prev,forward,fed.us,,444,190,no test,no month with at least 30 in the denominator,,,,,,,,,,,,,,,,,,,,,,,
bind9,all stable public releases,step12,primary: departure from the pre-event trend,ds_prev,forward,ee,,444,190,no test,"the testable window 2021-07..2023-01 is 19 months, fewer than 24",2021-07..2023-01,19,,,,,,,,,,,,,,,,,,,,,
bind9,all stable public releases,transient3,"secondary: transient deviation, blind to a lasting step",ds_prev,forward,ee,,444,190,no test,"release months fill 48 of the 49 months of the testable window 2019-10..2023-10, more than 75%; a shifted schedule then covers almost the same months and the test has no contrast",2019-10..2023-10,48,,,,,,,,,,,,,,,,,,,,,
bind9,all stable public releases,step12,primary: departure from the pre-event trend,ds_prev,forward,ch,,444,190,no test,"the testable window 2022-05..2023-01 is 9 months, fewer than 24",2022-05..2023-01,9,,,,,,,,,,,,,,,,,,,,,
bind9,all stable public releases,transient3,"secondary: transient deviation, blind to a lasting step",ds_prev,forward,ch,,444,190,no test,"release months fill 38 of the 39 months of the testable window 2020-08..2023-10, more than 75%; a shifted schedule then covers almost the same months and the test has no contrast",2020-08..2023-10,38,,,,,,,,,,,,,,,,,,,,,
bind9,all stable public releases,step12,primary: departure from the pre-event trend,ds_prev,forward,li,,444,190,no test,"the testable window 2022-05..2023-01 is 9 months, fewer than 24",2022-05..2023-01,9,,,,,,,,,,,,,,,,,,,,,
bind9,all stable public releases,transient3,"secondary: transient deviation, blind to a lasting step",ds_prev,forward,li,,444,190,no test,"release months fill 38 of the 39 months of the testable window 2020-08..2023-10, more than 75%; a shifted schedule then covers almost the same months and the test has no contrast",2020-08..2023-10,38,,,,,,,,,,,,,,,,,,,,,
bind9,all stable public releases,step12,primary: departure from the pre-event trend,ds_prev,reverse_panel,_pooled-afrinic-arin,,444,190,no test,"release months fill 131 of the 174 months of the testable window 2011-03..2025-08, more than 75%; a shifted schedule then covers almost the same months and the test has no contrast",2011-03..2025-08,131,,,,,,,,,,,,,,,,,,,,,
bind9,all stable public releases,transient3,"secondary: transient deviation, blind to a lasting step",ds_prev,reverse_panel,_pooled-afrinic-arin,,444,190,tested,,2009-10..2026-05,,200,0.72,352,144,199,0.692,2009-11,2026-05,0.001069,1000,0.000428,0.001513,65.3,0.694,-0.004615,0.011897,0.111111,0.104253,0.327,False,False
bind9,all stable public releases,step12,primary: departure from the pre-event trend,rrsig_prev,forward,se,,444,190,no test,"release months fill 52 of the 56 months of the testable window 2018-06..2023-01, more than 75%; a shifted schedule then covers almost the same months and the test has no contrast",2018-06..2023-01,52,,,,,,,,,,,,,,,,,,,,,
bind9,all stable public releases,transient3,"secondary: transient deviation, blind to a lasting step",rrsig_prev,forward,se,,444,190,no test,"release months fill 72 of the 86 months of the testable window 2016-09..2023-10, more than 75%; a shifted schedule then covers almost the same months and the test has no contrast",2016-09..2023-10,72,,,,,,,,,,,,,,,,,,,,,
bind9,all stable public releases,step12,primary: departure from the pre-event trend,rrsig_prev,forward,nu,,444,190,no test,"release months fill 52 of the 56 months of the testable window 2018-06..2023-01, more than 75%; a shifted schedule then covers almost the same months and the test has no contrast",2018-06..2023-01,52,,,,,,,,,,,,,,,,,,,,,
bind9,all stable public releases,transient3,"secondary: transient deviation, blind to a lasting step",rrsig_prev,forward,nu,,444,190,no test,"release months fill 72 of the 86 months of the testable window 2016-09..2023-10, more than 75%; a shifted schedule then covers almost the same months and the test has no contrast",2016-09..2023-10,72,,,,,,,,,,,,,,,,,,,,,
bind9,all stable public releases,step12,primary: departure from the pre-event trend,rrsig_prev,forward,gov,,444,190,no test,"release months fill 45 of the 45 months of the testable window 2019-05..2023-01, more than 75%; a shifted schedule then covers almost the same months and the test has no contrast",2019-05..2023-01,45,,,,,,,,,,,,,,,,,,,,,
bind9,all stable public releases,transient3,"secondary: transient deviation, blind to a lasting step",rrsig_prev,forward,gov,,444,190,no test,"release months fill 63 of the 75 months of the testable window 2017-08..2023-10, more than 75%; a shifted schedule then covers almost the same months and the test has no contrast",2017-08..2023-10,63,,,,,,,,,,,,,,,,,,,,,
bind9,all stable public releases,step12,primary: departure from the pre-event trend,rrsig_prev,forward,fed.us,,444,190,no test,no month with at least 30 in the denominator,,,,,,,,,,,,,,,,,,,,,,,
bind9,all stable public releases,transient3,"secondary: transient deviation, blind to a lasting step",rrsig_prev,forward,fed.us,,444,190,no test,no month with at least 30 in the denominator,,,,,,,,,,,,,,,,,,,,,,,
bind9,all stable public releases,step12,primary: departure from the pre-event trend,rrsig_prev,forward,ee,,444,190,no test,"the testable window 2021-07..2023-01 is 19 months, fewer than 24",2021-07..2023-01,19,,,,,,,,,,,,,,,,,,,,,
bind9,all stable public releases,transient3,"secondary: transient deviation, blind to a lasting step",rrsig_prev,forward,ee,,444,190,no test,"release months fill 48 of the 49 months of the testable window 2019-10..2023-10, more than 75%; a shifted schedule then covers almost the same months and the test has no contrast",2019-10..2023-10,48,,,,,,,,,,,,,,,,,,,,,
bind9,all stable public releases,step12,primary: departure from the pre-event trend,rrsig_prev,forward,ch,,444,190,no test,"the testable window 2022-05..2023-01 is 9 months, fewer than 24",2022-05..2023-01,9,,,,,,,,,,,,,,,,,,,,,
bind9,all stable public releases,transient3,"secondary: transient deviation, blind to a lasting step",rrsig_prev,forward,ch,,444,190,no test,"release months fill 38 of the 39 months of the testable window 2020-08..2023-10, more than 75%; a shifted schedule then covers almost the same months and the test has no contrast",2020-08..2023-10,38,,,,,,,,,,,,,,,,,,,,,
bind9,all stable public releases,step12,primary: departure from the pre-event trend,rrsig_prev,forward,li,,444,190,no test,"the testable window 2022-05..2023-01 is 9 months, fewer than 24",2022-05..2023-01,9,,,,,,,,,,,,,,,,,,,,,
bind9,all stable public releases,transient3,"secondary: transient deviation, blind to a lasting step",rrsig_prev,forward,li,,444,190,no test,"release months fill 38 of the 39 months of the testable window 2020-08..2023-10, more than 75%; a shifted schedule then covers almost the same months and the test has no contrast",2020-08..2023-10,38,,,,,,,,,,,,,,,,,,,,,
knot,all stable public releases,step12,primary: departure from the pre-event trend,dnskey_prev,forward,se,,174,126,tested,,2018-06..2023-01,,56,0.696429,54,39,55,0.614,2018-07,2022-12,0.831418,1000,0.362962,1.2384,64.3,0.714,-3.08921,6.24392,0.102564,0.108872,0.797,False,False
knot,all stable public releases,transient3,"secondary: transient deviation, blind to a lasting step",dnskey_prev,forward,se,,174,126,tested,,2016-09..2023-10,,86,0.72093,89,62,85,0.526,2016-10,2023-10,-0.041809,1000,-0.078579,0.096121,25.1,0.502,-1.78797,2.15912,0.112903,0.116516,0.796,False,False
knot,all stable public releases,step12,primary: departure from the pre-event trend,dnskey_prev,forward,nu,,174,126,tested,,2018-06..2023-01,,56,0.696429,54,39,55,0.332,2018-07,2022-12,-0.011627,1000,-0.627241,1.69119,45.5,0.91,-9.59992,17.0215,0.076923,0.109256,0.942,False,False
knot,all stable public releases,transient3,"secondary: transient deviation, blind to a lasting step",dnskey_prev,forward,nu,,174,126,tested,,2016-09..2023-10,,86,0.72093,89,62,85,0.64,2016-10,2023-10,0.023323,1000,-0.08073,0.147766,67.8,0.644,-2.2549,1.91963,0.112903,0.11579,0.749,False,False
knot,all stable public releases,step12,primary: departure from the pre-event trend,dnskey_prev,forward,gov,,174,126,tested,,2019-05..2023-01,,45,0.711111,42,32,44,0.734,2019-06,2022-12,6.42564,1000,4.24234,9.16159,51.6,0.968,-0.718746,42.8822,0.125,0.1345,0.811,False,False
knot,all stable public releases,transient3,"secondary: transient deviation, blind to a lasting step",dnskey_prev,forward,gov,,174,126,tested,,2017-08..2023-10,,75,0.706667,76,53,74,0.614,2017-08,2023-10,-0.390431,1000,-1.42729,1.39622,26.5,0.53,-9.50261,12.4852,0.09434,0.107358,0.863,False,False
knot,all stable public releases,step12,primary: departure from the pre-event trend,dnskey_prev,forward,fed.us,,174,126,no test,no month with at least 30 in the denominator,,,,,,,,,,,,,,,,,,,,,,,
knot,all stable public releases,transient3,"secondary: transient deviation, blind to a lasting step",dnskey_prev,forward,fed.us,,174,126,no test,no month with at least 30 in the denominator,,,,,,,,,,,,,,,,,,,,,,,
knot,all stable public releases,step12,primary: departure from the pre-event trend,dnskey_prev,forward,ee,,174,126,no test,"the testable window 2021-07..2023-01 is 19 months, fewer than 24",2021-07..2023-01,13,,,,,,,,,,,,,,,,,,,,,
knot,all stable public releases,transient3,"secondary: transient deviation, blind to a lasting step",dnskey_prev,forward,ee,,174,126,tested,,2019-10..2023-10,,49,0.734694,48,36,48,0.584,2019-10,2023-10,0.245789,1000,0.232014,0.337216,29.5,0.59,0,1.16903,0.055556,0.062361,0.827,False,False
knot,all stable public releases,step12,primary: departure from the pre-event trend,dnskey_prev,forward,ch,,174,126,no test,"the testable window 2022-05..2023-01 is 9 months, fewer than 24",2022-05..2023-01,4,,,,,,,,,,,,,,,,,,,,,
knot,all stable public releases,transient3,"secondary: transient deviation, blind to a lasting step",dnskey_prev,forward,ch,,174,126,no test,"release months fill 30 of the 39 months of the testable window 2020-08..2023-10, more than 75%; a shifted schedule then covers almost the same months and the test has no contrast",2020-08..2023-10,30,,,,,,,,,,,,,,,,,,,,,
knot,all stable public releases,step12,primary: departure from the pre-event trend,dnskey_prev,forward,li,,174,126,no test,"the testable window 2022-05..2023-01 is 9 months, fewer than 24",2022-05..2023-01,4,,,,,,,,,,,,,,,,,,,,,
knot,all stable public releases,transient3,"secondary: transient deviation, blind to a lasting step",dnskey_prev,forward,li,,174,126,no test,"release months fill 30 of the 39 months of the testable window 2020-08..2023-10, more than 75%; a shifted schedule then covers almost the same months and the test has no contrast",2020-08..2023-10,30,,,,,,,,,,,,,,,,,,,,,
knot,all stable public releases,step12,primary: departure from the pre-event trend,ds_prev,forward,se,,174,126,tested,,2018-06..2023-01,,56,0.696429,54,39,55,0.74,2018-07,2022-12,0.752504,1000,0.334502,1.12287,64.7,0.706,-2.8744,4.42834,0.076923,0.107179,0.986,False,False
knot,all stable public releases,transient3,"secondary: transient deviation, blind to a lasting step",ds_prev,forward,se,,174,126,tested,,2016-09..2023-10,,86,0.72093,89,62,85,0.704,2016-10,2023-10,-0.041548,1000,-0.122182,0.145373,33.1,0.662,-2.35813,2.04699,0.112903,0.116419,0.752,False,False
knot,all stable public releases,step12,primary: departure from the pre-event trend,ds_prev,forward,nu,,174,126,tested,,2018-06..2023-01,,56,0.696429,54,39,55,0.124,2018-07,2022-12,-0.113163,1000,-0.319377,0.858005,36.7,0.734,-4.16505,8.94229,0.102564,0.107385,0.801,False,False
knot,all stable public releases,transient3,"secondary: transient deviation, blind to a lasting step",ds_prev,forward,nu,,174,126,tested,,2016-09..2023-10,,86,0.72093,89,62,85,0.624,2016-10,2023-10,0.117934,1000,-0.04446,0.21413,70.5,0.59,-2.08783,2.15451,0.145161,0.115694,0.144,False,False
knot,all stable public releases,step12,primary: departure from the pre-event trend,ds_prev,forward,gov,,174,126,tested,,2019-05..2023-01,,45,0.711111,42,32,44,0.788,2019-06,2022-12,6.36067,1000,4.15406,8.79972,53.2,0.936,-0.915004,42.8802,0.125,0.133656,0.79,False,False
knot,all stable public releases,transient3,"secondary: transient deviation, blind to a lasting step",ds_prev,forward,gov,,174,126,tested,,2017-08..2023-10,,75,0.706667,76,53,74,0.614,2017-08,2023-10,-0.407249,1000,-1.46578,1.37824,27.9,0.558,-9.42195,12.2924,0.09434,0.106094,0.854,False,False
knot,all stable public releases,step12,primary: departure from the pre-event trend,ds_prev,forward,fed.us,,174,126,no test,no month with at least 30 in the denominator,,,,,,,,,,,,,,,,,,,,,,,
knot,all stable public releases,transient3,"secondary: transient deviation, blind to a lasting step",ds_prev,forward,fed.us,,174,126,no test,no month with at least 30 in the denominator,,,,,,,,,,,,,,,,,,,,,,,
knot,all stable public releases,step12,primary: departure from the pre-event trend,ds_prev,forward,ee,,174,126,no test,"the testable window 2021-07..2023-01 is 19 months, fewer than 24",2021-07..2023-01,13,,,,,,,,,,,,,,,,,,,,,
knot,all stable public releases,transient3,"secondary: transient deviation, blind to a lasting step",ds_prev,forward,ee,,174,126,tested,,2019-10..2023-10,,49,0.734694,48,36,48,0.482,2019-10,2023-10,0.233359,1000,0.220528,0.323887,31.5,0.63,0,1.16569,0.055556,0.059917,0.801,False,False
knot,all stable public releases,step12,primary: departure from the pre-event trend,ds_prev,forward,ch,,174,126,no test,"the testable window 2022-05..2023-01 is 9 months, fewer than 24",2022-05..2023-01,4,,,,,,,,,,,,,,,,,,,,,
knot,all stable public releases,transient3,"secondary: transient deviation, blind to a lasting step",ds_prev,forward,ch,,174,126,no test,"release months fill 30 of the 39 months of the testable window 2020-08..2023-10, more than 75%; a shifted schedule then covers almost the same months and the test has no contrast",2020-08..2023-10,30,,,,,,,,,,,,,,,,,,,,,
knot,all stable public releases,step12,primary: departure from the pre-event trend,ds_prev,forward,li,,174,126,no test,"the testable window 2022-05..2023-01 is 9 months, fewer than 24",2022-05..2023-01,4,,,,,,,,,,,,,,,,,,,,,
knot,all stable public releases,transient3,"secondary: transient deviation, blind to a lasting step",ds_prev,forward,li,,174,126,no test,"release months fill 30 of the 39 months of the testable window 2020-08..2023-10, more than 75%; a shifted schedule then covers almost the same months and the test has no contrast",2020-08..2023-10,30,,,,,,,,,,,,,,,,,,,,,
knot,all stable public releases,step12,primary: departure from the pre-event trend,ds_prev,reverse_panel,_pooled-afrinic-arin,,174,126,tested,,2011-03..2025-08,,174,0.666667,160,116,173,0.366,2011-04,2025-07,0.007804,1000,0.00232,0.008923,82.2,0.356,-0.048966,0.057418,0.086207,0.103328,0.928,False,False
knot,all stable public releases,transient3,"secondary: transient deviation, blind to a lasting step",ds_prev,reverse_panel,_pooled-afrinic-arin,,174,126,tested,,2009-10..2026-05,,200,0.6,166,120,199,0.464,2011-09,2026-04,0.000718,1000,0.000145,0.001501,23.5,0.47,-0.004615,0.011897,0.083333,0.104347,0.864,False,False
knot,all stable public releases,step12,primary: departure from the pre-event trend,rrsig_prev,forward,se,,174,126,tested,,2018-06..2023-01,,56,0.696429,54,39,55,0.628,2018-07,2022-12,0.838274,1000,0.372631,1.24902,64.9,0.702,-3.08689,6.28008,0.102564,0.108359,0.769,False,False
knot,all stable public releases,transient3,"secondary: transient deviation, blind to a lasting step",rrsig_prev,forward,se,,174,126,tested,,2016-09..2023-10,,86,0.72093,89,62,85,0.532,2016-10,2023-10,-0.039298,1000,-0.091495,0.09579,27.8,0.556,-1.78053,2.12843,0.112903,0.115887,0.767,False,False
knot,all stable public releases,step12,primary: departure from the pre-event trend,rrsig_prev,forward,nu,,174,126,tested,,2018-06..2023-01,,56,0.696429,54,39,55,0.32,2018-07,2022-12,-0.008938,1000,-0.619753,1.69286,45.3,0.906,-9.55746,17.0222,0.076923,0.107564,0.921,False,False
knot,all stable public releases,transient3,"secondary: transient deviation, blind to a lasting step",rrsig_prev,forward,nu,,174,126,tested,,2016-09..2023-10,,86,0.72093,89,62,85,0.636,2016-10,2023-10,0.023562,1000,-0.112071,0.14854,69.5,0.61,-2.25377,1.9197,0.112903,0.116597,0.754,False,False
knot,all stable public releases,step12,primary: departure from the pre-event trend,rrsig_prev,forward,gov,,174,126,tested,,2019-05..2023-01,,45,0.711111,42,32,44,0.71,2019-06,2022-12,6.41701,1000,4.23871,8.86741,52.6,0.948,-0.75339,42.8784,0.125,0.1345,0.823,False,False
knot,all stable public releases,transient3,"secondary: transient deviation, blind to a lasting step",rrsig_prev,forward,gov,,174,126,tested,,2017-08..2023-10,,75,0.706667,76,53,74,0.592,2017-08,2023-10,-0.391614,1000,-1.42755,1.52822,28.4,0.568,-9.50637,12.4846,0.09434,0.106736,0.839,False,False
knot,all stable public releases,step12,primary: departure from the pre-event trend,rrsig_prev,forward,fed.us,,174,126,no test,no month with at least 30 in the denominator,,,,,,,,,,,,,,,,,,,,,,,
knot,all stable public releases,transient3,"secondary: transient deviation, blind to a lasting step",rrsig_prev,forward,fed.us,,174,126,no test,no month with at least 30 in the denominator,,,,,,,,,,,,,,,,,,,,,,,
knot,all stable public releases,step12,primary: departure from the pre-event trend,rrsig_prev,forward,ee,,174,126,no test,"the testable window 2021-07..2023-01 is 19 months, fewer than 24",2021-07..2023-01,13,,,,,,,,,,,,,,,,,,,,,
knot,all stable public releases,transient3,"secondary: transient deviation, blind to a lasting step",rrsig_prev,forward,ee,,174,126,tested,,2019-10..2023-10,,49,0.734694,48,36,48,0.608,2019-10,2023-10,0.24595,1000,0.232139,0.337372,28.7,0.574,0,1.16913,0.055556,0.061139,0.812,False,False
knot,all stable public releases,step12,primary: departure from the pre-event trend,rrsig_prev,forward,ch,,174,126,no test,"the testable window 2022-05..2023-01 is 9 months, fewer than 24",2022-05..2023-01,4,,,,,,,,,,,,,,,,,,,,,
knot,all stable public releases,transient3,"secondary: transient deviation, blind to a lasting step",rrsig_prev,forward,ch,,174,126,no test,"release months fill 30 of the 39 months of the testable window 2020-08..2023-10, more than 75%; a shifted schedule then covers almost the same months and the test has no contrast",2020-08..2023-10,30,,,,,,,,,,,,,,,,,,,,,
knot,all stable public releases,step12,primary: departure from the pre-event trend,rrsig_prev,forward,li,,174,126,no test,"the testable window 2022-05..2023-01 is 9 months, fewer than 24",2022-05..2023-01,4,,,,,,,,,,,,,,,,,,,,,
knot,all stable public releases,transient3,"secondary: transient deviation, blind to a lasting step",rrsig_prev,forward,li,,174,126,no test,"release months fill 30 of the 39 months of the testable window 2020-08..2023-10, more than 75%; a shifted schedule then covers almost the same months and the test has no contrast",2020-08..2023-10,30,,,,,,,,,,,,,,,,,,,,,
kresd,all stable public releases,step12,primary: departure from the pre-event trend,dnskey_prev,forward,se,,89,72,tested,,2018-06..2023-01,,56,0.571429,33,32,55,0.108,2018-07,2023-01,0.614379,1000,0.467673,1.08679,23.7,0.474,-3.08921,6.24392,0.0625,0.110094,0.969,False,False
kresd,all stable public releases,transient3,"secondary: transient deviation, blind to a lasting step",dnskey_prev,forward,se,,89,72,tested,,2016-09..2023-10,,86,0.581395,59,50,85,0.594,2017-01,2023-10,-0.050663,1000,-0.113973,0.113154,24.2,0.484,-1.78797,2.15912,0.16,0.1157,0.103,False,False
kresd,all stable public releases,step12,primary: departure from the pre-event trend,dnskey_prev,forward,nu,,89,72,tested,,2018-06..2023-01,,56,0.571429,33,32,55,0,2018-07,2023-01,-0.340845,1000,-0.635063,1.06901,18.9,0.378,-9.59992,17.0215,0.125,0.1075,0.494,False,False
kresd,all stable public releases,transient3,"secondary: transient deviation, blind to a lasting step",dnskey_prev,forward,nu,,89,72,tested,,2016-09..2023-10,,86,0.581395,59,50,85,0.072,2017-01,2023-10,-0.103686,1000,-0.139729,0.162929,8.5,0.17,-2.2549,1.91963,0.12,0.11714,0.661,False,False
kresd,all stable public releases,step12,primary: departure from the pre-event trend,dnskey_prev,forward,gov,,89,72,tested,,2019-05..2023-01,,45,0.577778,26,26,44,0.242,2019-07,2023-01,6.87361,1000,4.15332,9.08772,60.1,0.798,-0.718746,42.8822,0.115385,0.133423,0.898,False,False
kresd,all stable public releases,transient3,"secondary: transient deviation, blind to a lasting step",dnskey_prev,forward,gov,,89,72,tested,,2017-08..2023-10,,75,0.586667,49,44,74,0.27,2017-08,2023-10,-1.06397,1000,-2.03667,1.5365,13.4,0.268,-9.50261,12.4852,0.159091,0.105523,0.078,False,True
kresd,all stable public releases,step12,primary: departure from the pre-event trend,dnskey_prev,forward,fed.us,,89,72,no test,no month with at least 30 in the denominator,,,,,,,,,,,,,,,,,,,,,,,
kresd,all stable public releases,transient3,"secondary: transient deviation, blind to a lasting step",dnskey_prev,forward,fed.us,,89,72,no test,no month with at least 30 in the denominator,,,,,,,,,,,,,,,,,,,,,,,
kresd,all stable public releases,step12,primary: departure from the pre-event trend,dnskey_prev,forward,ee,,89,72,no test,"the testable window 2021-07..2023-01 is 19 months, fewer than 24",2021-07..2023-01,10,,,,,,,,,,,,,,,,,,,,,
kresd,all stable public releases,transient3,"secondary: transient deviation, blind to a lasting step",dnskey_prev,forward,ee,,89,72,tested,,2019-10..2023-10,,49,0.55102,28,27,48,0.506,2019-10,2023-10,0.314403,1000,0.17103,0.326254,72.2,0.556,0,1.16903,0.074074,0.060852,0.638,False,False
kresd,all stable public releases,step12,primary: departure from the pre-event trend,dnskey_prev,forward,ch,,89,72,no test,"the testable window 2022-05..2023-01 is 9 months, fewer than 24",2022-05..2023-01,4,,,,,,,,,,,,,,,,,,,,,
kresd,all stable public releases,transient3,"secondary: transient deviation, blind to a lasting step",dnskey_prev,forward,ch,,89,72,tested,,2020-08..2023-10,,39,0.512821,21,20,38,0.446,2020-09,2023-10,0.127761,1000,0.066705,0.148546,82.9,0.342,-0.104079,0.428632,0.05,0.10415,0.947,False,False
kresd,all stable public releases,step12,primary: departure from the pre-event trend,dnskey_prev,forward,li,,89,72,no test,"the testable window 2022-05..2023-01 is 9 months, fewer than 24",2022-05..2023-01,4,,,,,,,,,,,,,,,,,,,,,
kresd,all stable public releases,transient3,"secondary: transient deviation, blind to a lasting step",dnskey_prev,forward,li,,89,72,tested,,2020-08..2023-10,,39,0.512821,21,20,38,0.1,2020-09,2023-10,0.058495,1000,0.044051,0.11402,16.6,0.332,-0.066813,0.415238,0.15,0.10115,0.277,False,False
kresd,all stable public releases,step12,primary: departure from the pre-event trend,ds_prev,forward,se,,89,72,tested,,2018-06..2023-01,,56,0.571429,33,32,55,0.124,2018-07,2023-01,0.511633,1000,0.386062,0.946072,17.9,0.358,-2.8744,4.42834,0.03125,0.109063,1,False,False
kresd,all stable public releases,transient3,"secondary: transient deviation, blind to a lasting step",ds_prev,forward,se,,89,72,tested,,2016-09..2023-10,,86,0.581395,59,50,85,0.2,2017-01,2023-10,-0.11551,1000,-0.148677,0.148453,11.1,0.222,-2.35813,2.04699,0.16,0.11496,0.082,False,True
kresd,all stable public releases,step12,primary: departure from the pre-event trend,ds_prev,forward,nu,,89,72,tested,,2018-06..2023-01,,56,0.571429,33,32,55,0,2018-07,2023-01,-0.214018,1000,-0.368038,0.615459,16.8,0.336,-4.16505,8.94229,0.09375,0.10725,0.887,False,False
kresd,all stable public releases,transient3,"secondary: transient deviation, blind to a lasting step",ds_prev,forward,nu,,89,72,tested,,2016-09..2023-10,,86,0.581395,59,50,85,0.018,2017-01,2023-10,-0.083044,1000,-0.049009,0.210682,1.4,0.028,-2.08783,2.15451,0.16,0.117,0.135,True,False
kresd,all stable public releases,step12,primary: departure from the pre-event trend,ds_prev,forward,gov,,89,72,tested,,2019-05..2023-01,,45,0.577778,26,26,44,0.224,2019-07,2023-01,6.80168,1000,4.08296,8.59903,62.7,0.746,-0.915004,42.8802,0.115385,0.135038,0.897,False,False
kresd,all stable public releases,transient3,"secondary: transient deviation, blind to a lasting step",ds_prev,forward,gov,,89,72,tested,,2017-08..2023-10,,75,0.586667,49,44,74,0.278,2017-08,2023-10,-1.07079,1000,-2.04123,1.62227,16,0.32,-9.42195,12.2924,0.159091,0.105886,0.068,False,True
kresd,all stable public releases,step12,primary: departure from the pre-event trend,ds_prev,forward,fed.us,,89,72,no test,no month with at least 30 in the denominator,,,,,,,,,,,,,,,,,,,,,,,
kresd,all stable public releases,transient3,"secondary: transient deviation, blind to a lasting step",ds_prev,forward,fed.us,,89,72,no test,no month with at least 30 in the denominator,,,,,,,,,,,,,,,,,,,,,,,
kresd,all stable public releases,step12,primary: departure from the pre-event trend,ds_prev,forward,ee,,89,72,no test,"the testable window 2021-07..2023-01 is 19 months, fewer than 24",2021-07..2023-01,10,,,,,,,,,,,,,,,,,,,,,
kresd,all stable public releases,transient3,"secondary: transient deviation, blind to a lasting step",ds_prev,forward,ee,,89,72,tested,,2019-10..2023-10,,49,0.55102,28,27,48,0.494,2019-10,2023-10,0.302792,1000,0.162798,0.31917,70,0.6,0,1.16569,0.074074,0.060963,0.649,False,False
kresd,all stable public releases,step12,primary: departure from the pre-event trend,ds_prev,forward,ch,,89,72,no test,"the testable window 2022-05..2023-01 is 9 months, fewer than 24",2022-05..2023-01,4,,,,,,,,,,,,,,,,,,,,,
kresd,all stable public releases,transient3,"secondary: transient deviation, blind to a lasting step",ds_prev,forward,ch,,89,72,tested,,2020-08..2023-10,,39,0.512821,21,20,38,0.182,2020-09,2023-10,0.135855,1000,0.044184,0.156324,92.5,0.15,-0.187927,0.492634,0.05,0.1042,0.949,False,False
kresd,all stable public releases,step12,primary: departure from the pre-event trend,ds_prev,forward,li,,89,72,no test,"the testable window 2022-05..2023-01 is 9 months, fewer than 24",2022-05..2023-01,4,,,,,,,,,,,,,,,,,,,,,
kresd,all stable public releases,transient3,"secondary: transient deviation, blind to a lasting step",ds_prev,forward,li,,89,72,tested,,2020-08..2023-10,,39,0.512821,21,20,38,0.834,2020-09,2023-10,0.082296,1000,0.041242,0.124421,51.2,0.976,-0.11309,0.46674,0.05,0.1024,0.979,False,False
kresd,all stable public releases,step12,primary: departure from the pre-event trend,ds_prev,reverse_panel,_pooled-afrinic-arin,,89,72,tested,,2011-03..2025-08,,174,0.367816,79,64,173,0.82,2016-05,2025-07,0.007094,1000,-0.000215,0.011126,59,0.82,-0.048966,0.057418,0.109375,0.102469,0.585,False,False
kresd,all stable public releases,transient3,"secondary: transient deviation, blind to a lasting step",ds_prev,reverse_panel,_pooled-afrinic-arin,,89,72,tested,,2009-10..2026-05,,200,0.345,84,69,199,0.802,2016-05,2026-04,0.001482,1000,-0.000447,0.002281,62.6,0.748,-0.004615,0.011897,0.144928,0.102369,0.12,False,False
kresd,all stable public releases,step12,primary: departure from the pre-event trend,rrsig_prev,forward,se,,89,72,tested,,2018-06..2023-01,,56,0.571429,33,32,55,0.1,2018-07,2023-01,0.624265,1000,0.476418,1.04021,24.4,0.488,-3.08689,6.28008,0.0625,0.108875,0.973,False,False
kresd,all stable public releases,transient3,"secondary: transient deviation, blind to a lasting step",rrsig_prev,forward,se,,89,72,tested,,2016-09..2023-10,,86,0.581395,59,50,85,0.532,2017-01,2023-10,-0.051893,1000,-0.111573,0.112847,24.2,0.484,-1.78053,2.12843,0.16,0.11636,0.116,False,False
kresd,all stable public releases,step12,primary: departure from the pre-event trend,rrsig_prev,forward,nu,,89,72,tested,,2018-06..2023-01,,56,0.571429,33,32,55,0,2018-07,2023-01,-0.335688,1000,-0.720564,1.06502,21.5,0.43,-9.55746,17.0222,0.125,0.106906,0.453,False,False
kresd,all stable public releases,transient3,"secondary: transient deviation, blind to a lasting step",rrsig_prev,forward,nu,,89,72,tested,,2016-09..2023-10,,86,0.581395,59,50,85,0.072,2017-01,2023-10,-0.103893,1000,-0.11802,0.179167,5.5,0.11,-2.25377,1.9197,0.12,0.11638,0.634,False,False
kresd,all stable public releases,step12,primary: departure from the pre-event trend,rrsig_prev,forward,gov,,89,72,tested,,2019-05..2023-01,,45,0.577778,26,26,44,0.242,2019-07,2023-01,6.86644,1000,4.14702,9.08111,61.6,0.768,-0.75339,42.8784,0.115385,0.135,0.926,False,False
kresd,all stable public releases,transient3,"secondary: transient deviation, blind to a lasting step",rrsig_prev,forward,gov,,89,72,tested,,2017-08..2023-10,,75,0.586667,49,44,74,0.326,2017-08,2023-10,-1.06455,1000,-2.03637,1.63974,16,0.32,-9.50637,12.4846,0.159091,0.104614,0.061,False,True
kresd,all stable public releases,step12,primary: departure from the pre-event trend,rrsig_prev,forward,fed.us,,89,72,no test,no month with at least 30 in the denominator,,,,,,,,,,,,,,,,,,,,,,,
kresd,all stable public releases,transient3,"secondary: transient deviation, blind to a lasting step",rrsig_prev,forward,fed.us,,89,72,no test,no month with at least 30 in the denominator,,,,,,,,,,,,,,,,,,,,,,,
kresd,all stable public releases,step12,primary: departure from the pre-event trend,rrsig_prev,forward,ee,,89,72,no test,"the testable window 2021-07..2023-01 is 19 months, fewer than 24",2021-07..2023-01,10,,,,,,,,,,,,,,,,,,,,,
kresd,all stable public releases,transient3,"secondary: transient deviation, blind to a lasting step",rrsig_prev,forward,ee,,89,72,tested,,2019-10..2023-10,,49,0.55102,28,27,48,0.482,2019-10,2023-10,0.314551,1000,0.171092,0.326376,73.4,0.532,0,1.16913,0.074074,0.060185,0.628,False,False
kresd,all stable public releases,step12,primary: departure from the pre-event trend,rrsig_prev,forward,ch,,89,72,no test,"the testable window 2022-05..2023-01 is 9 months, fewer than 24",2022-05..2023-01,4,,,,,,,,,,,,,,,,,,,,,
kresd,all stable public releases,transient3,"secondary: transient deviation, blind to a lasting step",rrsig_prev,forward,ch,,89,72,tested,,2020-08..2023-10,,39,0.512821,21,20,38,0.454,2020-09,2023-10,0.128469,1000,0.059205,0.14873,84,0.32,-0.104588,0.42862,0.05,0.10335,0.954,False,False
kresd,all stable public releases,step12,primary: departure from the pre-event trend,rrsig_prev,forward,li,,89,72,no test,"the testable window 2022-05..2023-01 is 9 months, fewer than 24",2022-05..2023-01,4,,,,,,,,,,,,,,,,,,,,,
kresd,all stable public releases,transient3,"secondary: transient deviation, blind to a lasting step",rrsig_prev,forward,li,,89,72,tested,,2020-08..2023-10,,39,0.512821,21,20,38,0.138,2020-09,2023-10,0.0585,1000,0.044243,0.116598,15,0.3,-0.063711,0.41575,0.15,0.0998,0.292,False,False
nsd,all stable public releases,step12,primary: departure from the pre-event trend,dnskey_prev,forward,se,,130,105,tested,,2018-06..2023-01,,56,0.428571,25,24,55,0.612,2018-06,2022-11,0.857255,1000,0.461735,1.0286,72.6,0.548,-3.08921,6.24392,0.125,0.106875,0.549,False,False
nsd,all stable public releases,transient3,"secondary: transient deviation, blind to a lasting step",dnskey_prev,forward,se,,130,105,tested,,2016-09..2023-10,,86,0.395349,35,34,85,0.462,2016-09,2023-05,0.072065,1000,-0.17857,0.165304,79.8,0.404,-1.78797,2.15912,0.088235,0.117794,0.86,False,False
nsd,all stable public releases,step12,primary: departure from the pre-event trend,dnskey_prev,forward,nu,,130,105,tested,,2018-06..2023-01,,56,0.428571,25,24,55,0.778,2018-06,2022-11,0.275039,1000,-0.588828,1.13881,52.5,0.95,-9.59992,17.0215,0.125,0.106708,0.511,False,False
nsd,all stable public releases,transient3,"secondary: transient deviation, blind to a lasting step",dnskey_prev,forward,nu,,130,105,tested,,2016-09..2023-10,,86,0.395349,35,34,85,0.022,2016-09,2023-05,0.231172,1000,-0.194574,0.194626,98.9,0.022,-2.2549,1.91963,0.117647,0.115412,0.618,True,False
nsd,all stable public releases,step12,primary: departure from the pre-event trend,dnskey_prev,forward,gov,,130,105,tested,,2019-05..2023-01,,45,0.422222,19,19,44,0,2019-06,2022-11,8.9548,1000,3.83323,8.77987,98.6,0.028,-0.718746,42.8822,0.157895,0.132158,0.521,True,False
nsd,all stable public releases,transient3,"secondary: transient deviation, blind to a lasting step",dnskey_prev,forward,gov,,130,105,tested,,2017-08..2023-10,,75,0.386667,30,29,74,0.92,2017-11,2023-05,0.24192,1000,-2.7492,2.39424,54.9,0.902,-9.50261,12.4852,0.103448,0.107586,0.746,False,False
nsd,all stable public releases,step12,primary: departure from the pre-event trend,dnskey_prev,forward,fed.us,,130,105,no test,no month with at least 30 in the denominator,,,,,,,,,,,,,,,,,,,,,,,
nsd,all stable public releases,transient3,"secondary: transient deviation, blind to a lasting step",dnskey_prev,forward,fed.us,,130,105,no test,no month with at least 30 in the denominator,,,,,,,,,,,,,,,,,,,,,,,
nsd,all stable public releases,step12,primary: departure from the pre-event trend,dnskey_prev,forward,ee,,130,105,no test,"the testable window 2021-07..2023-01 is 19 months, fewer than 24",2021-07..2023-01,7,,,,,,,,,,,,,,,,,,,,,
nsd,all stable public releases,transient3,"secondary: transient deviation, blind to a lasting step",dnskey_prev,forward,ee,,130,105,tested,,2019-10..2023-10,,49,0.346939,17,17,48,0.842,2019-11,2023-05,0.314095,1000,0.151316,0.364769,59.2,0.816,0,1.16903,0.117647,0.060294,0.221,False,False
nsd,all stable public releases,step12,primary: departure from the pre-event trend,dnskey_prev,forward,ch,,130,105,no test,"the testable window 2022-05..2023-01 is 9 months, fewer than 24",2022-05..2023-01,3,,,,,,,,,,,,,,,,,,,,,
nsd,all stable public releases,transient3,"secondary: transient deviation, blind to a lasting step",dnskey_prev,forward,ch,,130,105,tested,,2020-08..2023-10,,39,0.307692,12,12,38,0.32,2020-10,2023-05,0.073348,1000,0.037628,0.187552,19,0.38,-0.104079,0.428632,0.083333,0.100833,0.798,False,False
nsd,all stable public releases,step12,primary: departure from the pre-event trend,dnskey_prev,forward,li,,130,105,no test,"the testable window 2022-05..2023-01 is 9 months, fewer than 24",2022-05..2023-01,3,,,,,,,,,,,,,,,,,,,,,
nsd,all stable public releases,transient3,"secondary: transient deviation, blind to a lasting step",dnskey_prev,forward,li,,130,105,tested,,2020-08..2023-10,,39,0.307692,12,12,38,0.124,2020-10,2023-05,0.045039,1000,0.027232,0.134516,11.6,0.232,-0.066813,0.415238,0,0.098833,1,False,False
nsd,all stable public releases,step12,primary: departure from the pre-event trend,ds_prev,forward,se,,130,105,tested,,2018-06..2023-01,,56,0.428571,25,24,55,0.58,2018-06,2022-11,0.761692,1000,0.398181,0.909873,74.9,0.502,-2.8744,4.42834,0.125,0.106417,0.58,False,False
nsd,all stable public releases,transient3,"secondary: transient deviation, blind to a lasting step",ds_prev,forward,se,,130,105,tested,,2016-09..2023-10,,86,0.395349,35,34,85,0.36,2016-09,2023-05,0.103081,1000,-0.233916,0.252882,82.1,0.358,-2.35813,2.04699,0.117647,0.118265,0.649,False,False
nsd,all stable public releases,step12,primary: departure from the pre-event trend,ds_prev,forward,nu,,130,105,tested,,2018-06..2023-01,,56,0.428571,25,24,55,0.23,2018-06,2022-11,0.211149,1000,-0.326677,0.621973,63.6,0.728,-4.16505,8.94229,0.125,0.108,0.519,False,False
nsd,all stable public releases,transient3,"secondary: transient deviation, blind to a lasting step",ds_prev,forward,nu,,130,105,tested,,2016-09..2023-10,,86,0.395349,35,34,85,0.122,2016-09,2023-05,0.304572,1000,-0.116453,0.331951,94.7,0.106,-2.08783,2.15451,0.088235,0.115382,0.916,False,False
nsd,all stable public releases,step12,primary: departure from the pre-event trend,ds_prev,forward,gov,,130,105,tested,,2019-05..2023-01,,45,0.422222,19,19,44,0,2019-06,2022-11,8.88534,1000,3.74726,8.71541,97.7,0.046,-0.915004,42.8802,0.157895,0.132158,0.503,True,False
nsd,all stable public releases,transient3,"secondary: transient deviation, blind to a lasting step",ds_prev,forward,gov,,130,105,tested,,2017-08..2023-10,,75,0.386667,30,29,74,0.838,2017-11,2023-05,0.250877,1000,-2.75042,2.35774,62.2,0.756,-9.42195,12.2924,0.103448,0.10569,0.726,False,False
nsd,all stable public releases,step12,primary: departure from the pre-event trend,ds_prev,forward,fed.us,,130,105,no test,no month with at least 30 in the denominator,,,,,,,,,,,,,,,,,,,,,,,
nsd,all stable public releases,transient3,"secondary: transient deviation, blind to a lasting step",ds_prev,forward,fed.us,,130,105,no test,no month with at least 30 in the denominator,,,,,,,,,,,,,,,,,,,,,,,
nsd,all stable public releases,step12,primary: departure from the pre-event trend,ds_prev,forward,ee,,130,105,no test,"the testable window 2021-07..2023-01 is 19 months, fewer than 24",2021-07..2023-01,7,,,,,,,,,,,,,,,,,,,,,
nsd,all stable public releases,transient3,"secondary: transient deviation, blind to a lasting step",ds_prev,forward,ee,,130,105,tested,,2019-10..2023-10,,49,0.346939,17,17,48,0.816,2019-11,2023-05,0.307172,1000,0.146158,0.350363,59.7,0.806,0,1.16569,0.117647,0.060529,0.239,False,False
nsd,all stable public releases,step12,primary: departure from the pre-event trend,ds_prev,forward,ch,,130,105,no test,"the testable window 2022-05..2023-01 is 9 months, fewer than 24",2022-05..2023-01,3,,,,,,,,,,,,,,,,,,,,,
nsd,all stable public releases,transient3,"secondary: transient deviation, blind to a lasting step",ds_prev,forward,ch,,130,105,tested,,2020-08..2023-10,,39,0.307692,12,12,38,0.272,2020-10,2023-05,0.041013,1000,0.003236,0.185367,11.7,0.234,-0.187927,0.492634,0.083333,0.106083,0.796,False,False
nsd,all stable public releases,step12,primary: departure from the pre-event trend,ds_prev,forward,li,,130,105,no test,"the testable window 2022-05..2023-01 is 9 months, fewer than 24",2022-05..2023-01,3,,,,,,,,,,,,,,,,,,,,,
nsd,all stable public releases,transient3,"secondary: transient deviation, blind to a lasting step",ds_prev,forward,li,,130,105,tested,,2020-08..2023-10,,39,0.307692,12,12,38,0,2020-10,2023-05,0.011961,1000,0.021632,0.138227,3,0.06,-0.11309,0.46674,0.083333,0.104,0.818,True,False
nsd,all stable public releases,step12,primary: departure from the pre-event trend,ds_prev,reverse_panel,_pooled-afrinic-arin,,130,105,tested,,2011-03..2025-08,,174,0.373563,75,65,173,0.402,2011-03,2025-04,0.003941,1000,0.002768,0.008651,19.8,0.396,-0.048966,0.057418,0.107692,0.1034,0.477,False,False
nsd,all stable public releases,transient3,"secondary: transient deviation, blind to a lasting step",ds_prev,reverse_panel,_pooled-afrinic-arin,,130,105,tested,,2009-10..2026-05,,200,0.36,82,72,199,0.674,2009-12,2026-03,0.001244,1000,0.000246,0.001739,68.9,0.622,-0.004615,0.011897,0.125,0.103547,0.23,False,False
nsd,all stable public releases,step12,primary: departure from the pre-event trend,rrsig_prev,forward,se,,130,105,tested,,2018-06..2023-01,,56,0.428571,25,24,55,0.656,2018-06,2022-11,0.867255,1000,0.468746,1.04113,74,0.52,-3.08689,6.28008,0.125,0.106542,0.552,False,False
nsd,all stable public releases,transient3,"secondary: transient deviation, blind to a lasting step",rrsig_prev,forward,se,,130,105,tested,,2016-09..2023-10,,86,0.395349,35,34,85,0.478,2016-09,2023-05,0.07517,1000,-0.173469,0.17117,80.6,0.388,-1.78053,2.12843,0.088235,0.115059,0.817,False,False
nsd,all stable public releases,step12,primary: departure from the pre-event trend,rrsig_prev,forward,nu,,130,105,tested,,2018-06..2023-01,,56,0.428571,25,24,55,0.742,2018-06,2022-11,0.280158,1000,-0.542234,1.15993,51.1,0.978,-9.55746,17.0222,0.125,0.108542,0.517,False,False
nsd,all stable public releases,transient3,"secondary: transient deviation, blind to a lasting step",rrsig_prev,forward,nu,,130,105,tested,,2016-09..2023-10,,86,0.395349,35,34,85,0.018,2016-09,2023-05,0.232083,1000,-0.194755,0.194504,98.8,0.024,-2.25377,1.9197,0.117647,0.115,0.623,True,False
nsd,all stable public releases,step12,primary: departure from the pre-event trend,rrsig_prev,forward,gov,,130,105,tested,,2019-05..2023-01,,45,0.422222,19,19,44,0,2019-06,2022-11,8.94765,1000,3.5725,8.77707,97.8,0.044,-0.75339,42.8784,0.210526,0.133263,0.149,True,False
nsd,all stable public releases,transient3,"secondary: transient deviation, blind to a lasting step",rrsig_prev,forward,gov,,130,105,tested,,2017-08..2023-10,,75,0.386667,30,29,74,0.914,2017-11,2023-05,0.241022,1000,-2.79568,2.3955,56.5,0.87,-9.50637,12.4846,0.103448,0.105931,0.713,False,False
nsd,all stable public releases,step12,primary: departure from the pre-event trend,rrsig_prev,forward,fed.us,,130,105,no test,no month with at least 30 in the denominator,,,,,,,,,,,,,,,,,,,,,,,
nsd,all stable public releases,transient3,"secondary: transient deviation, blind to a lasting step",rrsig_prev,forward,fed.us,,130,105,no test,no month with at least 30 in the denominator,,,,,,,,,,,,,,,,,,,,,,,
nsd,all stable public releases,step12,primary: departure from the pre-event trend,rrsig_prev,forward,ee,,130,105,no test,"the testable window 2021-07..2023-01 is 19 months, fewer than 24",2021-07..2023-01,7,,,,,,,,,,,,,,,,,,,,,
nsd,all stable public releases,transient3,"secondary: transient deviation, blind to a lasting step",rrsig_prev,forward,ee,,130,105,tested,,2019-10..2023-10,,49,0.346939,17,17,48,0.848,2019-11,2023-05,0.314275,1000,0.151392,0.364881,61.1,0.778,0,1.16913,0.117647,0.059647,0.23,False,False
nsd,all stable public releases,step12,primary: departure from the pre-event trend,rrsig_prev,forward,ch,,130,105,no test,"the testable window 2022-05..2023-01 is 9 months, fewer than 24",2022-05..2023-01,3,,,,,,,,,,,,,,,,,,,,,
nsd,all stable public releases,transient3,"secondary: transient deviation, blind to a lasting step",rrsig_prev,forward,ch,,130,105,tested,,2020-08..2023-10,,39,0.307692,12,12,38,0.346,2020-10,2023-05,0.073477,1000,0.038109,0.187932,18.9,0.378,-0.104588,0.42862,0.083333,0.1065,0.807,False,False
nsd,all stable public releases,step12,primary: departure from the pre-event trend,rrsig_prev,forward,li,,130,105,no test,"the testable window 2022-05..2023-01 is 9 months, fewer than 24",2022-05..2023-01,3,,,,,,,,,,,,,,,,,,,,,
nsd,all stable public releases,transient3,"secondary: transient deviation, blind to a lasting step",rrsig_prev,forward,li,,130,105,tested,,2020-08..2023-10,,39,0.307692,12,12,38,0.136,2020-10,2023-05,0.045284,1000,0.027568,0.134605,13.9,0.278,-0.063711,0.41575,0,0.10375,1,False,False
opendnssec,all stable public releases,step12,primary: departure from the pre-event trend,dnskey_prev,forward,se,,65,52,tested,,2018-06..2023-01,,56,0.160714,9,9,55,0,2019-05,2022-11,-0.492974,1000,-0.32952,1.85786,3.3,0.066,-3.08921,6.24392,0.111111,0.111556,0.73,True,False
opendnssec,all stable public releases,transient3,"secondary: transient deviation, blind to a lasting step",dnskey_prev,forward,se,,65,52,tested,,2016-09..2023-10,,86,0.186047,21,16,85,0.13,2016-09,2023-06,-0.284085,1000,-0.280354,0.354654,5,0.1,-1.78797,2.15912,0.0625,0.115875,0.931,False,False
opendnssec,all stable public releases,step12,primary: departure from the pre-event trend,dnskey_prev,forward,nu,,65,52,tested,,2018-06..2023-01,,56,0.160714,9,9,55,0,2019-05,2022-11,-2.58964,1000,-2.2776,2.93192,3.1,0.062,-9.59992,17.0215,0.111111,0.107444,0.676,True,False
opendnssec,all stable public releases,transient3,"secondary: transient deviation, blind to a lasting step",dnskey_prev,forward,nu,,65,52,tested,,2016-09..2023-10,,86,0.186047,21,16,85,0.888,2016-09,2023-06,0.011626,1000,-0.516326,0.390412,46.1,0.922,-2.2549,1.91963,0.125,0.115,0.599,False,False
opendnssec,all stable public releases,step12,primary: departure from the pre-event trend,dnskey_prev,forward,gov,,65,52,tested,,2019-05..2023-01,,45,0.2,9,9,44,0,2019-05,2022-11,8.00106,1000,-0.233079,12.0124,63.6,0.728,-0.718746,42.8822,0.111111,0.133111,0.834,False,False
opendnssec,all stable public releases,transient3,"secondary: transient deviation, blind to a lasting step",dnskey_prev,forward,gov,,65,52,tested,,2017-08..2023-10,,75,0.146667,12,11,74,0.654,2017-08,2023-06,0.958539,1000,-5.40048,5.73233,65.7,0.686,-9.50261,12.4852,0,0.109091,1,False,False
opendnssec,all stable public releases,step12,primary: departure from the pre-event trend,dnskey_prev,forward,fed.us,,65,52,no test,no month with at least 30 in the denominator,,,,,,,,,,,,,,,,,,,,,,,
opendnssec,all stable public releases,transient3,"secondary: transient deviation, blind to a lasting step",dnskey_prev,forward,fed.us,,65,52,no test,no month with at least 30 in the denominator,,,,,,,,,,,,,,,,,,,,,,,
opendnssec,all stable public releases,step12,primary: departure from the pre-event trend,dnskey_prev,forward,ee,,65,52,no test,"the testable window 2021-07..2023-01 is 19 months, fewer than 24",2021-07..2023-01,3,,,,,,,,,,,,,,,,,,,,,
opendnssec,all stable public releases,transient3,"secondary: transient deviation, blind to a lasting step",dnskey_prev,forward,ee,,65,52,tested,,2019-10..2023-10,,49,0.183673,9,9,48,0.846,2019-11,2023-06,0.264915,1000,0.136356,0.382949,42.9,0.858,0,1.16903,0,0.064111,1,False,False
opendnssec,all stable public releases,step12,primary: departure from the pre-event trend,dnskey_prev,forward,ch,,65,52,no test,"the testable window 2022-05..2023-01 is 9 months, fewer than 24",2022-05..2023-01,2,,,,,,,,,,,,,,,,,,,,,
opendnssec,all stable public releases,transient3,"secondary: transient deviation, blind to a lasting step",dnskey_prev,forward,ch,,65,52,tested,,2020-08..2023-10,,39,0.179487,7,7,38,0.546,2020-10,2023-06,0.133778,1000,0.003184,0.241833,68.2,0.636,-0.104079,0.428632,0,0.104714,1,False,False
opendnssec,all stable public releases,step12,primary: departure from the pre-event trend,dnskey_prev,forward,li,,65,52,no test,"the testable window 2022-05..2023-01 is 9 months, fewer than 24",2022-05..2023-01,2,,,,,,,,,,,,,,,,,,,,,
opendnssec,all stable public releases,transient3,"secondary: transient deviation, blind to a lasting step",dnskey_prev,forward,li,,65,52,tested,,2020-08..2023-10,,39,0.179487,7,7,38,0.818,2020-10,2023-06,0.090348,1000,-0.00479,0.195212,54.4,0.912,-0.066813,0.415238,0,0.110143,1,False,False
opendnssec,all stable public releases,step12,primary: departure from the pre-event trend,ds_prev,forward,se,,65,52,tested,,2018-06..2023-01,,56,0.160714,9,9,55,0,2019-05,2022-11,-0.328516,1000,-0.335687,1.65749,5.6,0.112,-2.8744,4.42834,0.111111,0.109556,0.75,False,False
opendnssec,all stable public releases,transient3,"secondary: transient deviation, blind to a lasting step",ds_prev,forward,se,,65,52,tested,,2016-09..2023-10,,86,0.186047,21,16,85,0.198,2016-09,2023-06,-0.264643,1000,-0.488314,0.423132,9.2,0.184,-2.35813,2.04699,0.0625,0.11975,0.907,False,False
opendnssec,all stable public releases,step12,primary: departure from the pre-event trend,ds_prev,forward,nu,,65,52,tested,,2018-06..2023-01,,56,0.160714,9,9,55,0,2019-05,2022-11,-1.45368,1000,-1.28454,1.59496,3.4,0.068,-4.16505,8.94229,0.111111,0.105333,0.664,True,False
opendnssec,all stable public releases,transient3,"secondary: transient deviation, blind to a lasting step",ds_prev,forward,nu,,65,52,tested,,2016-09..2023-10,,86,0.186047,21,16,85,0.456,2016-09,2023-06,0.312188,1000,-0.363758,0.46834,73.3,0.534,-2.08783,2.15451,0.1875,0.116687,0.332,False,False
opendnssec,all stable public releases,step12,primary: departure from the pre-event trend,ds_prev,forward,gov,,65,52,tested,,2019-05..2023-01,,45,0.2,9,9,44,0,2019-05,2022-11,7.96758,1000,-0.330299,11.9404,63.3,0.734,-0.915004,42.8802,0.111111,0.133889,0.849,False,False
opendnssec,all stable public releases,transient3,"secondary: transient deviation, blind to a lasting step",ds_prev,forward,gov,,65,52,tested,,2017-08..2023-10,,75,0.146667,12,11,74,0.656,2017-08,2023-06,0.914948,1000,-5.3836,5.6727,63.2,0.736,-9.42195,12.2924,0,0.108273,1,False,False
opendnssec,all stable public releases,step12,primary: departure from the pre-event trend,ds_prev,forward,fed.us,,65,52,no test,no month with at least 30 in the denominator,,,,,,,,,,,,,,,,,,,,,,,
opendnssec,all stable public releases,transient3,"secondary: transient deviation, blind to a lasting step",ds_prev,forward,fed.us,,65,52,no test,no month with at least 30 in the denominator,,,,,,,,,,,,,,,,,,,,,,,
opendnssec,all stable public releases,step12,primary: departure from the pre-event trend,ds_prev,forward,ee,,65,52,no test,"the testable window 2021-07..2023-01 is 19 months, fewer than 24",2021-07..2023-01,3,,,,,,,,,,,,,,,,,,,,,
opendnssec,all stable public releases,transient3,"secondary: transient deviation, blind to a lasting step",ds_prev,forward,ee,,65,52,tested,,2019-10..2023-10,,49,0.183673,9,9,48,0.824,2019-11,2023-06,0.254768,1000,0.125516,0.363191,42.5,0.85,0,1.16569,0,0.060889,1,False,False
opendnssec,all stable public releases,step12,primary: departure from the pre-event trend,ds_prev,forward,ch,,65,52,no test,"the testable window 2022-05..2023-01 is 9 months, fewer than 24",2022-05..2023-01,2,,,,,,,,,,,,,,,,,,,,,
opendnssec,all stable public releases,transient3,"secondary: transient deviation, blind to a lasting step",ds_prev,forward,ch,,65,52,tested,,2020-08..2023-10,,39,0.179487,7,7,38,0.69,2020-10,2023-06,0.088229,1000,-0.054057,0.302099,35.6,0.712,-0.187927,0.492634,0,0.109143,1,False,False
opendnssec,all stable public releases,step12,primary: departure from the pre-event trend,ds_prev,forward,li,,65,52,no test,"the testable window 2022-05..2023-01 is 9 months, fewer than 24",2022-05..2023-01,2,,,,,,,,,,,,,,,,,,,,,
opendnssec,all stable public releases,transient3,"secondary: transient deviation, blind to a lasting step",ds_prev,forward,li,,65,52,tested,,2020-08..2023-10,,39,0.179487,7,7,38,0.574,2020-10,2023-06,0.046975,1000,-0.030083,0.170897,28.2,0.564,-0.11309,0.46674,0,0.104143,1,False,False
opendnssec,all stable public releases,step12,primary: departure from the pre-event trend,ds_prev,reverse_panel,_pooled-afrinic-arin,,65,52,tested,,2011-03..2025-08,,174,0.270115,60,47,173,0.434,2011-03,2024-08,0.00293,1000,-0.004486,0.013493,22,0.44,-0.048966,0.057418,0.042553,0.104319,0.899,False,False
opendnssec,all stable public releases,transient3,"secondary: transient deviation, blind to a lasting step",ds_prev,reverse_panel,_pooled-afrinic-arin,,65,52,tested,,2009-10..2026-05,,200,0.255,63,51,199,0.56,2010-02,2024-08,0.000411,1000,-0.000404,0.002303,29,0.58,-0.004615,0.011897,0.019608,0.1045,0.976,False,False
opendnssec,all stable public releases,step12,primary: departure from the pre-event trend,rrsig_prev,forward,se,,65,52,tested,,2018-06..2023-01,,56,0.160714,9,9,55,0,2019-05,2022-11,-0.484645,1000,-0.459968,1.86359,4,0.08,-3.08689,6.28008,0.111111,0.110222,0.728,True,False
opendnssec,all stable public releases,transient3,"secondary: transient deviation, blind to a lasting step",rrsig_prev,forward,se,,65,52,tested,,2016-09..2023-10,,86,0.186047,21,16,85,0.166,2016-09,2023-06,-0.274227,1000,-0.278755,0.319734,5.7,0.114,-1.78053,2.12843,0.0625,0.117438,0.923,False,False
opendnssec,all stable public releases,step12,primary: departure from the pre-event trend,rrsig_prev,forward,nu,,65,52,tested,,2018-06..2023-01,,56,0.160714,9,9,55,0,2019-05,2022-11,-2.58421,1000,-2.27216,2.74215,3.7,0.074,-9.55746,17.0222,0.111111,0.105222,0.679,True,False
opendnssec,all stable public releases,transient3,"secondary: transient deviation, blind to a lasting step",rrsig_prev,forward,nu,,65,52,tested,,2016-09..2023-10,,86,0.186047,21,16,85,0.96,2016-09,2023-06,0.011789,1000,-0.351239,0.42019,43.7,0.874,-2.25377,1.9197,0.125,0.118313,0.619,False,False
opendnssec,all stable public releases,step12,primary: departure from the pre-event trend,rrsig_prev,forward,gov,,65,52,tested,,2019-05..2023-01,,45,0.2,9,9,44,0,2019-05,2022-11,8.00239,1000,-0.229696,13.1695,63.7,0.726,-0.75339,42.8784,0.111111,0.135889,0.893,False,False
opendnssec,all stable public releases,transient3,"secondary: transient deviation, blind to a lasting step",rrsig_prev,forward,gov,,65,52,tested,,2017-08..2023-10,,75,0.146667,12,11,74,0.652,2017-08,2023-06,0.957008,1000,-5.4298,4.75085,65.6,0.688,-9.50637,12.4846,0,0.110909,1,False,False
opendnssec,all stable public releases,step12,primary: departure from the pre-event trend,rrsig_prev,forward,fed.us,,65,52,no test,no month with at least 30 in the denominator,,,,,,,,,,,,,,,,,,,,,,,
opendnssec,all stable public releases,transient3,"secondary: transient deviation, blind to a lasting step",rrsig_prev,forward,fed.us,,65,52,no test,no month with at least 30 in the denominator,,,,,,,,,,,,,,,,,,,,,,,
opendnssec,all stable public releases,step12,primary: departure from the pre-event trend,rrsig_prev,forward,ee,,65,52,no test,"the testable window 2021-07..2023-01 is 19 months, fewer than 24",2021-07..2023-01,3,,,,,,,,,,,,,,,,,,,,,
opendnssec,all stable public releases,transient3,"secondary: transient deviation, blind to a lasting step",rrsig_prev,forward,ee,,65,52,tested,,2019-10..2023-10,,49,0.183673,9,9,48,0.818,2019-11,2023-06,0.265098,1000,0.121122,0.383099,43.7,0.874,0,1.16913,0,0.060667,1,False,False
opendnssec,all stable public releases,step12,primary: departure from the pre-event trend,rrsig_prev,forward,ch,,65,52,no test,"the testable window 2022-05..2023-01 is 9 months, fewer than 24",2022-05..2023-01,2,,,,,,,,,,,,,,,,,,,,,
opendnssec,all stable public releases,transient3,"secondary: transient deviation, blind to a lasting step",rrsig_prev,forward,ch,,65,52,tested,,2020-08..2023-10,,39,0.179487,7,7,38,0.592,2020-10,2023-06,0.133398,1000,0.001801,0.241623,71,0.58,-0.104588,0.42862,0,0.098,1,False,False
opendnssec,all stable public releases,step12,primary: departure from the pre-event trend,rrsig_prev,forward,li,,65,52,no test,"the testable window 2022-05..2023-01 is 9 months, fewer than 24",2022-05..2023-01,2,,,,,,,,,,,,,,,,,,,,,
opendnssec,all stable public releases,transient3,"secondary: transient deviation, blind to a lasting step",rrsig_prev,forward,li,,65,52,tested,,2020-08..2023-10,,39,0.179487,7,7,38,0.878,2020-10,2023-06,0.090405,1000,-0.004474,0.162983,57.9,0.842,-0.063711,0.41575,0,0.102143,1,False,False
pdns-auth,all stable public releases,step12,primary: departure from the pre-event trend,dnskey_prev,forward,se,,132,85,tested,,2018-06..2023-01,,56,0.375,41,21,55,0.938,2018-08,2022-12,0.667548,1000,0.102967,1.25897,40.7,0.814,-3.08921,6.24392,0.142857,0.107,0.352,False,False
pdns-auth,all stable public releases,transient3,"secondary: transient deviation, blind to a lasting step",dnskey_prev,forward,se,,132,85,tested,,2016-09..2023-10,,86,0.372093,56,32,85,0.96,2016-09,2023-10,-0.028537,1000,-0.237235,0.198874,45.4,0.908,-1.78797,2.15912,0.0625,0.115125,0.964,False,False
pdns-auth,all stable public releases,step12,primary: departure from the pre-event trend,dnskey_prev,forward,nu,,132,85,tested,,2018-06..2023-01,,56,0.375,41,21,55,0,2018-08,2022-12,0.998225,1000,-0.98104,1.51546,85.1,0.298,-9.59992,17.0215,0.095238,0.108476,0.763,False,False
pdns-auth,all stable public releases,transient3,"secondary: transient deviation, blind to a lasting step",dnskey_prev,forward,nu,,132,85,tested,,2016-09..2023-10,,86,0.372093,56,32,85,0.616,2016-09,2023-10,0.093156,1000,-0.224696,0.218763,71.3,0.574,-2.2549,1.91963,0.0625,0.118031,0.975,False,False
pdns-auth,all stable public releases,step12,primary: departure from the pre-event trend,dnskey_prev,forward,gov,,132,85,tested,,2019-05..2023-01,,45,0.377778,34,17,44,0,2019-06,2022-12,8.91218,1000,3.08133,10.6805,85.6,0.288,-0.718746,42.8822,0.235294,0.128235,0.104,False,False
pdns-auth,all stable public releases,transient3,"secondary: transient deviation, blind to a lasting step",dnskey_prev,forward,gov,,132,85,tested,,2017-08..2023-10,,75,0.386667,51,29,74,0.85,2017-11,2023-10,-0.378027,1000,-2.42031,2.48034,39.4,0.788,-9.50261,12.4852,0.068966,0.106276,0.975,False,False
pdns-auth,all stable public releases,step12,primary: departure from the pre-event trend,dnskey_prev,forward,fed.us,,132,85,no test,no month with at least 30 in the denominator,,,,,,,,,,,,,,,,,,,,,,,
pdns-auth,all stable public releases,transient3,"secondary: transient deviation, blind to a lasting step",dnskey_prev,forward,fed.us,,132,85,no test,no month with at least 30 in the denominator,,,,,,,,,,,,,,,,,,,,,,,
pdns-auth,all stable public releases,step12,primary: departure from the pre-event trend,dnskey_prev,forward,ee,,132,85,no test,"the testable window 2021-07..2023-01 is 19 months, fewer than 24",2021-07..2023-01,8,,,,,,,,,,,,,,,,,,,,,
pdns-auth,all stable public releases,transient3,"secondary: transient deviation, blind to a lasting step",dnskey_prev,forward,ee,,132,85,tested,,2019-10..2023-10,,49,0.387755,31,19,48,0.056,2019-11,2023-10,0.215831,1000,0.210874,0.366853,7.4,0.148,0,1.16903,0.052632,0.062105,0.83,False,False
pdns-auth,all stable public releases,step12,primary: departure from the pre-event trend,dnskey_prev,forward,ch,,132,85,no test,"the testable window 2022-05..2023-01 is 9 months, fewer than 24",2022-05..2023-01,4,,,,,,,,,,,,,,,,,,,,,
pdns-auth,all stable public releases,transient3,"secondary: transient deviation, blind to a lasting step",dnskey_prev,forward,ch,,132,85,tested,,2020-08..2023-10,,39,0.435897,28,17,38,0.666,2020-09,2023-10,0.105998,1000,0.04813,0.18634,61.7,0.766,-0.104079,0.428632,0.176471,0.100529,0.151,False,False
pdns-auth,all stable public releases,step12,primary: departure from the pre-event trend,dnskey_prev,forward,li,,132,85,no test,"the testable window 2022-05..2023-01 is 9 months, fewer than 24",2022-05..2023-01,4,,,,,,,,,,,,,,,,,,,,,
pdns-auth,all stable public releases,transient3,"secondary: transient deviation, blind to a lasting step",dnskey_prev,forward,li,,132,85,tested,,2020-08..2023-10,,39,0.435897,28,17,38,0.722,2020-09,2023-10,0.06656,1000,0.049823,0.118421,30.7,0.614,-0.066813,0.415238,0.058824,0.102765,0.921,False,False
pdns-auth,all stable public releases,step12,primary: departure from the pre-event trend,ds_prev,forward,se,,132,85,tested,,2018-06..2023-01,,56,0.375,41,21,55,0.972,2018-08,2022-12,0.58791,1000,0.067169,1.06794,35.4,0.708,-2.8744,4.42834,0.142857,0.107476,0.376,False,False
pdns-auth,all stable public releases,transient3,"secondary: transient deviation, blind to a lasting step",ds_prev,forward,se,,132,85,tested,,2016-09..2023-10,,86,0.372093,56,32,85,0.566,2016-09,2023-10,0.051509,1000,-0.220074,0.224782,69.3,0.614,-2.35813,2.04699,0.09375,0.117031,0.815,False,False
pdns-auth,all stable public releases,step12,primary: departure from the pre-event trend,ds_prev,forward,nu,,132,85,tested,,2018-06..2023-01,,56,0.375,41,21,55,0,2018-08,2022-12,0.468563,1000,-0.608258,0.872665,79.7,0.406,-4.16505,8.94229,0.047619,0.107429,0.979,False,False
pdns-auth,all stable public releases,transient3,"secondary: transient deviation, blind to a lasting step",ds_prev,forward,nu,,132,85,tested,,2016-09..2023-10,,86,0.372093,56,32,85,0.404,2016-09,2023-10,0.194325,1000,-0.12749,0.322728,79.2,0.416,-2.08783,2.15451,0.0625,0.117156,1,False,False
pdns-auth,all stable public releases,step12,primary: departure from the pre-event trend,ds_prev,forward,gov,,132,85,tested,,2019-05..2023-01,,45,0.377778,34,17,44,0,2019-06,2022-12,8.8447,1000,2.98214,10.6135,87.2,0.256,-0.915004,42.8802,0.235294,0.128706,0.113,False,False
pdns-auth,all stable public releases,transient3,"secondary: transient deviation, blind to a lasting step",ds_prev,forward,gov,,132,85,tested,,2017-08..2023-10,,75,0.386667,51,29,74,0.848,2017-11,2023-10,-0.386379,1000,-2.02972,2.46458,38.6,0.772,-9.42195,12.2924,0.068966,0.105966,0.967,False,False
pdns-auth,all stable public releases,step12,primary: departure from the pre-event trend,ds_prev,forward,fed.us,,132,85,no test,no month with at least 30 in the denominator,,,,,,,,,,,,,,,,,,,,,,,
pdns-auth,all stable public releases,transient3,"secondary: transient deviation, blind to a lasting step",ds_prev,forward,fed.us,,132,85,no test,no month with at least 30 in the denominator,,,,,,,,,,,,,,,,,,,,,,,
pdns-auth,all stable public releases,step12,primary: departure from the pre-event trend,ds_prev,forward,ee,,132,85,no test,"the testable window 2021-07..2023-01 is 19 months, fewer than 24",2021-07..2023-01,8,,,,,,,,,,,,,,,,,,,,,
pdns-auth,all stable public releases,transient3,"secondary: transient deviation, blind to a lasting step",ds_prev,forward,ee,,132,85,tested,,2019-10..2023-10,,49,0.387755,31,19,48,0,2019-11,2023-10,0.199789,1000,0.196357,0.352609,6.4,0.128,0,1.16569,0.052632,0.061211,0.85,False,False
pdns-auth,all stable public releases,step12,primary: departure from the pre-event trend,ds_prev,forward,ch,,132,85,no test,"the testable window 2022-05..2023-01 is 9 months, fewer than 24",2022-05..2023-01,4,,,,,,,,,,,,,,,,,,,,,
pdns-auth,all stable public releases,transient3,"secondary: transient deviation, blind to a lasting step",ds_prev,forward,ch,,132,85,tested,,2020-08..2023-10,,39,0.435897,28,17,38,0.87,2020-09,2023-10,0.091204,1000,0.036802,0.178892,42,0.84,-0.187927,0.492634,0.176471,0.098765,0.139,False,False
pdns-auth,all stable public releases,step12,primary: departure from the pre-event trend,ds_prev,forward,li,,132,85,no test,"the testable window 2022-05..2023-01 is 9 months, fewer than 24",2022-05..2023-01,4,,,,,,,,,,,,,,,,,,,,,
pdns-auth,all stable public releases,transient3,"secondary: transient deviation, blind to a lasting step",ds_prev,forward,li,,132,85,tested,,2020-08..2023-10,,39,0.435897,28,17,38,0.762,2020-09,2023-10,0.071939,1000,0.03512,0.128106,32.7,0.654,-0.11309,0.46674,0.117647,0.101941,0.652,False,False
pdns-auth,all stable public releases,step12,primary: departure from the pre-event trend,ds_prev,reverse_panel,_pooled-afrinic-arin,,132,85,tested,,2011-03..2025-08,,174,0.33908,89,59,173,0.742,2011-07,2025-08,0.006789,1000,0.000711,0.01023,59.3,0.814,-0.048966,0.057418,0.101695,0.103102,0.609,False,False
pdns-auth,all stable public releases,transient3,"secondary: transient deviation, blind to a lasting step",ds_prev,reverse_panel,_pooled-afrinic-arin,,132,85,tested,,2009-10..2026-05,,200,0.325,101,65,199,0,2011-07,2026-05,0.00243,1000,-0.000112,0.00185,100,0,-0.004615,0.011897,0.138462,0.102668,0.149,True,False
pdns-auth,all stable public releases,step12,primary: departure from the pre-event trend,rrsig_prev,forward,se,,132,85,tested,,2018-06..2023-01,,56,0.375,41,21,55,0.924,2018-08,2022-12,0.679249,1000,0.109864,1.26356,37.5,0.75,-3.08689,6.28008,0.142857,0.105857,0.334,False,False
pdns-auth,all stable public releases,transient3,"secondary: transient deviation, blind to a lasting step",rrsig_prev,forward,se,,132,85,tested,,2016-09..2023-10,,86,0.372093,56,32,85,0.976,2016-09,2023-10,-0.027356,1000,-0.178814,0.199922,45.7,0.914,-1.78053,2.12843,0.0625,0.116187,0.954,False,False
pdns-auth,all stable public releases,step12,primary: departure from the pre-event trend,rrsig_prev,forward,nu,,132,85,tested,,2018-06..2023-01,,56,0.375,41,21,55,0,2018-08,2022-12,1.00252,1000,-0.987752,1.51357,82.9,0.342,-9.55746,17.0222,0.095238,0.110048,0.775,False,False
pdns-auth,all stable public releases,transient3,"secondary: transient deviation, blind to a lasting step",rrsig_prev,forward,nu,,132,85,tested,,2016-09..2023-10,,86,0.372093,56,32,85,0.594,2016-09,2023-10,0.093395,1000,-0.221409,0.187141,69.8,0.604,-2.25377,1.9197,0.0625,0.114906,0.971,False,False
pdns-auth,all stable public releases,step12,primary: departure from the pre-event trend,rrsig_prev,forward,gov,,132,85,tested,,2019-05..2023-01,,45,0.377778,34,17,44,0,2019-06,2022-12,8.91195,1000,2.74259,10.6746,85.2,0.296,-0.75339,42.8784,0.176471,0.132647,0.414,False,False
pdns-auth,all stable public releases,transient3,"secondary: transient deviation, blind to a lasting step",rrsig_prev,forward,gov,,132,85,tested,,2017-08..2023-10,,75,0.386667,51,29,74,0.806,2017-11,2023-10,-0.378009,1000,-2.42108,2.45623,39.9,0.798,-9.50637,12.4846,0.068966,0.105517,0.968,False,False
pdns-auth,all stable public releases,step12,primary: departure from the pre-event trend,rrsig_prev,forward,fed.us,,132,85,no test,no month with at least 30 in the denominator,,,,,,,,,,,,,,,,,,,,,,,
pdns-auth,all stable public releases,transient3,"secondary: transient deviation, blind to a lasting step",rrsig_prev,forward,fed.us,,132,85,no test,no month with at least 30 in the denominator,,,,,,,,,,,,,,,,,,,,,,,
pdns-auth,all stable public releases,step12,primary: departure from the pre-event trend,rrsig_prev,forward,ee,,132,85,no test,"the testable window 2021-07..2023-01 is 19 months, fewer than 24",2021-07..2023-01,8,,,,,,,,,,,,,,,,,,,,,
pdns-auth,all stable public releases,transient3,"secondary: transient deviation, blind to a lasting step",rrsig_prev,forward,ee,,132,85,tested,,2019-10..2023-10,,49,0.387755,31,19,48,0.046,2019-11,2023-10,0.215937,1000,0.210969,0.367014,9.5,0.19,0,1.16913,0.052632,0.062316,0.825,False,False
pdns-auth,all stable public releases,step12,primary: departure from the pre-event trend,rrsig_prev,forward,ch,,132,85,no test,"the testable window 2022-05..2023-01 is 9 months, fewer than 24",2022-05..2023-01,4,,,,,,,,,,,,,,,,,,,,,
pdns-auth,all stable public releases,transient3,"secondary: transient deviation, blind to a lasting step",rrsig_prev,forward,ch,,132,85,tested,,2020-08..2023-10,,39,0.435897,28,17,38,0.69,2020-09,2023-10,0.106094,1000,0.048316,0.186459,59.1,0.818,-0.104588,0.42862,0.176471,0.100647,0.154,False,False
pdns-auth,all stable public releases,step12,primary: departure from the pre-event trend,rrsig_prev,forward,li,,132,85,no test,"the testable window 2022-05..2023-01 is 9 months, fewer than 24",2022-05..2023-01,4,,,,,,,,,,,,,,,,,,,,,
pdns-auth,all stable public releases,transient3,"secondary: transient deviation, blind to a lasting step",rrsig_prev,forward,li,,132,85,tested,,2020-08..2023-10,,39,0.435897,28,17,38,0.67,2020-09,2023-10,0.066329,1000,0.041669,0.118359,31.6,0.632,-0.063711,0.41575,0.058824,0.103706,0.922,False,False
pdns-rec,all stable public releases,step12,primary: departure from the pre-event trend,dnskey_prev,forward,se,,171,86,tested,,2018-06..2023-01,,56,0.535714,64,30,55,0,2018-08,2023-01,0.199516,1000,0.298753,1.24125,0,0,-3.08921,6.24392,0.133333,0.1066,0.33,True,False
pdns-rec,all stable public releases,transient3,"secondary: transient deviation, blind to a lasting step",dnskey_prev,forward,se,,171,86,tested,,2016-09..2023-10,,86,0.488372,83,42,85,0.76,2016-09,2023-08,0.026849,1000,-0.193081,0.156437,60.6,0.788,-1.78797,2.15912,0.119048,0.11731,0.557,False,False
pdns-rec,all stable public releases,step12,primary: departure from the pre-event trend,dnskey_prev,forward,nu,,171,86,tested,,2018-06..2023-01,,56,0.535714,64,30,55,0,2018-08,2023-01,-0.499926,1000,-0.833895,1.33099,8.7,0.174,-9.59992,17.0215,0.066667,0.108567,0.979,False,False
pdns-rec,all stable public releases,transient3,"secondary: transient deviation, blind to a lasting step",dnskey_prev,forward,nu,,171,86,tested,,2016-09..2023-10,,86,0.488372,83,42,85,0.78,2016-09,2023-08,0.002498,1000,-0.183635,0.182878,42.8,0.856,-2.2549,1.91963,0.095238,0.116476,0.862,False,False
pdns-rec,all stable public releases,step12,primary: departure from the pre-event trend,dnskey_prev,forward,gov,,171,86,tested,,2019-05..2023-01,,45,0.577778,54,26,44,0,2019-05,2023-01,6.019,1000,3.63696,9.29024,38.2,0.764,-0.718746,42.8822,0.153846,0.133885,0.388,False,False
pdns-rec,all stable public releases,transient3,"secondary: transient deviation, blind to a lasting step",dnskey_prev,forward,gov,,171,86,tested,,2017-08..2023-10,,75,0.506667,78,38,74,0.912,2017-11,2023-08,-0.109966,1000,-2.23688,2.4162,47.1,0.942,-9.50261,12.4852,0.105263,0.107395,0.659,False,False
pdns-rec,all stable public releases,step12,primary: departure from the pre-event trend,dnskey_prev,forward,fed.us,,171,86,no test,no month with at least 30 in the denominator,,,,,,,,,,,,,,,,,,,,,,,
pdns-rec,all stable public releases,transient3,"secondary: transient deviation, blind to a lasting step",dnskey_prev,forward,fed.us,,171,86,no test,no month with at least 30 in the denominator,,,,,,,,,,,,,,,,,,,,,,,
pdns-rec,all stable public releases,step12,primary: departure from the pre-event trend,dnskey_prev,forward,ee,,171,86,no test,"the testable window 2021-07..2023-01 is 19 months, fewer than 24",2021-07..2023-01,11,,,,,,,,,,,,,,,,,,,,,
pdns-rec,all stable public releases,transient3,"secondary: transient deviation, blind to a lasting step",dnskey_prev,forward,ee,,171,86,tested,,2019-10..2023-10,,49,0.530612,59,26,48,0.314,2019-11,2023-08,0.233889,1000,0.203519,0.335747,17.2,0.344,0,1.16903,0.038462,0.062,0.972,False,False
pdns-rec,all stable public releases,step12,primary: departure from the pre-event trend,dnskey_prev,forward,ch,,171,86,no test,"the testable window 2022-05..2023-01 is 9 months, fewer than 24",2022-05..2023-01,7,,,,,,,,,,,,,,,,,,,,,
pdns-rec,all stable public releases,transient3,"secondary: transient deviation, blind to a lasting step",dnskey_prev,forward,ch,,171,86,tested,,2020-08..2023-10,,39,0.538462,48,21,38,0.124,2020-09,2023-08,0.147889,1000,0.038689,0.153388,94,0.12,-0.104079,0.428632,0.095238,0.103333,0.841,False,False
pdns-rec,all stable public releases,step12,primary: departure from the pre-event trend,dnskey_prev,forward,li,,171,86,no test,"the testable window 2022-05..2023-01 is 9 months, fewer than 24",2022-05..2023-01,7,,,,,,,,,,,,,,,,,,,,,
pdns-rec,all stable public releases,transient3,"secondary: transient deviation, blind to a lasting step",dnskey_prev,forward,li,,171,86,tested,,2020-08..2023-10,,39,0.538462,48,21,38,0.496,2020-09,2023-08,0.101129,1000,0.042651,0.118354,78.3,0.434,-0.066813,0.415238,0.095238,0.103571,0.791,False,False
pdns-rec,all stable public releases,step12,primary: departure from the pre-event trend,ds_prev,forward,se,,171,86,tested,,2018-06..2023-01,,56,0.535714,64,30,55,0,2018-08,2023-01,0.146607,1000,0.290684,1.08504,0,0,-2.8744,4.42834,0.1,0.108467,0.797,True,False
pdns-rec,all stable public releases,transient3,"secondary: transient deviation, blind to a lasting step",ds_prev,forward,se,,171,86,tested,,2016-09..2023-10,,86,0.488372,83,42,85,0.438,2016-09,2023-08,0.072144,1000,-0.249173,0.211809,72,0.56,-2.35813,2.04699,0.142857,0.116738,0.315,False,False
pdns-rec,all stable public releases,step12,primary: departure from the pre-event trend,ds_prev,forward,nu,,171,86,tested,,2018-06..2023-01,,56,0.535714,64,30,55,0,2018-08,2023-01,-0.257329,1000,-0.290974,0.71476,7.6,0.152,-4.16505,8.94229,0.066667,0.109467,0.984,False,False
pdns-rec,all stable public releases,transient3,"secondary: transient deviation, blind to a lasting step",ds_prev,forward,nu,,171,86,tested,,2016-09..2023-10,,86,0.488372,83,42,85,0.828,2016-09,2023-08,0.059772,1000,-0.10942,0.292421,41.9,0.838,-2.08783,2.15451,0.071429,0.116167,0.949,False,False
pdns-rec,all stable public releases,step12,primary: departure from the pre-event trend,ds_prev,forward,gov,,171,86,tested,,2019-05..2023-01,,45,0.577778,54,26,44,0,2019-05,2023-01,5.9649,1000,3.54857,9.22974,39.8,0.796,-0.915004,42.8802,0.153846,0.134577,0.404,False,False
pdns-rec,all stable public releases,transient3,"secondary: transient deviation, blind to a lasting step",ds_prev,forward,gov,,171,86,tested,,2017-08..2023-10,,75,0.506667,78,38,74,0.968,2017-11,2023-08,-0.105407,1000,-2.39516,2.39742,52.1,0.958,-9.42195,12.2924,0.105263,0.106158,0.646,False,False
pdns-rec,all stable public releases,step12,primary: departure from the pre-event trend,ds_prev,forward,fed.us,,171,86,no test,no month with at least 30 in the denominator,,,,,,,,,,,,,,,,,,,,,,,
pdns-rec,all stable public releases,transient3,"secondary: transient deviation, blind to a lasting step",ds_prev,forward,fed.us,,171,86,no test,no month with at least 30 in the denominator,,,,,,,,,,,,,,,,,,,,,,,
pdns-rec,all stable public releases,step12,primary: departure from the pre-event trend,ds_prev,forward,ee,,171,86,no test,"the testable window 2021-07..2023-01 is 19 months, fewer than 24",2021-07..2023-01,11,,,,,,,,,,,,,,,,,,,,,
pdns-rec,all stable public releases,transient3,"secondary: transient deviation, blind to a lasting step",ds_prev,forward,ee,,171,86,tested,,2019-10..2023-10,,49,0.530612,59,26,48,0.316,2019-11,2023-08,0.227078,1000,0.194986,0.325597,18.9,0.378,0,1.16569,0.038462,0.061615,0.984,False,False
pdns-rec,all stable public releases,step12,primary: departure from the pre-event trend,ds_prev,forward,ch,,171,86,no test,"the testable window 2022-05..2023-01 is 9 months, fewer than 24",2022-05..2023-01,7,,,,,,,,,,,,,,,,,,,,,
pdns-rec,all stable public releases,transient3,"secondary: transient deviation, blind to a lasting step",ds_prev,forward,ch,,171,86,tested,,2020-08..2023-10,,39,0.538462,48,21,38,0.178,2020-09,2023-08,0.143155,1000,0.029884,0.15819,92.8,0.144,-0.187927,0.492634,0.095238,0.103524,0.819,False,False
pdns-rec,all stable public releases,step12,primary: departure from the pre-event trend,ds_prev,forward,li,,171,86,no test,"the testable window 2022-05..2023-01 is 9 months, fewer than 24",2022-05..2023-01,7,,,,,,,,,,,,,,,,,,,,,
pdns-rec,all stable public releases,transient3,"secondary: transient deviation, blind to a lasting step",ds_prev,forward,li,,171,86,tested,,2020-08..2023-10,,39,0.538462,48,21,38,0.78,2020-09,2023-08,0.095504,1000,0.037706,0.118231,63.3,0.734,-0.11309,0.46674,0.047619,0.105571,1,False,False
pdns-rec,all stable public releases,step12,primary: departure from the pre-event trend,ds_prev,reverse_panel,_pooled-afrinic-arin,,171,86,tested,,2011-03..2025-08,,174,0.396552,135,69,173,0.602,2013-04,2025-08,0.007537,1000,0.001667,0.01158,75.9,0.482,-0.048966,0.057418,0.115942,0.106826,0.507,False,False
pdns-rec,all stable public releases,transient3,"secondary: transient deviation, blind to a lasting step",ds_prev,reverse_panel,_pooled-afrinic-arin,,171,86,tested,,2009-10..2026-05,,200,0.385,152,77,199,0.816,2009-12,2026-04,0.000744,1000,-7.6e-05,0.00216,38.8,0.776,-0.004615,0.011897,0.168831,0.103495,0.016,False,True
pdns-rec,all stable public releases,step12,primary: departure from the pre-event trend,rrsig_prev,forward,se,,171,86,tested,,2018-06..2023-01,,56,0.535714,64,30,55,0,2018-08,2023-01,0.204037,1000,0.313209,1.24546,0,0,-3.08689,6.28008,0.133333,0.106567,0.314,True,False
pdns-rec,all stable public releases,transient3,"secondary: transient deviation, blind to a lasting step",rrsig_prev,forward,se,,171,86,tested,,2016-09..2023-10,,86,0.488372,83,42,85,0.782,2016-09,2023-08,0.0243,1000,-0.192555,0.151859,61,0.78,-1.78053,2.12843,0.119048,0.115571,0.522,False,False
pdns-rec,all stable public releases,step12,primary: departure from the pre-event trend,rrsig_prev,forward,nu,,171,86,tested,,2018-06..2023-01,,56,0.535714,64,30,55,0,2018-08,2023-01,-0.498645,1000,-0.827397,1.24814,9.7,0.194,-9.55746,17.0222,0.066667,0.108133,0.982,False,False
pdns-rec,all stable public releases,transient3,"secondary: transient deviation, blind to a lasting step",rrsig_prev,forward,nu,,171,86,tested,,2016-09..2023-10,,86,0.488372,83,42,85,0.814,2016-09,2023-08,0.002464,1000,-0.183979,0.181716,46.1,0.922,-2.25377,1.9197,0.095238,0.116976,0.854,False,False
pdns-rec,all stable public releases,step12,primary: departure from the pre-event trend,rrsig_prev,forward,gov,,171,86,tested,,2019-05..2023-01,,45,0.577778,54,26,44,0,2019-05,2023-01,6.02012,1000,3.14073,9.27862,39.9,0.798,-0.75339,42.8784,0.153846,0.130423,0.434,False,False
pdns-rec,all stable public releases,transient3,"secondary: transient deviation, blind to a lasting step",rrsig_prev,forward,gov,,171,86,tested,,2017-08..2023-10,,75,0.506667,78,38,74,0.944,2017-11,2023-08,-0.110594,1000,-2.41015,2.13533,48.6,0.972,-9.50637,12.4846,0.105263,0.106289,0.644,False,False
pdns-rec,all stable public releases,step12,primary: departure from the pre-event trend,rrsig_prev,forward,fed.us,,171,86,no test,no month with at least 30 in the denominator,,,,,,,,,,,,,,,,,,,,,,,
pdns-rec,all stable public releases,transient3,"secondary: transient deviation, blind to a lasting step",rrsig_prev,forward,fed.us,,171,86,no test,no month with at least 30 in the denominator,,,,,,,,,,,,,,,,,,,,,,,
pdns-rec,all stable public releases,step12,primary: departure from the pre-event trend,rrsig_prev,forward,ee,,171,86,no test,"the testable window 2021-07..2023-01 is 19 months, fewer than 24",2021-07..2023-01,11,,,,,,,,,,,,,,,,,,,,,
pdns-rec,all stable public releases,transient3,"secondary: transient deviation, blind to a lasting step",rrsig_prev,forward,ee,,171,86,tested,,2019-10..2023-10,,49,0.530612,59,26,48,0.264,2019-11,2023-08,0.233978,1000,0.203593,0.335898,21.4,0.428,0,1.16913,0.038462,0.062077,0.986,False,False
pdns-rec,all stable public releases,step12,primary: departure from the pre-event trend,rrsig_prev,forward,ch,,171,86,no test,"the testable window 2022-05..2023-01 is 9 months, fewer than 24",2022-05..2023-01,7,,,,,,,,,,,,,,,,,,,,,
pdns-rec,all stable public releases,transient3,"secondary: transient deviation, blind to a lasting step",rrsig_prev,forward,ch,,171,86,tested,,2020-08..2023-10,,39,0.538462,48,21,38,0.146,2020-09,2023-08,0.148252,1000,0.063318,0.147888,95.5,0.09,-0.104588,0.42862,0.095238,0.10119,0.809,True,False
pdns-rec,all stable public releases,step12,primary: departure from the pre-event trend,rrsig_prev,forward,li,,171,86,no test,"the testable window 2022-05..2023-01 is 9 months, fewer than 24",2022-05..2023-01,7,,,,,,,,,,,,,,,,,,,,,
pdns-rec,all stable public releases,transient3,"secondary: transient deviation, blind to a lasting step",rrsig_prev,forward,li,,171,86,tested,,2020-08..2023-10,,39,0.538462,48,21,38,0.468,2020-09,2023-08,0.101408,1000,0.045163,0.118126,77.9,0.442,-0.063711,0.41575,0.095238,0.10281,0.774,False,False
unbound,all stable public releases,step12,primary: departure from the pre-event trend,dnskey_prev,forward,se,,120,102,tested,,2018-06..2023-01,,56,0.482143,28,27,55,0.424,2018-06,2023-01,0.686728,1000,0.092294,1.30595,35.9,0.718,-3.08921,6.24392,0.148148,0.107519,0.297,False,False
unbound,all stable public releases,transient3,"secondary: transient deviation, blind to a lasting step",dnskey_prev,forward,se,,120,102,tested,,2016-09..2023-10,,86,0.430233,41,37,85,0,2016-09,2023-08,-0.253756,1000,-0.177567,0.163359,0,0,-1.78797,2.15912,0.108108,0.114405,0.7,True,False
unbound,all stable public releases,step12,primary: departure from the pre-event trend,dnskey_prev,forward,nu,,120,102,tested,,2018-06..2023-01,,56,0.482143,28,27,55,0,2018-06,2023-01,1.30973,1000,-1.90575,1.45373,88.5,0.23,-9.59992,17.0215,0.148148,0.105481,0.28,False,False
unbound,all stable public releases,transient3,"secondary: transient deviation, blind to a lasting step",dnskey_prev,forward,nu,,120,102,tested,,2016-09..2023-10,,86,0.430233,41,37,85,0.658,2016-09,2023-08,-0.06595,1000,-0.213413,0.268265,28.8,0.576,-2.2549,1.91963,0.135135,0.116568,0.379,False,False
unbound,all stable public releases,step12,primary: departure from the pre-event trend,dnskey_prev,forward,gov,,120,102,tested,,2019-05..2023-01,,45,0.444444,20,20,44,0,2019-06,2023-01,8.00848,1000,2.81451,10.3187,65.6,0.688,-0.718746,42.8822,0.1,0.1336,0.875,False,False
unbound,all stable public releases,transient3,"secondary: transient deviation, blind to a lasting step",dnskey_prev,forward,gov,,120,102,tested,,2017-08..2023-10,,75,0.426667,34,32,74,0.848,2017-09,2023-08,0.180309,1000,-2.76818,2.52863,56.2,0.876,-9.50261,12.4852,0.125,0.107281,0.45,False,False
unbound,all stable public releases,step12,primary: departure from the pre-event trend,dnskey_prev,forward,fed.us,,120,102,no test,no month with at least 30 in the denominator,,,,,,,,,,,,,,,,,,,,,,,
unbound,all stable public releases,transient3,"secondary: transient deviation, blind to a lasting step",dnskey_prev,forward,fed.us,,120,102,no test,no month with at least 30 in the denominator,,,,,,,,,,,,,,,,,,,,,,,
unbound,all stable public releases,step12,primary: departure from the pre-event trend,dnskey_prev,forward,ee,,120,102,no test,"the testable window 2021-07..2023-01 is 19 months, fewer than 24",2021-07..2023-01,9,,,,,,,,,,,,,,,,,,,,,
unbound,all stable public releases,transient3,"secondary: transient deviation, blind to a lasting step",dnskey_prev,forward,ee,,120,102,tested,,2019-10..2023-10,,49,0.387755,19,19,48,0.684,2019-10,2023-08,0.314802,1000,0.191244,0.37554,70.7,0.586,0,1.16903,0.052632,0.060579,0.82,False,False
unbound,all stable public releases,step12,primary: departure from the pre-event trend,dnskey_prev,forward,ch,,120,102,no test,"the testable window 2022-05..2023-01 is 9 months, fewer than 24",2022-05..2023-01,6,,,,,,,,,,,,,,,,,,,,,
unbound,all stable public releases,transient3,"secondary: transient deviation, blind to a lasting step",dnskey_prev,forward,ch,,120,102,tested,,2020-08..2023-10,,39,0.333333,13,13,38,0.726,2020-10,2023-08,0.123594,1000,0.031315,0.194648,59.6,0.808,-0.104079,0.428632,0.076923,0.099077,0.818,False,False
unbound,all stable public releases,step12,primary: departure from the pre-event trend,dnskey_prev,forward,li,,120,102,no test,"the testable window 2022-05..2023-01 is 9 months, fewer than 24",2022-05..2023-01,6,,,,,,,,,,,,,,,,,,,,,
unbound,all stable public releases,transient3,"secondary: transient deviation, blind to a lasting step",dnskey_prev,forward,li,,120,102,tested,,2020-08..2023-10,,39,0.333333,13,13,38,0.754,2020-10,2023-08,0.074034,1000,0.025263,0.163108,47.2,0.944,-0.066813,0.415238,0.153846,0.099077,0.456,False,False
unbound,all stable public releases,step12,primary: departure from the pre-event trend,ds_prev,forward,se,,120,102,tested,,2018-06..2023-01,,56,0.482143,28,27,55,0.722,2018-06,2023-01,0.415615,1000,0.16483,1.12513,15,0.3,-2.8744,4.42834,0.111111,0.107111,0.581,False,False
unbound,all stable public releases,transient3,"secondary: transient deviation, blind to a lasting step",ds_prev,forward,se,,120,102,tested,,2016-09..2023-10,,86,0.430233,41,37,85,0,2016-09,2023-08,-0.348494,1000,-0.232283,0.207267,0,0,-2.35813,2.04699,0.108108,0.115541,0.736,True,False
unbound,all stable public releases,step12,primary: departure from the pre-event trend,ds_prev,forward,nu,,120,102,tested,,2018-06..2023-01,,56,0.482143,28,27,55,0,2018-06,2023-01,0.844565,1000,-1.00392,0.843402,96.1,0.078,-4.16505,8.94229,0.148148,0.106519,0.303,True,False
unbound,all stable public releases,transient3,"secondary: transient deviation, blind to a lasting step",ds_prev,forward,nu,,120,102,tested,,2016-09..2023-10,,86,0.430233,41,37,85,0.61,2016-09,2023-08,0.002864,1000,-0.160036,0.299479,31.3,0.626,-2.08783,2.15451,0.162162,0.116324,0.172,False,False
unbound,all stable public releases,step12,primary: departure from the pre-event trend,ds_prev,forward,gov,,120,102,tested,,2019-05..2023-01,,45,0.444444,20,20,44,0,2019-06,2023-01,7.9181,1000,2.75166,9.4355,69.6,0.608,-0.915004,42.8802,0.1,0.133,0.867,False,False
unbound,all stable public releases,transient3,"secondary: transient deviation, blind to a lasting step",ds_prev,forward,gov,,120,102,tested,,2017-08..2023-10,,75,0.426667,34,32,74,0.878,2017-09,2023-08,0.153293,1000,-2.8702,2.49454,56.7,0.866,-9.42195,12.2924,0.125,0.108688,0.461,False,False
unbound,all stable public releases,step12,primary: departure from the pre-event trend,ds_prev,forward,fed.us,,120,102,no test,no month with at least 30 in the denominator,,,,,,,,,,,,,,,,,,,,,,,
unbound,all stable public releases,transient3,"secondary: transient deviation, blind to a lasting step",ds_prev,forward,fed.us,,120,102,no test,no month with at least 30 in the denominator,,,,,,,,,,,,,,,,,,,,,,,
unbound,all stable public releases,step12,primary: departure from the pre-event trend,ds_prev,forward,ee,,120,102,no test,"the testable window 2021-07..2023-01 is 19 months, fewer than 24",2021-07..2023-01,9,,,,,,,,,,,,,,,,,,,,,
unbound,all stable public releases,transient3,"secondary: transient deviation, blind to a lasting step",ds_prev,forward,ee,,120,102,tested,,2019-10..2023-10,,49,0.387755,19,19,48,0.542,2019-10,2023-08,0.306556,1000,0.17664,0.365133,72.4,0.552,0,1.16569,0.052632,0.060737,0.839,False,False
unbound,all stable public releases,step12,primary: departure from the pre-event trend,ds_prev,forward,ch,,120,102,no test,"the testable window 2022-05..2023-01 is 9 months, fewer than 24",2022-05..2023-01,6,,,,,,,,,,,,,,,,,,,,,
unbound,all stable public releases,transient3,"secondary: transient deviation, blind to a lasting step",ds_prev,forward,ch,,120,102,tested,,2020-08..2023-10,,39,0.333333,13,13,38,0.706,2020-10,2023-08,0.13462,1000,0.012289,0.197178,62.1,0.758,-0.187927,0.492634,0.076923,0.106923,0.861,False,False
unbound,all stable public releases,step12,primary: departure from the pre-event trend,ds_prev,forward,li,,120,102,no test,"the testable window 2022-05..2023-01 is 9 months, fewer than 24",2022-05..2023-01,6,,,,,,,,,,,,,,,,,,,,,
unbound,all stable public releases,transient3,"secondary: transient deviation, blind to a lasting step",ds_prev,forward,li,,120,102,tested,,2020-08..2023-10,,39,0.333333,13,13,38,0.904,2020-10,2023-08,0.090775,1000,-0.001279,0.151175,53.7,0.926,-0.11309,0.46674,0.076923,0.103692,0.841,False,False
unbound,all stable public releases,step12,primary: departure from the pre-event trend,ds_prev,reverse_panel,_pooled-afrinic-arin,,120,102,tested,,2011-03..2025-08,,174,0.390805,77,68,173,0.76,2011-03,2025-07,0.006387,1000,0.002341,0.009949,58.9,0.822,-0.048966,0.057418,0.147059,0.102971,0.078,False,True
unbound,all stable public releases,transient3,"secondary: transient deviation, blind to a lasting step",ds_prev,reverse_panel,_pooled-afrinic-arin,,120,102,tested,,2009-10..2026-05,,200,0.385,87,77,199,0.566,2009-11,2026-05,0.001261,1000,0.000318,0.001835,69.7,0.606,-0.004615,0.011897,0.090909,0.104619,0.677,False,False
unbound,all stable public releases,step12,primary: departure from the pre-event trend,rrsig_prev,forward,se,,120,102,tested,,2018-06..2023-01,,56,0.482143,28,27,55,0.378,2018-06,2023-01,0.701199,1000,0.102127,1.31216,34.9,0.698,-3.08689,6.28008,0.148148,0.105704,0.283,False,False
unbound,all stable public releases,transient3,"secondary: transient deviation, blind to a lasting step",rrsig_prev,forward,se,,120,102,tested,,2016-09..2023-10,,86,0.430233,41,37,85,0,2016-09,2023-08,-0.25031,1000,-0.190506,0.145215,0,0,-1.78053,2.12843,0.108108,0.115081,0.723,True,False
unbound,all stable public releases,step12,primary: departure from the pre-event trend,rrsig_prev,forward,nu,,120,102,tested,,2018-06..2023-01,,56,0.482143,28,27,55,0,2018-06,2023-01,1.31628,1000,-1.90123,1.45279,88,0.24,-9.55746,17.0222,0.148148,0.106037,0.306,False,False
unbound,all stable public releases,transient3,"secondary: transient deviation, blind to a lasting step",rrsig_prev,forward,nu,,120,102,tested,,2016-09..2023-10,,86,0.430233,41,37,85,0.572,2016-09,2023-08,-0.06484,1000,-0.213864,0.269139,28,0.56,-2.25377,1.9197,0.135135,0.117946,0.388,False,False
unbound,all stable public releases,step12,primary: departure from the pre-event trend,rrsig_prev,forward,gov,,120,102,tested,,2019-05..2023-01,,45,0.444444,20,20,44,0,2019-06,2023-01,8.01073,1000,2.12923,9.52087,67.6,0.648,-0.75339,42.8784,0.15,0.133,0.523,False,False
unbound,all stable public releases,transient3,"secondary: transient deviation, blind to a lasting step",rrsig_prev,forward,gov,,120,102,tested,,2017-08..2023-10,,75,0.426667,34,32,74,0.79,2017-09,2023-08,0.181813,1000,-2.89075,2.5022,61.4,0.772,-9.50637,12.4846,0.125,0.106656,0.445,False,False
unbound,all stable public releases,step12,primary: departure from the pre-event trend,rrsig_prev,forward,fed.us,,120,102,no test,no month with at least 30 in the denominator,,,,,,,,,,,,,,,,,,,,,,,
unbound,all stable public releases,transient3,"secondary: transient deviation, blind to a lasting step",rrsig_prev,forward,fed.us,,120,102,no test,no month with at least 30 in the denominator,,,,,,,,,,,,,,,,,,,,,,,
unbound,all stable public releases,step12,primary: departure from the pre-event trend,rrsig_prev,forward,ee,,120,102,no test,"the testable window 2021-07..2023-01 is 19 months, fewer than 24",2021-07..2023-01,9,,,,,,,,,,,,,,,,,,,,,
unbound,all stable public releases,transient3,"secondary: transient deviation, blind to a lasting step",rrsig_prev,forward,ee,,120,102,tested,,2019-10..2023-10,,49,0.387755,19,19,48,0.656,2019-10,2023-08,0.315078,1000,0.191363,0.3756,67.1,0.658,0,1.16913,0.052632,0.062895,0.844,False,False
unbound,all stable public releases,step12,primary: departure from the pre-event trend,rrsig_prev,forward,ch,,120,102,no test,"the testable window 2022-05..2023-01 is 9 months, fewer than 24",2022-05..2023-01,6,,,,,,,,,,,,,,,,,,,,,
unbound,all stable public releases,transient3,"secondary: transient deviation, blind to a lasting step",rrsig_prev,forward,ch,,120,102,tested,,2020-08..2023-10,,39,0.333333,13,13,38,0.738,2020-10,2023-08,0.12425,1000,0.031549,0.194554,63.1,0.738,-0.104588,0.42862,0.076923,0.104923,0.847,False,False
unbound,all stable public releases,step12,primary: departure from the pre-event trend,rrsig_prev,forward,li,,120,102,no test,"the testable window 2022-05..2023-01 is 9 months, fewer than 24",2022-05..2023-01,6,,,,,,,,,,,,,,,,,,,,,
unbound,all stable public releases,transient3,"secondary: transient deviation, blind to a lasting step",rrsig_prev,forward,li,,120,102,tested,,2020-08..2023-10,,39,0.333333,13,13,38,0.874,2020-10,2023-08,0.074164,1000,-0.000475,0.16321,48.9,0.978,-0.063711,0.41575,0.153846,0.098615,0.461,False,False
bind9,x.y.0 feature releases,step12,primary: departure from the pre-event trend,dnskey_prev,forward,se,,17,17,tested,,2018-06..2023-01,,56,0.053571,3,3,55,0.858,2019-03,2022-01,1.69696,1000,-2.0583,2.61007,64.5,0.71,-3.08921,6.24392,0,0.108667,1,False,False
bind9,x.y.0 feature releases,transient3,"secondary: transient deviation, blind to a lasting step",dnskey_prev,forward,se,,17,17,tested,,2016-09..2023-10,,86,0.05814,5,5,85,0.02,2016-09,2022-01,1.08869,1000,-0.687873,0.809377,97.3,0.054,-1.78797,2.15912,0.4,0.1168,0.063,True,True
bind9,x.y.0 feature releases,step12,primary: departure from the pre-event trend,dnskey_prev,forward,nu,,17,17,tested,,2018-06..2023-01,,56,0.053571,3,3,55,0.786,2019-03,2022-01,0.640772,1000,-4.64335,4.45263,44.2,0.884,-9.59992,17.0215,0.333333,0.100333,0.301,False,False
bind9,x.y.0 feature releases,transient3,"secondary: transient deviation, blind to a lasting step",dnskey_prev,forward,nu,,17,17,tested,,2016-09..2023-10,,86,0.05814,5,5,85,0.426,2016-09,2022-01,0.491684,1000,-0.911941,0.724909,76.6,0.468,-2.2549,1.91963,0,0.1162,1,False,False
bind9,x.y.0 feature releases,step12,primary: departure from the pre-event trend,dnskey_prev,forward,gov,,17,17,tested,,2019-05..2023-01,,45,0.044444,2,2,44,0,2020-02,2022-01,0.405843,1000,-0.34378,22.4218,57.4,0.852,-0.718746,42.8822,0.5,0.143,0.286,False,False
bind9,x.y.0 feature releases,transient3,"secondary: transient deviation, blind to a lasting step",dnskey_prev,forward,gov,,17,17,tested,,2017-08..2023-10,,75,0.053333,4,4,74,0.332,2018-01,2022-01,-5.95588,1000,-11.8633,13.0446,16,0.32,-9.50261,12.4852,0.25,0.10625,0.425,False,False
bind9,x.y.0 feature releases,step12,primary: departure from the pre-event trend,dnskey_prev,forward,fed.us,,17,17,no test,no month with at least 30 in the denominator,,,,,,,,,,,,,,,,,,,,,,,
bind9,x.y.0 feature releases,transient3,"secondary: transient deviation, blind to a lasting step",dnskey_prev,forward,fed.us,,17,17,no test,no month with at least 30 in the denominator,,,,,,,,,,,,,,,,,,,,,,,
bind9,x.y.0 feature releases,step12,primary: departure from the pre-event trend,dnskey_prev,forward,ee,,17,17,no test,"the testable window 2021-07..2023-01 is 19 months, fewer than 24",2021-07..2023-01,1,,,,,,,,,,,,,,,,,,,,,
bind9,x.y.0 feature releases,transient3,"secondary: transient deviation, blind to a lasting step",dnskey_prev,forward,ee,,17,17,tested,,2019-10..2023-10,,49,0.040816,2,2,48,0.186,2020-02,2022-01,0.579031,1000,0.022114,0.64617,87.15,0.282,0,1.16903,0,0.058,1,False,False
bind9,x.y.0 feature releases,step12,primary: departure from the pre-event trend,dnskey_prev,forward,ch,,17,17,no test,"the testable window 2022-05..2023-01 is 9 months, fewer than 24",2022-05..2023-01,0,,,,,,,,,,,,,,,,,,,,,
bind9,x.y.0 feature releases,transient3,"secondary: transient deviation, blind to a lasting step",dnskey_prev,forward,ch,,17,17,tested,,2020-08..2023-10,,39,0.025641,1,1,38,0.656,2022-01,2022-01,0,1000,-0.10182,0.66313,25.3,0.88,-0.104079,0.428632,0,0.1,1,False,False
bind9,x.y.0 feature releases,step12,primary: departure from the pre-event trend,dnskey_prev,forward,li,,17,17,no test,"the testable window 2022-05..2023-01 is 9 months, fewer than 24",2022-05..2023-01,0,,,,,,,,,,,,,,,,,,,,,
bind9,x.y.0 feature releases,transient3,"secondary: transient deviation, blind to a lasting step",dnskey_prev,forward,li,,17,17,tested,,2020-08..2023-10,,39,0.025641,1,1,38,0.854,2022-01,2022-01,0,1000,-0.06417,0.405674,37.9,1,-0.066813,0.415238,0,0.094,1,False,False
bind9,x.y.0 feature releases,step12,primary: departure from the pre-event trend,ds_prev,forward,se,,17,17,tested,,2018-06..2023-01,,56,0.053571,3,3,55,0.322,2019-03,2022-01,2.16293,1000,-2.10911,2.47766,86.1,0.278,-2.8744,4.42834,0.333333,0.092,0.238,False,False
bind9,x.y.0 feature releases,transient3,"secondary: transient deviation, blind to a lasting step",ds_prev,forward,se,,17,17,tested,,2016-09..2023-10,,86,0.05814,5,5,85,0.014,2016-09,2022-01,1.23653,1000,-1.15052,0.87784,98.2,0.036,-2.35813,2.04699,0.4,0.1046,0.06,True,True
bind9,x.y.0 feature releases,step12,primary: departure from the pre-event trend,ds_prev,forward,nu,,17,17,tested,,2018-06..2023-01,,56,0.053571,3,3,55,0.96,2019-03,2022-01,0.431868,1000,-2.07369,2.16882,44.3,0.886,-4.16505,8.94229,0.333333,0.107,0.321,False,False
bind9,x.y.0 feature releases,transient3,"secondary: transient deviation, blind to a lasting step",ds_prev,forward,nu,,17,17,tested,,2016-09..2023-10,,86,0.05814,5,5,85,0.258,2016-09,2022-01,0.638612,1000,-0.915994,1.0657,86.2,0.276,-2.08783,2.15451,0,0.123,1,False,False
bind9,x.y.0 feature releases,step12,primary: departure from the pre-event trend,ds_prev,forward,gov,,17,17,tested,,2019-05..2023-01,,45,0.044444,2,2,44,0,2020-02,2022-01,0.26088,1000,-0.50949,22.5101,57.4,0.852,-0.915004,42.8802,0.5,0.1415,0.283,False,False
bind9,x.y.0 feature releases,transient3,"secondary: transient deviation, blind to a lasting step",ds_prev,forward,gov,,17,17,tested,,2017-08..2023-10,,75,0.053333,4,4,74,0.318,2018-01,2022-01,-5.85101,1000,-14.6117,12.9822,20.2,0.404,-9.42195,12.2924,0.25,0.104,0.416,False,False
bind9,x.y.0 feature releases,step12,primary: departure from the pre-event trend,ds_prev,forward,fed.us,,17,17,no test,no month with at least 30 in the denominator,,,,,,,,,,,,,,,,,,,,,,,
bind9,x.y.0 feature releases,transient3,"secondary: transient deviation, blind to a lasting step",ds_prev,forward,fed.us,,17,17,no test,no month with at least 30 in the denominator,,,,,,,,,,,,,,,,,,,,,,,
bind9,x.y.0 feature releases,step12,primary: departure from the pre-event trend,ds_prev,forward,ee,,17,17,no test,"the testable window 2021-07..2023-01 is 19 months, fewer than 24",2021-07..2023-01,1,,,,,,,,,,,,,,,,,,,,,
bind9,x.y.0 feature releases,transient3,"secondary: transient deviation, blind to a lasting step",ds_prev,forward,ee,,17,17,tested,,2019-10..2023-10,,49,0.040816,2,2,48,0.162,2020-02,2022-01,0.579177,1000,0.024924,0.644048,86.4,0.29,0,1.16569,0,0.0635,1,False,False
bind9,x.y.0 feature releases,step12,primary: departure from the pre-event trend,ds_prev,forward,ch,,17,17,no test,"the testable window 2022-05..2023-01 is 9 months, fewer than 24",2022-05..2023-01,0,,,,,,,,,,,,,,,,,,,,,
bind9,x.y.0 feature releases,transient3,"secondary: transient deviation, blind to a lasting step",ds_prev,forward,ch,,17,17,tested,,2020-08..2023-10,,39,0.025641,1,1,38,0.69,2022-01,2022-01,0,1000,-0.159653,0.699113,28.6,0.948,-0.187927,0.492634,0,0.107,1,False,False
bind9,x.y.0 feature releases,step12,primary: departure from the pre-event trend,ds_prev,forward,li,,17,17,no test,"the testable window 2022-05..2023-01 is 9 months, fewer than 24",2022-05..2023-01,0,,,,,,,,,,,,,,,,,,,,,
bind9,x.y.0 feature releases,transient3,"secondary: transient deviation, blind to a lasting step",ds_prev,forward,li,,17,17,tested,,2020-08..2023-10,,39,0.025641,1,1,38,0.866,2022-01,2022-01,0,1000,-0.229642,0.454408,39.4,1,-0.11309,0.46674,0,0.101,1,False,False
bind9,x.y.0 feature releases,step12,primary: departure from the pre-event trend,ds_prev,reverse_panel,_pooled-afrinic-arin,,17,17,tested,,2011-03..2025-08,,174,0.045977,8,8,173,0.616,2012-02,2024-07,0.012711,1000,-0.009205,0.020827,71.4,0.572,-0.048966,0.057418,0.125,0.103625,0.647,False,False
bind9,x.y.0 feature releases,transient3,"secondary: transient deviation, blind to a lasting step",ds_prev,reverse_panel,_pooled-afrinic-arin,,17,17,tested,,2009-10..2026-05,,200,0.045,9,9,199,0.71,2010-02,2024-07,0.000288,1000,-0.002586,0.003745,35.4,0.708,-0.004615,0.011897,0.111111,0.104944,0.417,False,False
bind9,x.y.0 feature releases,step12,primary: departure from the pre-event trend,rrsig_prev,forward,se,,17,17,tested,,2018-06..2023-01,,56,0.053571,3,3,55,0.866,2019-03,2022-01,1.73009,1000,-2.04351,2.61371,61.7,0.766,-3.08689,6.28008,0,0.105,1,False,False
bind9,x.y.0 feature releases,transient3,"secondary: transient deviation, blind to a lasting step",rrsig_prev,forward,se,,17,17,tested,,2016-09..2023-10,,86,0.05814,5,5,85,0.038,2016-09,2022-01,1.07148,1000,-0.668895,0.768122,98,0.04,-1.78053,2.12843,0.4,0.1194,0.072,True,True
bind9,x.y.0 feature releases,step12,primary: departure from the pre-event trend,rrsig_prev,forward,nu,,17,17,tested,,2018-06..2023-01,,56,0.053571,3,3,55,0.804,2019-03,2022-01,0.660725,1000,-4.49157,4.26757,45.8,0.916,-9.55746,17.0222,0.333333,0.099333,0.298,False,False
bind9,x.y.0 feature releases,transient3,"secondary: transient deviation, blind to a lasting step",rrsig_prev,forward,nu,,17,17,tested,,2016-09..2023-10,,86,0.05814,5,5,85,0.41,2016-09,2022-01,0.490159,1000,-0.948273,0.787979,77.7,0.446,-2.25377,1.9197,0,0.1226,1,False,False
bind9,x.y.0 feature releases,step12,primary: departure from the pre-event trend,rrsig_prev,forward,gov,,17,17,tested,,2019-05..2023-01,,45,0.044444,2,2,44,0,2020-02,2022-01,0.380887,1000,-0.355971,22.413,55.2,0.896,-0.75339,42.8784,0.5,0.1225,0.245,False,False
bind9,x.y.0 feature releases,transient3,"secondary: transient deviation, blind to a lasting step",rrsig_prev,forward,gov,,17,17,tested,,2017-08..2023-10,,75,0.053333,4,4,74,0.29,2018-01,2022-01,-5.95748,1000,-11.7139,13.0529,17.2,0.344,-9.50637,12.4846,0.25,0.1125,0.45,False,False
bind9,x.y.0 feature releases,step12,primary: departure from the pre-event trend,rrsig_prev,forward,fed.us,,17,17,no test,no month with at least 30 in the denominator,,,,,,,,,,,,,,,,,,,,,,,
bind9,x.y.0 feature releases,transient3,"secondary: transient deviation, blind to a lasting step",rrsig_prev,forward,fed.us,,17,17,no test,no month with at least 30 in the denominator,,,,,,,,,,,,,,,,,,,,,,,
bind9,x.y.0 feature releases,step12,primary: departure from the pre-event trend,rrsig_prev,forward,ee,,17,17,no test,"the testable window 2021-07..2023-01 is 19 months, fewer than 24",2021-07..2023-01,1,,,,,,,,,,,,,,,,,,,,,
bind9,x.y.0 feature releases,transient3,"secondary: transient deviation, blind to a lasting step",rrsig_prev,forward,ee,,17,17,tested,,2019-10..2023-10,,49,0.040816,2,2,48,0.202,2020-02,2022-01,0.578893,1000,0.022114,0.646215,87.45,0.27,0,1.16913,0,0.058,1,False,False
bind9,x.y.0 feature releases,step12,primary: departure from the pre-event trend,rrsig_prev,forward,ch,,17,17,no test,"the testable window 2022-05..2023-01 is 9 months, fewer than 24",2022-05..2023-01,0,,,,,,,,,,,,,,,,,,,,,
bind9,x.y.0 feature releases,transient3,"secondary: transient deviation, blind to a lasting step",rrsig_prev,forward,ch,,17,17,tested,,2020-08..2023-10,,39,0.025641,1,1,38,0.676,2022-01,2022-01,0,1000,-0.101841,0.415594,26.85,0.93,-0.104588,0.42862,0,0.094,1,False,False
bind9,x.y.0 feature releases,step12,primary: departure from the pre-event trend,rrsig_prev,forward,li,,17,17,no test,"the testable window 2022-05..2023-01 is 9 months, fewer than 24",2022-05..2023-01,0,,,,,,,,,,,,,,,,,,,,,
bind9,x.y.0 feature releases,transient3,"secondary: transient deviation, blind to a lasting step",rrsig_prev,forward,li,,17,17,tested,,2020-08..2023-10,,39,0.025641,1,1,38,0.882,2022-01,2022-01,0,1000,-0.090971,0.40614,36.6,1,-0.063711,0.41575,0,0.106,1,False,False
