trace_id,signal_id,rfc_id,rfc_title,observation_timestamp,rfc_publication_date,timestamp_valid,decision,confidence,final_score,timestamp_penalty,matched_indicator_ids,failed_indicator_ids,skipped_indicator_ids,missing_required_indicator_ids,missing_fields,matched_openintel_fields,matched_condition_count,failed_condition_count,uncertainty_notes,reasoning_summary,score_steps
trace_sig_0001_rfc6605,sig_0001,RFC 6605,Elliptic Curve Digital Signature Algorithm (DSA) for DNSSEC,2018-05-01T00:14:47,2012-04-01T00:00:00,true,valid_match,very_high,13.125,0.0,rfc6605_ecdsa_algorithm; rfc6605_ecdsa_on_key_or_signature,,,,,algorithm; rr_type,3,0,,"RFC 6605 matched signal sig_0001: the required indicator rfc6605_ecdsa_algorithm passed because algorithm=13 is in [13, 14]. Corroborating indicators also matched: rfc6605_ecdsa_on_key_or_signature. The observation on 2018-05-01T00:14:47 is 2221 days after RFC 6605's publication on 2012-04-01, so the timestamp is valid. Score 13.125 (very_high) = (9.0 required + 1.5 optional) x 1.25 high specificity.","base_indicator_score = 9.0 (matched required indicators: rfc6605_ecdsa_algorithm); optional_match_bonus = 1.5 = 3.0 x 0.5 (matched optional indicators: rfc6605_ecdsa_on_key_or_signature); required_match_bonus = 0.0 (not awarded: 1 evaluable required indicator(s), the bonus needs at least 2); missing_required_penalty = 0.0 = 3.0 x 0 (required indicators evaluated but not matched: none); partial_match_penalty = 0.0 (not applied: every evaluable required indicator matched); ambiguity_penalty = 0.0 (not applied: no matched indicator is flagged ambiguous); raw = 9.0 + 0.0 + 1.5 - 0.0 - 0.0 - 0.0 = 10.5; specificity_multiplier = 1.25 (RFC 6605 specificity=high); final_score = max(0, 10.5) * 1.25 = 13.125"
trace_sig_0001_rfc7344,sig_0001,RFC 7344,Automating DNSSEC Delegation Trust Maintenance,2018-05-01T00:14:47,2014-09-01T00:00:00,true,valid_match,high,11.25,0.0,rfc7344_cds_cdnskey_present,rfc7344_cds_publishes_digest,,,digest_type,rr_type,1,2,"Indicator rfc7344_cds_publishes_digest was only partially evaluated: 1 condition(s) were tested and 1 could not be, because the observation carries no value for digest_type.; Fields absent from this observation: digest_type. Every condition over them failed by construction; absence is not evidence either way.","RFC 7344 matched signal sig_0001: the required indicator rfc7344_cds_cdnskey_present passed because rr_type=CDNSKEY is in [CDS, CDNSKEY]. Indicator rfc7344_cds_publishes_digest did not match: rr_type=CDNSKEY does not equal the expected value CDS. The observation on 2018-05-01T00:14:47 is 1338 days after RFC 7344's publication on 2014-09-01, so the timestamp is valid. Score 11.25 (high) = (9.0 required) x 1.25 high specificity.","base_indicator_score = 9.0 (matched required indicators: rfc7344_cds_cdnskey_present); optional_match_bonus = 0.0 = 0.0 x 0.5 (matched optional indicators: none); required_match_bonus = 0.0 (not awarded: 1 evaluable required indicator(s), the bonus needs at least 2); missing_required_penalty = 0.0 = 3.0 x 0 (required indicators evaluated but not matched: none); partial_match_penalty = 0.0 (not applied: every evaluable required indicator matched); ambiguity_penalty = 0.0 (not applied: no matched indicator is flagged ambiguous); raw = 9.0 + 0.0 + 0.0 - 0.0 - 0.0 - 0.0 = 9.0; specificity_multiplier = 1.25 (RFC 7344 specificity=high); final_score = max(0, 9.0) * 1.25 = 11.25"
trace_sig_0001_rfc4033,sig_0001,RFC 4033,DNS Security Introduction and Requirements (DNSSEC base: RFC 4033/4034/4035),2018-05-01T00:14:47,2005-03-01T00:00:00,true,partial_match,none,0.0,0.0,rfc4033_dnssec_algorithm_present,rfc4033_base_dnssec_record_present; rfc4033_dnssec_ok_negotiated,,rfc4033_base_dnssec_record_present,dnssec_ok_flag,algorithm,1,3,"Indicator rfc4033_dnssec_ok_negotiated is only partially queryable: part of its signature depends on fields the corpus does not export, so it was evaluated on incomplete data.; Indicator rfc4033_dnssec_ok_negotiated was only partially evaluated: 1 condition(s) were tested and 1 could not be, because the observation carries no value for dnssec_ok_flag.; Fields absent from this observation: dnssec_ok_flag. Every condition over them failed by construction; absence is not evidence either way.; Partial matches are candidates, not adoption evidence: at least one required indicator of this RFC was not satisfied.","RFC 4033 partially matches signal sig_0001: the optional indicator rfc4033_dnssec_algorithm_present passed because algorithm is present (observed 13). The required indicator rfc4033_base_dnssec_record_present was not satisfied: rr_type=CDNSKEY is not in [DNSKEY, DS, RRSIG, NSEC]. The observation on 2018-05-01T00:14:47 is 4809 days after RFC 4033's publication on 2005-03-01, so the timestamp is valid. Score 0.0 (none): the penalties leave a raw total of -2.0, which is clamped to 0 before the 0.75 low specificity multiplier.","base_indicator_score = 0.0 (matched required indicators: none); optional_match_bonus = 1.0 = 2.0 x 0.5 (matched optional indicators: rfc4033_dnssec_algorithm_present); required_match_bonus = 0.0 (not awarded: 1 evaluable required indicator(s), the bonus needs at least 2); missing_required_penalty = 3.0 = 3.0 x 1 (required indicators evaluated but not matched: rfc4033_base_dnssec_record_present); partial_match_penalty = 0.0 (not applied: no required indicator matched, so this is not a partial match); ambiguity_penalty = 0.0 (not applied: no matched indicator is flagged ambiguous); raw = 0.0 + 0.0 + 1.0 - 3.0 - 0.0 - 0.0 = -2.0; specificity_multiplier = 0.75 (RFC 4033 specificity=low); final_score = max(0, -2.0) * 0.75 = 0.0"
trace_sig_0001_rfc4509,sig_0001,RFC 4509,Use of SHA-256 in DNSSEC Delegation Signer (DS) Resource Records,2018-05-01T00:14:47,2006-05-01T00:00:00,true,no_match,none,0.0,0.0,,rfc4509_ds_sha256_digest,,rfc4509_ds_sha256_digest,digest_type,,0,2,"Indicator rfc4509_ds_sha256_digest was only partially evaluated: 1 condition(s) were tested and 1 could not be, because the observation carries no value for digest_type.; Fields absent from this observation: digest_type. Every condition over them failed by construction; absence is not evidence either way.","RFC 4509 does not explain signal sig_0001: the required indicator rfc4509_ds_sha256_digest failed because rr_type=CDNSKEY is not in [DS, CDS]. The observation on 2018-05-01T00:14:47 is 4383 days after RFC 4509's publication on 2006-05-01, so the timestamp is valid. Score 0.0 (none): no required indicator matched, so there is nothing to score.","base_indicator_score = 0.0 (matched required indicators: none); optional_match_bonus = 0.0 = 0.0 x 0.5 (matched optional indicators: none); required_match_bonus = 0.0 (not awarded: 1 evaluable required indicator(s), the bonus needs at least 2); missing_required_penalty = 3.0 = 3.0 x 1 (required indicators evaluated but not matched: rfc4509_ds_sha256_digest); partial_match_penalty = 0.0 (not applied: no required indicator matched, so this is not a partial match); ambiguity_penalty = 0.0 (not applied: no matched indicator is flagged ambiguous); raw = 0.0 + 0.0 + 0.0 - 3.0 - 0.0 - 0.0 = -3.0; specificity_multiplier = 1.25 (RFC 4509 specificity=high); final_score = max(0, -3.0) * 1.25 = 0.0"
trace_sig_0001_rfc5155,sig_0001,RFC 5155,DNS Security (DNSSEC) Hashed Authenticated Denial of Existence,2018-05-01T00:14:47,2008-03-01T00:00:00,true,no_match,none,0.0,0.0,,rfc5155_nsec3_hash_algorithm; rfc5155_nsec3_record_present,,rfc5155_nsec3_record_present,,,1,2,,"RFC 5155 does not explain signal sig_0001: the required indicator rfc5155_nsec3_record_present failed because rr_type=CDNSKEY is not in [NSEC3, NSEC3PARAM]. The observation on 2018-05-01T00:14:47 is 3713 days after RFC 5155's publication on 2008-03-01, so the timestamp is valid. Score 0.0 (none): no required indicator matched, so there is nothing to score.","base_indicator_score = 0.0 (matched required indicators: none); optional_match_bonus = 0.0 = 0.0 x 0.5 (matched optional indicators: none); required_match_bonus = 0.0 (not awarded: 1 evaluable required indicator(s), the bonus needs at least 2); missing_required_penalty = 3.0 = 3.0 x 1 (required indicators evaluated but not matched: rfc5155_nsec3_record_present); partial_match_penalty = 0.0 (not applied: no required indicator matched, so this is not a partial match); ambiguity_penalty = 0.0 (not applied: no matched indicator is flagged ambiguous); raw = 0.0 + 0.0 + 0.0 - 3.0 - 0.0 - 0.0 = -3.0; specificity_multiplier = 1.5 (RFC 5155 specificity=very_high); final_score = max(0, -3.0) * 1.5 = 0.0"
trace_sig_0001_rfc8078,sig_0001,RFC 8078,Managing DS Records from the Parent via CDS/CDNSKEY,2018-05-01T00:14:47,2017-03-01T00:00:00,true,no_match,none,0.0,0.0,,rfc8078_cds_cdnskey_algorithm_zero; rfc8078_delete_signal_digest_zero,,rfc8078_cds_cdnskey_algorithm_zero,digest_type,,2,2,"Indicator rfc8078_delete_signal_digest_zero was only partially evaluated: 1 condition(s) were tested and 1 could not be, because the observation carries no value for digest_type.; Fields absent from this observation: digest_type. Every condition over them failed by construction; absence is not evidence either way.","RFC 8078 does not explain signal sig_0001: the required indicator rfc8078_cds_cdnskey_algorithm_zero failed because algorithm=13 does not equal the expected value 0. The observation on 2018-05-01T00:14:47 is 426 days after RFC 8078's publication on 2017-03-01, so the timestamp is valid. Score 0.0 (none): no required indicator matched, so there is nothing to score.","base_indicator_score = 0.0 (matched required indicators: none); optional_match_bonus = 0.0 = 0.0 x 0.5 (matched optional indicators: none); required_match_bonus = 0.0 (not awarded: 1 evaluable required indicator(s), the bonus needs at least 2); missing_required_penalty = 3.0 = 3.0 x 1 (required indicators evaluated but not matched: rfc8078_cds_cdnskey_algorithm_zero); partial_match_penalty = 0.0 (not applied: no required indicator matched, so this is not a partial match); ambiguity_penalty = 0.0 (not applied: no matched indicator is flagged ambiguous); raw = 0.0 + 0.0 + 0.0 - 3.0 - 0.0 - 0.0 = -3.0; specificity_multiplier = 1.5 (RFC 8078 specificity=very_high); final_score = max(0, -3.0) * 1.5 = 0.0"
trace_sig_0001_rfc8080,sig_0001,RFC 8080,Edwards-Curve Digital Security Algorithm (EdDSA) for DNSSEC,2018-05-01T00:14:47,2017-02-01T00:00:00,true,no_match,none,0.0,0.0,,rfc8080_eddsa_algorithm; rfc8080_eddsa_on_key_or_signature,,rfc8080_eddsa_algorithm,,,1,2,,"RFC 8080 does not explain signal sig_0001: the required indicator rfc8080_eddsa_algorithm failed because algorithm=13 is not in [15, 16]. The observation on 2018-05-01T00:14:47 is 454 days after RFC 8080's publication on 2017-02-01, so the timestamp is valid. Score 0.0 (none): no required indicator matched, so there is nothing to score.","base_indicator_score = 0.0 (matched required indicators: none); optional_match_bonus = 0.0 = 0.0 x 0.5 (matched optional indicators: none); required_match_bonus = 0.0 (not awarded: 1 evaluable required indicator(s), the bonus needs at least 2); missing_required_penalty = 3.0 = 3.0 x 1 (required indicators evaluated but not matched: rfc8080_eddsa_algorithm); partial_match_penalty = 0.0 (not applied: no required indicator matched, so this is not a partial match); ambiguity_penalty = 0.0 (not applied: no matched indicator is flagged ambiguous); raw = 0.0 + 0.0 + 0.0 - 3.0 - 0.0 - 0.0 = -3.0; specificity_multiplier = 1.5 (RFC 8080 specificity=very_high); final_score = max(0, -3.0) * 1.5 = 0.0"
trace_sig_0001_rfc8624,sig_0001,RFC 8624,Algorithm Implementation Requirements and Usage Guidance for DNSSEC,2018-05-01T00:14:47,2019-06-01T00:00:00,false,timestamp_invalid,none,0.0,3.375,rfc8624_avoids_deprecated_algorithm; rfc8624_recommended_signing_algorithm,,rfc8624_validator_algorithm_support,,rr_type; validator_algorithm_support,algorithm,3,0,"Indicator rfc8624_recommended_signing_algorithm is flagged ambiguous: the observation it matched is equally consistent with other RFCs, so this result is an inference about policy rather than direct evidence.; Indicator rfc8624_avoids_deprecated_algorithm is flagged ambiguous: the observation it matched is equally consistent with other RFCs, so this result is an inference about policy rather than direct evidence.; Corpus availability: indicator rfc8624_validator_algorithm_support was never tested because rr_type, validator_algorithm_support are absent from the OpenINTEL dictionary. Its absence from the evidence is a measurement limitation, not a finding about the observation.; The observation predates the RFC publication date by 396 days, so any score it would have earned is withheld and the case needs human review.","RFC 8624 cannot explain signal sig_0001: although algorithm=13 satisfy the required indicator rfc8624_recommended_signing_algorithm, the observation on 2018-05-01T00:14:47 predates RFC 8624's publication on 2019-06-01 by 396 days. An observation cannot evidence adoption of an RFC that did not yet exist, so the score of 3.375 is forfeited and this is routed to the review queue. The withheld score derives from (5.0 required + 1.5 optional - 2.0 ambiguity penalty) x 0.75 low specificity.","base_indicator_score = 5.0 (matched required indicators: rfc8624_recommended_signing_algorithm); optional_match_bonus = 1.5 = 3.0 x 0.5 (matched optional indicators: rfc8624_avoids_deprecated_algorithm); required_match_bonus = 0.0 (not awarded: 1 evaluable required indicator(s), the bonus needs at least 2); missing_required_penalty = 0.0 = 3.0 x 0 (required indicators evaluated but not matched: none); partial_match_penalty = 0.0 (not applied: every evaluable required indicator matched); ambiguity_penalty = 2.0 (applied: matched indicators flagged ambiguous: rfc8624_avoids_deprecated_algorithm, rfc8624_recommended_signing_algorithm); raw = 5.0 + 0.0 + 1.5 - 0.0 - 0.0 - 2.0 = 4.5; specificity_multiplier = 0.75 (RFC 8624 specificity=low); final_score = max(0, 4.5) * 0.75 = 3.375; timestamp_penalty = 3.375 (the observation predates RFC 8624's publication date by 396 days, so the score is withheld); final_score = 0.0 (an observation cannot evidence adoption of an RFC that did not yet exist); note: 1 indicator (rfc8624_validator_algorithm_support) could not be tested against the OpenINTEL corpus and was excluded from every term above, neither earning weight nor incurring a penalty"
trace_sig_0002_rfc4509,sig_0002,RFC 4509,Use of SHA-256 in DNSSEC Delegation Signer (DS) Resource Records,2018-05-01T00:57:25,2006-05-01T00:00:00,true,valid_match,high,11.25,0.0,rfc4509_ds_sha256_digest,,,,,digest_type; rr_type,2,0,,"RFC 4509 matched signal sig_0002: the required indicator rfc4509_ds_sha256_digest passed because rr_type=DS is in [DS, CDS] and digest_type=2 equals the expected value 2. The observation on 2018-05-01T00:57:25 is 4383 days after RFC 4509's publication on 2006-05-01, so the timestamp is valid. Score 11.25 (high) = (9.0 required) x 1.25 high specificity.","base_indicator_score = 9.0 (matched required indicators: rfc4509_ds_sha256_digest); optional_match_bonus = 0.0 = 0.0 x 0.5 (matched optional indicators: none); required_match_bonus = 0.0 (not awarded: 1 evaluable required indicator(s), the bonus needs at least 2); missing_required_penalty = 0.0 = 3.0 x 0 (required indicators evaluated but not matched: none); partial_match_penalty = 0.0 (not applied: every evaluable required indicator matched); ambiguity_penalty = 0.0 (not applied: no matched indicator is flagged ambiguous); raw = 9.0 + 0.0 + 0.0 - 0.0 - 0.0 - 0.0 = 9.0; specificity_multiplier = 1.25 (RFC 4509 specificity=high); final_score = max(0, 9.0) * 1.25 = 11.25"
trace_sig_0002_rfc4033,sig_0002,RFC 4033,DNS Security Introduction and Requirements (DNSSEC base: RFC 4033/4034/4035),2018-05-01T00:57:25,2005-03-01T00:00:00,true,valid_match,low,3.75,0.0,rfc4033_base_dnssec_record_present; rfc4033_dnssec_algorithm_present,rfc4033_dnssec_ok_negotiated,,,dnssec_ok_flag,algorithm; rr_type,3,1,"Indicator rfc4033_dnssec_ok_negotiated is only partially queryable: part of its signature depends on fields the corpus does not export, so it was evaluated on incomplete data.; Indicator rfc4033_dnssec_ok_negotiated was only partially evaluated: 1 condition(s) were tested and 1 could not be, because the observation carries no value for dnssec_ok_flag.; Fields absent from this observation: dnssec_ok_flag. Every condition over them failed by construction; absence is not evidence either way.","RFC 4033 matched signal sig_0002: the required indicator rfc4033_base_dnssec_record_present passed because rr_type=DS is in [DNSKEY, DS, RRSIG, NSEC]. Corroborating indicators also matched: rfc4033_dnssec_algorithm_present. Indicator rfc4033_dnssec_ok_negotiated did not match: field 'dnssec_ok_flag' is absent from this observation, so the condition 'dnssec_ok_flag must equal true' could not be satisfied (absence is not evidence). The observation on 2018-05-01T00:57:25 is 4809 days after RFC 4033's publication on 2005-03-01, so the timestamp is valid. Score 3.75 (low) = (4.0 required + 1.0 optional) x 0.75 low specificity.","base_indicator_score = 4.0 (matched required indicators: rfc4033_base_dnssec_record_present); optional_match_bonus = 1.0 = 2.0 x 0.5 (matched optional indicators: rfc4033_dnssec_algorithm_present); required_match_bonus = 0.0 (not awarded: 1 evaluable required indicator(s), the bonus needs at least 2); missing_required_penalty = 0.0 = 3.0 x 0 (required indicators evaluated but not matched: none); partial_match_penalty = 0.0 (not applied: every evaluable required indicator matched); ambiguity_penalty = 0.0 (not applied: no matched indicator is flagged ambiguous); raw = 4.0 + 0.0 + 1.0 - 0.0 - 0.0 - 0.0 = 5.0; specificity_multiplier = 0.75 (RFC 4033 specificity=low); final_score = max(0, 5.0) * 0.75 = 3.75"
trace_sig_0002_rfc5155,sig_0002,RFC 5155,DNS Security (DNSSEC) Hashed Authenticated Denial of Existence,2018-05-01T00:57:25,2008-03-01T00:00:00,true,no_match,none,0.0,0.0,,rfc5155_nsec3_hash_algorithm; rfc5155_nsec3_record_present,,rfc5155_nsec3_record_present,,,1,2,,"RFC 5155 does not explain signal sig_0002: the required indicator rfc5155_nsec3_record_present failed because rr_type=DS is not in [NSEC3, NSEC3PARAM]. The observation on 2018-05-01T00:57:25 is 3713 days after RFC 5155's publication on 2008-03-01, so the timestamp is valid. Score 0.0 (none): no required indicator matched, so there is nothing to score.","base_indicator_score = 0.0 (matched required indicators: none); optional_match_bonus = 0.0 = 0.0 x 0.5 (matched optional indicators: none); required_match_bonus = 0.0 (not awarded: 1 evaluable required indicator(s), the bonus needs at least 2); missing_required_penalty = 3.0 = 3.0 x 1 (required indicators evaluated but not matched: rfc5155_nsec3_record_present); partial_match_penalty = 0.0 (not applied: no required indicator matched, so this is not a partial match); ambiguity_penalty = 0.0 (not applied: no matched indicator is flagged ambiguous); raw = 0.0 + 0.0 + 0.0 - 3.0 - 0.0 - 0.0 = -3.0; specificity_multiplier = 1.5 (RFC 5155 specificity=very_high); final_score = max(0, -3.0) * 1.5 = 0.0"
trace_sig_0002_rfc6605,sig_0002,RFC 6605,Elliptic Curve Digital Signature Algorithm (DSA) for DNSSEC,2018-05-01T00:57:25,2012-04-01T00:00:00,true,no_match,none,0.0,0.0,,rfc6605_ecdsa_algorithm; rfc6605_ecdsa_on_key_or_signature,,rfc6605_ecdsa_algorithm,,,1,2,,"RFC 6605 does not explain signal sig_0002: the required indicator rfc6605_ecdsa_algorithm failed because algorithm=8 is not in [13, 14]. The observation on 2018-05-01T00:57:25 is 2221 days after RFC 6605's publication on 2012-04-01, so the timestamp is valid. Score 0.0 (none): no required indicator matched, so there is nothing to score.","base_indicator_score = 0.0 (matched required indicators: none); optional_match_bonus = 0.0 = 0.0 x 0.5 (matched optional indicators: none); required_match_bonus = 0.0 (not awarded: 1 evaluable required indicator(s), the bonus needs at least 2); missing_required_penalty = 3.0 = 3.0 x 1 (required indicators evaluated but not matched: rfc6605_ecdsa_algorithm); partial_match_penalty = 0.0 (not applied: no required indicator matched, so this is not a partial match); ambiguity_penalty = 0.0 (not applied: no matched indicator is flagged ambiguous); raw = 0.0 + 0.0 + 0.0 - 3.0 - 0.0 - 0.0 = -3.0; specificity_multiplier = 1.25 (RFC 6605 specificity=high); final_score = max(0, -3.0) * 1.25 = 0.0"
trace_sig_0002_rfc7344,sig_0002,RFC 7344,Automating DNSSEC Delegation Trust Maintenance,2018-05-01T00:57:25,2014-09-01T00:00:00,true,no_match,none,0.0,0.0,,rfc7344_cds_cdnskey_present; rfc7344_cds_publishes_digest,,rfc7344_cds_cdnskey_present,,,1,2,,"RFC 7344 does not explain signal sig_0002: the required indicator rfc7344_cds_cdnskey_present failed because rr_type=DS is not in [CDS, CDNSKEY]. The observation on 2018-05-01T00:57:25 is 1338 days after RFC 7344's publication on 2014-09-01, so the timestamp is valid. Score 0.0 (none): no required indicator matched, so there is nothing to score.","base_indicator_score = 0.0 (matched required indicators: none); optional_match_bonus = 0.0 = 0.0 x 0.5 (matched optional indicators: none); required_match_bonus = 0.0 (not awarded: 1 evaluable required indicator(s), the bonus needs at least 2); missing_required_penalty = 3.0 = 3.0 x 1 (required indicators evaluated but not matched: rfc7344_cds_cdnskey_present); partial_match_penalty = 0.0 (not applied: no required indicator matched, so this is not a partial match); ambiguity_penalty = 0.0 (not applied: no matched indicator is flagged ambiguous); raw = 0.0 + 0.0 + 0.0 - 3.0 - 0.0 - 0.0 = -3.0; specificity_multiplier = 1.25 (RFC 7344 specificity=high); final_score = max(0, -3.0) * 1.25 = 0.0"
trace_sig_0002_rfc8078,sig_0002,RFC 8078,Managing DS Records from the Parent via CDS/CDNSKEY,2018-05-01T00:57:25,2017-03-01T00:00:00,true,no_match,none,0.0,0.0,,rfc8078_cds_cdnskey_algorithm_zero; rfc8078_delete_signal_digest_zero,,rfc8078_cds_cdnskey_algorithm_zero,,,0,4,,"RFC 8078 does not explain signal sig_0002: the required indicator rfc8078_cds_cdnskey_algorithm_zero failed because rr_type=DS is not in [CDS, CDNSKEY]. The observation on 2018-05-01T00:57:25 is 426 days after RFC 8078's publication on 2017-03-01, so the timestamp is valid. Score 0.0 (none): no required indicator matched, so there is nothing to score.","base_indicator_score = 0.0 (matched required indicators: none); optional_match_bonus = 0.0 = 0.0 x 0.5 (matched optional indicators: none); required_match_bonus = 0.0 (not awarded: 1 evaluable required indicator(s), the bonus needs at least 2); missing_required_penalty = 3.0 = 3.0 x 1 (required indicators evaluated but not matched: rfc8078_cds_cdnskey_algorithm_zero); partial_match_penalty = 0.0 (not applied: no required indicator matched, so this is not a partial match); ambiguity_penalty = 0.0 (not applied: no matched indicator is flagged ambiguous); raw = 0.0 + 0.0 + 0.0 - 3.0 - 0.0 - 0.0 = -3.0; specificity_multiplier = 1.5 (RFC 8078 specificity=very_high); final_score = max(0, -3.0) * 1.5 = 0.0"
trace_sig_0002_rfc8080,sig_0002,RFC 8080,Edwards-Curve Digital Security Algorithm (EdDSA) for DNSSEC,2018-05-01T00:57:25,2017-02-01T00:00:00,true,no_match,none,0.0,0.0,,rfc8080_eddsa_algorithm; rfc8080_eddsa_on_key_or_signature,,rfc8080_eddsa_algorithm,,,1,2,,"RFC 8080 does not explain signal sig_0002: the required indicator rfc8080_eddsa_algorithm failed because algorithm=8 is not in [15, 16]. The observation on 2018-05-01T00:57:25 is 454 days after RFC 8080's publication on 2017-02-01, so the timestamp is valid. Score 0.0 (none): no required indicator matched, so there is nothing to score.","base_indicator_score = 0.0 (matched required indicators: none); optional_match_bonus = 0.0 = 0.0 x 0.5 (matched optional indicators: none); required_match_bonus = 0.0 (not awarded: 1 evaluable required indicator(s), the bonus needs at least 2); missing_required_penalty = 3.0 = 3.0 x 1 (required indicators evaluated but not matched: rfc8080_eddsa_algorithm); partial_match_penalty = 0.0 (not applied: no required indicator matched, so this is not a partial match); ambiguity_penalty = 0.0 (not applied: no matched indicator is flagged ambiguous); raw = 0.0 + 0.0 + 0.0 - 3.0 - 0.0 - 0.0 = -3.0; specificity_multiplier = 1.5 (RFC 8080 specificity=very_high); final_score = max(0, -3.0) * 1.5 = 0.0"
trace_sig_0002_rfc8624,sig_0002,RFC 8624,Algorithm Implementation Requirements and Usage Guidance for DNSSEC,2018-05-01T00:57:25,2019-06-01T00:00:00,false,partial_match,none,0.0,0.0,rfc8624_avoids_deprecated_algorithm,rfc8624_recommended_signing_algorithm,rfc8624_validator_algorithm_support,rfc8624_recommended_signing_algorithm,rr_type; validator_algorithm_support,algorithm,2,1,"Indicator rfc8624_avoids_deprecated_algorithm is flagged ambiguous: the observation it matched is equally consistent with other RFCs, so this result is an inference about policy rather than direct evidence.; Corpus availability: indicator rfc8624_validator_algorithm_support was never tested because rr_type, validator_algorithm_support are absent from the OpenINTEL dictionary. Its absence from the evidence is a measurement limitation, not a finding about the observation.; The observation also predates the RFC publication date by 396 days, but that is not why it was rejected: the indicator conditions did not hold regardless of the date, so no score was withheld.; Partial matches are candidates, not adoption evidence: at least one required indicator of this RFC was not satisfied.","RFC 8624 partially matches signal sig_0002: the optional indicator rfc8624_avoids_deprecated_algorithm passed because algorithm is present (observed 8) and algorithm=8 differs from 1 as required. The required indicator rfc8624_recommended_signing_algorithm was not satisfied: algorithm=8 is not in [13, 15]. The observation on 2018-05-01T00:57:25 predates RFC 8624's publication on 2019-06-01 by 396 days. An observation cannot evidence adoption of an RFC that did not yet exist, so the score is forfeited. Score 0.0 (none): the penalties leave a raw total of -3.5, which is clamped to 0 before the 0.75 low specificity multiplier.","base_indicator_score = 0.0 (matched required indicators: none); optional_match_bonus = 1.5 = 3.0 x 0.5 (matched optional indicators: rfc8624_avoids_deprecated_algorithm); required_match_bonus = 0.0 (not awarded: 1 evaluable required indicator(s), the bonus needs at least 2); missing_required_penalty = 3.0 = 3.0 x 1 (required indicators evaluated but not matched: rfc8624_recommended_signing_algorithm); partial_match_penalty = 0.0 (not applied: no required indicator matched, so this is not a partial match); ambiguity_penalty = 2.0 (applied: matched indicators flagged ambiguous: rfc8624_avoids_deprecated_algorithm); raw = 0.0 + 0.0 + 1.5 - 3.0 - 0.0 - 2.0 = -3.5; specificity_multiplier = 0.75 (RFC 8624 specificity=low); final_score = max(0, -3.5) * 0.75 = 0.0; note: 1 indicator (rfc8624_validator_algorithm_support) could not be tested against the OpenINTEL corpus and was excluded from every term above, neither earning weight nor incurring a penalty"
trace_sig_0003_rfc4509,sig_0003,RFC 4509,Use of SHA-256 in DNSSEC Delegation Signer (DS) Resource Records,2018-05-01T01:20:45,2006-05-01T00:00:00,true,valid_match,high,11.25,0.0,rfc4509_ds_sha256_digest,,,,,digest_type; rr_type,2,0,,"RFC 4509 matched signal sig_0003: the required indicator rfc4509_ds_sha256_digest passed because rr_type=DS is in [DS, CDS] and digest_type=2 equals the expected value 2. The observation on 2018-05-01T01:20:45 is 4383 days after RFC 4509's publication on 2006-05-01, so the timestamp is valid. Score 11.25 (high) = (9.0 required) x 1.25 high specificity.","base_indicator_score = 9.0 (matched required indicators: rfc4509_ds_sha256_digest); optional_match_bonus = 0.0 = 0.0 x 0.5 (matched optional indicators: none); required_match_bonus = 0.0 (not awarded: 1 evaluable required indicator(s), the bonus needs at least 2); missing_required_penalty = 0.0 = 3.0 x 0 (required indicators evaluated but not matched: none); partial_match_penalty = 0.0 (not applied: every evaluable required indicator matched); ambiguity_penalty = 0.0 (not applied: no matched indicator is flagged ambiguous); raw = 9.0 + 0.0 + 0.0 - 0.0 - 0.0 - 0.0 = 9.0; specificity_multiplier = 1.25 (RFC 4509 specificity=high); final_score = max(0, 9.0) * 1.25 = 11.25"
trace_sig_0003_rfc4033,sig_0003,RFC 4033,DNS Security Introduction and Requirements (DNSSEC base: RFC 4033/4034/4035),2018-05-01T01:20:45,2005-03-01T00:00:00,true,valid_match,low,3.75,0.0,rfc4033_base_dnssec_record_present; rfc4033_dnssec_algorithm_present,rfc4033_dnssec_ok_negotiated,,,dnssec_ok_flag,algorithm; rr_type,3,1,"Indicator rfc4033_dnssec_ok_negotiated is only partially queryable: part of its signature depends on fields the corpus does not export, so it was evaluated on incomplete data.; Indicator rfc4033_dnssec_ok_negotiated was only partially evaluated: 1 condition(s) were tested and 1 could not be, because the observation carries no value for dnssec_ok_flag.; Fields absent from this observation: dnssec_ok_flag. Every condition over them failed by construction; absence is not evidence either way.","RFC 4033 matched signal sig_0003: the required indicator rfc4033_base_dnssec_record_present passed because rr_type=DS is in [DNSKEY, DS, RRSIG, NSEC]. Corroborating indicators also matched: rfc4033_dnssec_algorithm_present. Indicator rfc4033_dnssec_ok_negotiated did not match: field 'dnssec_ok_flag' is absent from this observation, so the condition 'dnssec_ok_flag must equal true' could not be satisfied (absence is not evidence). The observation on 2018-05-01T01:20:45 is 4809 days after RFC 4033's publication on 2005-03-01, so the timestamp is valid. Score 3.75 (low) = (4.0 required + 1.0 optional) x 0.75 low specificity.","base_indicator_score = 4.0 (matched required indicators: rfc4033_base_dnssec_record_present); optional_match_bonus = 1.0 = 2.0 x 0.5 (matched optional indicators: rfc4033_dnssec_algorithm_present); required_match_bonus = 0.0 (not awarded: 1 evaluable required indicator(s), the bonus needs at least 2); missing_required_penalty = 0.0 = 3.0 x 0 (required indicators evaluated but not matched: none); partial_match_penalty = 0.0 (not applied: every evaluable required indicator matched); ambiguity_penalty = 0.0 (not applied: no matched indicator is flagged ambiguous); raw = 4.0 + 0.0 + 1.0 - 0.0 - 0.0 - 0.0 = 5.0; specificity_multiplier = 0.75 (RFC 4033 specificity=low); final_score = max(0, 5.0) * 0.75 = 3.75"
trace_sig_0003_rfc5155,sig_0003,RFC 5155,DNS Security (DNSSEC) Hashed Authenticated Denial of Existence,2018-05-01T01:20:45,2008-03-01T00:00:00,true,no_match,none,0.0,0.0,,rfc5155_nsec3_hash_algorithm; rfc5155_nsec3_record_present,,rfc5155_nsec3_record_present,,,1,2,,"RFC 5155 does not explain signal sig_0003: the required indicator rfc5155_nsec3_record_present failed because rr_type=DS is not in [NSEC3, NSEC3PARAM]. The observation on 2018-05-01T01:20:45 is 3713 days after RFC 5155's publication on 2008-03-01, so the timestamp is valid. Score 0.0 (none): no required indicator matched, so there is nothing to score.","base_indicator_score = 0.0 (matched required indicators: none); optional_match_bonus = 0.0 = 0.0 x 0.5 (matched optional indicators: none); required_match_bonus = 0.0 (not awarded: 1 evaluable required indicator(s), the bonus needs at least 2); missing_required_penalty = 3.0 = 3.0 x 1 (required indicators evaluated but not matched: rfc5155_nsec3_record_present); partial_match_penalty = 0.0 (not applied: no required indicator matched, so this is not a partial match); ambiguity_penalty = 0.0 (not applied: no matched indicator is flagged ambiguous); raw = 0.0 + 0.0 + 0.0 - 3.0 - 0.0 - 0.0 = -3.0; specificity_multiplier = 1.5 (RFC 5155 specificity=very_high); final_score = max(0, -3.0) * 1.5 = 0.0"
trace_sig_0003_rfc6605,sig_0003,RFC 6605,Elliptic Curve Digital Signature Algorithm (DSA) for DNSSEC,2018-05-01T01:20:45,2012-04-01T00:00:00,true,no_match,none,0.0,0.0,,rfc6605_ecdsa_algorithm; rfc6605_ecdsa_on_key_or_signature,,rfc6605_ecdsa_algorithm,,,1,2,,"RFC 6605 does not explain signal sig_0003: the required indicator rfc6605_ecdsa_algorithm failed because algorithm=8 is not in [13, 14]. The observation on 2018-05-01T01:20:45 is 2221 days after RFC 6605's publication on 2012-04-01, so the timestamp is valid. Score 0.0 (none): no required indicator matched, so there is nothing to score.","base_indicator_score = 0.0 (matched required indicators: none); optional_match_bonus = 0.0 = 0.0 x 0.5 (matched optional indicators: none); required_match_bonus = 0.0 (not awarded: 1 evaluable required indicator(s), the bonus needs at least 2); missing_required_penalty = 3.0 = 3.0 x 1 (required indicators evaluated but not matched: rfc6605_ecdsa_algorithm); partial_match_penalty = 0.0 (not applied: no required indicator matched, so this is not a partial match); ambiguity_penalty = 0.0 (not applied: no matched indicator is flagged ambiguous); raw = 0.0 + 0.0 + 0.0 - 3.0 - 0.0 - 0.0 = -3.0; specificity_multiplier = 1.25 (RFC 6605 specificity=high); final_score = max(0, -3.0) * 1.25 = 0.0"
trace_sig_0003_rfc7344,sig_0003,RFC 7344,Automating DNSSEC Delegation Trust Maintenance,2018-05-01T01:20:45,2014-09-01T00:00:00,true,no_match,none,0.0,0.0,,rfc7344_cds_cdnskey_present; rfc7344_cds_publishes_digest,,rfc7344_cds_cdnskey_present,,,1,2,,"RFC 7344 does not explain signal sig_0003: the required indicator rfc7344_cds_cdnskey_present failed because rr_type=DS is not in [CDS, CDNSKEY]. The observation on 2018-05-01T01:20:45 is 1338 days after RFC 7344's publication on 2014-09-01, so the timestamp is valid. Score 0.0 (none): no required indicator matched, so there is nothing to score.","base_indicator_score = 0.0 (matched required indicators: none); optional_match_bonus = 0.0 = 0.0 x 0.5 (matched optional indicators: none); required_match_bonus = 0.0 (not awarded: 1 evaluable required indicator(s), the bonus needs at least 2); missing_required_penalty = 3.0 = 3.0 x 1 (required indicators evaluated but not matched: rfc7344_cds_cdnskey_present); partial_match_penalty = 0.0 (not applied: no required indicator matched, so this is not a partial match); ambiguity_penalty = 0.0 (not applied: no matched indicator is flagged ambiguous); raw = 0.0 + 0.0 + 0.0 - 3.0 - 0.0 - 0.0 = -3.0; specificity_multiplier = 1.25 (RFC 7344 specificity=high); final_score = max(0, -3.0) * 1.25 = 0.0"
trace_sig_0003_rfc8078,sig_0003,RFC 8078,Managing DS Records from the Parent via CDS/CDNSKEY,2018-05-01T01:20:45,2017-03-01T00:00:00,true,no_match,none,0.0,0.0,,rfc8078_cds_cdnskey_algorithm_zero; rfc8078_delete_signal_digest_zero,,rfc8078_cds_cdnskey_algorithm_zero,,,0,4,,"RFC 8078 does not explain signal sig_0003: the required indicator rfc8078_cds_cdnskey_algorithm_zero failed because rr_type=DS is not in [CDS, CDNSKEY]. The observation on 2018-05-01T01:20:45 is 426 days after RFC 8078's publication on 2017-03-01, so the timestamp is valid. Score 0.0 (none): no required indicator matched, so there is nothing to score.","base_indicator_score = 0.0 (matched required indicators: none); optional_match_bonus = 0.0 = 0.0 x 0.5 (matched optional indicators: none); required_match_bonus = 0.0 (not awarded: 1 evaluable required indicator(s), the bonus needs at least 2); missing_required_penalty = 3.0 = 3.0 x 1 (required indicators evaluated but not matched: rfc8078_cds_cdnskey_algorithm_zero); partial_match_penalty = 0.0 (not applied: no required indicator matched, so this is not a partial match); ambiguity_penalty = 0.0 (not applied: no matched indicator is flagged ambiguous); raw = 0.0 + 0.0 + 0.0 - 3.0 - 0.0 - 0.0 = -3.0; specificity_multiplier = 1.5 (RFC 8078 specificity=very_high); final_score = max(0, -3.0) * 1.5 = 0.0"
trace_sig_0003_rfc8080,sig_0003,RFC 8080,Edwards-Curve Digital Security Algorithm (EdDSA) for DNSSEC,2018-05-01T01:20:45,2017-02-01T00:00:00,true,no_match,none,0.0,0.0,,rfc8080_eddsa_algorithm; rfc8080_eddsa_on_key_or_signature,,rfc8080_eddsa_algorithm,,,1,2,,"RFC 8080 does not explain signal sig_0003: the required indicator rfc8080_eddsa_algorithm failed because algorithm=8 is not in [15, 16]. The observation on 2018-05-01T01:20:45 is 454 days after RFC 8080's publication on 2017-02-01, so the timestamp is valid. Score 0.0 (none): no required indicator matched, so there is nothing to score.","base_indicator_score = 0.0 (matched required indicators: none); optional_match_bonus = 0.0 = 0.0 x 0.5 (matched optional indicators: none); required_match_bonus = 0.0 (not awarded: 1 evaluable required indicator(s), the bonus needs at least 2); missing_required_penalty = 3.0 = 3.0 x 1 (required indicators evaluated but not matched: rfc8080_eddsa_algorithm); partial_match_penalty = 0.0 (not applied: no required indicator matched, so this is not a partial match); ambiguity_penalty = 0.0 (not applied: no matched indicator is flagged ambiguous); raw = 0.0 + 0.0 + 0.0 - 3.0 - 0.0 - 0.0 = -3.0; specificity_multiplier = 1.5 (RFC 8080 specificity=very_high); final_score = max(0, -3.0) * 1.5 = 0.0"
trace_sig_0003_rfc8624,sig_0003,RFC 8624,Algorithm Implementation Requirements and Usage Guidance for DNSSEC,2018-05-01T01:20:45,2019-06-01T00:00:00,false,partial_match,none,0.0,0.0,rfc8624_avoids_deprecated_algorithm,rfc8624_recommended_signing_algorithm,rfc8624_validator_algorithm_support,rfc8624_recommended_signing_algorithm,rr_type; validator_algorithm_support,algorithm,2,1,"Indicator rfc8624_avoids_deprecated_algorithm is flagged ambiguous: the observation it matched is equally consistent with other RFCs, so this result is an inference about policy rather than direct evidence.; Corpus availability: indicator rfc8624_validator_algorithm_support was never tested because rr_type, validator_algorithm_support are absent from the OpenINTEL dictionary. Its absence from the evidence is a measurement limitation, not a finding about the observation.; The observation also predates the RFC publication date by 396 days, but that is not why it was rejected: the indicator conditions did not hold regardless of the date, so no score was withheld.; Partial matches are candidates, not adoption evidence: at least one required indicator of this RFC was not satisfied.","RFC 8624 partially matches signal sig_0003: the optional indicator rfc8624_avoids_deprecated_algorithm passed because algorithm is present (observed 8) and algorithm=8 differs from 1 as required. The required indicator rfc8624_recommended_signing_algorithm was not satisfied: algorithm=8 is not in [13, 15]. The observation on 2018-05-01T01:20:45 predates RFC 8624's publication on 2019-06-01 by 396 days. An observation cannot evidence adoption of an RFC that did not yet exist, so the score is forfeited. Score 0.0 (none): the penalties leave a raw total of -3.5, which is clamped to 0 before the 0.75 low specificity multiplier.","base_indicator_score = 0.0 (matched required indicators: none); optional_match_bonus = 1.5 = 3.0 x 0.5 (matched optional indicators: rfc8624_avoids_deprecated_algorithm); required_match_bonus = 0.0 (not awarded: 1 evaluable required indicator(s), the bonus needs at least 2); missing_required_penalty = 3.0 = 3.0 x 1 (required indicators evaluated but not matched: rfc8624_recommended_signing_algorithm); partial_match_penalty = 0.0 (not applied: no required indicator matched, so this is not a partial match); ambiguity_penalty = 2.0 (applied: matched indicators flagged ambiguous: rfc8624_avoids_deprecated_algorithm); raw = 0.0 + 0.0 + 1.5 - 3.0 - 0.0 - 2.0 = -3.5; specificity_multiplier = 0.75 (RFC 8624 specificity=low); final_score = max(0, -3.5) * 0.75 = 0.0; note: 1 indicator (rfc8624_validator_algorithm_support) could not be tested against the OpenINTEL corpus and was excluded from every term above, neither earning weight nor incurring a penalty"
trace_sig_0004_rfc6605,sig_0004,RFC 6605,Elliptic Curve Digital Signature Algorithm (DSA) for DNSSEC,2018-05-01T01:25:38,2012-04-01T00:00:00,true,valid_match,very_high,13.125,0.0,rfc6605_ecdsa_algorithm; rfc6605_ecdsa_on_key_or_signature,,,,,algorithm; rr_type,3,0,,"RFC 6605 matched signal sig_0004: the required indicator rfc6605_ecdsa_algorithm passed because algorithm=13 is in [13, 14]. Corroborating indicators also matched: rfc6605_ecdsa_on_key_or_signature. The observation on 2018-05-01T01:25:38 is 2221 days after RFC 6605's publication on 2012-04-01, so the timestamp is valid. Score 13.125 (very_high) = (9.0 required + 1.5 optional) x 1.25 high specificity.","base_indicator_score = 9.0 (matched required indicators: rfc6605_ecdsa_algorithm); optional_match_bonus = 1.5 = 3.0 x 0.5 (matched optional indicators: rfc6605_ecdsa_on_key_or_signature); required_match_bonus = 0.0 (not awarded: 1 evaluable required indicator(s), the bonus needs at least 2); missing_required_penalty = 0.0 = 3.0 x 0 (required indicators evaluated but not matched: none); partial_match_penalty = 0.0 (not applied: every evaluable required indicator matched); ambiguity_penalty = 0.0 (not applied: no matched indicator is flagged ambiguous); raw = 9.0 + 0.0 + 1.5 - 0.0 - 0.0 - 0.0 = 10.5; specificity_multiplier = 1.25 (RFC 6605 specificity=high); final_score = max(0, 10.5) * 1.25 = 13.125"
trace_sig_0004_rfc7344,sig_0004,RFC 7344,Automating DNSSEC Delegation Trust Maintenance,2018-05-01T01:25:38,2014-09-01T00:00:00,true,valid_match,high,11.25,0.0,rfc7344_cds_cdnskey_present,rfc7344_cds_publishes_digest,,,digest_type,rr_type,1,2,"Indicator rfc7344_cds_publishes_digest was only partially evaluated: 1 condition(s) were tested and 1 could not be, because the observation carries no value for digest_type.; Fields absent from this observation: digest_type. Every condition over them failed by construction; absence is not evidence either way.","RFC 7344 matched signal sig_0004: the required indicator rfc7344_cds_cdnskey_present passed because rr_type=CDNSKEY is in [CDS, CDNSKEY]. Indicator rfc7344_cds_publishes_digest did not match: rr_type=CDNSKEY does not equal the expected value CDS. The observation on 2018-05-01T01:25:38 is 1338 days after RFC 7344's publication on 2014-09-01, so the timestamp is valid. Score 11.25 (high) = (9.0 required) x 1.25 high specificity.","base_indicator_score = 9.0 (matched required indicators: rfc7344_cds_cdnskey_present); optional_match_bonus = 0.0 = 0.0 x 0.5 (matched optional indicators: none); required_match_bonus = 0.0 (not awarded: 1 evaluable required indicator(s), the bonus needs at least 2); missing_required_penalty = 0.0 = 3.0 x 0 (required indicators evaluated but not matched: none); partial_match_penalty = 0.0 (not applied: every evaluable required indicator matched); ambiguity_penalty = 0.0 (not applied: no matched indicator is flagged ambiguous); raw = 9.0 + 0.0 + 0.0 - 0.0 - 0.0 - 0.0 = 9.0; specificity_multiplier = 1.25 (RFC 7344 specificity=high); final_score = max(0, 9.0) * 1.25 = 11.25"
trace_sig_0004_rfc4033,sig_0004,RFC 4033,DNS Security Introduction and Requirements (DNSSEC base: RFC 4033/4034/4035),2018-05-01T01:25:38,2005-03-01T00:00:00,true,partial_match,none,0.0,0.0,rfc4033_dnssec_algorithm_present,rfc4033_base_dnssec_record_present; rfc4033_dnssec_ok_negotiated,,rfc4033_base_dnssec_record_present,dnssec_ok_flag,algorithm,1,3,"Indicator rfc4033_dnssec_ok_negotiated is only partially queryable: part of its signature depends on fields the corpus does not export, so it was evaluated on incomplete data.; Indicator rfc4033_dnssec_ok_negotiated was only partially evaluated: 1 condition(s) were tested and 1 could not be, because the observation carries no value for dnssec_ok_flag.; Fields absent from this observation: dnssec_ok_flag. Every condition over them failed by construction; absence is not evidence either way.; Partial matches are candidates, not adoption evidence: at least one required indicator of this RFC was not satisfied.","RFC 4033 partially matches signal sig_0004: the optional indicator rfc4033_dnssec_algorithm_present passed because algorithm is present (observed 13). The required indicator rfc4033_base_dnssec_record_present was not satisfied: rr_type=CDNSKEY is not in [DNSKEY, DS, RRSIG, NSEC]. The observation on 2018-05-01T01:25:38 is 4809 days after RFC 4033's publication on 2005-03-01, so the timestamp is valid. Score 0.0 (none): the penalties leave a raw total of -2.0, which is clamped to 0 before the 0.75 low specificity multiplier.","base_indicator_score = 0.0 (matched required indicators: none); optional_match_bonus = 1.0 = 2.0 x 0.5 (matched optional indicators: rfc4033_dnssec_algorithm_present); required_match_bonus = 0.0 (not awarded: 1 evaluable required indicator(s), the bonus needs at least 2); missing_required_penalty = 3.0 = 3.0 x 1 (required indicators evaluated but not matched: rfc4033_base_dnssec_record_present); partial_match_penalty = 0.0 (not applied: no required indicator matched, so this is not a partial match); ambiguity_penalty = 0.0 (not applied: no matched indicator is flagged ambiguous); raw = 0.0 + 0.0 + 1.0 - 3.0 - 0.0 - 0.0 = -2.0; specificity_multiplier = 0.75 (RFC 4033 specificity=low); final_score = max(0, -2.0) * 0.75 = 0.0"
trace_sig_0004_rfc4509,sig_0004,RFC 4509,Use of SHA-256 in DNSSEC Delegation Signer (DS) Resource Records,2018-05-01T01:25:38,2006-05-01T00:00:00,true,no_match,none,0.0,0.0,,rfc4509_ds_sha256_digest,,rfc4509_ds_sha256_digest,digest_type,,0,2,"Indicator rfc4509_ds_sha256_digest was only partially evaluated: 1 condition(s) were tested and 1 could not be, because the observation carries no value for digest_type.; Fields absent from this observation: digest_type. Every condition over them failed by construction; absence is not evidence either way.","RFC 4509 does not explain signal sig_0004: the required indicator rfc4509_ds_sha256_digest failed because rr_type=CDNSKEY is not in [DS, CDS]. The observation on 2018-05-01T01:25:38 is 4383 days after RFC 4509's publication on 2006-05-01, so the timestamp is valid. Score 0.0 (none): no required indicator matched, so there is nothing to score.","base_indicator_score = 0.0 (matched required indicators: none); optional_match_bonus = 0.0 = 0.0 x 0.5 (matched optional indicators: none); required_match_bonus = 0.0 (not awarded: 1 evaluable required indicator(s), the bonus needs at least 2); missing_required_penalty = 3.0 = 3.0 x 1 (required indicators evaluated but not matched: rfc4509_ds_sha256_digest); partial_match_penalty = 0.0 (not applied: no required indicator matched, so this is not a partial match); ambiguity_penalty = 0.0 (not applied: no matched indicator is flagged ambiguous); raw = 0.0 + 0.0 + 0.0 - 3.0 - 0.0 - 0.0 = -3.0; specificity_multiplier = 1.25 (RFC 4509 specificity=high); final_score = max(0, -3.0) * 1.25 = 0.0"
trace_sig_0004_rfc5155,sig_0004,RFC 5155,DNS Security (DNSSEC) Hashed Authenticated Denial of Existence,2018-05-01T01:25:38,2008-03-01T00:00:00,true,no_match,none,0.0,0.0,,rfc5155_nsec3_hash_algorithm; rfc5155_nsec3_record_present,,rfc5155_nsec3_record_present,,,1,2,,"RFC 5155 does not explain signal sig_0004: the required indicator rfc5155_nsec3_record_present failed because rr_type=CDNSKEY is not in [NSEC3, NSEC3PARAM]. The observation on 2018-05-01T01:25:38 is 3713 days after RFC 5155's publication on 2008-03-01, so the timestamp is valid. Score 0.0 (none): no required indicator matched, so there is nothing to score.","base_indicator_score = 0.0 (matched required indicators: none); optional_match_bonus = 0.0 = 0.0 x 0.5 (matched optional indicators: none); required_match_bonus = 0.0 (not awarded: 1 evaluable required indicator(s), the bonus needs at least 2); missing_required_penalty = 3.0 = 3.0 x 1 (required indicators evaluated but not matched: rfc5155_nsec3_record_present); partial_match_penalty = 0.0 (not applied: no required indicator matched, so this is not a partial match); ambiguity_penalty = 0.0 (not applied: no matched indicator is flagged ambiguous); raw = 0.0 + 0.0 + 0.0 - 3.0 - 0.0 - 0.0 = -3.0; specificity_multiplier = 1.5 (RFC 5155 specificity=very_high); final_score = max(0, -3.0) * 1.5 = 0.0"
trace_sig_0004_rfc8078,sig_0004,RFC 8078,Managing DS Records from the Parent via CDS/CDNSKEY,2018-05-01T01:25:38,2017-03-01T00:00:00,true,no_match,none,0.0,0.0,,rfc8078_cds_cdnskey_algorithm_zero; rfc8078_delete_signal_digest_zero,,rfc8078_cds_cdnskey_algorithm_zero,digest_type,,2,2,"Indicator rfc8078_delete_signal_digest_zero was only partially evaluated: 1 condition(s) were tested and 1 could not be, because the observation carries no value for digest_type.; Fields absent from this observation: digest_type. Every condition over them failed by construction; absence is not evidence either way.","RFC 8078 does not explain signal sig_0004: the required indicator rfc8078_cds_cdnskey_algorithm_zero failed because algorithm=13 does not equal the expected value 0. The observation on 2018-05-01T01:25:38 is 426 days after RFC 8078's publication on 2017-03-01, so the timestamp is valid. Score 0.0 (none): no required indicator matched, so there is nothing to score.","base_indicator_score = 0.0 (matched required indicators: none); optional_match_bonus = 0.0 = 0.0 x 0.5 (matched optional indicators: none); required_match_bonus = 0.0 (not awarded: 1 evaluable required indicator(s), the bonus needs at least 2); missing_required_penalty = 3.0 = 3.0 x 1 (required indicators evaluated but not matched: rfc8078_cds_cdnskey_algorithm_zero); partial_match_penalty = 0.0 (not applied: no required indicator matched, so this is not a partial match); ambiguity_penalty = 0.0 (not applied: no matched indicator is flagged ambiguous); raw = 0.0 + 0.0 + 0.0 - 3.0 - 0.0 - 0.0 = -3.0; specificity_multiplier = 1.5 (RFC 8078 specificity=very_high); final_score = max(0, -3.0) * 1.5 = 0.0"
trace_sig_0004_rfc8080,sig_0004,RFC 8080,Edwards-Curve Digital Security Algorithm (EdDSA) for DNSSEC,2018-05-01T01:25:38,2017-02-01T00:00:00,true,no_match,none,0.0,0.0,,rfc8080_eddsa_algorithm; rfc8080_eddsa_on_key_or_signature,,rfc8080_eddsa_algorithm,,,1,2,,"RFC 8080 does not explain signal sig_0004: the required indicator rfc8080_eddsa_algorithm failed because algorithm=13 is not in [15, 16]. The observation on 2018-05-01T01:25:38 is 454 days after RFC 8080's publication on 2017-02-01, so the timestamp is valid. Score 0.0 (none): no required indicator matched, so there is nothing to score.","base_indicator_score = 0.0 (matched required indicators: none); optional_match_bonus = 0.0 = 0.0 x 0.5 (matched optional indicators: none); required_match_bonus = 0.0 (not awarded: 1 evaluable required indicator(s), the bonus needs at least 2); missing_required_penalty = 3.0 = 3.0 x 1 (required indicators evaluated but not matched: rfc8080_eddsa_algorithm); partial_match_penalty = 0.0 (not applied: no required indicator matched, so this is not a partial match); ambiguity_penalty = 0.0 (not applied: no matched indicator is flagged ambiguous); raw = 0.0 + 0.0 + 0.0 - 3.0 - 0.0 - 0.0 = -3.0; specificity_multiplier = 1.5 (RFC 8080 specificity=very_high); final_score = max(0, -3.0) * 1.5 = 0.0"
trace_sig_0004_rfc8624,sig_0004,RFC 8624,Algorithm Implementation Requirements and Usage Guidance for DNSSEC,2018-05-01T01:25:38,2019-06-01T00:00:00,false,timestamp_invalid,none,0.0,3.375,rfc8624_avoids_deprecated_algorithm; rfc8624_recommended_signing_algorithm,,rfc8624_validator_algorithm_support,,rr_type; validator_algorithm_support,algorithm,3,0,"Indicator rfc8624_recommended_signing_algorithm is flagged ambiguous: the observation it matched is equally consistent with other RFCs, so this result is an inference about policy rather than direct evidence.; Indicator rfc8624_avoids_deprecated_algorithm is flagged ambiguous: the observation it matched is equally consistent with other RFCs, so this result is an inference about policy rather than direct evidence.; Corpus availability: indicator rfc8624_validator_algorithm_support was never tested because rr_type, validator_algorithm_support are absent from the OpenINTEL dictionary. Its absence from the evidence is a measurement limitation, not a finding about the observation.; The observation predates the RFC publication date by 396 days, so any score it would have earned is withheld and the case needs human review.","RFC 8624 cannot explain signal sig_0004: although algorithm=13 satisfy the required indicator rfc8624_recommended_signing_algorithm, the observation on 2018-05-01T01:25:38 predates RFC 8624's publication on 2019-06-01 by 396 days. An observation cannot evidence adoption of an RFC that did not yet exist, so the score of 3.375 is forfeited and this is routed to the review queue. The withheld score derives from (5.0 required + 1.5 optional - 2.0 ambiguity penalty) x 0.75 low specificity.","base_indicator_score = 5.0 (matched required indicators: rfc8624_recommended_signing_algorithm); optional_match_bonus = 1.5 = 3.0 x 0.5 (matched optional indicators: rfc8624_avoids_deprecated_algorithm); required_match_bonus = 0.0 (not awarded: 1 evaluable required indicator(s), the bonus needs at least 2); missing_required_penalty = 0.0 = 3.0 x 0 (required indicators evaluated but not matched: none); partial_match_penalty = 0.0 (not applied: every evaluable required indicator matched); ambiguity_penalty = 2.0 (applied: matched indicators flagged ambiguous: rfc8624_avoids_deprecated_algorithm, rfc8624_recommended_signing_algorithm); raw = 5.0 + 0.0 + 1.5 - 0.0 - 0.0 - 2.0 = 4.5; specificity_multiplier = 0.75 (RFC 8624 specificity=low); final_score = max(0, 4.5) * 0.75 = 3.375; timestamp_penalty = 3.375 (the observation predates RFC 8624's publication date by 396 days, so the score is withheld); final_score = 0.0 (an observation cannot evidence adoption of an RFC that did not yet exist); note: 1 indicator (rfc8624_validator_algorithm_support) could not be tested against the OpenINTEL corpus and was excluded from every term above, neither earning weight nor incurring a penalty"
trace_sig_0005_rfc5155,sig_0005,RFC 5155,DNS Security (DNSSEC) Hashed Authenticated Denial of Existence,2018-05-01T01:51:02,2008-03-01T00:00:00,true,valid_match,very_high,17.25,0.0,rfc5155_nsec3_hash_algorithm; rfc5155_nsec3_record_present,,,,,algorithm; rr_type,3,0,,"RFC 5155 matched signal sig_0005: the required indicator rfc5155_nsec3_record_present passed because rr_type=NSEC3 is in [NSEC3, NSEC3PARAM]. Corroborating indicators also matched: rfc5155_nsec3_hash_algorithm. The observation on 2018-05-01T01:51:02 is 3713 days after RFC 5155's publication on 2008-03-01, so the timestamp is valid. Score 17.25 (very_high) = (10.0 required + 1.5 optional) x 1.5 very_high specificity.","base_indicator_score = 10.0 (matched required indicators: rfc5155_nsec3_record_present); optional_match_bonus = 1.5 = 3.0 x 0.5 (matched optional indicators: rfc5155_nsec3_hash_algorithm); required_match_bonus = 0.0 (not awarded: 1 evaluable required indicator(s), the bonus needs at least 2); missing_required_penalty = 0.0 = 3.0 x 0 (required indicators evaluated but not matched: none); partial_match_penalty = 0.0 (not applied: every evaluable required indicator matched); ambiguity_penalty = 0.0 (not applied: no matched indicator is flagged ambiguous); raw = 10.0 + 0.0 + 1.5 - 0.0 - 0.0 - 0.0 = 11.5; specificity_multiplier = 1.5 (RFC 5155 specificity=very_high); final_score = max(0, 11.5) * 1.5 = 17.25"
trace_sig_0005_rfc4033,sig_0005,RFC 4033,DNS Security Introduction and Requirements (DNSSEC base: RFC 4033/4034/4035),2018-05-01T01:51:02,2005-03-01T00:00:00,true,partial_match,none,0.0,0.0,rfc4033_dnssec_algorithm_present,rfc4033_base_dnssec_record_present; rfc4033_dnssec_ok_negotiated,,rfc4033_base_dnssec_record_present,dnssec_ok_flag,algorithm,1,3,"Indicator rfc4033_dnssec_ok_negotiated is only partially queryable: part of its signature depends on fields the corpus does not export, so it was evaluated on incomplete data.; Indicator rfc4033_dnssec_ok_negotiated was only partially evaluated: 1 condition(s) were tested and 1 could not be, because the observation carries no value for dnssec_ok_flag.; Fields absent from this observation: dnssec_ok_flag. Every condition over them failed by construction; absence is not evidence either way.; Partial matches are candidates, not adoption evidence: at least one required indicator of this RFC was not satisfied.","RFC 4033 partially matches signal sig_0005: the optional indicator rfc4033_dnssec_algorithm_present passed because algorithm is present (observed 1). The required indicator rfc4033_base_dnssec_record_present was not satisfied: rr_type=NSEC3 is not in [DNSKEY, DS, RRSIG, NSEC]. The observation on 2018-05-01T01:51:02 is 4809 days after RFC 4033's publication on 2005-03-01, so the timestamp is valid. Score 0.0 (none): the penalties leave a raw total of -2.0, which is clamped to 0 before the 0.75 low specificity multiplier.","base_indicator_score = 0.0 (matched required indicators: none); optional_match_bonus = 1.0 = 2.0 x 0.5 (matched optional indicators: rfc4033_dnssec_algorithm_present); required_match_bonus = 0.0 (not awarded: 1 evaluable required indicator(s), the bonus needs at least 2); missing_required_penalty = 3.0 = 3.0 x 1 (required indicators evaluated but not matched: rfc4033_base_dnssec_record_present); partial_match_penalty = 0.0 (not applied: no required indicator matched, so this is not a partial match); ambiguity_penalty = 0.0 (not applied: no matched indicator is flagged ambiguous); raw = 0.0 + 0.0 + 1.0 - 3.0 - 0.0 - 0.0 = -2.0; specificity_multiplier = 0.75 (RFC 4033 specificity=low); final_score = max(0, -2.0) * 0.75 = 0.0"
trace_sig_0005_rfc4509,sig_0005,RFC 4509,Use of SHA-256 in DNSSEC Delegation Signer (DS) Resource Records,2018-05-01T01:51:02,2006-05-01T00:00:00,true,no_match,none,0.0,0.0,,rfc4509_ds_sha256_digest,,rfc4509_ds_sha256_digest,digest_type,,0,2,"Indicator rfc4509_ds_sha256_digest was only partially evaluated: 1 condition(s) were tested and 1 could not be, because the observation carries no value for digest_type.; Fields absent from this observation: digest_type. Every condition over them failed by construction; absence is not evidence either way.","RFC 4509 does not explain signal sig_0005: the required indicator rfc4509_ds_sha256_digest failed because rr_type=NSEC3 is not in [DS, CDS]. The observation on 2018-05-01T01:51:02 is 4383 days after RFC 4509's publication on 2006-05-01, so the timestamp is valid. Score 0.0 (none): no required indicator matched, so there is nothing to score.","base_indicator_score = 0.0 (matched required indicators: none); optional_match_bonus = 0.0 = 0.0 x 0.5 (matched optional indicators: none); required_match_bonus = 0.0 (not awarded: 1 evaluable required indicator(s), the bonus needs at least 2); missing_required_penalty = 3.0 = 3.0 x 1 (required indicators evaluated but not matched: rfc4509_ds_sha256_digest); partial_match_penalty = 0.0 (not applied: no required indicator matched, so this is not a partial match); ambiguity_penalty = 0.0 (not applied: no matched indicator is flagged ambiguous); raw = 0.0 + 0.0 + 0.0 - 3.0 - 0.0 - 0.0 = -3.0; specificity_multiplier = 1.25 (RFC 4509 specificity=high); final_score = max(0, -3.0) * 1.25 = 0.0"
trace_sig_0005_rfc6605,sig_0005,RFC 6605,Elliptic Curve Digital Signature Algorithm (DSA) for DNSSEC,2018-05-01T01:51:02,2012-04-01T00:00:00,true,no_match,none,0.0,0.0,,rfc6605_ecdsa_algorithm; rfc6605_ecdsa_on_key_or_signature,,rfc6605_ecdsa_algorithm,,,0,3,,"RFC 6605 does not explain signal sig_0005: the required indicator rfc6605_ecdsa_algorithm failed because algorithm=1 is not in [13, 14]. The observation on 2018-05-01T01:51:02 is 2221 days after RFC 6605's publication on 2012-04-01, so the timestamp is valid. Score 0.0 (none): no required indicator matched, so there is nothing to score.","base_indicator_score = 0.0 (matched required indicators: none); optional_match_bonus = 0.0 = 0.0 x 0.5 (matched optional indicators: none); required_match_bonus = 0.0 (not awarded: 1 evaluable required indicator(s), the bonus needs at least 2); missing_required_penalty = 3.0 = 3.0 x 1 (required indicators evaluated but not matched: rfc6605_ecdsa_algorithm); partial_match_penalty = 0.0 (not applied: no required indicator matched, so this is not a partial match); ambiguity_penalty = 0.0 (not applied: no matched indicator is flagged ambiguous); raw = 0.0 + 0.0 + 0.0 - 3.0 - 0.0 - 0.0 = -3.0; specificity_multiplier = 1.25 (RFC 6605 specificity=high); final_score = max(0, -3.0) * 1.25 = 0.0"
trace_sig_0005_rfc7344,sig_0005,RFC 7344,Automating DNSSEC Delegation Trust Maintenance,2018-05-01T01:51:02,2014-09-01T00:00:00,true,no_match,none,0.0,0.0,,rfc7344_cds_cdnskey_present; rfc7344_cds_publishes_digest,,rfc7344_cds_cdnskey_present,digest_type,,0,3,"Indicator rfc7344_cds_publishes_digest was only partially evaluated: 1 condition(s) were tested and 1 could not be, because the observation carries no value for digest_type.; Fields absent from this observation: digest_type. Every condition over them failed by construction; absence is not evidence either way.","RFC 7344 does not explain signal sig_0005: the required indicator rfc7344_cds_cdnskey_present failed because rr_type=NSEC3 is not in [CDS, CDNSKEY]. The observation on 2018-05-01T01:51:02 is 1338 days after RFC 7344's publication on 2014-09-01, so the timestamp is valid. Score 0.0 (none): no required indicator matched, so there is nothing to score.","base_indicator_score = 0.0 (matched required indicators: none); optional_match_bonus = 0.0 = 0.0 x 0.5 (matched optional indicators: none); required_match_bonus = 0.0 (not awarded: 1 evaluable required indicator(s), the bonus needs at least 2); missing_required_penalty = 3.0 = 3.0 x 1 (required indicators evaluated but not matched: rfc7344_cds_cdnskey_present); partial_match_penalty = 0.0 (not applied: no required indicator matched, so this is not a partial match); ambiguity_penalty = 0.0 (not applied: no matched indicator is flagged ambiguous); raw = 0.0 + 0.0 + 0.0 - 3.0 - 0.0 - 0.0 = -3.0; specificity_multiplier = 1.25 (RFC 7344 specificity=high); final_score = max(0, -3.0) * 1.25 = 0.0"
trace_sig_0005_rfc8078,sig_0005,RFC 8078,Managing DS Records from the Parent via CDS/CDNSKEY,2018-05-01T01:51:02,2017-03-01T00:00:00,true,no_match,none,0.0,0.0,,rfc8078_cds_cdnskey_algorithm_zero; rfc8078_delete_signal_digest_zero,,rfc8078_cds_cdnskey_algorithm_zero,digest_type,,0,4,"Indicator rfc8078_delete_signal_digest_zero was only partially evaluated: 1 condition(s) were tested and 1 could not be, because the observation carries no value for digest_type.; Fields absent from this observation: digest_type. Every condition over them failed by construction; absence is not evidence either way.","RFC 8078 does not explain signal sig_0005: the required indicator rfc8078_cds_cdnskey_algorithm_zero failed because rr_type=NSEC3 is not in [CDS, CDNSKEY]. The observation on 2018-05-01T01:51:02 is 426 days after RFC 8078's publication on 2017-03-01, so the timestamp is valid. Score 0.0 (none): no required indicator matched, so there is nothing to score.","base_indicator_score = 0.0 (matched required indicators: none); optional_match_bonus = 0.0 = 0.0 x 0.5 (matched optional indicators: none); required_match_bonus = 0.0 (not awarded: 1 evaluable required indicator(s), the bonus needs at least 2); missing_required_penalty = 3.0 = 3.0 x 1 (required indicators evaluated but not matched: rfc8078_cds_cdnskey_algorithm_zero); partial_match_penalty = 0.0 (not applied: no required indicator matched, so this is not a partial match); ambiguity_penalty = 0.0 (not applied: no matched indicator is flagged ambiguous); raw = 0.0 + 0.0 + 0.0 - 3.0 - 0.0 - 0.0 = -3.0; specificity_multiplier = 1.5 (RFC 8078 specificity=very_high); final_score = max(0, -3.0) * 1.5 = 0.0"
trace_sig_0005_rfc8080,sig_0005,RFC 8080,Edwards-Curve Digital Security Algorithm (EdDSA) for DNSSEC,2018-05-01T01:51:02,2017-02-01T00:00:00,true,no_match,none,0.0,0.0,,rfc8080_eddsa_algorithm; rfc8080_eddsa_on_key_or_signature,,rfc8080_eddsa_algorithm,,,0,3,,"RFC 8080 does not explain signal sig_0005: the required indicator rfc8080_eddsa_algorithm failed because algorithm=1 is not in [15, 16]. The observation on 2018-05-01T01:51:02 is 454 days after RFC 8080's publication on 2017-02-01, so the timestamp is valid. Score 0.0 (none): no required indicator matched, so there is nothing to score.","base_indicator_score = 0.0 (matched required indicators: none); optional_match_bonus = 0.0 = 0.0 x 0.5 (matched optional indicators: none); required_match_bonus = 0.0 (not awarded: 1 evaluable required indicator(s), the bonus needs at least 2); missing_required_penalty = 3.0 = 3.0 x 1 (required indicators evaluated but not matched: rfc8080_eddsa_algorithm); partial_match_penalty = 0.0 (not applied: no required indicator matched, so this is not a partial match); ambiguity_penalty = 0.0 (not applied: no matched indicator is flagged ambiguous); raw = 0.0 + 0.0 + 0.0 - 3.0 - 0.0 - 0.0 = -3.0; specificity_multiplier = 1.5 (RFC 8080 specificity=very_high); final_score = max(0, -3.0) * 1.5 = 0.0"
trace_sig_0005_rfc8624,sig_0005,RFC 8624,Algorithm Implementation Requirements and Usage Guidance for DNSSEC,2018-05-01T01:51:02,2019-06-01T00:00:00,false,no_match,none,0.0,0.0,,rfc8624_avoids_deprecated_algorithm; rfc8624_recommended_signing_algorithm,rfc8624_validator_algorithm_support,rfc8624_recommended_signing_algorithm,rr_type; validator_algorithm_support,,1,2,"Corpus availability: indicator rfc8624_validator_algorithm_support was never tested because rr_type, validator_algorithm_support are absent from the OpenINTEL dictionary. Its absence from the evidence is a measurement limitation, not a finding about the observation.; The observation also predates the RFC publication date by 396 days, but that is not why it was rejected: the indicator conditions did not hold regardless of the date, so no score was withheld.","RFC 8624 does not explain signal sig_0005: the required indicator rfc8624_recommended_signing_algorithm failed because algorithm=1 is not in [13, 15]. Indicator(s) rfc8624_validator_algorithm_support were not tested at all (not exported by the corpus), so this rejection rests only on the indicators that could be evaluated. The observation on 2018-05-01T01:51:02 predates RFC 8624's publication on 2019-06-01 by 396 days. An observation cannot evidence adoption of an RFC that did not yet exist, so the score is forfeited. Score 0.0 (none): no required indicator matched, so there is nothing to score.","base_indicator_score = 0.0 (matched required indicators: none); optional_match_bonus = 0.0 = 0.0 x 0.5 (matched optional indicators: none); required_match_bonus = 0.0 (not awarded: 1 evaluable required indicator(s), the bonus needs at least 2); missing_required_penalty = 3.0 = 3.0 x 1 (required indicators evaluated but not matched: rfc8624_recommended_signing_algorithm); partial_match_penalty = 0.0 (not applied: no required indicator matched, so this is not a partial match); ambiguity_penalty = 0.0 (not applied: no matched indicator is flagged ambiguous); raw = 0.0 + 0.0 + 0.0 - 3.0 - 0.0 - 0.0 = -3.0; specificity_multiplier = 0.75 (RFC 8624 specificity=low); final_score = max(0, -3.0) * 0.75 = 0.0; note: 1 indicator (rfc8624_validator_algorithm_support) could not be tested against the OpenINTEL corpus and was excluded from every term above, neither earning weight nor incurring a penalty"
trace_sig_0006_rfc5155,sig_0006,RFC 5155,DNS Security (DNSSEC) Hashed Authenticated Denial of Existence,2018-05-01T02:12:41,2008-03-01T00:00:00,true,valid_match,very_high,17.25,0.0,rfc5155_nsec3_hash_algorithm; rfc5155_nsec3_record_present,,,,,algorithm; rr_type,3,0,,"RFC 5155 matched signal sig_0006: the required indicator rfc5155_nsec3_record_present passed because rr_type=NSEC3 is in [NSEC3, NSEC3PARAM]. Corroborating indicators also matched: rfc5155_nsec3_hash_algorithm. The observation on 2018-05-01T02:12:41 is 3713 days after RFC 5155's publication on 2008-03-01, so the timestamp is valid. Score 17.25 (very_high) = (10.0 required + 1.5 optional) x 1.5 very_high specificity.","base_indicator_score = 10.0 (matched required indicators: rfc5155_nsec3_record_present); optional_match_bonus = 1.5 = 3.0 x 0.5 (matched optional indicators: rfc5155_nsec3_hash_algorithm); required_match_bonus = 0.0 (not awarded: 1 evaluable required indicator(s), the bonus needs at least 2); missing_required_penalty = 0.0 = 3.0 x 0 (required indicators evaluated but not matched: none); partial_match_penalty = 0.0 (not applied: every evaluable required indicator matched); ambiguity_penalty = 0.0 (not applied: no matched indicator is flagged ambiguous); raw = 10.0 + 0.0 + 1.5 - 0.0 - 0.0 - 0.0 = 11.5; specificity_multiplier = 1.5 (RFC 5155 specificity=very_high); final_score = max(0, 11.5) * 1.5 = 17.25"
trace_sig_0006_rfc4033,sig_0006,RFC 4033,DNS Security Introduction and Requirements (DNSSEC base: RFC 4033/4034/4035),2018-05-01T02:12:41,2005-03-01T00:00:00,true,partial_match,none,0.0,0.0,rfc4033_dnssec_algorithm_present,rfc4033_base_dnssec_record_present; rfc4033_dnssec_ok_negotiated,,rfc4033_base_dnssec_record_present,dnssec_ok_flag,algorithm,1,3,"Indicator rfc4033_dnssec_ok_negotiated is only partially queryable: part of its signature depends on fields the corpus does not export, so it was evaluated on incomplete data.; Indicator rfc4033_dnssec_ok_negotiated was only partially evaluated: 1 condition(s) were tested and 1 could not be, because the observation carries no value for dnssec_ok_flag.; Fields absent from this observation: dnssec_ok_flag. Every condition over them failed by construction; absence is not evidence either way.; Partial matches are candidates, not adoption evidence: at least one required indicator of this RFC was not satisfied.","RFC 4033 partially matches signal sig_0006: the optional indicator rfc4033_dnssec_algorithm_present passed because algorithm is present (observed 1). The required indicator rfc4033_base_dnssec_record_present was not satisfied: rr_type=NSEC3 is not in [DNSKEY, DS, RRSIG, NSEC]. The observation on 2018-05-01T02:12:41 is 4809 days after RFC 4033's publication on 2005-03-01, so the timestamp is valid. Score 0.0 (none): the penalties leave a raw total of -2.0, which is clamped to 0 before the 0.75 low specificity multiplier.","base_indicator_score = 0.0 (matched required indicators: none); optional_match_bonus = 1.0 = 2.0 x 0.5 (matched optional indicators: rfc4033_dnssec_algorithm_present); required_match_bonus = 0.0 (not awarded: 1 evaluable required indicator(s), the bonus needs at least 2); missing_required_penalty = 3.0 = 3.0 x 1 (required indicators evaluated but not matched: rfc4033_base_dnssec_record_present); partial_match_penalty = 0.0 (not applied: no required indicator matched, so this is not a partial match); ambiguity_penalty = 0.0 (not applied: no matched indicator is flagged ambiguous); raw = 0.0 + 0.0 + 1.0 - 3.0 - 0.0 - 0.0 = -2.0; specificity_multiplier = 0.75 (RFC 4033 specificity=low); final_score = max(0, -2.0) * 0.75 = 0.0"
trace_sig_0006_rfc4509,sig_0006,RFC 4509,Use of SHA-256 in DNSSEC Delegation Signer (DS) Resource Records,2018-05-01T02:12:41,2006-05-01T00:00:00,true,no_match,none,0.0,0.0,,rfc4509_ds_sha256_digest,,rfc4509_ds_sha256_digest,digest_type,,0,2,"Indicator rfc4509_ds_sha256_digest was only partially evaluated: 1 condition(s) were tested and 1 could not be, because the observation carries no value for digest_type.; Fields absent from this observation: digest_type. Every condition over them failed by construction; absence is not evidence either way.","RFC 4509 does not explain signal sig_0006: the required indicator rfc4509_ds_sha256_digest failed because rr_type=NSEC3 is not in [DS, CDS]. The observation on 2018-05-01T02:12:41 is 4383 days after RFC 4509's publication on 2006-05-01, so the timestamp is valid. Score 0.0 (none): no required indicator matched, so there is nothing to score.","base_indicator_score = 0.0 (matched required indicators: none); optional_match_bonus = 0.0 = 0.0 x 0.5 (matched optional indicators: none); required_match_bonus = 0.0 (not awarded: 1 evaluable required indicator(s), the bonus needs at least 2); missing_required_penalty = 3.0 = 3.0 x 1 (required indicators evaluated but not matched: rfc4509_ds_sha256_digest); partial_match_penalty = 0.0 (not applied: no required indicator matched, so this is not a partial match); ambiguity_penalty = 0.0 (not applied: no matched indicator is flagged ambiguous); raw = 0.0 + 0.0 + 0.0 - 3.0 - 0.0 - 0.0 = -3.0; specificity_multiplier = 1.25 (RFC 4509 specificity=high); final_score = max(0, -3.0) * 1.25 = 0.0"
trace_sig_0006_rfc6605,sig_0006,RFC 6605,Elliptic Curve Digital Signature Algorithm (DSA) for DNSSEC,2018-05-01T02:12:41,2012-04-01T00:00:00,true,no_match,none,0.0,0.0,,rfc6605_ecdsa_algorithm; rfc6605_ecdsa_on_key_or_signature,,rfc6605_ecdsa_algorithm,,,0,3,,"RFC 6605 does not explain signal sig_0006: the required indicator rfc6605_ecdsa_algorithm failed because algorithm=1 is not in [13, 14]. The observation on 2018-05-01T02:12:41 is 2221 days after RFC 6605's publication on 2012-04-01, so the timestamp is valid. Score 0.0 (none): no required indicator matched, so there is nothing to score.","base_indicator_score = 0.0 (matched required indicators: none); optional_match_bonus = 0.0 = 0.0 x 0.5 (matched optional indicators: none); required_match_bonus = 0.0 (not awarded: 1 evaluable required indicator(s), the bonus needs at least 2); missing_required_penalty = 3.0 = 3.0 x 1 (required indicators evaluated but not matched: rfc6605_ecdsa_algorithm); partial_match_penalty = 0.0 (not applied: no required indicator matched, so this is not a partial match); ambiguity_penalty = 0.0 (not applied: no matched indicator is flagged ambiguous); raw = 0.0 + 0.0 + 0.0 - 3.0 - 0.0 - 0.0 = -3.0; specificity_multiplier = 1.25 (RFC 6605 specificity=high); final_score = max(0, -3.0) * 1.25 = 0.0"
trace_sig_0006_rfc7344,sig_0006,RFC 7344,Automating DNSSEC Delegation Trust Maintenance,2018-05-01T02:12:41,2014-09-01T00:00:00,true,no_match,none,0.0,0.0,,rfc7344_cds_cdnskey_present; rfc7344_cds_publishes_digest,,rfc7344_cds_cdnskey_present,digest_type,,0,3,"Indicator rfc7344_cds_publishes_digest was only partially evaluated: 1 condition(s) were tested and 1 could not be, because the observation carries no value for digest_type.; Fields absent from this observation: digest_type. Every condition over them failed by construction; absence is not evidence either way.","RFC 7344 does not explain signal sig_0006: the required indicator rfc7344_cds_cdnskey_present failed because rr_type=NSEC3 is not in [CDS, CDNSKEY]. The observation on 2018-05-01T02:12:41 is 1338 days after RFC 7344's publication on 2014-09-01, so the timestamp is valid. Score 0.0 (none): no required indicator matched, so there is nothing to score.","base_indicator_score = 0.0 (matched required indicators: none); optional_match_bonus = 0.0 = 0.0 x 0.5 (matched optional indicators: none); required_match_bonus = 0.0 (not awarded: 1 evaluable required indicator(s), the bonus needs at least 2); missing_required_penalty = 3.0 = 3.0 x 1 (required indicators evaluated but not matched: rfc7344_cds_cdnskey_present); partial_match_penalty = 0.0 (not applied: no required indicator matched, so this is not a partial match); ambiguity_penalty = 0.0 (not applied: no matched indicator is flagged ambiguous); raw = 0.0 + 0.0 + 0.0 - 3.0 - 0.0 - 0.0 = -3.0; specificity_multiplier = 1.25 (RFC 7344 specificity=high); final_score = max(0, -3.0) * 1.25 = 0.0"
trace_sig_0006_rfc8078,sig_0006,RFC 8078,Managing DS Records from the Parent via CDS/CDNSKEY,2018-05-01T02:12:41,2017-03-01T00:00:00,true,no_match,none,0.0,0.0,,rfc8078_cds_cdnskey_algorithm_zero; rfc8078_delete_signal_digest_zero,,rfc8078_cds_cdnskey_algorithm_zero,digest_type,,0,4,"Indicator rfc8078_delete_signal_digest_zero was only partially evaluated: 1 condition(s) were tested and 1 could not be, because the observation carries no value for digest_type.; Fields absent from this observation: digest_type. Every condition over them failed by construction; absence is not evidence either way.","RFC 8078 does not explain signal sig_0006: the required indicator rfc8078_cds_cdnskey_algorithm_zero failed because rr_type=NSEC3 is not in [CDS, CDNSKEY]. The observation on 2018-05-01T02:12:41 is 426 days after RFC 8078's publication on 2017-03-01, so the timestamp is valid. Score 0.0 (none): no required indicator matched, so there is nothing to score.","base_indicator_score = 0.0 (matched required indicators: none); optional_match_bonus = 0.0 = 0.0 x 0.5 (matched optional indicators: none); required_match_bonus = 0.0 (not awarded: 1 evaluable required indicator(s), the bonus needs at least 2); missing_required_penalty = 3.0 = 3.0 x 1 (required indicators evaluated but not matched: rfc8078_cds_cdnskey_algorithm_zero); partial_match_penalty = 0.0 (not applied: no required indicator matched, so this is not a partial match); ambiguity_penalty = 0.0 (not applied: no matched indicator is flagged ambiguous); raw = 0.0 + 0.0 + 0.0 - 3.0 - 0.0 - 0.0 = -3.0; specificity_multiplier = 1.5 (RFC 8078 specificity=very_high); final_score = max(0, -3.0) * 1.5 = 0.0"
trace_sig_0006_rfc8080,sig_0006,RFC 8080,Edwards-Curve Digital Security Algorithm (EdDSA) for DNSSEC,2018-05-01T02:12:41,2017-02-01T00:00:00,true,no_match,none,0.0,0.0,,rfc8080_eddsa_algorithm; rfc8080_eddsa_on_key_or_signature,,rfc8080_eddsa_algorithm,,,0,3,,"RFC 8080 does not explain signal sig_0006: the required indicator rfc8080_eddsa_algorithm failed because algorithm=1 is not in [15, 16]. The observation on 2018-05-01T02:12:41 is 454 days after RFC 8080's publication on 2017-02-01, so the timestamp is valid. Score 0.0 (none): no required indicator matched, so there is nothing to score.","base_indicator_score = 0.0 (matched required indicators: none); optional_match_bonus = 0.0 = 0.0 x 0.5 (matched optional indicators: none); required_match_bonus = 0.0 (not awarded: 1 evaluable required indicator(s), the bonus needs at least 2); missing_required_penalty = 3.0 = 3.0 x 1 (required indicators evaluated but not matched: rfc8080_eddsa_algorithm); partial_match_penalty = 0.0 (not applied: no required indicator matched, so this is not a partial match); ambiguity_penalty = 0.0 (not applied: no matched indicator is flagged ambiguous); raw = 0.0 + 0.0 + 0.0 - 3.0 - 0.0 - 0.0 = -3.0; specificity_multiplier = 1.5 (RFC 8080 specificity=very_high); final_score = max(0, -3.0) * 1.5 = 0.0"
trace_sig_0006_rfc8624,sig_0006,RFC 8624,Algorithm Implementation Requirements and Usage Guidance for DNSSEC,2018-05-01T02:12:41,2019-06-01T00:00:00,false,no_match,none,0.0,0.0,,rfc8624_avoids_deprecated_algorithm; rfc8624_recommended_signing_algorithm,rfc8624_validator_algorithm_support,rfc8624_recommended_signing_algorithm,rr_type; validator_algorithm_support,,1,2,"Corpus availability: indicator rfc8624_validator_algorithm_support was never tested because rr_type, validator_algorithm_support are absent from the OpenINTEL dictionary. Its absence from the evidence is a measurement limitation, not a finding about the observation.; The observation also predates the RFC publication date by 396 days, but that is not why it was rejected: the indicator conditions did not hold regardless of the date, so no score was withheld.","RFC 8624 does not explain signal sig_0006: the required indicator rfc8624_recommended_signing_algorithm failed because algorithm=1 is not in [13, 15]. Indicator(s) rfc8624_validator_algorithm_support were not tested at all (not exported by the corpus), so this rejection rests only on the indicators that could be evaluated. The observation on 2018-05-01T02:12:41 predates RFC 8624's publication on 2019-06-01 by 396 days. An observation cannot evidence adoption of an RFC that did not yet exist, so the score is forfeited. Score 0.0 (none): no required indicator matched, so there is nothing to score.","base_indicator_score = 0.0 (matched required indicators: none); optional_match_bonus = 0.0 = 0.0 x 0.5 (matched optional indicators: none); required_match_bonus = 0.0 (not awarded: 1 evaluable required indicator(s), the bonus needs at least 2); missing_required_penalty = 3.0 = 3.0 x 1 (required indicators evaluated but not matched: rfc8624_recommended_signing_algorithm); partial_match_penalty = 0.0 (not applied: no required indicator matched, so this is not a partial match); ambiguity_penalty = 0.0 (not applied: no matched indicator is flagged ambiguous); raw = 0.0 + 0.0 + 0.0 - 3.0 - 0.0 - 0.0 = -3.0; specificity_multiplier = 0.75 (RFC 8624 specificity=low); final_score = max(0, -3.0) * 0.75 = 0.0; note: 1 indicator (rfc8624_validator_algorithm_support) could not be tested against the OpenINTEL corpus and was excluded from every term above, neither earning weight nor incurring a penalty"
trace_sig_0007_rfc6605,sig_0007,RFC 6605,Elliptic Curve Digital Signature Algorithm (DSA) for DNSSEC,2018-05-01T02:22:08,2012-04-01T00:00:00,true,valid_match,very_high,13.125,0.0,rfc6605_ecdsa_algorithm; rfc6605_ecdsa_on_key_or_signature,,,,,algorithm; rr_type,3,0,,"RFC 6605 matched signal sig_0007: the required indicator rfc6605_ecdsa_algorithm passed because algorithm=13 is in [13, 14]. Corroborating indicators also matched: rfc6605_ecdsa_on_key_or_signature. The observation on 2018-05-01T02:22:08 is 2221 days after RFC 6605's publication on 2012-04-01, so the timestamp is valid. Score 13.125 (very_high) = (9.0 required + 1.5 optional) x 1.25 high specificity.","base_indicator_score = 9.0 (matched required indicators: rfc6605_ecdsa_algorithm); optional_match_bonus = 1.5 = 3.0 x 0.5 (matched optional indicators: rfc6605_ecdsa_on_key_or_signature); required_match_bonus = 0.0 (not awarded: 1 evaluable required indicator(s), the bonus needs at least 2); missing_required_penalty = 0.0 = 3.0 x 0 (required indicators evaluated but not matched: none); partial_match_penalty = 0.0 (not applied: every evaluable required indicator matched); ambiguity_penalty = 0.0 (not applied: no matched indicator is flagged ambiguous); raw = 9.0 + 0.0 + 1.5 - 0.0 - 0.0 - 0.0 = 10.5; specificity_multiplier = 1.25 (RFC 6605 specificity=high); final_score = max(0, 10.5) * 1.25 = 13.125"
trace_sig_0007_rfc7344,sig_0007,RFC 7344,Automating DNSSEC Delegation Trust Maintenance,2018-05-01T02:22:08,2014-09-01T00:00:00,true,valid_match,very_high,13.125,0.0,rfc7344_cds_cdnskey_present; rfc7344_cds_publishes_digest,,,,,digest_type; rr_type,3,0,,"RFC 7344 matched signal sig_0007: the required indicator rfc7344_cds_cdnskey_present passed because rr_type=CDS is in [CDS, CDNSKEY]. Corroborating indicators also matched: rfc7344_cds_publishes_digest. The observation on 2018-05-01T02:22:08 is 1338 days after RFC 7344's publication on 2014-09-01, so the timestamp is valid. Score 13.125 (very_high) = (9.0 required + 1.5 optional) x 1.25 high specificity.","base_indicator_score = 9.0 (matched required indicators: rfc7344_cds_cdnskey_present); optional_match_bonus = 1.5 = 3.0 x 0.5 (matched optional indicators: rfc7344_cds_publishes_digest); required_match_bonus = 0.0 (not awarded: 1 evaluable required indicator(s), the bonus needs at least 2); missing_required_penalty = 0.0 = 3.0 x 0 (required indicators evaluated but not matched: none); partial_match_penalty = 0.0 (not applied: every evaluable required indicator matched); ambiguity_penalty = 0.0 (not applied: no matched indicator is flagged ambiguous); raw = 9.0 + 0.0 + 1.5 - 0.0 - 0.0 - 0.0 = 10.5; specificity_multiplier = 1.25 (RFC 7344 specificity=high); final_score = max(0, 10.5) * 1.25 = 13.125"
trace_sig_0007_rfc4509,sig_0007,RFC 4509,Use of SHA-256 in DNSSEC Delegation Signer (DS) Resource Records,2018-05-01T02:22:08,2006-05-01T00:00:00,true,valid_match,high,11.25,0.0,rfc4509_ds_sha256_digest,,,,,digest_type; rr_type,2,0,,"RFC 4509 matched signal sig_0007: the required indicator rfc4509_ds_sha256_digest passed because rr_type=CDS is in [DS, CDS] and digest_type=2 equals the expected value 2. The observation on 2018-05-01T02:22:08 is 4383 days after RFC 4509's publication on 2006-05-01, so the timestamp is valid. Score 11.25 (high) = (9.0 required) x 1.25 high specificity.","base_indicator_score = 9.0 (matched required indicators: rfc4509_ds_sha256_digest); optional_match_bonus = 0.0 = 0.0 x 0.5 (matched optional indicators: none); required_match_bonus = 0.0 (not awarded: 1 evaluable required indicator(s), the bonus needs at least 2); missing_required_penalty = 0.0 = 3.0 x 0 (required indicators evaluated but not matched: none); partial_match_penalty = 0.0 (not applied: every evaluable required indicator matched); ambiguity_penalty = 0.0 (not applied: no matched indicator is flagged ambiguous); raw = 9.0 + 0.0 + 0.0 - 0.0 - 0.0 - 0.0 = 9.0; specificity_multiplier = 1.25 (RFC 4509 specificity=high); final_score = max(0, 9.0) * 1.25 = 11.25"
trace_sig_0007_rfc4033,sig_0007,RFC 4033,DNS Security Introduction and Requirements (DNSSEC base: RFC 4033/4034/4035),2018-05-01T02:22:08,2005-03-01T00:00:00,true,partial_match,none,0.0,0.0,rfc4033_dnssec_algorithm_present,rfc4033_base_dnssec_record_present; rfc4033_dnssec_ok_negotiated,,rfc4033_base_dnssec_record_present,dnssec_ok_flag,algorithm,1,3,"Indicator rfc4033_dnssec_ok_negotiated is only partially queryable: part of its signature depends on fields the corpus does not export, so it was evaluated on incomplete data.; Indicator rfc4033_dnssec_ok_negotiated was only partially evaluated: 1 condition(s) were tested and 1 could not be, because the observation carries no value for dnssec_ok_flag.; Fields absent from this observation: dnssec_ok_flag. Every condition over them failed by construction; absence is not evidence either way.; Partial matches are candidates, not adoption evidence: at least one required indicator of this RFC was not satisfied.","RFC 4033 partially matches signal sig_0007: the optional indicator rfc4033_dnssec_algorithm_present passed because algorithm is present (observed 13). The required indicator rfc4033_base_dnssec_record_present was not satisfied: rr_type=CDS is not in [DNSKEY, DS, RRSIG, NSEC]. The observation on 2018-05-01T02:22:08 is 4809 days after RFC 4033's publication on 2005-03-01, so the timestamp is valid. Score 0.0 (none): the penalties leave a raw total of -2.0, which is clamped to 0 before the 0.75 low specificity multiplier.","base_indicator_score = 0.0 (matched required indicators: none); optional_match_bonus = 1.0 = 2.0 x 0.5 (matched optional indicators: rfc4033_dnssec_algorithm_present); required_match_bonus = 0.0 (not awarded: 1 evaluable required indicator(s), the bonus needs at least 2); missing_required_penalty = 3.0 = 3.0 x 1 (required indicators evaluated but not matched: rfc4033_base_dnssec_record_present); partial_match_penalty = 0.0 (not applied: no required indicator matched, so this is not a partial match); ambiguity_penalty = 0.0 (not applied: no matched indicator is flagged ambiguous); raw = 0.0 + 0.0 + 1.0 - 3.0 - 0.0 - 0.0 = -2.0; specificity_multiplier = 0.75 (RFC 4033 specificity=low); final_score = max(0, -2.0) * 0.75 = 0.0"
trace_sig_0007_rfc5155,sig_0007,RFC 5155,DNS Security (DNSSEC) Hashed Authenticated Denial of Existence,2018-05-01T02:22:08,2008-03-01T00:00:00,true,no_match,none,0.0,0.0,,rfc5155_nsec3_hash_algorithm; rfc5155_nsec3_record_present,,rfc5155_nsec3_record_present,,,1,2,,"RFC 5155 does not explain signal sig_0007: the required indicator rfc5155_nsec3_record_present failed because rr_type=CDS is not in [NSEC3, NSEC3PARAM]. The observation on 2018-05-01T02:22:08 is 3713 days after RFC 5155's publication on 2008-03-01, so the timestamp is valid. Score 0.0 (none): no required indicator matched, so there is nothing to score.","base_indicator_score = 0.0 (matched required indicators: none); optional_match_bonus = 0.0 = 0.0 x 0.5 (matched optional indicators: none); required_match_bonus = 0.0 (not awarded: 1 evaluable required indicator(s), the bonus needs at least 2); missing_required_penalty = 3.0 = 3.0 x 1 (required indicators evaluated but not matched: rfc5155_nsec3_record_present); partial_match_penalty = 0.0 (not applied: no required indicator matched, so this is not a partial match); ambiguity_penalty = 0.0 (not applied: no matched indicator is flagged ambiguous); raw = 0.0 + 0.0 + 0.0 - 3.0 - 0.0 - 0.0 = -3.0; specificity_multiplier = 1.5 (RFC 5155 specificity=very_high); final_score = max(0, -3.0) * 1.5 = 0.0"
trace_sig_0007_rfc8078,sig_0007,RFC 8078,Managing DS Records from the Parent via CDS/CDNSKEY,2018-05-01T02:22:08,2017-03-01T00:00:00,true,no_match,none,0.0,0.0,,rfc8078_cds_cdnskey_algorithm_zero; rfc8078_delete_signal_digest_zero,,rfc8078_cds_cdnskey_algorithm_zero,,,2,2,,"RFC 8078 does not explain signal sig_0007: the required indicator rfc8078_cds_cdnskey_algorithm_zero failed because algorithm=13 does not equal the expected value 0. The observation on 2018-05-01T02:22:08 is 426 days after RFC 8078's publication on 2017-03-01, so the timestamp is valid. Score 0.0 (none): no required indicator matched, so there is nothing to score.","base_indicator_score = 0.0 (matched required indicators: none); optional_match_bonus = 0.0 = 0.0 x 0.5 (matched optional indicators: none); required_match_bonus = 0.0 (not awarded: 1 evaluable required indicator(s), the bonus needs at least 2); missing_required_penalty = 3.0 = 3.0 x 1 (required indicators evaluated but not matched: rfc8078_cds_cdnskey_algorithm_zero); partial_match_penalty = 0.0 (not applied: no required indicator matched, so this is not a partial match); ambiguity_penalty = 0.0 (not applied: no matched indicator is flagged ambiguous); raw = 0.0 + 0.0 + 0.0 - 3.0 - 0.0 - 0.0 = -3.0; specificity_multiplier = 1.5 (RFC 8078 specificity=very_high); final_score = max(0, -3.0) * 1.5 = 0.0"
trace_sig_0007_rfc8080,sig_0007,RFC 8080,Edwards-Curve Digital Security Algorithm (EdDSA) for DNSSEC,2018-05-01T02:22:08,2017-02-01T00:00:00,true,no_match,none,0.0,0.0,,rfc8080_eddsa_algorithm; rfc8080_eddsa_on_key_or_signature,,rfc8080_eddsa_algorithm,,,1,2,,"RFC 8080 does not explain signal sig_0007: the required indicator rfc8080_eddsa_algorithm failed because algorithm=13 is not in [15, 16]. The observation on 2018-05-01T02:22:08 is 454 days after RFC 8080's publication on 2017-02-01, so the timestamp is valid. Score 0.0 (none): no required indicator matched, so there is nothing to score.","base_indicator_score = 0.0 (matched required indicators: none); optional_match_bonus = 0.0 = 0.0 x 0.5 (matched optional indicators: none); required_match_bonus = 0.0 (not awarded: 1 evaluable required indicator(s), the bonus needs at least 2); missing_required_penalty = 3.0 = 3.0 x 1 (required indicators evaluated but not matched: rfc8080_eddsa_algorithm); partial_match_penalty = 0.0 (not applied: no required indicator matched, so this is not a partial match); ambiguity_penalty = 0.0 (not applied: no matched indicator is flagged ambiguous); raw = 0.0 + 0.0 + 0.0 - 3.0 - 0.0 - 0.0 = -3.0; specificity_multiplier = 1.5 (RFC 8080 specificity=very_high); final_score = max(0, -3.0) * 1.5 = 0.0"
trace_sig_0007_rfc8624,sig_0007,RFC 8624,Algorithm Implementation Requirements and Usage Guidance for DNSSEC,2018-05-01T02:22:08,2019-06-01T00:00:00,false,timestamp_invalid,none,0.0,3.375,rfc8624_avoids_deprecated_algorithm; rfc8624_recommended_signing_algorithm,,rfc8624_validator_algorithm_support,,rr_type; validator_algorithm_support,algorithm,3,0,"Indicator rfc8624_recommended_signing_algorithm is flagged ambiguous: the observation it matched is equally consistent with other RFCs, so this result is an inference about policy rather than direct evidence.; Indicator rfc8624_avoids_deprecated_algorithm is flagged ambiguous: the observation it matched is equally consistent with other RFCs, so this result is an inference about policy rather than direct evidence.; Corpus availability: indicator rfc8624_validator_algorithm_support was never tested because rr_type, validator_algorithm_support are absent from the OpenINTEL dictionary. Its absence from the evidence is a measurement limitation, not a finding about the observation.; The observation predates the RFC publication date by 396 days, so any score it would have earned is withheld and the case needs human review.","RFC 8624 cannot explain signal sig_0007: although algorithm=13 satisfy the required indicator rfc8624_recommended_signing_algorithm, the observation on 2018-05-01T02:22:08 predates RFC 8624's publication on 2019-06-01 by 396 days. An observation cannot evidence adoption of an RFC that did not yet exist, so the score of 3.375 is forfeited and this is routed to the review queue. The withheld score derives from (5.0 required + 1.5 optional - 2.0 ambiguity penalty) x 0.75 low specificity.","base_indicator_score = 5.0 (matched required indicators: rfc8624_recommended_signing_algorithm); optional_match_bonus = 1.5 = 3.0 x 0.5 (matched optional indicators: rfc8624_avoids_deprecated_algorithm); required_match_bonus = 0.0 (not awarded: 1 evaluable required indicator(s), the bonus needs at least 2); missing_required_penalty = 0.0 = 3.0 x 0 (required indicators evaluated but not matched: none); partial_match_penalty = 0.0 (not applied: every evaluable required indicator matched); ambiguity_penalty = 2.0 (applied: matched indicators flagged ambiguous: rfc8624_avoids_deprecated_algorithm, rfc8624_recommended_signing_algorithm); raw = 5.0 + 0.0 + 1.5 - 0.0 - 0.0 - 2.0 = 4.5; specificity_multiplier = 0.75 (RFC 8624 specificity=low); final_score = max(0, 4.5) * 0.75 = 3.375; timestamp_penalty = 3.375 (the observation predates RFC 8624's publication date by 396 days, so the score is withheld); final_score = 0.0 (an observation cannot evidence adoption of an RFC that did not yet exist); note: 1 indicator (rfc8624_validator_algorithm_support) could not be tested against the OpenINTEL corpus and was excluded from every term above, neither earning weight nor incurring a penalty"
trace_sig_0008_rfc6605,sig_0008,RFC 6605,Elliptic Curve Digital Signature Algorithm (DSA) for DNSSEC,2018-05-01T02:56:21,2012-04-01T00:00:00,true,valid_match,very_high,13.125,0.0,rfc6605_ecdsa_algorithm; rfc6605_ecdsa_on_key_or_signature,,,,,algorithm; rr_type,3,0,,"RFC 6605 matched signal sig_0008: the required indicator rfc6605_ecdsa_algorithm passed because algorithm=13 is in [13, 14]. Corroborating indicators also matched: rfc6605_ecdsa_on_key_or_signature. The observation on 2018-05-01T02:56:21 is 2221 days after RFC 6605's publication on 2012-04-01, so the timestamp is valid. Score 13.125 (very_high) = (9.0 required + 1.5 optional) x 1.25 high specificity.","base_indicator_score = 9.0 (matched required indicators: rfc6605_ecdsa_algorithm); optional_match_bonus = 1.5 = 3.0 x 0.5 (matched optional indicators: rfc6605_ecdsa_on_key_or_signature); required_match_bonus = 0.0 (not awarded: 1 evaluable required indicator(s), the bonus needs at least 2); missing_required_penalty = 0.0 = 3.0 x 0 (required indicators evaluated but not matched: none); partial_match_penalty = 0.0 (not applied: every evaluable required indicator matched); ambiguity_penalty = 0.0 (not applied: no matched indicator is flagged ambiguous); raw = 9.0 + 0.0 + 1.5 - 0.0 - 0.0 - 0.0 = 10.5; specificity_multiplier = 1.25 (RFC 6605 specificity=high); final_score = max(0, 10.5) * 1.25 = 13.125"
trace_sig_0008_rfc4033,sig_0008,RFC 4033,DNS Security Introduction and Requirements (DNSSEC base: RFC 4033/4034/4035),2018-05-01T02:56:21,2005-03-01T00:00:00,true,valid_match,low,3.75,0.0,rfc4033_base_dnssec_record_present; rfc4033_dnssec_algorithm_present,rfc4033_dnssec_ok_negotiated,,,dnssec_ok_flag,algorithm; rr_type,3,1,"Indicator rfc4033_dnssec_ok_negotiated is only partially queryable: part of its signature depends on fields the corpus does not export, so it was evaluated on incomplete data.; Indicator rfc4033_dnssec_ok_negotiated was only partially evaluated: 1 condition(s) were tested and 1 could not be, because the observation carries no value for dnssec_ok_flag.; Fields absent from this observation: dnssec_ok_flag. Every condition over them failed by construction; absence is not evidence either way.","RFC 4033 matched signal sig_0008: the required indicator rfc4033_base_dnssec_record_present passed because rr_type=RRSIG is in [DNSKEY, DS, RRSIG, NSEC]. Corroborating indicators also matched: rfc4033_dnssec_algorithm_present. Indicator rfc4033_dnssec_ok_negotiated did not match: field 'dnssec_ok_flag' is absent from this observation, so the condition 'dnssec_ok_flag must equal true' could not be satisfied (absence is not evidence). The observation on 2018-05-01T02:56:21 is 4809 days after RFC 4033's publication on 2005-03-01, so the timestamp is valid. Score 3.75 (low) = (4.0 required + 1.0 optional) x 0.75 low specificity.","base_indicator_score = 4.0 (matched required indicators: rfc4033_base_dnssec_record_present); optional_match_bonus = 1.0 = 2.0 x 0.5 (matched optional indicators: rfc4033_dnssec_algorithm_present); required_match_bonus = 0.0 (not awarded: 1 evaluable required indicator(s), the bonus needs at least 2); missing_required_penalty = 0.0 = 3.0 x 0 (required indicators evaluated but not matched: none); partial_match_penalty = 0.0 (not applied: every evaluable required indicator matched); ambiguity_penalty = 0.0 (not applied: no matched indicator is flagged ambiguous); raw = 4.0 + 0.0 + 1.0 - 0.0 - 0.0 - 0.0 = 5.0; specificity_multiplier = 0.75 (RFC 4033 specificity=low); final_score = max(0, 5.0) * 0.75 = 3.75"
trace_sig_0008_rfc4509,sig_0008,RFC 4509,Use of SHA-256 in DNSSEC Delegation Signer (DS) Resource Records,2018-05-01T02:56:21,2006-05-01T00:00:00,true,no_match,none,0.0,0.0,,rfc4509_ds_sha256_digest,,rfc4509_ds_sha256_digest,digest_type,,0,2,"Indicator rfc4509_ds_sha256_digest was only partially evaluated: 1 condition(s) were tested and 1 could not be, because the observation carries no value for digest_type.; Fields absent from this observation: digest_type. Every condition over them failed by construction; absence is not evidence either way.","RFC 4509 does not explain signal sig_0008: the required indicator rfc4509_ds_sha256_digest failed because rr_type=RRSIG is not in [DS, CDS]. The observation on 2018-05-01T02:56:21 is 4383 days after RFC 4509's publication on 2006-05-01, so the timestamp is valid. Score 0.0 (none): no required indicator matched, so there is nothing to score.","base_indicator_score = 0.0 (matched required indicators: none); optional_match_bonus = 0.0 = 0.0 x 0.5 (matched optional indicators: none); required_match_bonus = 0.0 (not awarded: 1 evaluable required indicator(s), the bonus needs at least 2); missing_required_penalty = 3.0 = 3.0 x 1 (required indicators evaluated but not matched: rfc4509_ds_sha256_digest); partial_match_penalty = 0.0 (not applied: no required indicator matched, so this is not a partial match); ambiguity_penalty = 0.0 (not applied: no matched indicator is flagged ambiguous); raw = 0.0 + 0.0 + 0.0 - 3.0 - 0.0 - 0.0 = -3.0; specificity_multiplier = 1.25 (RFC 4509 specificity=high); final_score = max(0, -3.0) * 1.25 = 0.0"
trace_sig_0008_rfc5155,sig_0008,RFC 5155,DNS Security (DNSSEC) Hashed Authenticated Denial of Existence,2018-05-01T02:56:21,2008-03-01T00:00:00,true,no_match,none,0.0,0.0,,rfc5155_nsec3_hash_algorithm; rfc5155_nsec3_record_present,,rfc5155_nsec3_record_present,,,1,2,,"RFC 5155 does not explain signal sig_0008: the required indicator rfc5155_nsec3_record_present failed because rr_type=RRSIG is not in [NSEC3, NSEC3PARAM]. The observation on 2018-05-01T02:56:21 is 3713 days after RFC 5155's publication on 2008-03-01, so the timestamp is valid. Score 0.0 (none): no required indicator matched, so there is nothing to score.","base_indicator_score = 0.0 (matched required indicators: none); optional_match_bonus = 0.0 = 0.0 x 0.5 (matched optional indicators: none); required_match_bonus = 0.0 (not awarded: 1 evaluable required indicator(s), the bonus needs at least 2); missing_required_penalty = 3.0 = 3.0 x 1 (required indicators evaluated but not matched: rfc5155_nsec3_record_present); partial_match_penalty = 0.0 (not applied: no required indicator matched, so this is not a partial match); ambiguity_penalty = 0.0 (not applied: no matched indicator is flagged ambiguous); raw = 0.0 + 0.0 + 0.0 - 3.0 - 0.0 - 0.0 = -3.0; specificity_multiplier = 1.5 (RFC 5155 specificity=very_high); final_score = max(0, -3.0) * 1.5 = 0.0"
trace_sig_0008_rfc7344,sig_0008,RFC 7344,Automating DNSSEC Delegation Trust Maintenance,2018-05-01T02:56:21,2014-09-01T00:00:00,true,no_match,none,0.0,0.0,,rfc7344_cds_cdnskey_present; rfc7344_cds_publishes_digest,,rfc7344_cds_cdnskey_present,digest_type,,0,3,"Indicator rfc7344_cds_publishes_digest was only partially evaluated: 1 condition(s) were tested and 1 could not be, because the observation carries no value for digest_type.; Fields absent from this observation: digest_type. Every condition over them failed by construction; absence is not evidence either way.","RFC 7344 does not explain signal sig_0008: the required indicator rfc7344_cds_cdnskey_present failed because rr_type=RRSIG is not in [CDS, CDNSKEY]. The observation on 2018-05-01T02:56:21 is 1338 days after RFC 7344's publication on 2014-09-01, so the timestamp is valid. Score 0.0 (none): no required indicator matched, so there is nothing to score.","base_indicator_score = 0.0 (matched required indicators: none); optional_match_bonus = 0.0 = 0.0 x 0.5 (matched optional indicators: none); required_match_bonus = 0.0 (not awarded: 1 evaluable required indicator(s), the bonus needs at least 2); missing_required_penalty = 3.0 = 3.0 x 1 (required indicators evaluated but not matched: rfc7344_cds_cdnskey_present); partial_match_penalty = 0.0 (not applied: no required indicator matched, so this is not a partial match); ambiguity_penalty = 0.0 (not applied: no matched indicator is flagged ambiguous); raw = 0.0 + 0.0 + 0.0 - 3.0 - 0.0 - 0.0 = -3.0; specificity_multiplier = 1.25 (RFC 7344 specificity=high); final_score = max(0, -3.0) * 1.25 = 0.0"
trace_sig_0008_rfc8078,sig_0008,RFC 8078,Managing DS Records from the Parent via CDS/CDNSKEY,2018-05-01T02:56:21,2017-03-01T00:00:00,true,no_match,none,0.0,0.0,,rfc8078_cds_cdnskey_algorithm_zero; rfc8078_delete_signal_digest_zero,,rfc8078_cds_cdnskey_algorithm_zero,digest_type,,0,4,"Indicator rfc8078_delete_signal_digest_zero was only partially evaluated: 1 condition(s) were tested and 1 could not be, because the observation carries no value for digest_type.; Fields absent from this observation: digest_type. Every condition over them failed by construction; absence is not evidence either way.","RFC 8078 does not explain signal sig_0008: the required indicator rfc8078_cds_cdnskey_algorithm_zero failed because rr_type=RRSIG is not in [CDS, CDNSKEY]. The observation on 2018-05-01T02:56:21 is 426 days after RFC 8078's publication on 2017-03-01, so the timestamp is valid. Score 0.0 (none): no required indicator matched, so there is nothing to score.","base_indicator_score = 0.0 (matched required indicators: none); optional_match_bonus = 0.0 = 0.0 x 0.5 (matched optional indicators: none); required_match_bonus = 0.0 (not awarded: 1 evaluable required indicator(s), the bonus needs at least 2); missing_required_penalty = 3.0 = 3.0 x 1 (required indicators evaluated but not matched: rfc8078_cds_cdnskey_algorithm_zero); partial_match_penalty = 0.0 (not applied: no required indicator matched, so this is not a partial match); ambiguity_penalty = 0.0 (not applied: no matched indicator is flagged ambiguous); raw = 0.0 + 0.0 + 0.0 - 3.0 - 0.0 - 0.0 = -3.0; specificity_multiplier = 1.5 (RFC 8078 specificity=very_high); final_score = max(0, -3.0) * 1.5 = 0.0"
trace_sig_0008_rfc8080,sig_0008,RFC 8080,Edwards-Curve Digital Security Algorithm (EdDSA) for DNSSEC,2018-05-01T02:56:21,2017-02-01T00:00:00,true,no_match,none,0.0,0.0,,rfc8080_eddsa_algorithm; rfc8080_eddsa_on_key_or_signature,,rfc8080_eddsa_algorithm,,,1,2,,"RFC 8080 does not explain signal sig_0008: the required indicator rfc8080_eddsa_algorithm failed because algorithm=13 is not in [15, 16]. The observation on 2018-05-01T02:56:21 is 454 days after RFC 8080's publication on 2017-02-01, so the timestamp is valid. Score 0.0 (none): no required indicator matched, so there is nothing to score.","base_indicator_score = 0.0 (matched required indicators: none); optional_match_bonus = 0.0 = 0.0 x 0.5 (matched optional indicators: none); required_match_bonus = 0.0 (not awarded: 1 evaluable required indicator(s), the bonus needs at least 2); missing_required_penalty = 3.0 = 3.0 x 1 (required indicators evaluated but not matched: rfc8080_eddsa_algorithm); partial_match_penalty = 0.0 (not applied: no required indicator matched, so this is not a partial match); ambiguity_penalty = 0.0 (not applied: no matched indicator is flagged ambiguous); raw = 0.0 + 0.0 + 0.0 - 3.0 - 0.0 - 0.0 = -3.0; specificity_multiplier = 1.5 (RFC 8080 specificity=very_high); final_score = max(0, -3.0) * 1.5 = 0.0"
trace_sig_0008_rfc8624,sig_0008,RFC 8624,Algorithm Implementation Requirements and Usage Guidance for DNSSEC,2018-05-01T02:56:21,2019-06-01T00:00:00,false,timestamp_invalid,none,0.0,3.375,rfc8624_avoids_deprecated_algorithm; rfc8624_recommended_signing_algorithm,,rfc8624_validator_algorithm_support,,rr_type; validator_algorithm_support,algorithm,3,0,"Indicator rfc8624_recommended_signing_algorithm is flagged ambiguous: the observation it matched is equally consistent with other RFCs, so this result is an inference about policy rather than direct evidence.; Indicator rfc8624_avoids_deprecated_algorithm is flagged ambiguous: the observation it matched is equally consistent with other RFCs, so this result is an inference about policy rather than direct evidence.; Corpus availability: indicator rfc8624_validator_algorithm_support was never tested because rr_type, validator_algorithm_support are absent from the OpenINTEL dictionary. Its absence from the evidence is a measurement limitation, not a finding about the observation.; The observation predates the RFC publication date by 396 days, so any score it would have earned is withheld and the case needs human review.","RFC 8624 cannot explain signal sig_0008: although algorithm=13 satisfy the required indicator rfc8624_recommended_signing_algorithm, the observation on 2018-05-01T02:56:21 predates RFC 8624's publication on 2019-06-01 by 396 days. An observation cannot evidence adoption of an RFC that did not yet exist, so the score of 3.375 is forfeited and this is routed to the review queue. The withheld score derives from (5.0 required + 1.5 optional - 2.0 ambiguity penalty) x 0.75 low specificity.","base_indicator_score = 5.0 (matched required indicators: rfc8624_recommended_signing_algorithm); optional_match_bonus = 1.5 = 3.0 x 0.5 (matched optional indicators: rfc8624_avoids_deprecated_algorithm); required_match_bonus = 0.0 (not awarded: 1 evaluable required indicator(s), the bonus needs at least 2); missing_required_penalty = 0.0 = 3.0 x 0 (required indicators evaluated but not matched: none); partial_match_penalty = 0.0 (not applied: every evaluable required indicator matched); ambiguity_penalty = 2.0 (applied: matched indicators flagged ambiguous: rfc8624_avoids_deprecated_algorithm, rfc8624_recommended_signing_algorithm); raw = 5.0 + 0.0 + 1.5 - 0.0 - 0.0 - 2.0 = 4.5; specificity_multiplier = 0.75 (RFC 8624 specificity=low); final_score = max(0, 4.5) * 0.75 = 3.375; timestamp_penalty = 3.375 (the observation predates RFC 8624's publication date by 396 days, so the score is withheld); final_score = 0.0 (an observation cannot evidence adoption of an RFC that did not yet exist); note: 1 indicator (rfc8624_validator_algorithm_support) could not be tested against the OpenINTEL corpus and was excluded from every term above, neither earning weight nor incurring a penalty"
trace_sig_0009_rfc6605,sig_0009,RFC 6605,Elliptic Curve Digital Signature Algorithm (DSA) for DNSSEC,2018-05-01T03:11:17,2012-04-01T00:00:00,true,valid_match,very_high,13.125,0.0,rfc6605_ecdsa_algorithm; rfc6605_ecdsa_on_key_or_signature,,,,,algorithm; rr_type,3,0,,"RFC 6605 matched signal sig_0009: the required indicator rfc6605_ecdsa_algorithm passed because algorithm=13 is in [13, 14]. Corroborating indicators also matched: rfc6605_ecdsa_on_key_or_signature. The observation on 2018-05-01T03:11:17 is 2221 days after RFC 6605's publication on 2012-04-01, so the timestamp is valid. Score 13.125 (very_high) = (9.0 required + 1.5 optional) x 1.25 high specificity.","base_indicator_score = 9.0 (matched required indicators: rfc6605_ecdsa_algorithm); optional_match_bonus = 1.5 = 3.0 x 0.5 (matched optional indicators: rfc6605_ecdsa_on_key_or_signature); required_match_bonus = 0.0 (not awarded: 1 evaluable required indicator(s), the bonus needs at least 2); missing_required_penalty = 0.0 = 3.0 x 0 (required indicators evaluated but not matched: none); partial_match_penalty = 0.0 (not applied: every evaluable required indicator matched); ambiguity_penalty = 0.0 (not applied: no matched indicator is flagged ambiguous); raw = 9.0 + 0.0 + 1.5 - 0.0 - 0.0 - 0.0 = 10.5; specificity_multiplier = 1.25 (RFC 6605 specificity=high); final_score = max(0, 10.5) * 1.25 = 13.125"
trace_sig_0009_rfc4033,sig_0009,RFC 4033,DNS Security Introduction and Requirements (DNSSEC base: RFC 4033/4034/4035),2018-05-01T03:11:17,2005-03-01T00:00:00,true,valid_match,low,3.75,0.0,rfc4033_base_dnssec_record_present; rfc4033_dnssec_algorithm_present,rfc4033_dnssec_ok_negotiated,,,dnssec_ok_flag,algorithm; rr_type,3,1,"Indicator rfc4033_dnssec_ok_negotiated is only partially queryable: part of its signature depends on fields the corpus does not export, so it was evaluated on incomplete data.; Indicator rfc4033_dnssec_ok_negotiated was only partially evaluated: 1 condition(s) were tested and 1 could not be, because the observation carries no value for dnssec_ok_flag.; Fields absent from this observation: dnssec_ok_flag. Every condition over them failed by construction; absence is not evidence either way.","RFC 4033 matched signal sig_0009: the required indicator rfc4033_base_dnssec_record_present passed because rr_type=RRSIG is in [DNSKEY, DS, RRSIG, NSEC]. Corroborating indicators also matched: rfc4033_dnssec_algorithm_present. Indicator rfc4033_dnssec_ok_negotiated did not match: field 'dnssec_ok_flag' is absent from this observation, so the condition 'dnssec_ok_flag must equal true' could not be satisfied (absence is not evidence). The observation on 2018-05-01T03:11:17 is 4809 days after RFC 4033's publication on 2005-03-01, so the timestamp is valid. Score 3.75 (low) = (4.0 required + 1.0 optional) x 0.75 low specificity.","base_indicator_score = 4.0 (matched required indicators: rfc4033_base_dnssec_record_present); optional_match_bonus = 1.0 = 2.0 x 0.5 (matched optional indicators: rfc4033_dnssec_algorithm_present); required_match_bonus = 0.0 (not awarded: 1 evaluable required indicator(s), the bonus needs at least 2); missing_required_penalty = 0.0 = 3.0 x 0 (required indicators evaluated but not matched: none); partial_match_penalty = 0.0 (not applied: every evaluable required indicator matched); ambiguity_penalty = 0.0 (not applied: no matched indicator is flagged ambiguous); raw = 4.0 + 0.0 + 1.0 - 0.0 - 0.0 - 0.0 = 5.0; specificity_multiplier = 0.75 (RFC 4033 specificity=low); final_score = max(0, 5.0) * 0.75 = 3.75"
trace_sig_0009_rfc4509,sig_0009,RFC 4509,Use of SHA-256 in DNSSEC Delegation Signer (DS) Resource Records,2018-05-01T03:11:17,2006-05-01T00:00:00,true,no_match,none,0.0,0.0,,rfc4509_ds_sha256_digest,,rfc4509_ds_sha256_digest,digest_type,,0,2,"Indicator rfc4509_ds_sha256_digest was only partially evaluated: 1 condition(s) were tested and 1 could not be, because the observation carries no value for digest_type.; Fields absent from this observation: digest_type. Every condition over them failed by construction; absence is not evidence either way.","RFC 4509 does not explain signal sig_0009: the required indicator rfc4509_ds_sha256_digest failed because rr_type=RRSIG is not in [DS, CDS]. The observation on 2018-05-01T03:11:17 is 4383 days after RFC 4509's publication on 2006-05-01, so the timestamp is valid. Score 0.0 (none): no required indicator matched, so there is nothing to score.","base_indicator_score = 0.0 (matched required indicators: none); optional_match_bonus = 0.0 = 0.0 x 0.5 (matched optional indicators: none); required_match_bonus = 0.0 (not awarded: 1 evaluable required indicator(s), the bonus needs at least 2); missing_required_penalty = 3.0 = 3.0 x 1 (required indicators evaluated but not matched: rfc4509_ds_sha256_digest); partial_match_penalty = 0.0 (not applied: no required indicator matched, so this is not a partial match); ambiguity_penalty = 0.0 (not applied: no matched indicator is flagged ambiguous); raw = 0.0 + 0.0 + 0.0 - 3.0 - 0.0 - 0.0 = -3.0; specificity_multiplier = 1.25 (RFC 4509 specificity=high); final_score = max(0, -3.0) * 1.25 = 0.0"
trace_sig_0009_rfc5155,sig_0009,RFC 5155,DNS Security (DNSSEC) Hashed Authenticated Denial of Existence,2018-05-01T03:11:17,2008-03-01T00:00:00,true,no_match,none,0.0,0.0,,rfc5155_nsec3_hash_algorithm; rfc5155_nsec3_record_present,,rfc5155_nsec3_record_present,,,1,2,,"RFC 5155 does not explain signal sig_0009: the required indicator rfc5155_nsec3_record_present failed because rr_type=RRSIG is not in [NSEC3, NSEC3PARAM]. The observation on 2018-05-01T03:11:17 is 3713 days after RFC 5155's publication on 2008-03-01, so the timestamp is valid. Score 0.0 (none): no required indicator matched, so there is nothing to score.","base_indicator_score = 0.0 (matched required indicators: none); optional_match_bonus = 0.0 = 0.0 x 0.5 (matched optional indicators: none); required_match_bonus = 0.0 (not awarded: 1 evaluable required indicator(s), the bonus needs at least 2); missing_required_penalty = 3.0 = 3.0 x 1 (required indicators evaluated but not matched: rfc5155_nsec3_record_present); partial_match_penalty = 0.0 (not applied: no required indicator matched, so this is not a partial match); ambiguity_penalty = 0.0 (not applied: no matched indicator is flagged ambiguous); raw = 0.0 + 0.0 + 0.0 - 3.0 - 0.0 - 0.0 = -3.0; specificity_multiplier = 1.5 (RFC 5155 specificity=very_high); final_score = max(0, -3.0) * 1.5 = 0.0"
trace_sig_0009_rfc7344,sig_0009,RFC 7344,Automating DNSSEC Delegation Trust Maintenance,2018-05-01T03:11:17,2014-09-01T00:00:00,true,no_match,none,0.0,0.0,,rfc7344_cds_cdnskey_present; rfc7344_cds_publishes_digest,,rfc7344_cds_cdnskey_present,digest_type,,0,3,"Indicator rfc7344_cds_publishes_digest was only partially evaluated: 1 condition(s) were tested and 1 could not be, because the observation carries no value for digest_type.; Fields absent from this observation: digest_type. Every condition over them failed by construction; absence is not evidence either way.","RFC 7344 does not explain signal sig_0009: the required indicator rfc7344_cds_cdnskey_present failed because rr_type=RRSIG is not in [CDS, CDNSKEY]. The observation on 2018-05-01T03:11:17 is 1338 days after RFC 7344's publication on 2014-09-01, so the timestamp is valid. Score 0.0 (none): no required indicator matched, so there is nothing to score.","base_indicator_score = 0.0 (matched required indicators: none); optional_match_bonus = 0.0 = 0.0 x 0.5 (matched optional indicators: none); required_match_bonus = 0.0 (not awarded: 1 evaluable required indicator(s), the bonus needs at least 2); missing_required_penalty = 3.0 = 3.0 x 1 (required indicators evaluated but not matched: rfc7344_cds_cdnskey_present); partial_match_penalty = 0.0 (not applied: no required indicator matched, so this is not a partial match); ambiguity_penalty = 0.0 (not applied: no matched indicator is flagged ambiguous); raw = 0.0 + 0.0 + 0.0 - 3.0 - 0.0 - 0.0 = -3.0; specificity_multiplier = 1.25 (RFC 7344 specificity=high); final_score = max(0, -3.0) * 1.25 = 0.0"
trace_sig_0009_rfc8078,sig_0009,RFC 8078,Managing DS Records from the Parent via CDS/CDNSKEY,2018-05-01T03:11:17,2017-03-01T00:00:00,true,no_match,none,0.0,0.0,,rfc8078_cds_cdnskey_algorithm_zero; rfc8078_delete_signal_digest_zero,,rfc8078_cds_cdnskey_algorithm_zero,digest_type,,0,4,"Indicator rfc8078_delete_signal_digest_zero was only partially evaluated: 1 condition(s) were tested and 1 could not be, because the observation carries no value for digest_type.; Fields absent from this observation: digest_type. Every condition over them failed by construction; absence is not evidence either way.","RFC 8078 does not explain signal sig_0009: the required indicator rfc8078_cds_cdnskey_algorithm_zero failed because rr_type=RRSIG is not in [CDS, CDNSKEY]. The observation on 2018-05-01T03:11:17 is 426 days after RFC 8078's publication on 2017-03-01, so the timestamp is valid. Score 0.0 (none): no required indicator matched, so there is nothing to score.","base_indicator_score = 0.0 (matched required indicators: none); optional_match_bonus = 0.0 = 0.0 x 0.5 (matched optional indicators: none); required_match_bonus = 0.0 (not awarded: 1 evaluable required indicator(s), the bonus needs at least 2); missing_required_penalty = 3.0 = 3.0 x 1 (required indicators evaluated but not matched: rfc8078_cds_cdnskey_algorithm_zero); partial_match_penalty = 0.0 (not applied: no required indicator matched, so this is not a partial match); ambiguity_penalty = 0.0 (not applied: no matched indicator is flagged ambiguous); raw = 0.0 + 0.0 + 0.0 - 3.0 - 0.0 - 0.0 = -3.0; specificity_multiplier = 1.5 (RFC 8078 specificity=very_high); final_score = max(0, -3.0) * 1.5 = 0.0"
trace_sig_0009_rfc8080,sig_0009,RFC 8080,Edwards-Curve Digital Security Algorithm (EdDSA) for DNSSEC,2018-05-01T03:11:17,2017-02-01T00:00:00,true,no_match,none,0.0,0.0,,rfc8080_eddsa_algorithm; rfc8080_eddsa_on_key_or_signature,,rfc8080_eddsa_algorithm,,,1,2,,"RFC 8080 does not explain signal sig_0009: the required indicator rfc8080_eddsa_algorithm failed because algorithm=13 is not in [15, 16]. The observation on 2018-05-01T03:11:17 is 454 days after RFC 8080's publication on 2017-02-01, so the timestamp is valid. Score 0.0 (none): no required indicator matched, so there is nothing to score.","base_indicator_score = 0.0 (matched required indicators: none); optional_match_bonus = 0.0 = 0.0 x 0.5 (matched optional indicators: none); required_match_bonus = 0.0 (not awarded: 1 evaluable required indicator(s), the bonus needs at least 2); missing_required_penalty = 3.0 = 3.0 x 1 (required indicators evaluated but not matched: rfc8080_eddsa_algorithm); partial_match_penalty = 0.0 (not applied: no required indicator matched, so this is not a partial match); ambiguity_penalty = 0.0 (not applied: no matched indicator is flagged ambiguous); raw = 0.0 + 0.0 + 0.0 - 3.0 - 0.0 - 0.0 = -3.0; specificity_multiplier = 1.5 (RFC 8080 specificity=very_high); final_score = max(0, -3.0) * 1.5 = 0.0"
trace_sig_0009_rfc8624,sig_0009,RFC 8624,Algorithm Implementation Requirements and Usage Guidance for DNSSEC,2018-05-01T03:11:17,2019-06-01T00:00:00,false,timestamp_invalid,none,0.0,3.375,rfc8624_avoids_deprecated_algorithm; rfc8624_recommended_signing_algorithm,,rfc8624_validator_algorithm_support,,rr_type; validator_algorithm_support,algorithm,3,0,"Indicator rfc8624_recommended_signing_algorithm is flagged ambiguous: the observation it matched is equally consistent with other RFCs, so this result is an inference about policy rather than direct evidence.; Indicator rfc8624_avoids_deprecated_algorithm is flagged ambiguous: the observation it matched is equally consistent with other RFCs, so this result is an inference about policy rather than direct evidence.; Corpus availability: indicator rfc8624_validator_algorithm_support was never tested because rr_type, validator_algorithm_support are absent from the OpenINTEL dictionary. Its absence from the evidence is a measurement limitation, not a finding about the observation.; The observation predates the RFC publication date by 396 days, so any score it would have earned is withheld and the case needs human review.","RFC 8624 cannot explain signal sig_0009: although algorithm=13 satisfy the required indicator rfc8624_recommended_signing_algorithm, the observation on 2018-05-01T03:11:17 predates RFC 8624's publication on 2019-06-01 by 396 days. An observation cannot evidence adoption of an RFC that did not yet exist, so the score of 3.375 is forfeited and this is routed to the review queue. The withheld score derives from (5.0 required + 1.5 optional - 2.0 ambiguity penalty) x 0.75 low specificity.","base_indicator_score = 5.0 (matched required indicators: rfc8624_recommended_signing_algorithm); optional_match_bonus = 1.5 = 3.0 x 0.5 (matched optional indicators: rfc8624_avoids_deprecated_algorithm); required_match_bonus = 0.0 (not awarded: 1 evaluable required indicator(s), the bonus needs at least 2); missing_required_penalty = 0.0 = 3.0 x 0 (required indicators evaluated but not matched: none); partial_match_penalty = 0.0 (not applied: every evaluable required indicator matched); ambiguity_penalty = 2.0 (applied: matched indicators flagged ambiguous: rfc8624_avoids_deprecated_algorithm, rfc8624_recommended_signing_algorithm); raw = 5.0 + 0.0 + 1.5 - 0.0 - 0.0 - 2.0 = 4.5; specificity_multiplier = 0.75 (RFC 8624 specificity=low); final_score = max(0, 4.5) * 0.75 = 3.375; timestamp_penalty = 3.375 (the observation predates RFC 8624's publication date by 396 days, so the score is withheld); final_score = 0.0 (an observation cannot evidence adoption of an RFC that did not yet exist); note: 1 indicator (rfc8624_validator_algorithm_support) could not be tested against the OpenINTEL corpus and was excluded from every term above, neither earning weight nor incurring a penalty"
trace_sig_0010_rfc6605,sig_0010,RFC 6605,Elliptic Curve Digital Signature Algorithm (DSA) for DNSSEC,2018-05-01T03:39:18,2012-04-01T00:00:00,true,valid_match,very_high,13.125,0.0,rfc6605_ecdsa_algorithm; rfc6605_ecdsa_on_key_or_signature,,,,,algorithm; rr_type,3,0,,"RFC 6605 matched signal sig_0010: the required indicator rfc6605_ecdsa_algorithm passed because algorithm=13 is in [13, 14]. Corroborating indicators also matched: rfc6605_ecdsa_on_key_or_signature. The observation on 2018-05-01T03:39:18 is 2221 days after RFC 6605's publication on 2012-04-01, so the timestamp is valid. Score 13.125 (very_high) = (9.0 required + 1.5 optional) x 1.25 high specificity.","base_indicator_score = 9.0 (matched required indicators: rfc6605_ecdsa_algorithm); optional_match_bonus = 1.5 = 3.0 x 0.5 (matched optional indicators: rfc6605_ecdsa_on_key_or_signature); required_match_bonus = 0.0 (not awarded: 1 evaluable required indicator(s), the bonus needs at least 2); missing_required_penalty = 0.0 = 3.0 x 0 (required indicators evaluated but not matched: none); partial_match_penalty = 0.0 (not applied: every evaluable required indicator matched); ambiguity_penalty = 0.0 (not applied: no matched indicator is flagged ambiguous); raw = 9.0 + 0.0 + 1.5 - 0.0 - 0.0 - 0.0 = 10.5; specificity_multiplier = 1.25 (RFC 6605 specificity=high); final_score = max(0, 10.5) * 1.25 = 13.125"
trace_sig_0010_rfc7344,sig_0010,RFC 7344,Automating DNSSEC Delegation Trust Maintenance,2018-05-01T03:39:18,2014-09-01T00:00:00,true,valid_match,high,11.25,0.0,rfc7344_cds_cdnskey_present,rfc7344_cds_publishes_digest,,,digest_type,rr_type,1,2,"Indicator rfc7344_cds_publishes_digest was only partially evaluated: 1 condition(s) were tested and 1 could not be, because the observation carries no value for digest_type.; Fields absent from this observation: digest_type. Every condition over them failed by construction; absence is not evidence either way.","RFC 7344 matched signal sig_0010: the required indicator rfc7344_cds_cdnskey_present passed because rr_type=CDNSKEY is in [CDS, CDNSKEY]. Indicator rfc7344_cds_publishes_digest did not match: rr_type=CDNSKEY does not equal the expected value CDS. The observation on 2018-05-01T03:39:18 is 1338 days after RFC 7344's publication on 2014-09-01, so the timestamp is valid. Score 11.25 (high) = (9.0 required) x 1.25 high specificity.","base_indicator_score = 9.0 (matched required indicators: rfc7344_cds_cdnskey_present); optional_match_bonus = 0.0 = 0.0 x 0.5 (matched optional indicators: none); required_match_bonus = 0.0 (not awarded: 1 evaluable required indicator(s), the bonus needs at least 2); missing_required_penalty = 0.0 = 3.0 x 0 (required indicators evaluated but not matched: none); partial_match_penalty = 0.0 (not applied: every evaluable required indicator matched); ambiguity_penalty = 0.0 (not applied: no matched indicator is flagged ambiguous); raw = 9.0 + 0.0 + 0.0 - 0.0 - 0.0 - 0.0 = 9.0; specificity_multiplier = 1.25 (RFC 7344 specificity=high); final_score = max(0, 9.0) * 1.25 = 11.25"
trace_sig_0010_rfc4033,sig_0010,RFC 4033,DNS Security Introduction and Requirements (DNSSEC base: RFC 4033/4034/4035),2018-05-01T03:39:18,2005-03-01T00:00:00,true,partial_match,none,0.0,0.0,rfc4033_dnssec_algorithm_present,rfc4033_base_dnssec_record_present; rfc4033_dnssec_ok_negotiated,,rfc4033_base_dnssec_record_present,dnssec_ok_flag,algorithm,1,3,"Indicator rfc4033_dnssec_ok_negotiated is only partially queryable: part of its signature depends on fields the corpus does not export, so it was evaluated on incomplete data.; Indicator rfc4033_dnssec_ok_negotiated was only partially evaluated: 1 condition(s) were tested and 1 could not be, because the observation carries no value for dnssec_ok_flag.; Fields absent from this observation: dnssec_ok_flag. Every condition over them failed by construction; absence is not evidence either way.; Partial matches are candidates, not adoption evidence: at least one required indicator of this RFC was not satisfied.","RFC 4033 partially matches signal sig_0010: the optional indicator rfc4033_dnssec_algorithm_present passed because algorithm is present (observed 13). The required indicator rfc4033_base_dnssec_record_present was not satisfied: rr_type=CDNSKEY is not in [DNSKEY, DS, RRSIG, NSEC]. The observation on 2018-05-01T03:39:18 is 4809 days after RFC 4033's publication on 2005-03-01, so the timestamp is valid. Score 0.0 (none): the penalties leave a raw total of -2.0, which is clamped to 0 before the 0.75 low specificity multiplier.","base_indicator_score = 0.0 (matched required indicators: none); optional_match_bonus = 1.0 = 2.0 x 0.5 (matched optional indicators: rfc4033_dnssec_algorithm_present); required_match_bonus = 0.0 (not awarded: 1 evaluable required indicator(s), the bonus needs at least 2); missing_required_penalty = 3.0 = 3.0 x 1 (required indicators evaluated but not matched: rfc4033_base_dnssec_record_present); partial_match_penalty = 0.0 (not applied: no required indicator matched, so this is not a partial match); ambiguity_penalty = 0.0 (not applied: no matched indicator is flagged ambiguous); raw = 0.0 + 0.0 + 1.0 - 3.0 - 0.0 - 0.0 = -2.0; specificity_multiplier = 0.75 (RFC 4033 specificity=low); final_score = max(0, -2.0) * 0.75 = 0.0"
trace_sig_0010_rfc4509,sig_0010,RFC 4509,Use of SHA-256 in DNSSEC Delegation Signer (DS) Resource Records,2018-05-01T03:39:18,2006-05-01T00:00:00,true,no_match,none,0.0,0.0,,rfc4509_ds_sha256_digest,,rfc4509_ds_sha256_digest,digest_type,,0,2,"Indicator rfc4509_ds_sha256_digest was only partially evaluated: 1 condition(s) were tested and 1 could not be, because the observation carries no value for digest_type.; Fields absent from this observation: digest_type. Every condition over them failed by construction; absence is not evidence either way.","RFC 4509 does not explain signal sig_0010: the required indicator rfc4509_ds_sha256_digest failed because rr_type=CDNSKEY is not in [DS, CDS]. The observation on 2018-05-01T03:39:18 is 4383 days after RFC 4509's publication on 2006-05-01, so the timestamp is valid. Score 0.0 (none): no required indicator matched, so there is nothing to score.","base_indicator_score = 0.0 (matched required indicators: none); optional_match_bonus = 0.0 = 0.0 x 0.5 (matched optional indicators: none); required_match_bonus = 0.0 (not awarded: 1 evaluable required indicator(s), the bonus needs at least 2); missing_required_penalty = 3.0 = 3.0 x 1 (required indicators evaluated but not matched: rfc4509_ds_sha256_digest); partial_match_penalty = 0.0 (not applied: no required indicator matched, so this is not a partial match); ambiguity_penalty = 0.0 (not applied: no matched indicator is flagged ambiguous); raw = 0.0 + 0.0 + 0.0 - 3.0 - 0.0 - 0.0 = -3.0; specificity_multiplier = 1.25 (RFC 4509 specificity=high); final_score = max(0, -3.0) * 1.25 = 0.0"
trace_sig_0010_rfc5155,sig_0010,RFC 5155,DNS Security (DNSSEC) Hashed Authenticated Denial of Existence,2018-05-01T03:39:18,2008-03-01T00:00:00,true,no_match,none,0.0,0.0,,rfc5155_nsec3_hash_algorithm; rfc5155_nsec3_record_present,,rfc5155_nsec3_record_present,,,1,2,,"RFC 5155 does not explain signal sig_0010: the required indicator rfc5155_nsec3_record_present failed because rr_type=CDNSKEY is not in [NSEC3, NSEC3PARAM]. The observation on 2018-05-01T03:39:18 is 3713 days after RFC 5155's publication on 2008-03-01, so the timestamp is valid. Score 0.0 (none): no required indicator matched, so there is nothing to score.","base_indicator_score = 0.0 (matched required indicators: none); optional_match_bonus = 0.0 = 0.0 x 0.5 (matched optional indicators: none); required_match_bonus = 0.0 (not awarded: 1 evaluable required indicator(s), the bonus needs at least 2); missing_required_penalty = 3.0 = 3.0 x 1 (required indicators evaluated but not matched: rfc5155_nsec3_record_present); partial_match_penalty = 0.0 (not applied: no required indicator matched, so this is not a partial match); ambiguity_penalty = 0.0 (not applied: no matched indicator is flagged ambiguous); raw = 0.0 + 0.0 + 0.0 - 3.0 - 0.0 - 0.0 = -3.0; specificity_multiplier = 1.5 (RFC 5155 specificity=very_high); final_score = max(0, -3.0) * 1.5 = 0.0"
trace_sig_0010_rfc8078,sig_0010,RFC 8078,Managing DS Records from the Parent via CDS/CDNSKEY,2018-05-01T03:39:18,2017-03-01T00:00:00,true,no_match,none,0.0,0.0,,rfc8078_cds_cdnskey_algorithm_zero; rfc8078_delete_signal_digest_zero,,rfc8078_cds_cdnskey_algorithm_zero,digest_type,,2,2,"Indicator rfc8078_delete_signal_digest_zero was only partially evaluated: 1 condition(s) were tested and 1 could not be, because the observation carries no value for digest_type.; Fields absent from this observation: digest_type. Every condition over them failed by construction; absence is not evidence either way.","RFC 8078 does not explain signal sig_0010: the required indicator rfc8078_cds_cdnskey_algorithm_zero failed because algorithm=13 does not equal the expected value 0. The observation on 2018-05-01T03:39:18 is 426 days after RFC 8078's publication on 2017-03-01, so the timestamp is valid. Score 0.0 (none): no required indicator matched, so there is nothing to score.","base_indicator_score = 0.0 (matched required indicators: none); optional_match_bonus = 0.0 = 0.0 x 0.5 (matched optional indicators: none); required_match_bonus = 0.0 (not awarded: 1 evaluable required indicator(s), the bonus needs at least 2); missing_required_penalty = 3.0 = 3.0 x 1 (required indicators evaluated but not matched: rfc8078_cds_cdnskey_algorithm_zero); partial_match_penalty = 0.0 (not applied: no required indicator matched, so this is not a partial match); ambiguity_penalty = 0.0 (not applied: no matched indicator is flagged ambiguous); raw = 0.0 + 0.0 + 0.0 - 3.0 - 0.0 - 0.0 = -3.0; specificity_multiplier = 1.5 (RFC 8078 specificity=very_high); final_score = max(0, -3.0) * 1.5 = 0.0"
trace_sig_0010_rfc8080,sig_0010,RFC 8080,Edwards-Curve Digital Security Algorithm (EdDSA) for DNSSEC,2018-05-01T03:39:18,2017-02-01T00:00:00,true,no_match,none,0.0,0.0,,rfc8080_eddsa_algorithm; rfc8080_eddsa_on_key_or_signature,,rfc8080_eddsa_algorithm,,,1,2,,"RFC 8080 does not explain signal sig_0010: the required indicator rfc8080_eddsa_algorithm failed because algorithm=13 is not in [15, 16]. The observation on 2018-05-01T03:39:18 is 454 days after RFC 8080's publication on 2017-02-01, so the timestamp is valid. Score 0.0 (none): no required indicator matched, so there is nothing to score.","base_indicator_score = 0.0 (matched required indicators: none); optional_match_bonus = 0.0 = 0.0 x 0.5 (matched optional indicators: none); required_match_bonus = 0.0 (not awarded: 1 evaluable required indicator(s), the bonus needs at least 2); missing_required_penalty = 3.0 = 3.0 x 1 (required indicators evaluated but not matched: rfc8080_eddsa_algorithm); partial_match_penalty = 0.0 (not applied: no required indicator matched, so this is not a partial match); ambiguity_penalty = 0.0 (not applied: no matched indicator is flagged ambiguous); raw = 0.0 + 0.0 + 0.0 - 3.0 - 0.0 - 0.0 = -3.0; specificity_multiplier = 1.5 (RFC 8080 specificity=very_high); final_score = max(0, -3.0) * 1.5 = 0.0"
trace_sig_0010_rfc8624,sig_0010,RFC 8624,Algorithm Implementation Requirements and Usage Guidance for DNSSEC,2018-05-01T03:39:18,2019-06-01T00:00:00,false,timestamp_invalid,none,0.0,3.375,rfc8624_avoids_deprecated_algorithm; rfc8624_recommended_signing_algorithm,,rfc8624_validator_algorithm_support,,rr_type; validator_algorithm_support,algorithm,3,0,"Indicator rfc8624_recommended_signing_algorithm is flagged ambiguous: the observation it matched is equally consistent with other RFCs, so this result is an inference about policy rather than direct evidence.; Indicator rfc8624_avoids_deprecated_algorithm is flagged ambiguous: the observation it matched is equally consistent with other RFCs, so this result is an inference about policy rather than direct evidence.; Corpus availability: indicator rfc8624_validator_algorithm_support was never tested because rr_type, validator_algorithm_support are absent from the OpenINTEL dictionary. Its absence from the evidence is a measurement limitation, not a finding about the observation.; The observation predates the RFC publication date by 396 days, so any score it would have earned is withheld and the case needs human review.","RFC 8624 cannot explain signal sig_0010: although algorithm=13 satisfy the required indicator rfc8624_recommended_signing_algorithm, the observation on 2018-05-01T03:39:18 predates RFC 8624's publication on 2019-06-01 by 396 days. An observation cannot evidence adoption of an RFC that did not yet exist, so the score of 3.375 is forfeited and this is routed to the review queue. The withheld score derives from (5.0 required + 1.5 optional - 2.0 ambiguity penalty) x 0.75 low specificity.","base_indicator_score = 5.0 (matched required indicators: rfc8624_recommended_signing_algorithm); optional_match_bonus = 1.5 = 3.0 x 0.5 (matched optional indicators: rfc8624_avoids_deprecated_algorithm); required_match_bonus = 0.0 (not awarded: 1 evaluable required indicator(s), the bonus needs at least 2); missing_required_penalty = 0.0 = 3.0 x 0 (required indicators evaluated but not matched: none); partial_match_penalty = 0.0 (not applied: every evaluable required indicator matched); ambiguity_penalty = 2.0 (applied: matched indicators flagged ambiguous: rfc8624_avoids_deprecated_algorithm, rfc8624_recommended_signing_algorithm); raw = 5.0 + 0.0 + 1.5 - 0.0 - 0.0 - 2.0 = 4.5; specificity_multiplier = 0.75 (RFC 8624 specificity=low); final_score = max(0, 4.5) * 0.75 = 3.375; timestamp_penalty = 3.375 (the observation predates RFC 8624's publication date by 396 days, so the score is withheld); final_score = 0.0 (an observation cannot evidence adoption of an RFC that did not yet exist); note: 1 indicator (rfc8624_validator_algorithm_support) could not be tested against the OpenINTEL corpus and was excluded from every term above, neither earning weight nor incurring a penalty"
trace_sig_0011_rfc4033,sig_0011,RFC 4033,DNS Security Introduction and Requirements (DNSSEC base: RFC 4033/4034/4035),2018-05-01T04:29:18,2005-03-01T00:00:00,true,valid_match,low,3.75,0.0,rfc4033_base_dnssec_record_present; rfc4033_dnssec_algorithm_present,rfc4033_dnssec_ok_negotiated,,,dnssec_ok_flag,algorithm; rr_type,3,1,"Indicator rfc4033_dnssec_ok_negotiated is only partially queryable: part of its signature depends on fields the corpus does not export, so it was evaluated on incomplete data.; Indicator rfc4033_dnssec_ok_negotiated was only partially evaluated: 1 condition(s) were tested and 1 could not be, because the observation carries no value for dnssec_ok_flag.; Fields absent from this observation: dnssec_ok_flag. Every condition over them failed by construction; absence is not evidence either way.","RFC 4033 matched signal sig_0011: the required indicator rfc4033_base_dnssec_record_present passed because rr_type=RRSIG is in [DNSKEY, DS, RRSIG, NSEC]. Corroborating indicators also matched: rfc4033_dnssec_algorithm_present. Indicator rfc4033_dnssec_ok_negotiated did not match: field 'dnssec_ok_flag' is absent from this observation, so the condition 'dnssec_ok_flag must equal true' could not be satisfied (absence is not evidence). The observation on 2018-05-01T04:29:18 is 4809 days after RFC 4033's publication on 2005-03-01, so the timestamp is valid. Score 3.75 (low) = (4.0 required + 1.0 optional) x 0.75 low specificity.","base_indicator_score = 4.0 (matched required indicators: rfc4033_base_dnssec_record_present); optional_match_bonus = 1.0 = 2.0 x 0.5 (matched optional indicators: rfc4033_dnssec_algorithm_present); required_match_bonus = 0.0 (not awarded: 1 evaluable required indicator(s), the bonus needs at least 2); missing_required_penalty = 0.0 = 3.0 x 0 (required indicators evaluated but not matched: none); partial_match_penalty = 0.0 (not applied: every evaluable required indicator matched); ambiguity_penalty = 0.0 (not applied: no matched indicator is flagged ambiguous); raw = 4.0 + 0.0 + 1.0 - 0.0 - 0.0 - 0.0 = 5.0; specificity_multiplier = 0.75 (RFC 4033 specificity=low); final_score = max(0, 5.0) * 0.75 = 3.75"
trace_sig_0011_rfc4509,sig_0011,RFC 4509,Use of SHA-256 in DNSSEC Delegation Signer (DS) Resource Records,2018-05-01T04:29:18,2006-05-01T00:00:00,true,no_match,none,0.0,0.0,,rfc4509_ds_sha256_digest,,rfc4509_ds_sha256_digest,digest_type,,0,2,"Indicator rfc4509_ds_sha256_digest was only partially evaluated: 1 condition(s) were tested and 1 could not be, because the observation carries no value for digest_type.; Fields absent from this observation: digest_type. Every condition over them failed by construction; absence is not evidence either way.","RFC 4509 does not explain signal sig_0011: the required indicator rfc4509_ds_sha256_digest failed because rr_type=RRSIG is not in [DS, CDS]. The observation on 2018-05-01T04:29:18 is 4383 days after RFC 4509's publication on 2006-05-01, so the timestamp is valid. Score 0.0 (none): no required indicator matched, so there is nothing to score.","base_indicator_score = 0.0 (matched required indicators: none); optional_match_bonus = 0.0 = 0.0 x 0.5 (matched optional indicators: none); required_match_bonus = 0.0 (not awarded: 1 evaluable required indicator(s), the bonus needs at least 2); missing_required_penalty = 3.0 = 3.0 x 1 (required indicators evaluated but not matched: rfc4509_ds_sha256_digest); partial_match_penalty = 0.0 (not applied: no required indicator matched, so this is not a partial match); ambiguity_penalty = 0.0 (not applied: no matched indicator is flagged ambiguous); raw = 0.0 + 0.0 + 0.0 - 3.0 - 0.0 - 0.0 = -3.0; specificity_multiplier = 1.25 (RFC 4509 specificity=high); final_score = max(0, -3.0) * 1.25 = 0.0"
trace_sig_0011_rfc5155,sig_0011,RFC 5155,DNS Security (DNSSEC) Hashed Authenticated Denial of Existence,2018-05-01T04:29:18,2008-03-01T00:00:00,true,no_match,none,0.0,0.0,,rfc5155_nsec3_hash_algorithm; rfc5155_nsec3_record_present,,rfc5155_nsec3_record_present,,,1,2,,"RFC 5155 does not explain signal sig_0011: the required indicator rfc5155_nsec3_record_present failed because rr_type=RRSIG is not in [NSEC3, NSEC3PARAM]. The observation on 2018-05-01T04:29:18 is 3713 days after RFC 5155's publication on 2008-03-01, so the timestamp is valid. Score 0.0 (none): no required indicator matched, so there is nothing to score.","base_indicator_score = 0.0 (matched required indicators: none); optional_match_bonus = 0.0 = 0.0 x 0.5 (matched optional indicators: none); required_match_bonus = 0.0 (not awarded: 1 evaluable required indicator(s), the bonus needs at least 2); missing_required_penalty = 3.0 = 3.0 x 1 (required indicators evaluated but not matched: rfc5155_nsec3_record_present); partial_match_penalty = 0.0 (not applied: no required indicator matched, so this is not a partial match); ambiguity_penalty = 0.0 (not applied: no matched indicator is flagged ambiguous); raw = 0.0 + 0.0 + 0.0 - 3.0 - 0.0 - 0.0 = -3.0; specificity_multiplier = 1.5 (RFC 5155 specificity=very_high); final_score = max(0, -3.0) * 1.5 = 0.0"
trace_sig_0011_rfc6605,sig_0011,RFC 6605,Elliptic Curve Digital Signature Algorithm (DSA) for DNSSEC,2018-05-01T04:29:18,2012-04-01T00:00:00,true,no_match,none,0.0,0.0,,rfc6605_ecdsa_algorithm; rfc6605_ecdsa_on_key_or_signature,,rfc6605_ecdsa_algorithm,,,1,2,,"RFC 6605 does not explain signal sig_0011: the required indicator rfc6605_ecdsa_algorithm failed because algorithm=8 is not in [13, 14]. The observation on 2018-05-01T04:29:18 is 2221 days after RFC 6605's publication on 2012-04-01, so the timestamp is valid. Score 0.0 (none): no required indicator matched, so there is nothing to score.","base_indicator_score = 0.0 (matched required indicators: none); optional_match_bonus = 0.0 = 0.0 x 0.5 (matched optional indicators: none); required_match_bonus = 0.0 (not awarded: 1 evaluable required indicator(s), the bonus needs at least 2); missing_required_penalty = 3.0 = 3.0 x 1 (required indicators evaluated but not matched: rfc6605_ecdsa_algorithm); partial_match_penalty = 0.0 (not applied: no required indicator matched, so this is not a partial match); ambiguity_penalty = 0.0 (not applied: no matched indicator is flagged ambiguous); raw = 0.0 + 0.0 + 0.0 - 3.0 - 0.0 - 0.0 = -3.0; specificity_multiplier = 1.25 (RFC 6605 specificity=high); final_score = max(0, -3.0) * 1.25 = 0.0"
trace_sig_0011_rfc7344,sig_0011,RFC 7344,Automating DNSSEC Delegation Trust Maintenance,2018-05-01T04:29:18,2014-09-01T00:00:00,true,no_match,none,0.0,0.0,,rfc7344_cds_cdnskey_present; rfc7344_cds_publishes_digest,,rfc7344_cds_cdnskey_present,digest_type,,0,3,"Indicator rfc7344_cds_publishes_digest was only partially evaluated: 1 condition(s) were tested and 1 could not be, because the observation carries no value for digest_type.; Fields absent from this observation: digest_type. Every condition over them failed by construction; absence is not evidence either way.","RFC 7344 does not explain signal sig_0011: the required indicator rfc7344_cds_cdnskey_present failed because rr_type=RRSIG is not in [CDS, CDNSKEY]. The observation on 2018-05-01T04:29:18 is 1338 days after RFC 7344's publication on 2014-09-01, so the timestamp is valid. Score 0.0 (none): no required indicator matched, so there is nothing to score.","base_indicator_score = 0.0 (matched required indicators: none); optional_match_bonus = 0.0 = 0.0 x 0.5 (matched optional indicators: none); required_match_bonus = 0.0 (not awarded: 1 evaluable required indicator(s), the bonus needs at least 2); missing_required_penalty = 3.0 = 3.0 x 1 (required indicators evaluated but not matched: rfc7344_cds_cdnskey_present); partial_match_penalty = 0.0 (not applied: no required indicator matched, so this is not a partial match); ambiguity_penalty = 0.0 (not applied: no matched indicator is flagged ambiguous); raw = 0.0 + 0.0 + 0.0 - 3.0 - 0.0 - 0.0 = -3.0; specificity_multiplier = 1.25 (RFC 7344 specificity=high); final_score = max(0, -3.0) * 1.25 = 0.0"
trace_sig_0011_rfc8078,sig_0011,RFC 8078,Managing DS Records from the Parent via CDS/CDNSKEY,2018-05-01T04:29:18,2017-03-01T00:00:00,true,no_match,none,0.0,0.0,,rfc8078_cds_cdnskey_algorithm_zero; rfc8078_delete_signal_digest_zero,,rfc8078_cds_cdnskey_algorithm_zero,digest_type,,0,4,"Indicator rfc8078_delete_signal_digest_zero was only partially evaluated: 1 condition(s) were tested and 1 could not be, because the observation carries no value for digest_type.; Fields absent from this observation: digest_type. Every condition over them failed by construction; absence is not evidence either way.","RFC 8078 does not explain signal sig_0011: the required indicator rfc8078_cds_cdnskey_algorithm_zero failed because rr_type=RRSIG is not in [CDS, CDNSKEY]. The observation on 2018-05-01T04:29:18 is 426 days after RFC 8078's publication on 2017-03-01, so the timestamp is valid. Score 0.0 (none): no required indicator matched, so there is nothing to score.","base_indicator_score = 0.0 (matched required indicators: none); optional_match_bonus = 0.0 = 0.0 x 0.5 (matched optional indicators: none); required_match_bonus = 0.0 (not awarded: 1 evaluable required indicator(s), the bonus needs at least 2); missing_required_penalty = 3.0 = 3.0 x 1 (required indicators evaluated but not matched: rfc8078_cds_cdnskey_algorithm_zero); partial_match_penalty = 0.0 (not applied: no required indicator matched, so this is not a partial match); ambiguity_penalty = 0.0 (not applied: no matched indicator is flagged ambiguous); raw = 0.0 + 0.0 + 0.0 - 3.0 - 0.0 - 0.0 = -3.0; specificity_multiplier = 1.5 (RFC 8078 specificity=very_high); final_score = max(0, -3.0) * 1.5 = 0.0"
trace_sig_0011_rfc8080,sig_0011,RFC 8080,Edwards-Curve Digital Security Algorithm (EdDSA) for DNSSEC,2018-05-01T04:29:18,2017-02-01T00:00:00,true,no_match,none,0.0,0.0,,rfc8080_eddsa_algorithm; rfc8080_eddsa_on_key_or_signature,,rfc8080_eddsa_algorithm,,,1,2,,"RFC 8080 does not explain signal sig_0011: the required indicator rfc8080_eddsa_algorithm failed because algorithm=8 is not in [15, 16]. The observation on 2018-05-01T04:29:18 is 454 days after RFC 8080's publication on 2017-02-01, so the timestamp is valid. Score 0.0 (none): no required indicator matched, so there is nothing to score.","base_indicator_score = 0.0 (matched required indicators: none); optional_match_bonus = 0.0 = 0.0 x 0.5 (matched optional indicators: none); required_match_bonus = 0.0 (not awarded: 1 evaluable required indicator(s), the bonus needs at least 2); missing_required_penalty = 3.0 = 3.0 x 1 (required indicators evaluated but not matched: rfc8080_eddsa_algorithm); partial_match_penalty = 0.0 (not applied: no required indicator matched, so this is not a partial match); ambiguity_penalty = 0.0 (not applied: no matched indicator is flagged ambiguous); raw = 0.0 + 0.0 + 0.0 - 3.0 - 0.0 - 0.0 = -3.0; specificity_multiplier = 1.5 (RFC 8080 specificity=very_high); final_score = max(0, -3.0) * 1.5 = 0.0"
trace_sig_0011_rfc8624,sig_0011,RFC 8624,Algorithm Implementation Requirements and Usage Guidance for DNSSEC,2018-05-01T04:29:18,2019-06-01T00:00:00,false,partial_match,none,0.0,0.0,rfc8624_avoids_deprecated_algorithm,rfc8624_recommended_signing_algorithm,rfc8624_validator_algorithm_support,rfc8624_recommended_signing_algorithm,rr_type; validator_algorithm_support,algorithm,2,1,"Indicator rfc8624_avoids_deprecated_algorithm is flagged ambiguous: the observation it matched is equally consistent with other RFCs, so this result is an inference about policy rather than direct evidence.; Corpus availability: indicator rfc8624_validator_algorithm_support was never tested because rr_type, validator_algorithm_support are absent from the OpenINTEL dictionary. Its absence from the evidence is a measurement limitation, not a finding about the observation.; The observation also predates the RFC publication date by 396 days, but that is not why it was rejected: the indicator conditions did not hold regardless of the date, so no score was withheld.; Partial matches are candidates, not adoption evidence: at least one required indicator of this RFC was not satisfied.","RFC 8624 partially matches signal sig_0011: the optional indicator rfc8624_avoids_deprecated_algorithm passed because algorithm is present (observed 8) and algorithm=8 differs from 1 as required. The required indicator rfc8624_recommended_signing_algorithm was not satisfied: algorithm=8 is not in [13, 15]. The observation on 2018-05-01T04:29:18 predates RFC 8624's publication on 2019-06-01 by 396 days. An observation cannot evidence adoption of an RFC that did not yet exist, so the score is forfeited. Score 0.0 (none): the penalties leave a raw total of -3.5, which is clamped to 0 before the 0.75 low specificity multiplier.","base_indicator_score = 0.0 (matched required indicators: none); optional_match_bonus = 1.5 = 3.0 x 0.5 (matched optional indicators: rfc8624_avoids_deprecated_algorithm); required_match_bonus = 0.0 (not awarded: 1 evaluable required indicator(s), the bonus needs at least 2); missing_required_penalty = 3.0 = 3.0 x 1 (required indicators evaluated but not matched: rfc8624_recommended_signing_algorithm); partial_match_penalty = 0.0 (not applied: no required indicator matched, so this is not a partial match); ambiguity_penalty = 2.0 (applied: matched indicators flagged ambiguous: rfc8624_avoids_deprecated_algorithm); raw = 0.0 + 0.0 + 1.5 - 3.0 - 0.0 - 2.0 = -3.5; specificity_multiplier = 0.75 (RFC 8624 specificity=low); final_score = max(0, -3.5) * 0.75 = 0.0; note: 1 indicator (rfc8624_validator_algorithm_support) could not be tested against the OpenINTEL corpus and was excluded from every term above, neither earning weight nor incurring a penalty"
trace_sig_0012_rfc6605,sig_0012,RFC 6605,Elliptic Curve Digital Signature Algorithm (DSA) for DNSSEC,2018-05-01T04:41:02,2012-04-01T00:00:00,true,valid_match,very_high,13.125,0.0,rfc6605_ecdsa_algorithm; rfc6605_ecdsa_on_key_or_signature,,,,,algorithm; rr_type,3,0,,"RFC 6605 matched signal sig_0012: the required indicator rfc6605_ecdsa_algorithm passed because algorithm=13 is in [13, 14]. Corroborating indicators also matched: rfc6605_ecdsa_on_key_or_signature. The observation on 2018-05-01T04:41:02 is 2221 days after RFC 6605's publication on 2012-04-01, so the timestamp is valid. Score 13.125 (very_high) = (9.0 required + 1.5 optional) x 1.25 high specificity.","base_indicator_score = 9.0 (matched required indicators: rfc6605_ecdsa_algorithm); optional_match_bonus = 1.5 = 3.0 x 0.5 (matched optional indicators: rfc6605_ecdsa_on_key_or_signature); required_match_bonus = 0.0 (not awarded: 1 evaluable required indicator(s), the bonus needs at least 2); missing_required_penalty = 0.0 = 3.0 x 0 (required indicators evaluated but not matched: none); partial_match_penalty = 0.0 (not applied: every evaluable required indicator matched); ambiguity_penalty = 0.0 (not applied: no matched indicator is flagged ambiguous); raw = 9.0 + 0.0 + 1.5 - 0.0 - 0.0 - 0.0 = 10.5; specificity_multiplier = 1.25 (RFC 6605 specificity=high); final_score = max(0, 10.5) * 1.25 = 13.125"
trace_sig_0012_rfc7344,sig_0012,RFC 7344,Automating DNSSEC Delegation Trust Maintenance,2018-05-01T04:41:02,2014-09-01T00:00:00,true,valid_match,very_high,13.125,0.0,rfc7344_cds_cdnskey_present; rfc7344_cds_publishes_digest,,,,,digest_type; rr_type,3,0,,"RFC 7344 matched signal sig_0012: the required indicator rfc7344_cds_cdnskey_present passed because rr_type=CDS is in [CDS, CDNSKEY]. Corroborating indicators also matched: rfc7344_cds_publishes_digest. The observation on 2018-05-01T04:41:02 is 1338 days after RFC 7344's publication on 2014-09-01, so the timestamp is valid. Score 13.125 (very_high) = (9.0 required + 1.5 optional) x 1.25 high specificity.","base_indicator_score = 9.0 (matched required indicators: rfc7344_cds_cdnskey_present); optional_match_bonus = 1.5 = 3.0 x 0.5 (matched optional indicators: rfc7344_cds_publishes_digest); required_match_bonus = 0.0 (not awarded: 1 evaluable required indicator(s), the bonus needs at least 2); missing_required_penalty = 0.0 = 3.0 x 0 (required indicators evaluated but not matched: none); partial_match_penalty = 0.0 (not applied: every evaluable required indicator matched); ambiguity_penalty = 0.0 (not applied: no matched indicator is flagged ambiguous); raw = 9.0 + 0.0 + 1.5 - 0.0 - 0.0 - 0.0 = 10.5; specificity_multiplier = 1.25 (RFC 7344 specificity=high); final_score = max(0, 10.5) * 1.25 = 13.125"
trace_sig_0012_rfc4509,sig_0012,RFC 4509,Use of SHA-256 in DNSSEC Delegation Signer (DS) Resource Records,2018-05-01T04:41:02,2006-05-01T00:00:00,true,valid_match,high,11.25,0.0,rfc4509_ds_sha256_digest,,,,,digest_type; rr_type,2,0,,"RFC 4509 matched signal sig_0012: the required indicator rfc4509_ds_sha256_digest passed because rr_type=CDS is in [DS, CDS] and digest_type=2 equals the expected value 2. The observation on 2018-05-01T04:41:02 is 4383 days after RFC 4509's publication on 2006-05-01, so the timestamp is valid. Score 11.25 (high) = (9.0 required) x 1.25 high specificity.","base_indicator_score = 9.0 (matched required indicators: rfc4509_ds_sha256_digest); optional_match_bonus = 0.0 = 0.0 x 0.5 (matched optional indicators: none); required_match_bonus = 0.0 (not awarded: 1 evaluable required indicator(s), the bonus needs at least 2); missing_required_penalty = 0.0 = 3.0 x 0 (required indicators evaluated but not matched: none); partial_match_penalty = 0.0 (not applied: every evaluable required indicator matched); ambiguity_penalty = 0.0 (not applied: no matched indicator is flagged ambiguous); raw = 9.0 + 0.0 + 0.0 - 0.0 - 0.0 - 0.0 = 9.0; specificity_multiplier = 1.25 (RFC 4509 specificity=high); final_score = max(0, 9.0) * 1.25 = 11.25"
trace_sig_0012_rfc4033,sig_0012,RFC 4033,DNS Security Introduction and Requirements (DNSSEC base: RFC 4033/4034/4035),2018-05-01T04:41:02,2005-03-01T00:00:00,true,partial_match,none,0.0,0.0,rfc4033_dnssec_algorithm_present,rfc4033_base_dnssec_record_present; rfc4033_dnssec_ok_negotiated,,rfc4033_base_dnssec_record_present,dnssec_ok_flag,algorithm,1,3,"Indicator rfc4033_dnssec_ok_negotiated is only partially queryable: part of its signature depends on fields the corpus does not export, so it was evaluated on incomplete data.; Indicator rfc4033_dnssec_ok_negotiated was only partially evaluated: 1 condition(s) were tested and 1 could not be, because the observation carries no value for dnssec_ok_flag.; Fields absent from this observation: dnssec_ok_flag. Every condition over them failed by construction; absence is not evidence either way.; Partial matches are candidates, not adoption evidence: at least one required indicator of this RFC was not satisfied.","RFC 4033 partially matches signal sig_0012: the optional indicator rfc4033_dnssec_algorithm_present passed because algorithm is present (observed 13). The required indicator rfc4033_base_dnssec_record_present was not satisfied: rr_type=CDS is not in [DNSKEY, DS, RRSIG, NSEC]. The observation on 2018-05-01T04:41:02 is 4809 days after RFC 4033's publication on 2005-03-01, so the timestamp is valid. Score 0.0 (none): the penalties leave a raw total of -2.0, which is clamped to 0 before the 0.75 low specificity multiplier.","base_indicator_score = 0.0 (matched required indicators: none); optional_match_bonus = 1.0 = 2.0 x 0.5 (matched optional indicators: rfc4033_dnssec_algorithm_present); required_match_bonus = 0.0 (not awarded: 1 evaluable required indicator(s), the bonus needs at least 2); missing_required_penalty = 3.0 = 3.0 x 1 (required indicators evaluated but not matched: rfc4033_base_dnssec_record_present); partial_match_penalty = 0.0 (not applied: no required indicator matched, so this is not a partial match); ambiguity_penalty = 0.0 (not applied: no matched indicator is flagged ambiguous); raw = 0.0 + 0.0 + 1.0 - 3.0 - 0.0 - 0.0 = -2.0; specificity_multiplier = 0.75 (RFC 4033 specificity=low); final_score = max(0, -2.0) * 0.75 = 0.0"
trace_sig_0012_rfc5155,sig_0012,RFC 5155,DNS Security (DNSSEC) Hashed Authenticated Denial of Existence,2018-05-01T04:41:02,2008-03-01T00:00:00,true,no_match,none,0.0,0.0,,rfc5155_nsec3_hash_algorithm; rfc5155_nsec3_record_present,,rfc5155_nsec3_record_present,,,1,2,,"RFC 5155 does not explain signal sig_0012: the required indicator rfc5155_nsec3_record_present failed because rr_type=CDS is not in [NSEC3, NSEC3PARAM]. The observation on 2018-05-01T04:41:02 is 3713 days after RFC 5155's publication on 2008-03-01, so the timestamp is valid. Score 0.0 (none): no required indicator matched, so there is nothing to score.","base_indicator_score = 0.0 (matched required indicators: none); optional_match_bonus = 0.0 = 0.0 x 0.5 (matched optional indicators: none); required_match_bonus = 0.0 (not awarded: 1 evaluable required indicator(s), the bonus needs at least 2); missing_required_penalty = 3.0 = 3.0 x 1 (required indicators evaluated but not matched: rfc5155_nsec3_record_present); partial_match_penalty = 0.0 (not applied: no required indicator matched, so this is not a partial match); ambiguity_penalty = 0.0 (not applied: no matched indicator is flagged ambiguous); raw = 0.0 + 0.0 + 0.0 - 3.0 - 0.0 - 0.0 = -3.0; specificity_multiplier = 1.5 (RFC 5155 specificity=very_high); final_score = max(0, -3.0) * 1.5 = 0.0"
trace_sig_0012_rfc8078,sig_0012,RFC 8078,Managing DS Records from the Parent via CDS/CDNSKEY,2018-05-01T04:41:02,2017-03-01T00:00:00,true,no_match,none,0.0,0.0,,rfc8078_cds_cdnskey_algorithm_zero; rfc8078_delete_signal_digest_zero,,rfc8078_cds_cdnskey_algorithm_zero,,,2,2,,"RFC 8078 does not explain signal sig_0012: the required indicator rfc8078_cds_cdnskey_algorithm_zero failed because algorithm=13 does not equal the expected value 0. The observation on 2018-05-01T04:41:02 is 426 days after RFC 8078's publication on 2017-03-01, so the timestamp is valid. Score 0.0 (none): no required indicator matched, so there is nothing to score.","base_indicator_score = 0.0 (matched required indicators: none); optional_match_bonus = 0.0 = 0.0 x 0.5 (matched optional indicators: none); required_match_bonus = 0.0 (not awarded: 1 evaluable required indicator(s), the bonus needs at least 2); missing_required_penalty = 3.0 = 3.0 x 1 (required indicators evaluated but not matched: rfc8078_cds_cdnskey_algorithm_zero); partial_match_penalty = 0.0 (not applied: no required indicator matched, so this is not a partial match); ambiguity_penalty = 0.0 (not applied: no matched indicator is flagged ambiguous); raw = 0.0 + 0.0 + 0.0 - 3.0 - 0.0 - 0.0 = -3.0; specificity_multiplier = 1.5 (RFC 8078 specificity=very_high); final_score = max(0, -3.0) * 1.5 = 0.0"
trace_sig_0012_rfc8080,sig_0012,RFC 8080,Edwards-Curve Digital Security Algorithm (EdDSA) for DNSSEC,2018-05-01T04:41:02,2017-02-01T00:00:00,true,no_match,none,0.0,0.0,,rfc8080_eddsa_algorithm; rfc8080_eddsa_on_key_or_signature,,rfc8080_eddsa_algorithm,,,1,2,,"RFC 8080 does not explain signal sig_0012: the required indicator rfc8080_eddsa_algorithm failed because algorithm=13 is not in [15, 16]. The observation on 2018-05-01T04:41:02 is 454 days after RFC 8080's publication on 2017-02-01, so the timestamp is valid. Score 0.0 (none): no required indicator matched, so there is nothing to score.","base_indicator_score = 0.0 (matched required indicators: none); optional_match_bonus = 0.0 = 0.0 x 0.5 (matched optional indicators: none); required_match_bonus = 0.0 (not awarded: 1 evaluable required indicator(s), the bonus needs at least 2); missing_required_penalty = 3.0 = 3.0 x 1 (required indicators evaluated but not matched: rfc8080_eddsa_algorithm); partial_match_penalty = 0.0 (not applied: no required indicator matched, so this is not a partial match); ambiguity_penalty = 0.0 (not applied: no matched indicator is flagged ambiguous); raw = 0.0 + 0.0 + 0.0 - 3.0 - 0.0 - 0.0 = -3.0; specificity_multiplier = 1.5 (RFC 8080 specificity=very_high); final_score = max(0, -3.0) * 1.5 = 0.0"
trace_sig_0012_rfc8624,sig_0012,RFC 8624,Algorithm Implementation Requirements and Usage Guidance for DNSSEC,2018-05-01T04:41:02,2019-06-01T00:00:00,false,timestamp_invalid,none,0.0,3.375,rfc8624_avoids_deprecated_algorithm; rfc8624_recommended_signing_algorithm,,rfc8624_validator_algorithm_support,,rr_type; validator_algorithm_support,algorithm,3,0,"Indicator rfc8624_recommended_signing_algorithm is flagged ambiguous: the observation it matched is equally consistent with other RFCs, so this result is an inference about policy rather than direct evidence.; Indicator rfc8624_avoids_deprecated_algorithm is flagged ambiguous: the observation it matched is equally consistent with other RFCs, so this result is an inference about policy rather than direct evidence.; Corpus availability: indicator rfc8624_validator_algorithm_support was never tested because rr_type, validator_algorithm_support are absent from the OpenINTEL dictionary. Its absence from the evidence is a measurement limitation, not a finding about the observation.; The observation predates the RFC publication date by 396 days, so any score it would have earned is withheld and the case needs human review.","RFC 8624 cannot explain signal sig_0012: although algorithm=13 satisfy the required indicator rfc8624_recommended_signing_algorithm, the observation on 2018-05-01T04:41:02 predates RFC 8624's publication on 2019-06-01 by 396 days. An observation cannot evidence adoption of an RFC that did not yet exist, so the score of 3.375 is forfeited and this is routed to the review queue. The withheld score derives from (5.0 required + 1.5 optional - 2.0 ambiguity penalty) x 0.75 low specificity.","base_indicator_score = 5.0 (matched required indicators: rfc8624_recommended_signing_algorithm); optional_match_bonus = 1.5 = 3.0 x 0.5 (matched optional indicators: rfc8624_avoids_deprecated_algorithm); required_match_bonus = 0.0 (not awarded: 1 evaluable required indicator(s), the bonus needs at least 2); missing_required_penalty = 0.0 = 3.0 x 0 (required indicators evaluated but not matched: none); partial_match_penalty = 0.0 (not applied: every evaluable required indicator matched); ambiguity_penalty = 2.0 (applied: matched indicators flagged ambiguous: rfc8624_avoids_deprecated_algorithm, rfc8624_recommended_signing_algorithm); raw = 5.0 + 0.0 + 1.5 - 0.0 - 0.0 - 2.0 = 4.5; specificity_multiplier = 0.75 (RFC 8624 specificity=low); final_score = max(0, 4.5) * 0.75 = 3.375; timestamp_penalty = 3.375 (the observation predates RFC 8624's publication date by 396 days, so the score is withheld); final_score = 0.0 (an observation cannot evidence adoption of an RFC that did not yet exist); note: 1 indicator (rfc8624_validator_algorithm_support) could not be tested against the OpenINTEL corpus and was excluded from every term above, neither earning weight nor incurring a penalty"
trace_sig_0013_rfc4509,sig_0013,RFC 4509,Use of SHA-256 in DNSSEC Delegation Signer (DS) Resource Records,2018-05-01T04:53:49,2006-05-01T00:00:00,true,valid_match,high,11.25,0.0,rfc4509_ds_sha256_digest,,,,,digest_type; rr_type,2,0,,"RFC 4509 matched signal sig_0013: the required indicator rfc4509_ds_sha256_digest passed because rr_type=DS is in [DS, CDS] and digest_type=2 equals the expected value 2. The observation on 2018-05-01T04:53:49 is 4383 days after RFC 4509's publication on 2006-05-01, so the timestamp is valid. Score 11.25 (high) = (9.0 required) x 1.25 high specificity.","base_indicator_score = 9.0 (matched required indicators: rfc4509_ds_sha256_digest); optional_match_bonus = 0.0 = 0.0 x 0.5 (matched optional indicators: none); required_match_bonus = 0.0 (not awarded: 1 evaluable required indicator(s), the bonus needs at least 2); missing_required_penalty = 0.0 = 3.0 x 0 (required indicators evaluated but not matched: none); partial_match_penalty = 0.0 (not applied: every evaluable required indicator matched); ambiguity_penalty = 0.0 (not applied: no matched indicator is flagged ambiguous); raw = 9.0 + 0.0 + 0.0 - 0.0 - 0.0 - 0.0 = 9.0; specificity_multiplier = 1.25 (RFC 4509 specificity=high); final_score = max(0, 9.0) * 1.25 = 11.25"
trace_sig_0013_rfc4033,sig_0013,RFC 4033,DNS Security Introduction and Requirements (DNSSEC base: RFC 4033/4034/4035),2018-05-01T04:53:49,2005-03-01T00:00:00,true,valid_match,low,3.75,0.0,rfc4033_base_dnssec_record_present; rfc4033_dnssec_algorithm_present,rfc4033_dnssec_ok_negotiated,,,dnssec_ok_flag,algorithm; rr_type,3,1,"Indicator rfc4033_dnssec_ok_negotiated is only partially queryable: part of its signature depends on fields the corpus does not export, so it was evaluated on incomplete data.; Indicator rfc4033_dnssec_ok_negotiated was only partially evaluated: 1 condition(s) were tested and 1 could not be, because the observation carries no value for dnssec_ok_flag.; Fields absent from this observation: dnssec_ok_flag. Every condition over them failed by construction; absence is not evidence either way.","RFC 4033 matched signal sig_0013: the required indicator rfc4033_base_dnssec_record_present passed because rr_type=DS is in [DNSKEY, DS, RRSIG, NSEC]. Corroborating indicators also matched: rfc4033_dnssec_algorithm_present. Indicator rfc4033_dnssec_ok_negotiated did not match: field 'dnssec_ok_flag' is absent from this observation, so the condition 'dnssec_ok_flag must equal true' could not be satisfied (absence is not evidence). The observation on 2018-05-01T04:53:49 is 4809 days after RFC 4033's publication on 2005-03-01, so the timestamp is valid. Score 3.75 (low) = (4.0 required + 1.0 optional) x 0.75 low specificity.","base_indicator_score = 4.0 (matched required indicators: rfc4033_base_dnssec_record_present); optional_match_bonus = 1.0 = 2.0 x 0.5 (matched optional indicators: rfc4033_dnssec_algorithm_present); required_match_bonus = 0.0 (not awarded: 1 evaluable required indicator(s), the bonus needs at least 2); missing_required_penalty = 0.0 = 3.0 x 0 (required indicators evaluated but not matched: none); partial_match_penalty = 0.0 (not applied: every evaluable required indicator matched); ambiguity_penalty = 0.0 (not applied: no matched indicator is flagged ambiguous); raw = 4.0 + 0.0 + 1.0 - 0.0 - 0.0 - 0.0 = 5.0; specificity_multiplier = 0.75 (RFC 4033 specificity=low); final_score = max(0, 5.0) * 0.75 = 3.75"
trace_sig_0013_rfc5155,sig_0013,RFC 5155,DNS Security (DNSSEC) Hashed Authenticated Denial of Existence,2018-05-01T04:53:49,2008-03-01T00:00:00,true,no_match,none,0.0,0.0,,rfc5155_nsec3_hash_algorithm; rfc5155_nsec3_record_present,,rfc5155_nsec3_record_present,,,1,2,,"RFC 5155 does not explain signal sig_0013: the required indicator rfc5155_nsec3_record_present failed because rr_type=DS is not in [NSEC3, NSEC3PARAM]. The observation on 2018-05-01T04:53:49 is 3713 days after RFC 5155's publication on 2008-03-01, so the timestamp is valid. Score 0.0 (none): no required indicator matched, so there is nothing to score.","base_indicator_score = 0.0 (matched required indicators: none); optional_match_bonus = 0.0 = 0.0 x 0.5 (matched optional indicators: none); required_match_bonus = 0.0 (not awarded: 1 evaluable required indicator(s), the bonus needs at least 2); missing_required_penalty = 3.0 = 3.0 x 1 (required indicators evaluated but not matched: rfc5155_nsec3_record_present); partial_match_penalty = 0.0 (not applied: no required indicator matched, so this is not a partial match); ambiguity_penalty = 0.0 (not applied: no matched indicator is flagged ambiguous); raw = 0.0 + 0.0 + 0.0 - 3.0 - 0.0 - 0.0 = -3.0; specificity_multiplier = 1.5 (RFC 5155 specificity=very_high); final_score = max(0, -3.0) * 1.5 = 0.0"
trace_sig_0013_rfc6605,sig_0013,RFC 6605,Elliptic Curve Digital Signature Algorithm (DSA) for DNSSEC,2018-05-01T04:53:49,2012-04-01T00:00:00,true,no_match,none,0.0,0.0,,rfc6605_ecdsa_algorithm; rfc6605_ecdsa_on_key_or_signature,,rfc6605_ecdsa_algorithm,,,1,2,,"RFC 6605 does not explain signal sig_0013: the required indicator rfc6605_ecdsa_algorithm failed because algorithm=8 is not in [13, 14]. The observation on 2018-05-01T04:53:49 is 2221 days after RFC 6605's publication on 2012-04-01, so the timestamp is valid. Score 0.0 (none): no required indicator matched, so there is nothing to score.","base_indicator_score = 0.0 (matched required indicators: none); optional_match_bonus = 0.0 = 0.0 x 0.5 (matched optional indicators: none); required_match_bonus = 0.0 (not awarded: 1 evaluable required indicator(s), the bonus needs at least 2); missing_required_penalty = 3.0 = 3.0 x 1 (required indicators evaluated but not matched: rfc6605_ecdsa_algorithm); partial_match_penalty = 0.0 (not applied: no required indicator matched, so this is not a partial match); ambiguity_penalty = 0.0 (not applied: no matched indicator is flagged ambiguous); raw = 0.0 + 0.0 + 0.0 - 3.0 - 0.0 - 0.0 = -3.0; specificity_multiplier = 1.25 (RFC 6605 specificity=high); final_score = max(0, -3.0) * 1.25 = 0.0"
trace_sig_0013_rfc7344,sig_0013,RFC 7344,Automating DNSSEC Delegation Trust Maintenance,2018-05-01T04:53:49,2014-09-01T00:00:00,true,no_match,none,0.0,0.0,,rfc7344_cds_cdnskey_present; rfc7344_cds_publishes_digest,,rfc7344_cds_cdnskey_present,,,1,2,,"RFC 7344 does not explain signal sig_0013: the required indicator rfc7344_cds_cdnskey_present failed because rr_type=DS is not in [CDS, CDNSKEY]. The observation on 2018-05-01T04:53:49 is 1338 days after RFC 7344's publication on 2014-09-01, so the timestamp is valid. Score 0.0 (none): no required indicator matched, so there is nothing to score.","base_indicator_score = 0.0 (matched required indicators: none); optional_match_bonus = 0.0 = 0.0 x 0.5 (matched optional indicators: none); required_match_bonus = 0.0 (not awarded: 1 evaluable required indicator(s), the bonus needs at least 2); missing_required_penalty = 3.0 = 3.0 x 1 (required indicators evaluated but not matched: rfc7344_cds_cdnskey_present); partial_match_penalty = 0.0 (not applied: no required indicator matched, so this is not a partial match); ambiguity_penalty = 0.0 (not applied: no matched indicator is flagged ambiguous); raw = 0.0 + 0.0 + 0.0 - 3.0 - 0.0 - 0.0 = -3.0; specificity_multiplier = 1.25 (RFC 7344 specificity=high); final_score = max(0, -3.0) * 1.25 = 0.0"
trace_sig_0013_rfc8078,sig_0013,RFC 8078,Managing DS Records from the Parent via CDS/CDNSKEY,2018-05-01T04:53:49,2017-03-01T00:00:00,true,no_match,none,0.0,0.0,,rfc8078_cds_cdnskey_algorithm_zero; rfc8078_delete_signal_digest_zero,,rfc8078_cds_cdnskey_algorithm_zero,,,0,4,,"RFC 8078 does not explain signal sig_0013: the required indicator rfc8078_cds_cdnskey_algorithm_zero failed because rr_type=DS is not in [CDS, CDNSKEY]. The observation on 2018-05-01T04:53:49 is 426 days after RFC 8078's publication on 2017-03-01, so the timestamp is valid. Score 0.0 (none): no required indicator matched, so there is nothing to score.","base_indicator_score = 0.0 (matched required indicators: none); optional_match_bonus = 0.0 = 0.0 x 0.5 (matched optional indicators: none); required_match_bonus = 0.0 (not awarded: 1 evaluable required indicator(s), the bonus needs at least 2); missing_required_penalty = 3.0 = 3.0 x 1 (required indicators evaluated but not matched: rfc8078_cds_cdnskey_algorithm_zero); partial_match_penalty = 0.0 (not applied: no required indicator matched, so this is not a partial match); ambiguity_penalty = 0.0 (not applied: no matched indicator is flagged ambiguous); raw = 0.0 + 0.0 + 0.0 - 3.0 - 0.0 - 0.0 = -3.0; specificity_multiplier = 1.5 (RFC 8078 specificity=very_high); final_score = max(0, -3.0) * 1.5 = 0.0"
trace_sig_0013_rfc8080,sig_0013,RFC 8080,Edwards-Curve Digital Security Algorithm (EdDSA) for DNSSEC,2018-05-01T04:53:49,2017-02-01T00:00:00,true,no_match,none,0.0,0.0,,rfc8080_eddsa_algorithm; rfc8080_eddsa_on_key_or_signature,,rfc8080_eddsa_algorithm,,,1,2,,"RFC 8080 does not explain signal sig_0013: the required indicator rfc8080_eddsa_algorithm failed because algorithm=8 is not in [15, 16]. The observation on 2018-05-01T04:53:49 is 454 days after RFC 8080's publication on 2017-02-01, so the timestamp is valid. Score 0.0 (none): no required indicator matched, so there is nothing to score.","base_indicator_score = 0.0 (matched required indicators: none); optional_match_bonus = 0.0 = 0.0 x 0.5 (matched optional indicators: none); required_match_bonus = 0.0 (not awarded: 1 evaluable required indicator(s), the bonus needs at least 2); missing_required_penalty = 3.0 = 3.0 x 1 (required indicators evaluated but not matched: rfc8080_eddsa_algorithm); partial_match_penalty = 0.0 (not applied: no required indicator matched, so this is not a partial match); ambiguity_penalty = 0.0 (not applied: no matched indicator is flagged ambiguous); raw = 0.0 + 0.0 + 0.0 - 3.0 - 0.0 - 0.0 = -3.0; specificity_multiplier = 1.5 (RFC 8080 specificity=very_high); final_score = max(0, -3.0) * 1.5 = 0.0"
trace_sig_0013_rfc8624,sig_0013,RFC 8624,Algorithm Implementation Requirements and Usage Guidance for DNSSEC,2018-05-01T04:53:49,2019-06-01T00:00:00,false,partial_match,none,0.0,0.0,rfc8624_avoids_deprecated_algorithm,rfc8624_recommended_signing_algorithm,rfc8624_validator_algorithm_support,rfc8624_recommended_signing_algorithm,rr_type; validator_algorithm_support,algorithm,2,1,"Indicator rfc8624_avoids_deprecated_algorithm is flagged ambiguous: the observation it matched is equally consistent with other RFCs, so this result is an inference about policy rather than direct evidence.; Corpus availability: indicator rfc8624_validator_algorithm_support was never tested because rr_type, validator_algorithm_support are absent from the OpenINTEL dictionary. Its absence from the evidence is a measurement limitation, not a finding about the observation.; The observation also predates the RFC publication date by 396 days, but that is not why it was rejected: the indicator conditions did not hold regardless of the date, so no score was withheld.; Partial matches are candidates, not adoption evidence: at least one required indicator of this RFC was not satisfied.","RFC 8624 partially matches signal sig_0013: the optional indicator rfc8624_avoids_deprecated_algorithm passed because algorithm is present (observed 8) and algorithm=8 differs from 1 as required. The required indicator rfc8624_recommended_signing_algorithm was not satisfied: algorithm=8 is not in [13, 15]. The observation on 2018-05-01T04:53:49 predates RFC 8624's publication on 2019-06-01 by 396 days. An observation cannot evidence adoption of an RFC that did not yet exist, so the score is forfeited. Score 0.0 (none): the penalties leave a raw total of -3.5, which is clamped to 0 before the 0.75 low specificity multiplier.","base_indicator_score = 0.0 (matched required indicators: none); optional_match_bonus = 1.5 = 3.0 x 0.5 (matched optional indicators: rfc8624_avoids_deprecated_algorithm); required_match_bonus = 0.0 (not awarded: 1 evaluable required indicator(s), the bonus needs at least 2); missing_required_penalty = 3.0 = 3.0 x 1 (required indicators evaluated but not matched: rfc8624_recommended_signing_algorithm); partial_match_penalty = 0.0 (not applied: no required indicator matched, so this is not a partial match); ambiguity_penalty = 2.0 (applied: matched indicators flagged ambiguous: rfc8624_avoids_deprecated_algorithm); raw = 0.0 + 0.0 + 1.5 - 3.0 - 0.0 - 2.0 = -3.5; specificity_multiplier = 0.75 (RFC 8624 specificity=low); final_score = max(0, -3.5) * 0.75 = 0.0; note: 1 indicator (rfc8624_validator_algorithm_support) could not be tested against the OpenINTEL corpus and was excluded from every term above, neither earning weight nor incurring a penalty"
trace_sig_0014_rfc4509,sig_0014,RFC 4509,Use of SHA-256 in DNSSEC Delegation Signer (DS) Resource Records,2018-05-01T05:00:56,2006-05-01T00:00:00,true,valid_match,high,11.25,0.0,rfc4509_ds_sha256_digest,,,,,digest_type; rr_type,2,0,,"RFC 4509 matched signal sig_0014: the required indicator rfc4509_ds_sha256_digest passed because rr_type=DS is in [DS, CDS] and digest_type=2 equals the expected value 2. The observation on 2018-05-01T05:00:56 is 4383 days after RFC 4509's publication on 2006-05-01, so the timestamp is valid. Score 11.25 (high) = (9.0 required) x 1.25 high specificity.","base_indicator_score = 9.0 (matched required indicators: rfc4509_ds_sha256_digest); optional_match_bonus = 0.0 = 0.0 x 0.5 (matched optional indicators: none); required_match_bonus = 0.0 (not awarded: 1 evaluable required indicator(s), the bonus needs at least 2); missing_required_penalty = 0.0 = 3.0 x 0 (required indicators evaluated but not matched: none); partial_match_penalty = 0.0 (not applied: every evaluable required indicator matched); ambiguity_penalty = 0.0 (not applied: no matched indicator is flagged ambiguous); raw = 9.0 + 0.0 + 0.0 - 0.0 - 0.0 - 0.0 = 9.0; specificity_multiplier = 1.25 (RFC 4509 specificity=high); final_score = max(0, 9.0) * 1.25 = 11.25"
trace_sig_0014_rfc4033,sig_0014,RFC 4033,DNS Security Introduction and Requirements (DNSSEC base: RFC 4033/4034/4035),2018-05-01T05:00:56,2005-03-01T00:00:00,true,valid_match,low,3.75,0.0,rfc4033_base_dnssec_record_present; rfc4033_dnssec_algorithm_present,rfc4033_dnssec_ok_negotiated,,,dnssec_ok_flag,algorithm; rr_type,3,1,"Indicator rfc4033_dnssec_ok_negotiated is only partially queryable: part of its signature depends on fields the corpus does not export, so it was evaluated on incomplete data.; Indicator rfc4033_dnssec_ok_negotiated was only partially evaluated: 1 condition(s) were tested and 1 could not be, because the observation carries no value for dnssec_ok_flag.; Fields absent from this observation: dnssec_ok_flag. Every condition over them failed by construction; absence is not evidence either way.","RFC 4033 matched signal sig_0014: the required indicator rfc4033_base_dnssec_record_present passed because rr_type=DS is in [DNSKEY, DS, RRSIG, NSEC]. Corroborating indicators also matched: rfc4033_dnssec_algorithm_present. Indicator rfc4033_dnssec_ok_negotiated did not match: field 'dnssec_ok_flag' is absent from this observation, so the condition 'dnssec_ok_flag must equal true' could not be satisfied (absence is not evidence). The observation on 2018-05-01T05:00:56 is 4809 days after RFC 4033's publication on 2005-03-01, so the timestamp is valid. Score 3.75 (low) = (4.0 required + 1.0 optional) x 0.75 low specificity.","base_indicator_score = 4.0 (matched required indicators: rfc4033_base_dnssec_record_present); optional_match_bonus = 1.0 = 2.0 x 0.5 (matched optional indicators: rfc4033_dnssec_algorithm_present); required_match_bonus = 0.0 (not awarded: 1 evaluable required indicator(s), the bonus needs at least 2); missing_required_penalty = 0.0 = 3.0 x 0 (required indicators evaluated but not matched: none); partial_match_penalty = 0.0 (not applied: every evaluable required indicator matched); ambiguity_penalty = 0.0 (not applied: no matched indicator is flagged ambiguous); raw = 4.0 + 0.0 + 1.0 - 0.0 - 0.0 - 0.0 = 5.0; specificity_multiplier = 0.75 (RFC 4033 specificity=low); final_score = max(0, 5.0) * 0.75 = 3.75"
trace_sig_0014_rfc5155,sig_0014,RFC 5155,DNS Security (DNSSEC) Hashed Authenticated Denial of Existence,2018-05-01T05:00:56,2008-03-01T00:00:00,true,no_match,none,0.0,0.0,,rfc5155_nsec3_hash_algorithm; rfc5155_nsec3_record_present,,rfc5155_nsec3_record_present,,,1,2,,"RFC 5155 does not explain signal sig_0014: the required indicator rfc5155_nsec3_record_present failed because rr_type=DS is not in [NSEC3, NSEC3PARAM]. The observation on 2018-05-01T05:00:56 is 3713 days after RFC 5155's publication on 2008-03-01, so the timestamp is valid. Score 0.0 (none): no required indicator matched, so there is nothing to score.","base_indicator_score = 0.0 (matched required indicators: none); optional_match_bonus = 0.0 = 0.0 x 0.5 (matched optional indicators: none); required_match_bonus = 0.0 (not awarded: 1 evaluable required indicator(s), the bonus needs at least 2); missing_required_penalty = 3.0 = 3.0 x 1 (required indicators evaluated but not matched: rfc5155_nsec3_record_present); partial_match_penalty = 0.0 (not applied: no required indicator matched, so this is not a partial match); ambiguity_penalty = 0.0 (not applied: no matched indicator is flagged ambiguous); raw = 0.0 + 0.0 + 0.0 - 3.0 - 0.0 - 0.0 = -3.0; specificity_multiplier = 1.5 (RFC 5155 specificity=very_high); final_score = max(0, -3.0) * 1.5 = 0.0"
trace_sig_0014_rfc6605,sig_0014,RFC 6605,Elliptic Curve Digital Signature Algorithm (DSA) for DNSSEC,2018-05-01T05:00:56,2012-04-01T00:00:00,true,no_match,none,0.0,0.0,,rfc6605_ecdsa_algorithm; rfc6605_ecdsa_on_key_or_signature,,rfc6605_ecdsa_algorithm,,,1,2,,"RFC 6605 does not explain signal sig_0014: the required indicator rfc6605_ecdsa_algorithm failed because algorithm=8 is not in [13, 14]. The observation on 2018-05-01T05:00:56 is 2221 days after RFC 6605's publication on 2012-04-01, so the timestamp is valid. Score 0.0 (none): no required indicator matched, so there is nothing to score.","base_indicator_score = 0.0 (matched required indicators: none); optional_match_bonus = 0.0 = 0.0 x 0.5 (matched optional indicators: none); required_match_bonus = 0.0 (not awarded: 1 evaluable required indicator(s), the bonus needs at least 2); missing_required_penalty = 3.0 = 3.0 x 1 (required indicators evaluated but not matched: rfc6605_ecdsa_algorithm); partial_match_penalty = 0.0 (not applied: no required indicator matched, so this is not a partial match); ambiguity_penalty = 0.0 (not applied: no matched indicator is flagged ambiguous); raw = 0.0 + 0.0 + 0.0 - 3.0 - 0.0 - 0.0 = -3.0; specificity_multiplier = 1.25 (RFC 6605 specificity=high); final_score = max(0, -3.0) * 1.25 = 0.0"
trace_sig_0014_rfc7344,sig_0014,RFC 7344,Automating DNSSEC Delegation Trust Maintenance,2018-05-01T05:00:56,2014-09-01T00:00:00,true,no_match,none,0.0,0.0,,rfc7344_cds_cdnskey_present; rfc7344_cds_publishes_digest,,rfc7344_cds_cdnskey_present,,,1,2,,"RFC 7344 does not explain signal sig_0014: the required indicator rfc7344_cds_cdnskey_present failed because rr_type=DS is not in [CDS, CDNSKEY]. The observation on 2018-05-01T05:00:56 is 1338 days after RFC 7344's publication on 2014-09-01, so the timestamp is valid. Score 0.0 (none): no required indicator matched, so there is nothing to score.","base_indicator_score = 0.0 (matched required indicators: none); optional_match_bonus = 0.0 = 0.0 x 0.5 (matched optional indicators: none); required_match_bonus = 0.0 (not awarded: 1 evaluable required indicator(s), the bonus needs at least 2); missing_required_penalty = 3.0 = 3.0 x 1 (required indicators evaluated but not matched: rfc7344_cds_cdnskey_present); partial_match_penalty = 0.0 (not applied: no required indicator matched, so this is not a partial match); ambiguity_penalty = 0.0 (not applied: no matched indicator is flagged ambiguous); raw = 0.0 + 0.0 + 0.0 - 3.0 - 0.0 - 0.0 = -3.0; specificity_multiplier = 1.25 (RFC 7344 specificity=high); final_score = max(0, -3.0) * 1.25 = 0.0"
trace_sig_0014_rfc8078,sig_0014,RFC 8078,Managing DS Records from the Parent via CDS/CDNSKEY,2018-05-01T05:00:56,2017-03-01T00:00:00,true,no_match,none,0.0,0.0,,rfc8078_cds_cdnskey_algorithm_zero; rfc8078_delete_signal_digest_zero,,rfc8078_cds_cdnskey_algorithm_zero,,,0,4,,"RFC 8078 does not explain signal sig_0014: the required indicator rfc8078_cds_cdnskey_algorithm_zero failed because rr_type=DS is not in [CDS, CDNSKEY]. The observation on 2018-05-01T05:00:56 is 426 days after RFC 8078's publication on 2017-03-01, so the timestamp is valid. Score 0.0 (none): no required indicator matched, so there is nothing to score.","base_indicator_score = 0.0 (matched required indicators: none); optional_match_bonus = 0.0 = 0.0 x 0.5 (matched optional indicators: none); required_match_bonus = 0.0 (not awarded: 1 evaluable required indicator(s), the bonus needs at least 2); missing_required_penalty = 3.0 = 3.0 x 1 (required indicators evaluated but not matched: rfc8078_cds_cdnskey_algorithm_zero); partial_match_penalty = 0.0 (not applied: no required indicator matched, so this is not a partial match); ambiguity_penalty = 0.0 (not applied: no matched indicator is flagged ambiguous); raw = 0.0 + 0.0 + 0.0 - 3.0 - 0.0 - 0.0 = -3.0; specificity_multiplier = 1.5 (RFC 8078 specificity=very_high); final_score = max(0, -3.0) * 1.5 = 0.0"
trace_sig_0014_rfc8080,sig_0014,RFC 8080,Edwards-Curve Digital Security Algorithm (EdDSA) for DNSSEC,2018-05-01T05:00:56,2017-02-01T00:00:00,true,no_match,none,0.0,0.0,,rfc8080_eddsa_algorithm; rfc8080_eddsa_on_key_or_signature,,rfc8080_eddsa_algorithm,,,1,2,,"RFC 8080 does not explain signal sig_0014: the required indicator rfc8080_eddsa_algorithm failed because algorithm=8 is not in [15, 16]. The observation on 2018-05-01T05:00:56 is 454 days after RFC 8080's publication on 2017-02-01, so the timestamp is valid. Score 0.0 (none): no required indicator matched, so there is nothing to score.","base_indicator_score = 0.0 (matched required indicators: none); optional_match_bonus = 0.0 = 0.0 x 0.5 (matched optional indicators: none); required_match_bonus = 0.0 (not awarded: 1 evaluable required indicator(s), the bonus needs at least 2); missing_required_penalty = 3.0 = 3.0 x 1 (required indicators evaluated but not matched: rfc8080_eddsa_algorithm); partial_match_penalty = 0.0 (not applied: no required indicator matched, so this is not a partial match); ambiguity_penalty = 0.0 (not applied: no matched indicator is flagged ambiguous); raw = 0.0 + 0.0 + 0.0 - 3.0 - 0.0 - 0.0 = -3.0; specificity_multiplier = 1.5 (RFC 8080 specificity=very_high); final_score = max(0, -3.0) * 1.5 = 0.0"
trace_sig_0014_rfc8624,sig_0014,RFC 8624,Algorithm Implementation Requirements and Usage Guidance for DNSSEC,2018-05-01T05:00:56,2019-06-01T00:00:00,false,partial_match,none,0.0,0.0,rfc8624_avoids_deprecated_algorithm,rfc8624_recommended_signing_algorithm,rfc8624_validator_algorithm_support,rfc8624_recommended_signing_algorithm,rr_type; validator_algorithm_support,algorithm,2,1,"Indicator rfc8624_avoids_deprecated_algorithm is flagged ambiguous: the observation it matched is equally consistent with other RFCs, so this result is an inference about policy rather than direct evidence.; Corpus availability: indicator rfc8624_validator_algorithm_support was never tested because rr_type, validator_algorithm_support are absent from the OpenINTEL dictionary. Its absence from the evidence is a measurement limitation, not a finding about the observation.; The observation also predates the RFC publication date by 396 days, but that is not why it was rejected: the indicator conditions did not hold regardless of the date, so no score was withheld.; Partial matches are candidates, not adoption evidence: at least one required indicator of this RFC was not satisfied.","RFC 8624 partially matches signal sig_0014: the optional indicator rfc8624_avoids_deprecated_algorithm passed because algorithm is present (observed 8) and algorithm=8 differs from 1 as required. The required indicator rfc8624_recommended_signing_algorithm was not satisfied: algorithm=8 is not in [13, 15]. The observation on 2018-05-01T05:00:56 predates RFC 8624's publication on 2019-06-01 by 396 days. An observation cannot evidence adoption of an RFC that did not yet exist, so the score is forfeited. Score 0.0 (none): the penalties leave a raw total of -3.5, which is clamped to 0 before the 0.75 low specificity multiplier.","base_indicator_score = 0.0 (matched required indicators: none); optional_match_bonus = 1.5 = 3.0 x 0.5 (matched optional indicators: rfc8624_avoids_deprecated_algorithm); required_match_bonus = 0.0 (not awarded: 1 evaluable required indicator(s), the bonus needs at least 2); missing_required_penalty = 3.0 = 3.0 x 1 (required indicators evaluated but not matched: rfc8624_recommended_signing_algorithm); partial_match_penalty = 0.0 (not applied: no required indicator matched, so this is not a partial match); ambiguity_penalty = 2.0 (applied: matched indicators flagged ambiguous: rfc8624_avoids_deprecated_algorithm); raw = 0.0 + 0.0 + 1.5 - 3.0 - 0.0 - 2.0 = -3.5; specificity_multiplier = 0.75 (RFC 8624 specificity=low); final_score = max(0, -3.5) * 0.75 = 0.0; note: 1 indicator (rfc8624_validator_algorithm_support) could not be tested against the OpenINTEL corpus and was excluded from every term above, neither earning weight nor incurring a penalty"
trace_sig_0015_rfc4509,sig_0015,RFC 4509,Use of SHA-256 in DNSSEC Delegation Signer (DS) Resource Records,2018-05-01T05:21:19,2006-05-01T00:00:00,true,valid_match,high,11.25,0.0,rfc4509_ds_sha256_digest,,,,,digest_type; rr_type,2,0,,"RFC 4509 matched signal sig_0015: the required indicator rfc4509_ds_sha256_digest passed because rr_type=DS is in [DS, CDS] and digest_type=2 equals the expected value 2. The observation on 2018-05-01T05:21:19 is 4383 days after RFC 4509's publication on 2006-05-01, so the timestamp is valid. Score 11.25 (high) = (9.0 required) x 1.25 high specificity.","base_indicator_score = 9.0 (matched required indicators: rfc4509_ds_sha256_digest); optional_match_bonus = 0.0 = 0.0 x 0.5 (matched optional indicators: none); required_match_bonus = 0.0 (not awarded: 1 evaluable required indicator(s), the bonus needs at least 2); missing_required_penalty = 0.0 = 3.0 x 0 (required indicators evaluated but not matched: none); partial_match_penalty = 0.0 (not applied: every evaluable required indicator matched); ambiguity_penalty = 0.0 (not applied: no matched indicator is flagged ambiguous); raw = 9.0 + 0.0 + 0.0 - 0.0 - 0.0 - 0.0 = 9.0; specificity_multiplier = 1.25 (RFC 4509 specificity=high); final_score = max(0, 9.0) * 1.25 = 11.25"
trace_sig_0015_rfc4033,sig_0015,RFC 4033,DNS Security Introduction and Requirements (DNSSEC base: RFC 4033/4034/4035),2018-05-01T05:21:19,2005-03-01T00:00:00,true,valid_match,low,3.75,0.0,rfc4033_base_dnssec_record_present; rfc4033_dnssec_algorithm_present,rfc4033_dnssec_ok_negotiated,,,dnssec_ok_flag,algorithm; rr_type,3,1,"Indicator rfc4033_dnssec_ok_negotiated is only partially queryable: part of its signature depends on fields the corpus does not export, so it was evaluated on incomplete data.; Indicator rfc4033_dnssec_ok_negotiated was only partially evaluated: 1 condition(s) were tested and 1 could not be, because the observation carries no value for dnssec_ok_flag.; Fields absent from this observation: dnssec_ok_flag. Every condition over them failed by construction; absence is not evidence either way.","RFC 4033 matched signal sig_0015: the required indicator rfc4033_base_dnssec_record_present passed because rr_type=DS is in [DNSKEY, DS, RRSIG, NSEC]. Corroborating indicators also matched: rfc4033_dnssec_algorithm_present. Indicator rfc4033_dnssec_ok_negotiated did not match: field 'dnssec_ok_flag' is absent from this observation, so the condition 'dnssec_ok_flag must equal true' could not be satisfied (absence is not evidence). The observation on 2018-05-01T05:21:19 is 4809 days after RFC 4033's publication on 2005-03-01, so the timestamp is valid. Score 3.75 (low) = (4.0 required + 1.0 optional) x 0.75 low specificity.","base_indicator_score = 4.0 (matched required indicators: rfc4033_base_dnssec_record_present); optional_match_bonus = 1.0 = 2.0 x 0.5 (matched optional indicators: rfc4033_dnssec_algorithm_present); required_match_bonus = 0.0 (not awarded: 1 evaluable required indicator(s), the bonus needs at least 2); missing_required_penalty = 0.0 = 3.0 x 0 (required indicators evaluated but not matched: none); partial_match_penalty = 0.0 (not applied: every evaluable required indicator matched); ambiguity_penalty = 0.0 (not applied: no matched indicator is flagged ambiguous); raw = 4.0 + 0.0 + 1.0 - 0.0 - 0.0 - 0.0 = 5.0; specificity_multiplier = 0.75 (RFC 4033 specificity=low); final_score = max(0, 5.0) * 0.75 = 3.75"
trace_sig_0015_rfc5155,sig_0015,RFC 5155,DNS Security (DNSSEC) Hashed Authenticated Denial of Existence,2018-05-01T05:21:19,2008-03-01T00:00:00,true,no_match,none,0.0,0.0,,rfc5155_nsec3_hash_algorithm; rfc5155_nsec3_record_present,,rfc5155_nsec3_record_present,,,1,2,,"RFC 5155 does not explain signal sig_0015: the required indicator rfc5155_nsec3_record_present failed because rr_type=DS is not in [NSEC3, NSEC3PARAM]. The observation on 2018-05-01T05:21:19 is 3713 days after RFC 5155's publication on 2008-03-01, so the timestamp is valid. Score 0.0 (none): no required indicator matched, so there is nothing to score.","base_indicator_score = 0.0 (matched required indicators: none); optional_match_bonus = 0.0 = 0.0 x 0.5 (matched optional indicators: none); required_match_bonus = 0.0 (not awarded: 1 evaluable required indicator(s), the bonus needs at least 2); missing_required_penalty = 3.0 = 3.0 x 1 (required indicators evaluated but not matched: rfc5155_nsec3_record_present); partial_match_penalty = 0.0 (not applied: no required indicator matched, so this is not a partial match); ambiguity_penalty = 0.0 (not applied: no matched indicator is flagged ambiguous); raw = 0.0 + 0.0 + 0.0 - 3.0 - 0.0 - 0.0 = -3.0; specificity_multiplier = 1.5 (RFC 5155 specificity=very_high); final_score = max(0, -3.0) * 1.5 = 0.0"
trace_sig_0015_rfc6605,sig_0015,RFC 6605,Elliptic Curve Digital Signature Algorithm (DSA) for DNSSEC,2018-05-01T05:21:19,2012-04-01T00:00:00,true,no_match,none,0.0,0.0,,rfc6605_ecdsa_algorithm; rfc6605_ecdsa_on_key_or_signature,,rfc6605_ecdsa_algorithm,,,1,2,,"RFC 6605 does not explain signal sig_0015: the required indicator rfc6605_ecdsa_algorithm failed because algorithm=8 is not in [13, 14]. The observation on 2018-05-01T05:21:19 is 2221 days after RFC 6605's publication on 2012-04-01, so the timestamp is valid. Score 0.0 (none): no required indicator matched, so there is nothing to score.","base_indicator_score = 0.0 (matched required indicators: none); optional_match_bonus = 0.0 = 0.0 x 0.5 (matched optional indicators: none); required_match_bonus = 0.0 (not awarded: 1 evaluable required indicator(s), the bonus needs at least 2); missing_required_penalty = 3.0 = 3.0 x 1 (required indicators evaluated but not matched: rfc6605_ecdsa_algorithm); partial_match_penalty = 0.0 (not applied: no required indicator matched, so this is not a partial match); ambiguity_penalty = 0.0 (not applied: no matched indicator is flagged ambiguous); raw = 0.0 + 0.0 + 0.0 - 3.0 - 0.0 - 0.0 = -3.0; specificity_multiplier = 1.25 (RFC 6605 specificity=high); final_score = max(0, -3.0) * 1.25 = 0.0"
trace_sig_0015_rfc7344,sig_0015,RFC 7344,Automating DNSSEC Delegation Trust Maintenance,2018-05-01T05:21:19,2014-09-01T00:00:00,true,no_match,none,0.0,0.0,,rfc7344_cds_cdnskey_present; rfc7344_cds_publishes_digest,,rfc7344_cds_cdnskey_present,,,1,2,,"RFC 7344 does not explain signal sig_0015: the required indicator rfc7344_cds_cdnskey_present failed because rr_type=DS is not in [CDS, CDNSKEY]. The observation on 2018-05-01T05:21:19 is 1338 days after RFC 7344's publication on 2014-09-01, so the timestamp is valid. Score 0.0 (none): no required indicator matched, so there is nothing to score.","base_indicator_score = 0.0 (matched required indicators: none); optional_match_bonus = 0.0 = 0.0 x 0.5 (matched optional indicators: none); required_match_bonus = 0.0 (not awarded: 1 evaluable required indicator(s), the bonus needs at least 2); missing_required_penalty = 3.0 = 3.0 x 1 (required indicators evaluated but not matched: rfc7344_cds_cdnskey_present); partial_match_penalty = 0.0 (not applied: no required indicator matched, so this is not a partial match); ambiguity_penalty = 0.0 (not applied: no matched indicator is flagged ambiguous); raw = 0.0 + 0.0 + 0.0 - 3.0 - 0.0 - 0.0 = -3.0; specificity_multiplier = 1.25 (RFC 7344 specificity=high); final_score = max(0, -3.0) * 1.25 = 0.0"
trace_sig_0015_rfc8078,sig_0015,RFC 8078,Managing DS Records from the Parent via CDS/CDNSKEY,2018-05-01T05:21:19,2017-03-01T00:00:00,true,no_match,none,0.0,0.0,,rfc8078_cds_cdnskey_algorithm_zero; rfc8078_delete_signal_digest_zero,,rfc8078_cds_cdnskey_algorithm_zero,,,0,4,,"RFC 8078 does not explain signal sig_0015: the required indicator rfc8078_cds_cdnskey_algorithm_zero failed because rr_type=DS is not in [CDS, CDNSKEY]. The observation on 2018-05-01T05:21:19 is 426 days after RFC 8078's publication on 2017-03-01, so the timestamp is valid. Score 0.0 (none): no required indicator matched, so there is nothing to score.","base_indicator_score = 0.0 (matched required indicators: none); optional_match_bonus = 0.0 = 0.0 x 0.5 (matched optional indicators: none); required_match_bonus = 0.0 (not awarded: 1 evaluable required indicator(s), the bonus needs at least 2); missing_required_penalty = 3.0 = 3.0 x 1 (required indicators evaluated but not matched: rfc8078_cds_cdnskey_algorithm_zero); partial_match_penalty = 0.0 (not applied: no required indicator matched, so this is not a partial match); ambiguity_penalty = 0.0 (not applied: no matched indicator is flagged ambiguous); raw = 0.0 + 0.0 + 0.0 - 3.0 - 0.0 - 0.0 = -3.0; specificity_multiplier = 1.5 (RFC 8078 specificity=very_high); final_score = max(0, -3.0) * 1.5 = 0.0"
trace_sig_0015_rfc8080,sig_0015,RFC 8080,Edwards-Curve Digital Security Algorithm (EdDSA) for DNSSEC,2018-05-01T05:21:19,2017-02-01T00:00:00,true,no_match,none,0.0,0.0,,rfc8080_eddsa_algorithm; rfc8080_eddsa_on_key_or_signature,,rfc8080_eddsa_algorithm,,,1,2,,"RFC 8080 does not explain signal sig_0015: the required indicator rfc8080_eddsa_algorithm failed because algorithm=8 is not in [15, 16]. The observation on 2018-05-01T05:21:19 is 454 days after RFC 8080's publication on 2017-02-01, so the timestamp is valid. Score 0.0 (none): no required indicator matched, so there is nothing to score.","base_indicator_score = 0.0 (matched required indicators: none); optional_match_bonus = 0.0 = 0.0 x 0.5 (matched optional indicators: none); required_match_bonus = 0.0 (not awarded: 1 evaluable required indicator(s), the bonus needs at least 2); missing_required_penalty = 3.0 = 3.0 x 1 (required indicators evaluated but not matched: rfc8080_eddsa_algorithm); partial_match_penalty = 0.0 (not applied: no required indicator matched, so this is not a partial match); ambiguity_penalty = 0.0 (not applied: no matched indicator is flagged ambiguous); raw = 0.0 + 0.0 + 0.0 - 3.0 - 0.0 - 0.0 = -3.0; specificity_multiplier = 1.5 (RFC 8080 specificity=very_high); final_score = max(0, -3.0) * 1.5 = 0.0"
trace_sig_0015_rfc8624,sig_0015,RFC 8624,Algorithm Implementation Requirements and Usage Guidance for DNSSEC,2018-05-01T05:21:19,2019-06-01T00:00:00,false,partial_match,none,0.0,0.0,rfc8624_avoids_deprecated_algorithm,rfc8624_recommended_signing_algorithm,rfc8624_validator_algorithm_support,rfc8624_recommended_signing_algorithm,rr_type; validator_algorithm_support,algorithm,2,1,"Indicator rfc8624_avoids_deprecated_algorithm is flagged ambiguous: the observation it matched is equally consistent with other RFCs, so this result is an inference about policy rather than direct evidence.; Corpus availability: indicator rfc8624_validator_algorithm_support was never tested because rr_type, validator_algorithm_support are absent from the OpenINTEL dictionary. Its absence from the evidence is a measurement limitation, not a finding about the observation.; The observation also predates the RFC publication date by 396 days, but that is not why it was rejected: the indicator conditions did not hold regardless of the date, so no score was withheld.; Partial matches are candidates, not adoption evidence: at least one required indicator of this RFC was not satisfied.","RFC 8624 partially matches signal sig_0015: the optional indicator rfc8624_avoids_deprecated_algorithm passed because algorithm is present (observed 8) and algorithm=8 differs from 1 as required. The required indicator rfc8624_recommended_signing_algorithm was not satisfied: algorithm=8 is not in [13, 15]. The observation on 2018-05-01T05:21:19 predates RFC 8624's publication on 2019-06-01 by 396 days. An observation cannot evidence adoption of an RFC that did not yet exist, so the score is forfeited. Score 0.0 (none): the penalties leave a raw total of -3.5, which is clamped to 0 before the 0.75 low specificity multiplier.","base_indicator_score = 0.0 (matched required indicators: none); optional_match_bonus = 1.5 = 3.0 x 0.5 (matched optional indicators: rfc8624_avoids_deprecated_algorithm); required_match_bonus = 0.0 (not awarded: 1 evaluable required indicator(s), the bonus needs at least 2); missing_required_penalty = 3.0 = 3.0 x 1 (required indicators evaluated but not matched: rfc8624_recommended_signing_algorithm); partial_match_penalty = 0.0 (not applied: no required indicator matched, so this is not a partial match); ambiguity_penalty = 2.0 (applied: matched indicators flagged ambiguous: rfc8624_avoids_deprecated_algorithm); raw = 0.0 + 0.0 + 1.5 - 3.0 - 0.0 - 2.0 = -3.5; specificity_multiplier = 0.75 (RFC 8624 specificity=low); final_score = max(0, -3.5) * 0.75 = 0.0; note: 1 indicator (rfc8624_validator_algorithm_support) could not be tested against the OpenINTEL corpus and was excluded from every term above, neither earning weight nor incurring a penalty"
