item_id,item_type,severity,status,reason,affected_rfc_ids,affected_fields,affected_signal_ids,trace_ids,suggested_action,verification_status,verification_explanation,evidence
rev_0001,non_queryable_indicator,high,unresolved,"Indicator rfc4035_dnssec_ok_negotiated (required, weight 6.0) of RFC 4035 cannot be evaluated at all: field(s) `dnssec_ok_flag` are absent from the OpenINTEL analysis dictionary, so no observation can ever match it. Indicator rfc4035_dnssec_ok_negotiated is non-queryable because none of the fields it references exist in the OpenINTEL dictionary: dnssec_ok_flag. No part of it can ever be evaluated against the measurement corpus.",RFC 4035,dnssec_ok_flag,,,"Add `dnssec_ok_flag` to the OpenINTEL analysis dictionary with an openintel_native_fields mapping to the real Parquet column(s) that carry it, or rewrite indicator rfc4035_dnssec_ok_negotiated to rely only on fields the corpus exports (algorithm, digest_type, dnskey_protocol, domain, flags, key_tag, measurement_id, nsec3_flags, nsec3_iterations, nsec3_salt, rr_type, rrsig_type_covered, ...). Until then RFC 4035 cannot be measured from this corpus on this indicator and must not be reported as unadopted - the evidence was never collectable.",,,"{""condition_checks"": [{""available_from"": """", ""expected"": true, ""explanation"": ""Condition `dnssec_ok_flag equals true` of RFC 4035 cannot be evaluated because the OpenINTEL dictionary defines no field named dnssec_ok_flag; at match time the condition is recorded with field_present=False, fails, and dnssec_ok_flag is reported in the match's missing_fields. The closest name the dictionary does define is nsec3_flags, which may be what was intended."", ""field"": ""dnssec_ok_flag"", ""field_exists"": false, ""field_type"": null, ""op"": ""equals"", ""type_compatible"": true}], ""dictionary_fields_available"": [""algorithm"", ""digest_type"", ""dnskey_protocol"", ""domain"", ""flags"", ""key_tag"", ""measurement_id"", ""nsec3_flags"", ""nsec3_iterations"", ""nsec3_salt"", ""rr_type"", ""rrsig_type_covered"", ""rsa_key_bitsize"", ""source"", ""timestamp"", ""tlsa_matchtype"", ""tlsa_selector"", ""tlsa_usage"", ""zone""], ""indicator_description"": ""The exchange negotiated DNSSEC via the DO bit."", ""indicator_id"": ""rfc4035_dnssec_ok_negotiated"", ""missing_fields"": [""dnssec_ok_flag""], ""present_fields"": [], ""queryability"": ""non_queryable"", ""required"": true, ""rfc_id"": ""RFC 4035"", ""rfc_publication_date"": ""2005-03-01T00:00:00"", ""rfc_title"": ""Protocol Modifications for the DNS Security Extensions"", ""schema_reasoning"": ""Indicator rfc4035_dnssec_ok_negotiated is non-queryable because none of the fields it references exist in the OpenINTEL dictionary: dnssec_ok_flag. No part of it can ever be evaluated against the measurement corpus."", ""schema_warnings"": [], ""weight"": 6.0}"
rev_0002,non_queryable_indicator,high,unresolved,"Indicator rfc6840_mandatory_algorithm_rules (required, weight 7.0) of RFC 6840 cannot be evaluated at all: field(s) `name_algorithm_set_consistency` are absent from the OpenINTEL analysis dictionary, so no observation can ever match it. Indicator rfc6840_mandatory_algorithm_rules is non-queryable because none of the fields it references exist in the OpenINTEL dictionary: name_algorithm_set_consistency. No part of it can ever be evaluated against the measurement corpus.",RFC 6840,name_algorithm_set_consistency,,,"Add `name_algorithm_set_consistency` to the OpenINTEL analysis dictionary with an openintel_native_fields mapping to the real Parquet column(s) that carry it, or rewrite indicator rfc6840_mandatory_algorithm_rules to rely only on fields the corpus exports (algorithm, digest_type, dnskey_protocol, domain, flags, key_tag, measurement_id, nsec3_flags, nsec3_iterations, nsec3_salt, rr_type, rrsig_type_covered, ...). Until then RFC 6840 cannot be measured from this corpus on this indicator and must not be reported as unadopted - the evidence was never collectable.",,,"{""condition_checks"": [{""available_from"": """", ""expected"": null, ""explanation"": ""Condition `name_algorithm_set_consistency exists` of RFC 6840 cannot be evaluated because the OpenINTEL dictionary defines no field named name_algorithm_set_consistency; at match time the condition is recorded with field_present=False, fails, and name_algorithm_set_consistency is reported in the match's missing_fields. No similarly named field exists in the dictionary either."", ""field"": ""name_algorithm_set_consistency"", ""field_exists"": false, ""field_type"": null, ""op"": ""exists"", ""type_compatible"": true}], ""dictionary_fields_available"": [""algorithm"", ""digest_type"", ""dnskey_protocol"", ""domain"", ""flags"", ""key_tag"", ""measurement_id"", ""nsec3_flags"", ""nsec3_iterations"", ""nsec3_salt"", ""rr_type"", ""rrsig_type_covered"", ""rsa_key_bitsize"", ""source"", ""timestamp"", ""tlsa_matchtype"", ""tlsa_selector"", ""tlsa_usage"", ""zone""], ""indicator_description"": ""Section 5.11: every algorithm in the DS RRset has a DNSKEY, and the zone is signed with every algorithm in the DNSKEY RRset."", ""indicator_id"": ""rfc6840_mandatory_algorithm_rules"", ""missing_fields"": [""name_algorithm_set_consistency""], ""present_fields"": [], ""queryability"": ""non_queryable"", ""required"": true, ""rfc_id"": ""RFC 6840"", ""rfc_publication_date"": ""2013-02-01T00:00:00"", ""rfc_title"": ""Clarifications and Implementation Notes for DNS Security (DNSSEC)"", ""schema_reasoning"": ""Indicator rfc6840_mandatory_algorithm_rules is non-queryable because none of the fields it references exist in the OpenINTEL dictionary: name_algorithm_set_consistency. No part of it can ever be evaluated against the measurement corpus."", ""schema_warnings"": [], ""weight"": 7.0}"
rev_0003,non_queryable_indicator,high,unresolved,"Indicator rfc7583_rollover_timing_observed (required, weight 6.0) of RFC 7583 cannot be evaluated at all: field(s) `key_rollover_phase` are absent from the OpenINTEL analysis dictionary, so no observation can ever match it. Indicator rfc7583_rollover_timing_observed is non-queryable because none of the fields it references exist in the OpenINTEL dictionary: key_rollover_phase. No part of it can ever be evaluated against the measurement corpus.",RFC 7583,key_rollover_phase,,,"Add `key_rollover_phase` to the OpenINTEL analysis dictionary with an openintel_native_fields mapping to the real Parquet column(s) that carry it, or rewrite indicator rfc7583_rollover_timing_observed to rely only on fields the corpus exports (algorithm, digest_type, dnskey_protocol, domain, flags, key_tag, measurement_id, nsec3_flags, nsec3_iterations, nsec3_salt, rr_type, rrsig_type_covered, ...). Until then RFC 7583 cannot be measured from this corpus on this indicator and must not be reported as unadopted - the evidence was never collectable.",,,"{""condition_checks"": [{""available_from"": """", ""expected"": null, ""explanation"": ""Condition `key_rollover_phase exists` of RFC 7583 cannot be evaluated because the OpenINTEL dictionary defines no field named key_rollover_phase; at match time the condition is recorded with field_present=False, fails, and key_rollover_phase is reported in the match's missing_fields. No similarly named field exists in the dictionary either."", ""field"": ""key_rollover_phase"", ""field_exists"": false, ""field_type"": null, ""op"": ""exists"", ""type_compatible"": true}], ""dictionary_fields_available"": [""algorithm"", ""digest_type"", ""dnskey_protocol"", ""domain"", ""flags"", ""key_tag"", ""measurement_id"", ""nsec3_flags"", ""nsec3_iterations"", ""nsec3_salt"", ""rr_type"", ""rrsig_type_covered"", ""rsa_key_bitsize"", ""source"", ""timestamp"", ""tlsa_matchtype"", ""tlsa_selector"", ""tlsa_usage"", ""zone""], ""indicator_description"": ""A key rollover was observed to follow RFC 7583 timing."", ""indicator_id"": ""rfc7583_rollover_timing_observed"", ""missing_fields"": [""key_rollover_phase""], ""present_fields"": [], ""queryability"": ""non_queryable"", ""required"": true, ""rfc_id"": ""RFC 7583"", ""rfc_publication_date"": ""2015-10-01T00:00:00"", ""rfc_title"": ""DNSSEC Key Rollover Timing Considerations"", ""schema_reasoning"": ""Indicator rfc7583_rollover_timing_observed is non-queryable because none of the fields it references exist in the OpenINTEL dictionary: key_rollover_phase. No part of it can ever be evaluated against the measurement corpus."", ""schema_warnings"": [], ""weight"": 6.0}"
rev_0004,non_queryable_indicator,high,unresolved,"Indicator rfc8198_aggressive_nsec_use (required, weight 6.0) of RFC 8198 cannot be evaluated at all: field(s) `resolver_synthesised_nxdomain` are absent from the OpenINTEL analysis dictionary, so no observation can ever match it. Indicator rfc8198_aggressive_nsec_use is non-queryable because none of the fields it references exist in the OpenINTEL dictionary: resolver_synthesised_nxdomain. No part of it can ever be evaluated against the measurement corpus.",RFC 8198,resolver_synthesised_nxdomain,,,"Add `resolver_synthesised_nxdomain` to the OpenINTEL analysis dictionary with an openintel_native_fields mapping to the real Parquet column(s) that carry it, or rewrite indicator rfc8198_aggressive_nsec_use to rely only on fields the corpus exports (algorithm, digest_type, dnskey_protocol, domain, flags, key_tag, measurement_id, nsec3_flags, nsec3_iterations, nsec3_salt, rr_type, rrsig_type_covered, ...). Until then RFC 8198 cannot be measured from this corpus on this indicator and must not be reported as unadopted - the evidence was never collectable.",,,"{""condition_checks"": [{""available_from"": """", ""expected"": true, ""explanation"": ""Condition `resolver_synthesised_nxdomain equals true` of RFC 8198 cannot be evaluated because the OpenINTEL dictionary defines no field named resolver_synthesised_nxdomain; at match time the condition is recorded with field_present=False, fails, and resolver_synthesised_nxdomain is reported in the match's missing_fields. No similarly named field exists in the dictionary either."", ""field"": ""resolver_synthesised_nxdomain"", ""field_exists"": false, ""field_type"": null, ""op"": ""equals"", ""type_compatible"": true}], ""dictionary_fields_available"": [""algorithm"", ""digest_type"", ""dnskey_protocol"", ""domain"", ""flags"", ""key_tag"", ""measurement_id"", ""nsec3_flags"", ""nsec3_iterations"", ""nsec3_salt"", ""rr_type"", ""rrsig_type_covered"", ""rsa_key_bitsize"", ""source"", ""timestamp"", ""tlsa_matchtype"", ""tlsa_selector"", ""tlsa_usage"", ""zone""], ""indicator_description"": ""A resolver synthesised a negative answer from a cached NSEC/NSEC3."", ""indicator_id"": ""rfc8198_aggressive_nsec_use"", ""missing_fields"": [""resolver_synthesised_nxdomain""], ""present_fields"": [], ""queryability"": ""non_queryable"", ""required"": true, ""rfc_id"": ""RFC 8198"", ""rfc_publication_date"": ""2017-07-01T00:00:00"", ""rfc_title"": ""Aggressive Use of DNSSEC-Validated Cache"", ""schema_reasoning"": ""Indicator rfc8198_aggressive_nsec_use is non-queryable because none of the fields it references exist in the OpenINTEL dictionary: resolver_synthesised_nxdomain. No part of it can ever be evaluated against the measurement corpus."", ""schema_warnings"": [], ""weight"": 6.0}"
rev_0005,non_queryable_indicator,high,unresolved,"Indicator rfc8624_validator_algorithm_support (optional, weight 6.0) of RFC 8624 cannot be evaluated at all: field(s) `validator_algorithm_support` are absent from the OpenINTEL analysis dictionary, so no observation can ever match it. Indicator rfc8624_validator_algorithm_support is non-queryable: the field carrying its discriminating value, validator_algorithm_support, is absent from the OpenINTEL dictionary, and the only field that remains, rr_type (string), merely scopes which records are considered and is not used by any other RFC 8624 indicator, so nothing testable is left to attribute an observation to RFC 8624.",RFC 8624,validator_algorithm_support,,,"Add `validator_algorithm_support` to the OpenINTEL analysis dictionary with an openintel_native_fields mapping to the real Parquet column(s) that carry it, or rewrite indicator rfc8624_validator_algorithm_support to rely only on fields the corpus exports (algorithm, digest_type, dnskey_protocol, domain, flags, key_tag, measurement_id, nsec3_flags, nsec3_iterations, nsec3_salt, rr_type, rrsig_type_covered, ...). Until then RFC 8624 scores are systematically 6.0 lower than the checklist intends.",,,"{""condition_checks"": [{""available_from"": """", ""expected"": ""ECDSAP256SHA256"", ""explanation"": ""Condition `validator_algorithm_support contains ECDSAP256SHA256` of RFC 8624 cannot be evaluated because the OpenINTEL dictionary defines no field named validator_algorithm_support; at match time the condition is recorded with field_present=False, fails, and validator_algorithm_support is reported in the match's missing_fields. No similarly named field exists in the dictionary either."", ""field"": ""validator_algorithm_support"", ""field_exists"": false, ""field_type"": null, ""op"": ""contains"", ""type_compatible"": true}, {""available_from"": ""2010-01-01T00:00:00"", ""expected"": [""DNSKEY"", ""RRSIG""], ""explanation"": ""Condition `rr_type in [DNSKEY, RRSIG]` of RFC 8624 can be evaluated because the OpenINTEL dictionary defines the field rr_type with type string."", ""field"": ""rr_type"", ""field_exists"": true, ""field_type"": ""string"", ""op"": ""in"", ""type_compatible"": true}], ""dictionary_fields_available"": [""algorithm"", ""digest_type"", ""dnskey_protocol"", ""domain"", ""flags"", ""key_tag"", ""measurement_id"", ""nsec3_flags"", ""nsec3_iterations"", ""nsec3_salt"", ""rr_type"", ""rrsig_type_covered"", ""rsa_key_bitsize"", ""source"", ""timestamp"", ""tlsa_matchtype"", ""tlsa_selector"", ""tlsa_usage"", ""zone""], ""indicator_description"": ""Validating resolver implements the RFC 8624 mandatory-to-implement validation algorithm set."", ""indicator_id"": ""rfc8624_validator_algorithm_support"", ""missing_fields"": [""validator_algorithm_support""], ""present_fields"": [""rr_type""], ""queryability"": ""non_queryable"", ""required"": false, ""rfc_id"": ""RFC 8624"", ""rfc_publication_date"": ""2019-06-01T00:00:00"", ""rfc_title"": ""Algorithm Implementation Requirements and Usage Guidance for DNSSEC"", ""schema_reasoning"": ""Indicator rfc8624_validator_algorithm_support is non-queryable: the field carrying its discriminating value, validator_algorithm_support, is absent from the OpenINTEL dictionary, and the only field that remains, rr_type (string), merely scopes which records are considered and is not used by any other RFC 8624 indicator, so nothing testable is left to attribute an observation to RFC 8624."", ""schema_warnings"": [], ""weight"": 6.0}"
rev_0006,non_queryable_indicator,high,unresolved,"Indicator rfc9364_bcp_profile_declared (required, weight 5.0) of RFC 9364 cannot be evaluated at all: field(s) `declared_standards_profile` are absent from the OpenINTEL analysis dictionary, so no observation can ever match it. Indicator rfc9364_bcp_profile_declared is non-queryable because none of the fields it references exist in the OpenINTEL dictionary: declared_standards_profile. No part of it can ever be evaluated against the measurement corpus.",RFC 9364,declared_standards_profile,,,"Add `declared_standards_profile` to the OpenINTEL analysis dictionary with an openintel_native_fields mapping to the real Parquet column(s) that carry it, or rewrite indicator rfc9364_bcp_profile_declared to rely only on fields the corpus exports (algorithm, digest_type, dnskey_protocol, domain, flags, key_tag, measurement_id, nsec3_flags, nsec3_iterations, nsec3_salt, rr_type, rrsig_type_covered, ...). Until then RFC 9364 cannot be measured from this corpus on this indicator and must not be reported as unadopted - the evidence was never collectable.",,,"{""condition_checks"": [{""available_from"": """", ""expected"": null, ""explanation"": ""Condition `declared_standards_profile exists` of RFC 9364 cannot be evaluated because the OpenINTEL dictionary defines no field named declared_standards_profile; at match time the condition is recorded with field_present=False, fails, and declared_standards_profile is reported in the match's missing_fields. No similarly named field exists in the dictionary either."", ""field"": ""declared_standards_profile"", ""field_exists"": false, ""field_type"": null, ""op"": ""exists"", ""type_compatible"": true}], ""dictionary_fields_available"": [""algorithm"", ""digest_type"", ""dnskey_protocol"", ""domain"", ""flags"", ""key_tag"", ""measurement_id"", ""nsec3_flags"", ""nsec3_iterations"", ""nsec3_salt"", ""rr_type"", ""rrsig_type_covered"", ""rsa_key_bitsize"", ""source"", ""timestamp"", ""tlsa_matchtype"", ""tlsa_selector"", ""tlsa_usage"", ""zone""], ""indicator_description"": ""A deployment declared conformance to the DNSSEC BCP profile that RFC 9364 assembles."", ""indicator_id"": ""rfc9364_bcp_profile_declared"", ""missing_fields"": [""declared_standards_profile""], ""present_fields"": [], ""queryability"": ""non_queryable"", ""required"": true, ""rfc_id"": ""RFC 9364"", ""rfc_publication_date"": ""2023-02-01T00:00:00"", ""rfc_title"": ""DNS Security Extensions (DNSSEC)"", ""schema_reasoning"": ""Indicator rfc9364_bcp_profile_declared is non-queryable because none of the fields it references exist in the OpenINTEL dictionary: declared_standards_profile. No part of it can ever be evaluated against the measurement corpus."", ""schema_warnings"": [], ""weight"": 5.0}"
rev_0007,non_queryable_indicator,high,unresolved,"Indicator rfc9615_bootstrap_signal_label (required, weight 10.0) of RFC 9615 cannot be evaluated at all: field(s) `domain` are absent from the OpenINTEL analysis dictionary, so no observation can ever match it. Indicator rfc9615_bootstrap_signal_label is non-queryable: the field carrying its discriminating value, domain, is absent from the OpenINTEL dictionary, and the only field that remains, rr_type (string), merely scopes which records are considered and is not used by any other RFC 9615 indicator, so nothing testable is left to attribute an observation to RFC 9615.",RFC 9615,domain,,,"Add `domain` to the OpenINTEL analysis dictionary with an openintel_native_fields mapping to the real Parquet column(s) that carry it, or rewrite indicator rfc9615_bootstrap_signal_label to rely only on fields the corpus exports (algorithm, digest_type, dnskey_protocol, domain, flags, key_tag, measurement_id, nsec3_flags, nsec3_iterations, nsec3_salt, rr_type, rrsig_type_covered, ...). Until then RFC 9615 cannot be measured from this corpus on this indicator and must not be reported as unadopted - the evidence was never collectable.",,,"{""condition_checks"": [{""available_from"": """", ""expected"": ""_signal"", ""explanation"": ""Condition `domain contains _signal` of RFC 9615 cannot be evaluated: domain is provenance, not evidence. It identifies which observation this is, and the matcher deliberately does not expose it as a testable field, so an indicator resting on it can never match. An owner-name or measurement-identity signature needs a different corpus, not a different condition."", ""field"": ""domain"", ""field_exists"": false, ""field_type"": null, ""op"": ""contains"", ""type_compatible"": true}, {""available_from"": ""2010-01-01T00:00:00"", ""expected"": [""CDS"", ""CDNSKEY""], ""explanation"": ""Condition `rr_type in [CDS, CDNSKEY]` of RFC 9615 can be evaluated because the OpenINTEL dictionary defines the field rr_type with type string."", ""field"": ""rr_type"", ""field_exists"": true, ""field_type"": ""string"", ""op"": ""in"", ""type_compatible"": true}], ""dictionary_fields_available"": [""algorithm"", ""digest_type"", ""dnskey_protocol"", ""domain"", ""flags"", ""key_tag"", ""measurement_id"", ""nsec3_flags"", ""nsec3_iterations"", ""nsec3_salt"", ""rr_type"", ""rrsig_type_covered"", ""rsa_key_bitsize"", ""source"", ""timestamp"", ""tlsa_matchtype"", ""tlsa_selector"", ""tlsa_usage"", ""zone""], ""indicator_description"": ""A CDS/CDNSKEY published under an RFC 9615 _signal bootstrapping label."", ""indicator_id"": ""rfc9615_bootstrap_signal_label"", ""missing_fields"": [""domain""], ""present_fields"": [""rr_type""], ""queryability"": ""non_queryable"", ""required"": true, ""rfc_id"": ""RFC 9615"", ""rfc_publication_date"": ""2024-07-01T00:00:00"", ""rfc_title"": ""Automatic DNSSEC Bootstrapping Using Authenticated Signals from the Zone's Operator"", ""schema_reasoning"": ""Indicator rfc9615_bootstrap_signal_label is non-queryable: the field carrying its discriminating value, domain, is absent from the OpenINTEL dictionary, and the only field that remains, rr_type (string), merely scopes which records are considered and is not used by any other RFC 9615 indicator, so nothing testable is left to attribute an observation to RFC 9615."", ""schema_warnings"": [], ""weight"": 10.0}"
rev_0008,non_queryable_indicator,high,unresolved,"Indicator rfc9904_algorithm_guidance_process (required, weight 5.0) of RFC 9904 cannot be evaluated at all: field(s) `guidance_source_registry` are absent from the OpenINTEL analysis dictionary, so no observation can ever match it. Indicator rfc9904_algorithm_guidance_process is non-queryable because none of the fields it references exist in the OpenINTEL dictionary: guidance_source_registry. No part of it can ever be evaluated against the measurement corpus. The checklist additionally marks this indicator ambiguous, so even a full match is not uniquely attributable to RFC 9904.",RFC 9904,guidance_source_registry,,,"Add `guidance_source_registry` to the OpenINTEL analysis dictionary with an openintel_native_fields mapping to the real Parquet column(s) that carry it, or rewrite indicator rfc9904_algorithm_guidance_process to rely only on fields the corpus exports (algorithm, digest_type, dnskey_protocol, domain, flags, key_tag, measurement_id, nsec3_flags, nsec3_iterations, nsec3_salt, rr_type, rrsig_type_covered, ...). Until then RFC 9904 cannot be measured from this corpus on this indicator and must not be reported as unadopted - the evidence was never collectable.",,,"{""condition_checks"": [{""available_from"": """", ""expected"": null, ""explanation"": ""Condition `guidance_source_registry exists` of RFC 9904 cannot be evaluated because the OpenINTEL dictionary defines no field named guidance_source_registry; at match time the condition is recorded with field_present=False, fails, and guidance_source_registry is reported in the match's missing_fields. No similarly named field exists in the dictionary either."", ""field"": ""guidance_source_registry"", ""field_exists"": false, ""field_type"": null, ""op"": ""exists"", ""type_compatible"": true}], ""dictionary_fields_available"": [""algorithm"", ""digest_type"", ""dnskey_protocol"", ""domain"", ""flags"", ""key_tag"", ""measurement_id"", ""nsec3_flags"", ""nsec3_iterations"", ""nsec3_salt"", ""rr_type"", ""rrsig_type_covered"", ""rsa_key_bitsize"", ""source"", ""timestamp"", ""tlsa_matchtype"", ""tlsa_selector"", ""tlsa_usage"", ""zone""], ""indicator_description"": ""Algorithm guidance is sourced from the IANA registry rather than an RFC."", ""indicator_id"": ""rfc9904_algorithm_guidance_process"", ""missing_fields"": [""guidance_source_registry""], ""present_fields"": [], ""queryability"": ""non_queryable"", ""required"": true, ""rfc_id"": ""RFC 9904"", ""rfc_publication_date"": ""2025-11-01T00:00:00"", ""rfc_title"": ""DNSSEC Cryptographic Algorithm Recommendation Update Process"", ""schema_reasoning"": ""Indicator rfc9904_algorithm_guidance_process is non-queryable because none of the fields it references exist in the OpenINTEL dictionary: guidance_source_registry. No part of it can ever be evaluated against the measurement corpus. The checklist additionally marks this indicator ambiguous, so even a full match is not uniquely attributable to RFC 9904."", ""schema_warnings"": [], ""weight"": 5.0}"
rev_0009,partial_match,high,unresolved,"RFC 5933 matched partially on 10 observation(s): indicator(s) rfc5933_gost_ds_digest matched and required indicator(s) rfc5933_ecc_gost_algorithm did not, capping the score at 0.0. Every referenced field was present, so the unmatched required indicator(s) genuinely did not hold for these observations.",RFC 5933,,sig_0011; sig_0016; sig_0018; sig_0020; sig_0022; sig_0029; sig_0030; sig_0031; sig_0033; sig_0036,trace_sig_0011_rfc5933; trace_sig_0016_rfc5933; trace_sig_0018_rfc5933; trace_sig_0020_rfc5933; trace_sig_0022_rfc5933; trace_sig_0029_rfc5933; trace_sig_0030_rfc5933; trace_sig_0031_rfc5933; trace_sig_0033_rfc5933; trace_sig_0036_rfc5933,"Inspect indicator(s) rfc5933_ecc_gost_algorithm against signal(s) sig_0011, sig_0016, sig_0018, sig_0020, sig_0022, sig_0029, sig_0030, sig_0031, sig_0033, sig_0036: decide whether the condition is too strict for real deployments (in which case relax it or set required=false in the checklist) or whether RFC 5933 genuinely is not deployed here (in which case the partial match is correct and can be resolved as rejected). Treat this as high priority: RFC 5933 has very_high specificity, so its indicators are uniquely attributable and a near miss is likely a strong result being lost.",needs_manual_review,"Manual review required: signal sig_0036 matched 1 indicator(s) of RFC 5933 (rfc5933_gost_ds_digest) but required indicator(s) rfc5933_ecc_gost_algorithm did not match, scoring 0.0. All referenced fields were present, so the unmatched indicator(s) genuinely did not hold for this observation.","{""affected_signal_id_count"": 10, ""affected_signal_ids_truncated"": false, ""best_score"": 0.0, ""domains"": [""122.201.122.in-addr.arpa"", ""141.70.192.in-addr.arpa"", ""164.68.103.in-addr.arpa"", ""234.217.102.in-addr.arpa"", ""235.217.102.in-addr.arpa"", ""241.223.102.in-addr.arpa"", ""77.201.122.in-addr.arpa"", ""94.201.122.in-addr.arpa"", ""97.201.122.in-addr.arpa""], ""earliest_observation"": ""2019-12-01T00:00:00"", ""failed_indicator_ids"": [""rfc5933_ecc_gost_algorithm""], ""latest_observation"": ""2026-06-01T00:00:00"", ""listed_signal_ids"": [""sig_0011"", ""sig_0016"", ""sig_0018"", ""sig_0020"", ""sig_0022"", ""sig_0029"", ""sig_0030"", ""sig_0031"", ""sig_0033"", ""sig_0036""], ""matched_indicator_ids"": [""rfc5933_gost_ds_digest""], ""missing_field_native_columns"": {}, ""missing_fields"": [], ""observation_count"": 10, ""representative_signal_id"": ""sig_0036"", ""representative_trace_id"": ""trace_sig_0036_rfc5933"", ""rfc_id"": ""RFC 5933"", ""rfc_specificity"": ""very_high"", ""rfc_title"": ""Use of GOST Signature Algorithms in DNSKEY and RRSIG Resource Records for DNSSEC"", ""unmatched_required_indicator_ids"": [""rfc5933_ecc_gost_algorithm""], ""zones"": [""afrinic"", ""apnic"", ""ripe""]}"
rev_0010,partial_match,high,unresolved,"RFC 9906 matched partially on 5 observation(s): indicator(s) rfc9906_deprecated_gost_digest_still_published matched and required indicator(s) rfc9906_deprecated_ecc_gost_still_published did not, capping the score at 0.0. Every referenced field was present, so the unmatched required indicator(s) genuinely did not hold for these observations.",RFC 9906,,sig_0029; sig_0030; sig_0031; sig_0033; sig_0036,trace_sig_0029_rfc9906; trace_sig_0030_rfc9906; trace_sig_0031_rfc9906; trace_sig_0033_rfc9906; trace_sig_0036_rfc9906,"Inspect indicator(s) rfc9906_deprecated_ecc_gost_still_published against signal(s) sig_0029, sig_0030, sig_0031, sig_0033, sig_0036: decide whether the condition is too strict for real deployments (in which case relax it or set required=false in the checklist) or whether RFC 9906 genuinely is not deployed here (in which case the partial match is correct and can be resolved as rejected). Treat this as high priority: RFC 9906 has very_high specificity, so its indicators are uniquely attributable and a near miss is likely a strong result being lost.",needs_manual_review,"Manual review required: signal sig_0036 matched 1 indicator(s) of RFC 9906 (rfc9906_deprecated_gost_digest_still_published) but required indicator(s) rfc9906_deprecated_ecc_gost_still_published did not match, scoring 0.0. All referenced fields were present, so the unmatched indicator(s) genuinely did not hold for this observation.","{""affected_signal_id_count"": 5, ""affected_signal_ids_truncated"": false, ""best_score"": 0.0, ""domains"": [""141.70.192.in-addr.arpa"", ""234.217.102.in-addr.arpa"", ""235.217.102.in-addr.arpa"", ""241.223.102.in-addr.arpa""], ""earliest_observation"": ""2026-02-01T00:00:00"", ""failed_indicator_ids"": [""rfc9906_deprecated_ecc_gost_still_published""], ""latest_observation"": ""2026-06-01T00:00:00"", ""listed_signal_ids"": [""sig_0029"", ""sig_0030"", ""sig_0031"", ""sig_0033"", ""sig_0036""], ""matched_indicator_ids"": [""rfc9906_deprecated_gost_digest_still_published""], ""missing_field_native_columns"": {}, ""missing_fields"": [], ""observation_count"": 5, ""representative_signal_id"": ""sig_0036"", ""representative_trace_id"": ""trace_sig_0036_rfc9906"", ""rfc_id"": ""RFC 9906"", ""rfc_specificity"": ""very_high"", ""rfc_title"": ""Deprecate Usage of ECC-GOST within DNSSEC"", ""unmatched_required_indicator_ids"": [""rfc9906_deprecated_ecc_gost_still_published""], ""zones"": [""afrinic"", ""ripe""]}"
rev_0011,timestamp_invalid_match,high,unresolved,"9 observation(s) matched RFC 8624 indicator(s) rfc8624_avoids_deprecated_algorithm, rfc8624_recommended_signing_algorithm but were recorded before RFC 8624 was published on 2019-06-01T00:00:00; the earliest, sig_0001 at 2009-09-01T00:00:00, is 3560 day(s) early. A combined score of 3.375 was forfeited, so these observations currently count as evidence for nothing.",RFC 3110; RFC 4033; RFC 4034; RFC 4509; RFC 5702; RFC 5933; RFC 6605; RFC 8624,algorithm,sig_0001; sig_0002; sig_0003; sig_0004; sig_0005; sig_0006; sig_0007; sig_0008; sig_0009,trace_sig_0001_rfc8624; trace_sig_0002_rfc8624; trace_sig_0003_rfc8624; trace_sig_0004_rfc8624; trace_sig_0005_rfc8624; trace_sig_0006_rfc8624; trace_sig_0007_rfc8624; trace_sig_0008_rfc8624; trace_sig_0009_rfc8624,"Verify the RFC 8624 publication_date 2019-06-01T00:00:00 in the checklist against the RFC Editor record, then verify that the observation timestamps (earliest 2009-09-01T00:00:00) are real measurement times rather than partition dates or epoch-unit errors. If both are correct, these records genuinely predate RFC 8624. The same signal(s) already produced a valid match for RFC 3110, RFC 4033, RFC 4034, RFC 4509, RFC 5702, RFC 5933, RFC 6605, which is where this evidence belongs.",rejected,"Rejected: signal sig_0008 was observed on 2018-07-01T00:00:00, which is 335 day(s) before RFC 8624 was published on 2019-06-01T00:00:00, so the observation cannot be evidence of a mechanism that did not yet exist, forfeiting the score of 3.375 the indicators would otherwise have earned; the matched indicator(s) rfc8624_avoids_deprecated_algorithm, rfc8624_recommended_signing_algorithm should be attributed to an earlier RFC instead.","{""affected_signal_id_count"": 9, ""affected_signal_ids_truncated"": false, ""alternative_valid_rfc_ids"": [""RFC 3110"", ""RFC 4033"", ""RFC 4034"", ""RFC 4509"", ""RFC 5702"", ""RFC 5933"", ""RFC 6605""], ""earliest_observation"": ""2009-09-01T00:00:00"", ""forfeited_score_total"": 3.375, ""latest_observation"": ""2018-11-01T00:00:00"", ""matched_indicator_ids"": [""rfc8624_avoids_deprecated_algorithm"", ""rfc8624_recommended_signing_algorithm""], ""max_days_before_publication"": 3560, ""max_forfeited_score"": 3.375, ""observations"": [{""days_before_publication"": 3560, ""domain"": ""100.50.194.in-addr.arpa"", ""forfeited_score"": 0.0, ""matched_fields"": [""algorithm""], ""matched_indicator_ids"": [""rfc8624_avoids_deprecated_algorithm""], ""observation_timestamp"": ""2009-09-01T00:00:00"", ""signal_id"": ""sig_0001"", ""trace_id"": ""trace_sig_0001_rfc8624"", ""zone"": ""ripe""}, {""days_before_publication"": 2769, ""domain"": ""113.94.81.in-addr.arpa"", ""forfeited_score"": 0.0, ""matched_fields"": [""algorithm""], ""matched_indicator_ids"": [""rfc8624_avoids_deprecated_algorithm""], ""observation_timestamp"": ""2011-11-01T00:00:00"", ""signal_id"": ""sig_0002"", ""trace_id"": ""trace_sig_0002_rfc8624"", ""zone"": ""ripe""}, {""days_before_publication"": 2311, ""domain"": ""0.119.203.in-addr.arpa"", ""forfeited_score"": 0.0, ""matched_fields"": [""algorithm""], ""matched_indicator_ids"": [""rfc8624_avoids_deprecated_algorithm""], ""observation_timestamp"": ""2013-02-01T00:00:00"", ""signal_id"": ""sig_0003"", ""trace_id"": ""trace_sig_0003_rfc8624"", ""zone"": ""apnic""}, {""days_before_publication"": 2311, ""domain"": ""180.130.188.in-addr.arpa"", ""forfeited_score"": 0.0, ""matched_fields"": [""algorithm""], ""matched_indicator_ids"": [""rfc8624_avoids_deprecated_algorithm""], ""observation_timestamp"": ""2013-02-01T00:00:00"", ""signal_id"": ""sig_0004"", ""trace_id"": ""trace_sig_0004_rfc8624"", ""zone"": ""ripe""}, {""days_before_publication"": 1522, ""domain"": ""221.35.185.in-addr.arpa"", ""forfeited_score"": 0.0, ""matched_fields"": [""algorithm""], ""matched_indicator_ids"": [""rfc8624_avoids_deprecated_algorithm""], ""observation_timestamp"": ""2015-04-01T00:00:00"", ""signal_id"": ""sig_0005"", ""trace_id"": ""trace_sig_0005_rfc8624"", ""zone"": ""ripe""}, {""days_before_publication"": 1461, ""domain"": ""221.35.185.in-addr.arpa"", ""forfeited_score"": 0.0, ""matched_fields"": [""algorithm""], ""matched_indicator_ids"": [""rfc8624_avoids_deprecated_algorithm""], ""observation_timestamp"": ""2015-06-01T00:00:00"", ""signal_id"": ""sig_0006"", ""trace_id"": ""trace_sig_0006_rfc8624"", ""zone"": ""ripe""}, {""days_before_publication"": 822, ""domain"": ""144.126.202.in-addr.arpa"", ""forfeited_score"": 0.0, ""matched_fields"": [""algorithm""], ""matched_indicator_ids"": [""rfc8624_avoids_deprecated_algorithm""], ""observation_timestamp"": ""2017-03-01T00:00:00"", ""signal_id"": ""sig_0007"", ""trace_id"": ""trace_sig_0007_rfc8624"", ""zone"": ""apnic""}, {""days_before_publication"": 335, ""domain"": ""98.201.122.in-addr.arpa"", ""forfeited_score"": 3.375, ""matched_fields"": [""algorithm""], ""matched_indicator_ids"": [""rfc8624_avoids_deprecated_algorithm"", ""rfc8624_recommended_signing_algorithm""], ""observation_timestamp"": ""2018-07-01T00:00:00"", ""signal_id"": ""sig_0008"", ""trace_id"": ""trace_sig_0008_rfc8624"", ""zone"": ""apnic""}, {""days_before_publication"": 212, ""domain"": ""11.6.199.in-addr.arpa"", ""forfeited_score"": 0.0, ""matched_fields"": [""algorithm""], ""matched_indicator_ids"": [""rfc8624_avoids_deprecated_algorithm""], ""observation_timestamp"": ""2018-11-01T00:00:00"", ""signal_id"": ""sig_0009"", ""trace_id"": ""trace_sig_0009_rfc8624"", ""zone"": ""arin""}], ""rfc_id"": ""RFC 8624"", ""rfc_publication_date"": ""2019-06-01T00:00:00"", ""rfc_title"": ""Algorithm Implementation Requirements and Usage Guidance for DNSSEC""}"
rev_0012,timestamp_invalid_match,high,unresolved,"4 observation(s) matched RFC 9905 indicator(s) rfc9905_deprecated_sha1_in_delegation but were recorded before RFC 9905 was published on 2025-11-01T00:00:00; the earliest, sig_0001 at 2009-09-01T00:00:00, is 5905 day(s) early. A combined score of 0.0 was forfeited, so these observations currently count as evidence for nothing.",RFC 3110; RFC 4033; RFC 4034; RFC 4509; RFC 9905,algorithm; rr_type,sig_0001; sig_0002; sig_0003; sig_0009,trace_sig_0001_rfc9905; trace_sig_0002_rfc9905; trace_sig_0003_rfc9905; trace_sig_0009_rfc9905,"Verify the RFC 9905 publication_date 2025-11-01T00:00:00 in the checklist against the RFC Editor record, then verify that the observation timestamps (earliest 2009-09-01T00:00:00) are real measurement times rather than partition dates or epoch-unit errors. If both are correct, these records genuinely predate RFC 9905. The same signal(s) already produced a valid match for RFC 3110, RFC 4033, RFC 4034, RFC 4509, which is where this evidence belongs.",rejected,"Rejected: signal sig_0009 was observed on 2018-11-01T00:00:00, which is 2557 day(s) before RFC 9905 was published on 2025-11-01T00:00:00, so the observation cannot be evidence of a mechanism that did not yet exist; the matched indicator(s) rfc9905_deprecated_sha1_in_delegation should be attributed to an earlier RFC instead.","{""affected_signal_id_count"": 4, ""affected_signal_ids_truncated"": false, ""alternative_valid_rfc_ids"": [""RFC 3110"", ""RFC 4033"", ""RFC 4034"", ""RFC 4509""], ""earliest_observation"": ""2009-09-01T00:00:00"", ""forfeited_score_total"": 0.0, ""latest_observation"": ""2018-11-01T00:00:00"", ""matched_indicator_ids"": [""rfc9905_deprecated_sha1_in_delegation""], ""max_days_before_publication"": 5905, ""max_forfeited_score"": 0.0, ""observations"": [{""days_before_publication"": 5905, ""domain"": ""100.50.194.in-addr.arpa"", ""forfeited_score"": 0.0, ""matched_fields"": [""algorithm"", ""rr_type""], ""matched_indicator_ids"": [""rfc9905_deprecated_sha1_in_delegation""], ""observation_timestamp"": ""2009-09-01T00:00:00"", ""signal_id"": ""sig_0001"", ""trace_id"": ""trace_sig_0001_rfc9905"", ""zone"": ""ripe""}, {""days_before_publication"": 5114, ""domain"": ""113.94.81.in-addr.arpa"", ""forfeited_score"": 0.0, ""matched_fields"": [""algorithm"", ""rr_type""], ""matched_indicator_ids"": [""rfc9905_deprecated_sha1_in_delegation""], ""observation_timestamp"": ""2011-11-01T00:00:00"", ""signal_id"": ""sig_0002"", ""trace_id"": ""trace_sig_0002_rfc9905"", ""zone"": ""ripe""}, {""days_before_publication"": 4656, ""domain"": ""0.119.203.in-addr.arpa"", ""forfeited_score"": 0.0, ""matched_fields"": [""algorithm"", ""rr_type""], ""matched_indicator_ids"": [""rfc9905_deprecated_sha1_in_delegation""], ""observation_timestamp"": ""2013-02-01T00:00:00"", ""signal_id"": ""sig_0003"", ""trace_id"": ""trace_sig_0003_rfc9905"", ""zone"": ""apnic""}, {""days_before_publication"": 2557, ""domain"": ""11.6.199.in-addr.arpa"", ""forfeited_score"": 0.0, ""matched_fields"": [""algorithm"", ""rr_type""], ""matched_indicator_ids"": [""rfc9905_deprecated_sha1_in_delegation""], ""observation_timestamp"": ""2018-11-01T00:00:00"", ""signal_id"": ""sig_0009"", ""trace_id"": ""trace_sig_0009_rfc9905"", ""zone"": ""arin""}], ""rfc_id"": ""RFC 9905"", ""rfc_publication_date"": ""2025-11-01T00:00:00"", ""rfc_title"": ""Deprecating the Use of SHA-1 in DNSSEC Signature Algorithms""}"
rev_0013,timestamp_invalid_match,high,unresolved,"8 observation(s) matched RFC 9906 indicator(s) rfc9906_deprecated_ecc_gost_still_published, rfc9906_deprecated_gost_digest_still_published but were recorded before RFC 9906 was published on 2025-11-01T00:00:00; the earliest, sig_0004 at 2013-02-01T00:00:00, is 4656 day(s) early. A combined score of 48.0 was forfeited, so these observations currently count as evidence for nothing.",RFC 4033; RFC 4034; RFC 5933; RFC 6605; RFC 8624; RFC 9906,algorithm; digest_type; rr_type,sig_0004; sig_0005; sig_0006; sig_0011; sig_0016; sig_0018; sig_0020; sig_0022,trace_sig_0004_rfc9906; trace_sig_0005_rfc9906; trace_sig_0006_rfc9906; trace_sig_0011_rfc9906; trace_sig_0016_rfc9906; trace_sig_0018_rfc9906; trace_sig_0020_rfc9906; trace_sig_0022_rfc9906,"Verify the RFC 9906 publication_date 2025-11-01T00:00:00 in the checklist against the RFC Editor record, then verify that the observation timestamps (earliest 2013-02-01T00:00:00) are real measurement times rather than partition dates or epoch-unit errors. If both are correct, these records genuinely predate RFC 9906. The same signal(s) already produced a valid match for RFC 4033, RFC 4034, RFC 5933, RFC 6605, RFC 8624, which is where this evidence belongs.",rejected,"Rejected: signal sig_0006 was observed on 2015-06-01T00:00:00, which is 3806 day(s) before RFC 9906 was published on 2025-11-01T00:00:00, so the observation cannot be evidence of a mechanism that did not yet exist, forfeiting the score of 18.0 the indicators would otherwise have earned; the matched indicator(s) rfc9906_deprecated_ecc_gost_still_published, rfc9906_deprecated_gost_digest_still_published should be attributed to an earlier RFC instead.","{""affected_signal_id_count"": 8, ""affected_signal_ids_truncated"": false, ""alternative_valid_rfc_ids"": [""RFC 4033"", ""RFC 4034"", ""RFC 5933"", ""RFC 6605"", ""RFC 8624""], ""earliest_observation"": ""2013-02-01T00:00:00"", ""forfeited_score_total"": 48.0, ""latest_observation"": ""2024-03-01T00:00:00"", ""matched_indicator_ids"": [""rfc9906_deprecated_ecc_gost_still_published"", ""rfc9906_deprecated_gost_digest_still_published""], ""max_days_before_publication"": 4656, ""max_forfeited_score"": 18.0, ""observations"": [{""days_before_publication"": 4656, ""domain"": ""180.130.188.in-addr.arpa"", ""forfeited_score"": 15.0, ""matched_fields"": [""algorithm""], ""matched_indicator_ids"": [""rfc9906_deprecated_ecc_gost_still_published""], ""observation_timestamp"": ""2013-02-01T00:00:00"", ""signal_id"": ""sig_0004"", ""trace_id"": ""trace_sig_0004_rfc9906"", ""zone"": ""ripe""}, {""days_before_publication"": 3867, ""domain"": ""221.35.185.in-addr.arpa"", ""forfeited_score"": 15.0, ""matched_fields"": [""algorithm""], ""matched_indicator_ids"": [""rfc9906_deprecated_ecc_gost_still_published""], ""observation_timestamp"": ""2015-04-01T00:00:00"", ""signal_id"": ""sig_0005"", ""trace_id"": ""trace_sig_0005_rfc9906"", ""zone"": ""ripe""}, {""days_before_publication"": 3806, ""domain"": ""221.35.185.in-addr.arpa"", ""forfeited_score"": 18.0, ""matched_fields"": [""algorithm"", ""digest_type"", ""rr_type""], ""matched_indicator_ids"": [""rfc9906_deprecated_ecc_gost_still_published"", ""rfc9906_deprecated_gost_digest_still_published""], ""observation_timestamp"": ""2015-06-01T00:00:00"", ""signal_id"": ""sig_0006"", ""trace_id"": ""trace_sig_0006_rfc9906"", ""zone"": ""ripe""}, {""days_before_publication"": 2162, ""domain"": ""97.201.122.in-addr.arpa"", ""forfeited_score"": 0.0, ""matched_fields"": [""digest_type"", ""rr_type""], ""matched_indicator_ids"": [""rfc9906_deprecated_gost_digest_still_published""], ""observation_timestamp"": ""2019-12-01T00:00:00"", ""signal_id"": ""sig_0011"", ""trace_id"": ""trace_sig_0011_rfc9906"", ""zone"": ""apnic""}, {""days_before_publication"": 1280, ""domain"": ""94.201.122.in-addr.arpa"", ""forfeited_score"": 0.0, ""matched_fields"": [""digest_type"", ""rr_type""], ""matched_indicator_ids"": [""rfc9906_deprecated_gost_digest_still_published""], ""observation_timestamp"": ""2022-05-01T00:00:00"", ""signal_id"": ""sig_0016"", ""trace_id"": ""trace_sig_0016_rfc9906"", ""zone"": ""apnic""}, {""days_before_publication"": 1096, ""domain"": ""77.201.122.in-addr.arpa"", ""forfeited_score"": 0.0, ""matched_fields"": [""digest_type"", ""rr_type""], ""matched_indicator_ids"": [""rfc9906_deprecated_gost_digest_still_published""], ""observation_timestamp"": ""2022-11-01T00:00:00"", ""signal_id"": ""sig_0018"", ""trace_id"": ""trace_sig_0018_rfc9906"", ""zone"": ""apnic""}, {""days_before_publication"": 884, ""domain"": ""122.201.122.in-addr.arpa"", ""forfeited_score"": 0.0, ""matched_fields"": [""digest_type"", ""rr_type""], ""matched_indicator_ids"": [""rfc9906_deprecated_gost_digest_still_published""], ""observation_timestamp"": ""2023-06-01T00:00:00"", ""signal_id"": ""sig_0020"", ""trace_id"": ""trace_sig_0020_rfc9906"", ""zone"": ""apnic""}, {""days_before_publication"": 610, ""domain"": ""164.68.103.in-addr.arpa"", ""forfeited_score"": 0.0, ""matched_fields"": [""digest_type"", ""rr_type""], ""matched_indicator_ids"": [""rfc9906_deprecated_gost_digest_still_published""], ""observation_timestamp"": ""2024-03-01T00:00:00"", ""signal_id"": ""sig_0022"", ""trace_id"": ""trace_sig_0022_rfc9906"", ""zone"": ""apnic""}], ""rfc_id"": ""RFC 9906"", ""rfc_publication_date"": ""2025-11-01T00:00:00"", ""rfc_title"": ""Deprecate Usage of ECC-GOST within DNSSEC""}"
rev_0014,ambiguous_indicator,medium,unresolved,"Indicator rfc8624_avoids_deprecated_algorithm of RFC 8624 is ambiguous (Zone avoids algorithms RFC 8624 marks MUST NOT / NOT RECOMMENDED for signing (1 RSAMD5, 3 DSA, 6 DSA-NSEC3-SHA1, 12 GOST)): the same observation is equally well explained by another RFC, so a match here is an inference about the operator, not proof of adoption. It drove 29 match(es) in this run. Indicator rfc8624_avoids_deprecated_algorithm is ambiguous: every field it references exists in the OpenINTEL dictionary (algorithm (integer)), so it can be evaluated, but the checklist marks it ambiguous because the same observation is equally well explained by other RFCs, so a match is not uniquely attributable to RFC 8624.",RFC 6605; RFC 8080; RFC 8624,algorithm,sig_0010; sig_0011; sig_0012; sig_0013; sig_0014; sig_0015; sig_0016; sig_0017; sig_0018; sig_0019; sig_0020; sig_0021; sig_0022; sig_0023; sig_0024; sig_0025; sig_0026; sig_0027; sig_0028; sig_0029,trace_sig_0010_rfc8624; trace_sig_0011_rfc8624; trace_sig_0012_rfc8624; trace_sig_0013_rfc8624; trace_sig_0014_rfc8624; trace_sig_0015_rfc8624; trace_sig_0016_rfc8624; trace_sig_0017_rfc8624; trace_sig_0018_rfc8624; trace_sig_0019_rfc8624; trace_sig_0020_rfc8624; trace_sig_0021_rfc8624; trace_sig_0022_rfc8624; trace_sig_0023_rfc8624; trace_sig_0024_rfc8624; trace_sig_0025_rfc8624; trace_sig_0026_rfc8624; trace_sig_0027_rfc8624; trace_sig_0028_rfc8624; trace_sig_0029_rfc8624,"Decide attribution by hand for signal(s) sig_0010, sig_0011, sig_0012, sig_0013, sig_0014, sig_0015, sig_0016, sig_0017, sig_0018, sig_0019, sig_0020, sig_0021, sig_0022, sig_0023, sig_0024, sig_0025, sig_0026, sig_0027, sig_0028, sig_0029 (+9 more): the observation is also consistent with the competing explanation(s) RFC 6605, RFC 8080. Either add a condition to rfc8624_avoids_deprecated_algorithm that only RFC 8624 can explain, or keep 'ambiguous' out of build_timeline's include_decisions so these observations are excluded from RFC 8624's adoption counts instead of inflating them.",,,"{""affected_signal_ids_truncated"": true, ""checklist_notes"": ""Absence of evidence over a single record cannot establish a zone-wide policy."", ""example_scores"": [0.0, 3.375, 3.375, 0.0, 3.375, 3.375, 3.375, 0.0, 3.375, 3.375, 3.375, 3.375, 3.375, 0.0, 3.375, 0.0, 0.0, 3.375, 3.375, 0.0], ""indicator_description"": ""Zone avoids algorithms RFC 8624 marks MUST NOT / NOT RECOMMENDED for signing (1 RSAMD5, 3 DSA, 6 DSA-NSEC3-SHA1, 12 GOST)."", ""indicator_id"": ""rfc8624_avoids_deprecated_algorithm"", ""indicator_required"": false, ""indicator_weight"": 3.0, ""match_count"": 29, ""related_rfc_ids"": [""RFC 6605"", ""RFC 8080""], ""rfc_id"": ""RFC 8624"", ""schema_queryability_reasoning"": ""Indicator rfc8624_avoids_deprecated_algorithm is ambiguous: every field it references exists in the OpenINTEL dictionary (algorithm (integer)), so it can be evaluated, but the checklist marks it ambiguous because the same observation is equally well explained by other RFCs, so a match is not uniquely attributable to RFC 8624.""}"
rev_0015,ambiguous_indicator,medium,unresolved,"Indicator rfc8624_recommended_signing_algorithm of RFC 8624 is ambiguous (Zone signs with an algorithm RFC 8624 marks RECOMMENDED (13 ECDSAP256SHA256, 15 Ed25519)): the same observation is equally well explained by another RFC, so a match here is an inference about the operator, not proof of adoption. It drove 14 match(es) in this run. Indicator rfc8624_recommended_signing_algorithm is ambiguous: every field it references exists in the OpenINTEL dictionary (algorithm (integer)), so it can be evaluated, but the checklist marks it ambiguous because the same observation is equally well explained by other RFCs, so a match is not uniquely attributable to RFC 8624.",RFC 6605; RFC 8080; RFC 8624,algorithm,sig_0011; sig_0012; sig_0014; sig_0015; sig_0016; sig_0018; sig_0019; sig_0020; sig_0021; sig_0022; sig_0024; sig_0027; sig_0028; sig_0032,trace_sig_0011_rfc8624; trace_sig_0012_rfc8624; trace_sig_0014_rfc8624; trace_sig_0015_rfc8624; trace_sig_0016_rfc8624; trace_sig_0018_rfc8624; trace_sig_0019_rfc8624; trace_sig_0020_rfc8624; trace_sig_0021_rfc8624; trace_sig_0022_rfc8624; trace_sig_0024_rfc8624; trace_sig_0027_rfc8624; trace_sig_0028_rfc8624; trace_sig_0032_rfc8624,"Decide attribution by hand for signal(s) sig_0011, sig_0012, sig_0014, sig_0015, sig_0016, sig_0018, sig_0019, sig_0020, sig_0021, sig_0022, sig_0024, sig_0027, sig_0028, sig_0032: the observation is also consistent with the competing explanation(s) RFC 6605, RFC 8080. Either add a condition to rfc8624_recommended_signing_algorithm that only RFC 8624 can explain, or keep 'ambiguous' out of build_timeline's include_decisions so these observations are excluded from RFC 8624's adoption counts instead of inflating them.",,,"{""affected_signal_ids_truncated"": false, ""checklist_notes"": ""AMBIGUOUS BY CONSTRUCTION: the same observation is equally explained by RFC 6605 / RFC 8080 registrations."", ""example_scores"": [3.375, 3.375, 3.375, 3.375, 3.375, 3.375, 3.375, 3.375, 3.375, 3.375, 3.375, 3.375, 3.375, 3.375], ""indicator_description"": ""Zone signs with an algorithm RFC 8624 marks RECOMMENDED (13 ECDSAP256SHA256, 15 Ed25519)."", ""indicator_id"": ""rfc8624_recommended_signing_algorithm"", ""indicator_required"": true, ""indicator_weight"": 5.0, ""match_count"": 14, ""related_rfc_ids"": [""RFC 6605"", ""RFC 8080""], ""rfc_id"": ""RFC 8624"", ""schema_queryability_reasoning"": ""Indicator rfc8624_recommended_signing_algorithm is ambiguous: every field it references exists in the OpenINTEL dictionary (algorithm (integer)), so it can be evaluated, but the checklist marks it ambiguous because the same observation is equally well explained by other RFCs, so a match is not uniquely attributable to RFC 8624.""}"
rev_0016,ambiguous_indicator,medium,unresolved,"Indicator rfc6781_ksk_zsk_separation of RFC 6781 is ambiguous (A DNSKEY with the SEP bit set (flags 257), consistent with a KSK/ZSK split): the same observation is equally well explained by another RFC, so a match here is an inference about the operator, not proof of adoption. It did not match anything in this run, but it will as soon as the corpus contains the relevant records. Indicator rfc6781_ksk_zsk_separation is ambiguous: every field it references exists in the OpenINTEL dictionary (rr_type (string), flags (string)), so it can be evaluated, but the checklist marks it ambiguous because the same observation is equally well explained by other RFCs, so a match is not uniquely attributable to RFC 6781.",RFC 6781,flags; rr_type,,,"Decide attribution by hand for signal(s) n/a: the observation is also consistent with any other RFC that registers the same field values. Either add a condition to rfc6781_ksk_zsk_separation that only RFC 6781 can explain, or keep 'ambiguous' out of build_timeline's include_decisions so these observations are excluded from RFC 6781's adoption counts instead of inflating them.",,,"{""affected_signal_ids_truncated"": false, ""checklist_notes"": ""Common practice long before and independent of RFC 6781; deliberately ambiguous."", ""example_scores"": [], ""indicator_description"": ""A DNSKEY with the SEP bit set (flags 257), consistent with a KSK/ZSK split."", ""indicator_id"": ""rfc6781_ksk_zsk_separation"", ""indicator_required"": true, ""indicator_weight"": 3.0, ""match_count"": 0, ""related_rfc_ids"": [], ""rfc_id"": ""RFC 6781"", ""schema_queryability_reasoning"": ""Indicator rfc6781_ksk_zsk_separation is ambiguous: every field it references exists in the OpenINTEL dictionary (rr_type (string), flags (string)), so it can be evaluated, but the checklist marks it ambiguous because the same observation is equally well explained by other RFCs, so a match is not uniquely attributable to RFC 6781.""}"
rev_0017,close_ranking,medium,unresolved,"RFC 4509 (score 11.25) and RFC 3110 (score 11.25) differ by 0.0%, inside the 15.0% tolerance for declaring a winner, so the top-ranked RFC for these observations is not separable on score alone. They share no matched indicators at all, so the near-tie comes from the weights and specificity multipliers rather than from common evidence.",RFC 3110; RFC 4509,algorithm; digest_type; rr_type,sig_0001; sig_0003; sig_0008; sig_0009; sig_0012; sig_0019; sig_0021; sig_0025; sig_0030,trace_sig_0001_rfc3110; trace_sig_0003_rfc3110; trace_sig_0008_rfc4509; trace_sig_0009_rfc3110; trace_sig_0009_rfc4509; trace_sig_0012_rfc4509; trace_sig_0019_rfc4509; trace_sig_0021_rfc4509; trace_sig_0025_rfc3110; trace_sig_0030_rfc3110,"Do not report RFC 4509 as the single best match. Compare the distinguishing indicators (only RFC 4509: rfc4509_ds_sha256_digest; only RFC 3110: rfc3110_rsasha1_algorithm) against signal(s) sig_0001, sig_0003, sig_0008, sig_0009, sig_0012, sig_0019, sig_0021, sig_0025, sig_0030, and confirm the fields those indicators read were actually populated - an unpopulated field is what usually collapses the gap between two RFCs. Then either add a discriminating condition to the checklist, or report both candidates with their scores and let the reader see the ambiguity.",,,"{""derived_locally"": false, ""indicators_only_in_a"": [""rfc4509_ds_sha256_digest""], ""indicators_only_in_b"": [""rfc3110_rsasha1_algorithm""], ""relative_difference"": 0.0, ""rfc_a"": ""RFC 4509"", ""rfc_b"": ""RFC 3110"", ""score_a"": 11.25, ""score_b"": 11.25, ""shared_indicators"": [], ""specificity_a"": ""high"", ""specificity_b"": ""high"", ""supporting_signal_count_a"": 1079660, ""supporting_signal_count_b"": 241967, ""tolerance"": 0.15}"
rev_0018,close_ranking,medium,unresolved,"RFC 4033 (score 3.75) and RFC 8624 (score 3.375) differ by 10.0%, inside the 15.0% tolerance for declaring a winner, so the top-ranked RFC for these observations is not separable on score alone. They share no matched indicators at all, so the near-tie comes from the weights and specificity multipliers rather than from common evidence.",RFC 4033; RFC 8624,algorithm; rr_type,sig_0001; sig_0002; sig_0003; sig_0004; sig_0005; sig_0010; sig_0011; sig_0012; sig_0013; sig_0014,trace_sig_0001_rfc4033; trace_sig_0002_rfc4033; trace_sig_0003_rfc4033; trace_sig_0004_rfc4033; trace_sig_0005_rfc4033; trace_sig_0010_rfc8624; trace_sig_0011_rfc8624; trace_sig_0012_rfc8624; trace_sig_0013_rfc8624; trace_sig_0014_rfc8624,"Do not report RFC 4033 as the single best match. Compare the distinguishing indicators (only RFC 4033: rfc4033_base_dnssec_record_present, rfc4033_dnssec_algorithm_present; only RFC 8624: rfc8624_avoids_deprecated_algorithm, rfc8624_recommended_signing_algorithm) against signal(s) sig_0001, sig_0002, sig_0003, sig_0004, sig_0005, sig_0010, sig_0011, sig_0012, sig_0013, sig_0014, and confirm the fields those indicators read were actually populated - an unpopulated field is what usually collapses the gap between two RFCs. Then either add a discriminating condition to the checklist, or report both candidates with their scores and let the reader see the ambiguity.",,,"{""derived_locally"": false, ""indicators_only_in_a"": [""rfc4033_base_dnssec_record_present"", ""rfc4033_dnssec_algorithm_present""], ""indicators_only_in_b"": [""rfc8624_avoids_deprecated_algorithm"", ""rfc8624_recommended_signing_algorithm""], ""relative_difference"": 0.1, ""rfc_a"": ""RFC 4033"", ""rfc_b"": ""RFC 8624"", ""score_a"": 3.75, ""score_b"": 3.375, ""shared_indicators"": [], ""specificity_a"": ""low"", ""specificity_b"": ""low"", ""supporting_signal_count_a"": 1875584, ""supporting_signal_count_b"": 443137, ""tolerance"": 0.15}"
rev_0019,close_ranking,medium,unresolved,"RFC 8624 (score 3.375) and RFC 4034 (score 3.0) differ by 11.11%, inside the 15.0% tolerance for declaring a winner, so the top-ranked RFC for these observations is not separable on score alone. They share no matched indicators at all, so the near-tie comes from the weights and specificity multipliers rather than from common evidence.",RFC 4034; RFC 8624,algorithm; rr_type,sig_0001; sig_0002; sig_0003; sig_0004; sig_0005; sig_0010; sig_0011; sig_0012; sig_0013; sig_0014,trace_sig_0001_rfc4034; trace_sig_0002_rfc4034; trace_sig_0003_rfc4034; trace_sig_0004_rfc4034; trace_sig_0005_rfc4034; trace_sig_0010_rfc8624; trace_sig_0011_rfc8624; trace_sig_0012_rfc8624; trace_sig_0013_rfc8624; trace_sig_0014_rfc8624,"Do not report RFC 8624 as the single best match. Compare the distinguishing indicators (only RFC 8624: rfc8624_avoids_deprecated_algorithm, rfc8624_recommended_signing_algorithm; only RFC 4034: rfc4034_core_record_present) against signal(s) sig_0001, sig_0002, sig_0003, sig_0004, sig_0005, sig_0010, sig_0011, sig_0012, sig_0013, sig_0014, and confirm the fields those indicators read were actually populated - an unpopulated field is what usually collapses the gap between two RFCs. Then either add a discriminating condition to the checklist, or report both candidates with their scores and let the reader see the ambiguity.",,,"{""derived_locally"": false, ""indicators_only_in_a"": [""rfc8624_avoids_deprecated_algorithm"", ""rfc8624_recommended_signing_algorithm""], ""indicators_only_in_b"": [""rfc4034_core_record_present""], ""relative_difference"": 0.1111, ""rfc_a"": ""RFC 8624"", ""rfc_b"": ""RFC 4034"", ""score_a"": 3.375, ""score_b"": 3.0, ""shared_indicators"": [], ""specificity_a"": ""low"", ""specificity_b"": ""medium"", ""supporting_signal_count_a"": 443137, ""supporting_signal_count_b"": 1875584, ""tolerance"": 0.15}"
rev_0020,close_ranking,medium,unresolved,"RFC 6605 (score 13.125) and RFC 4509 (score 11.25) differ by 14.29%, inside the 15.0% tolerance for declaring a winner, so the top-ranked RFC for these observations is not separable on score alone. They share no matched indicators at all, so the near-tie comes from the weights and specificity multipliers rather than from common evidence.",RFC 4509; RFC 6605,algorithm; digest_type; rr_type,sig_0008; sig_0009; sig_0011; sig_0012; sig_0014; sig_0015; sig_0019; sig_0021,trace_sig_0008_rfc4509; trace_sig_0008_rfc6605; trace_sig_0009_rfc4509; trace_sig_0011_rfc6605; trace_sig_0012_rfc4509; trace_sig_0012_rfc6605; trace_sig_0014_rfc6605; trace_sig_0015_rfc6605; trace_sig_0019_rfc4509; trace_sig_0021_rfc4509,"Do not report RFC 6605 as the single best match. Compare the distinguishing indicators (only RFC 6605: rfc6605_ecdsa_algorithm, rfc6605_ecdsa_on_key_or_signature; only RFC 4509: rfc4509_ds_sha256_digest) against signal(s) sig_0008, sig_0009, sig_0011, sig_0012, sig_0014, sig_0015, sig_0019, sig_0021, and confirm the fields those indicators read were actually populated - an unpopulated field is what usually collapses the gap between two RFCs. Then either add a discriminating condition to the checklist, or report both candidates with their scores and let the reader see the ambiguity.",,,"{""derived_locally"": false, ""indicators_only_in_a"": [""rfc6605_ecdsa_algorithm"", ""rfc6605_ecdsa_on_key_or_signature""], ""indicators_only_in_b"": [""rfc4509_ds_sha256_digest""], ""relative_difference"": 0.1429, ""rfc_a"": ""RFC 6605"", ""rfc_b"": ""RFC 4509"", ""score_a"": 13.125, ""score_b"": 11.25, ""shared_indicators"": [], ""specificity_a"": ""high"", ""specificity_b"": ""high"", ""supporting_signal_count_a"": 502557, ""supporting_signal_count_b"": 1079660, ""tolerance"": 0.15}"
rev_0021,close_ranking,medium,unresolved,"RFC 5702 (score 13.125) and RFC 6605 (score 13.125) differ by 0.0%, inside the 15.0% tolerance for declaring a winner, so the top-ranked RFC for these observations is not separable on score alone. They share no matched indicators at all, so the near-tie comes from the weights and specificity multipliers rather than from common evidence.",RFC 5702; RFC 6605,algorithm; rr_type,sig_0007; sig_0008; sig_0010; sig_0011; sig_0012; sig_0013; sig_0014; sig_0015; sig_0023; sig_0029,trace_sig_0007_rfc5702; trace_sig_0008_rfc6605; trace_sig_0010_rfc5702; trace_sig_0011_rfc6605; trace_sig_0012_rfc6605; trace_sig_0013_rfc5702; trace_sig_0014_rfc6605; trace_sig_0015_rfc6605; trace_sig_0023_rfc5702; trace_sig_0029_rfc5702,"Do not report RFC 5702 as the single best match. Compare the distinguishing indicators (only RFC 5702: rfc5702_rsa_sha2_algorithm, rfc5702_rsa_sha2_on_dnssec_record; only RFC 6605: rfc6605_ecdsa_algorithm, rfc6605_ecdsa_on_key_or_signature) against signal(s) sig_0007, sig_0008, sig_0010, sig_0011, sig_0012, sig_0013, sig_0014, sig_0015, sig_0023, sig_0029, and confirm the fields those indicators read were actually populated - an unpopulated field is what usually collapses the gap between two RFCs. Then either add a discriminating condition to the checklist, or report both candidates with their scores and let the reader see the ambiguity.",,,"{""derived_locally"": false, ""indicators_only_in_a"": [""rfc5702_rsa_sha2_algorithm"", ""rfc5702_rsa_sha2_on_dnssec_record""], ""indicators_only_in_b"": [""rfc6605_ecdsa_algorithm"", ""rfc6605_ecdsa_on_key_or_signature""], ""relative_difference"": 0.0, ""rfc_a"": ""RFC 5702"", ""rfc_b"": ""RFC 6605"", ""score_a"": 13.125, ""score_b"": 13.125, ""shared_indicators"": [], ""specificity_a"": ""high"", ""specificity_b"": ""high"", ""supporting_signal_count_a"": 983357, ""supporting_signal_count_b"": 502557, ""tolerance"": 0.15}"
rev_0022,close_ranking,medium,unresolved,"RFC 5933 (score 18.0) and RFC 8080 (score 17.25) differ by 4.17%, inside the 15.0% tolerance for declaring a winner, so the top-ranked RFC for these observations is not separable on score alone. They share no matched indicators at all, so the near-tie comes from the weights and specificity multipliers rather than from common evidence.",RFC 5933; RFC 8080,algorithm; digest_type; rr_type,sig_0004; sig_0005; sig_0006; sig_0011; sig_0016; sig_0019; sig_0026; sig_0027; sig_0028; sig_0032,trace_sig_0004_rfc5933; trace_sig_0005_rfc5933; trace_sig_0006_rfc5933; trace_sig_0011_rfc5933; trace_sig_0016_rfc5933; trace_sig_0019_rfc8080; trace_sig_0026_rfc8080; trace_sig_0027_rfc8080; trace_sig_0028_rfc8080; trace_sig_0032_rfc8080,"Do not report RFC 5933 as the single best match. Compare the distinguishing indicators (only RFC 5933: rfc5933_ecc_gost_algorithm, rfc5933_gost_ds_digest; only RFC 8080: rfc8080_eddsa_algorithm, rfc8080_eddsa_on_key_or_signature) against signal(s) sig_0004, sig_0005, sig_0006, sig_0011, sig_0016, sig_0019, sig_0026, sig_0027, sig_0028, sig_0032, and confirm the fields those indicators read were actually populated - an unpopulated field is what usually collapses the gap between two RFCs. Then either add a discriminating condition to the checklist, or report both candidates with their scores and let the reader see the ambiguity.",,,"{""derived_locally"": false, ""indicators_only_in_a"": [""rfc5933_ecc_gost_algorithm"", ""rfc5933_gost_ds_digest""], ""indicators_only_in_b"": [""rfc8080_eddsa_algorithm"", ""rfc8080_eddsa_on_key_or_signature""], ""relative_difference"": 0.0417, ""rfc_a"": ""RFC 5933"", ""rfc_b"": ""RFC 8080"", ""score_a"": 18.0, ""score_b"": 17.25, ""shared_indicators"": [], ""specificity_a"": ""very_high"", ""specificity_b"": ""very_high"", ""supporting_signal_count_a"": 702, ""supporting_signal_count_b"": 823, ""tolerance"": 0.15}"
rev_0023,llm_review_recommended,medium,unresolved,"The deterministic verifier returned needs_manual_review for 38 trace(s) on RFC 4033 (decisions: valid_match). Representative verdict: Manual review required: every required indicator of RFC 4033 matched signal sig_0001 (rfc4033_base_dnssec_record_present, rfc4033_dnssec_algorithm_present), but the score of 3.75 yields only low confidence, below the auto-accept levels (high, very_high); confirm by hand that the observed field values algorithm, rr_type really identify this RFC rather than a broader DNSSEC deployment.",RFC 4033,dnssec_ok_flag,sig_0001; sig_0002; sig_0003; sig_0004; sig_0005; sig_0006; sig_0007; sig_0008; sig_0009; sig_0010; sig_0011; sig_0012; sig_0013; sig_0014; sig_0015; sig_0016; sig_0017; sig_0018; sig_0019; sig_0020,trace_sig_0001_rfc4033; trace_sig_0002_rfc4033; trace_sig_0003_rfc4033; trace_sig_0004_rfc4033; trace_sig_0005_rfc4033; trace_sig_0006_rfc4033; trace_sig_0007_rfc4033; trace_sig_0008_rfc4033; trace_sig_0009_rfc4033; trace_sig_0010_rfc4033; trace_sig_0011_rfc4033; trace_sig_0012_rfc4033; trace_sig_0013_rfc4033; trace_sig_0014_rfc4033; trace_sig_0015_rfc4033; trace_sig_0016_rfc4033; trace_sig_0017_rfc4033; trace_sig_0018_rfc4033; trace_sig_0019_rfc4033; trace_sig_0020_rfc4033,"Open trace(s) trace_sig_0001_rfc4033, trace_sig_0002_rfc4033, trace_sig_0003_rfc4033, trace_sig_0004_rfc4033, trace_sig_0005_rfc4033, trace_sig_0006_rfc4033, trace_sig_0007_rfc4033, trace_sig_0008_rfc4033, trace_sig_0009_rfc4033, trace_sig_0010_rfc4033, trace_sig_0011_rfc4033, trace_sig_0012_rfc4033, trace_sig_0013_rfc4033, trace_sig_0014_rfc4033, trace_sig_0015_rfc4033, trace_sig_0016_rfc4033, trace_sig_0017_rfc4033, trace_sig_0018_rfc4033, trace_sig_0019_rfc4033, trace_sig_0020_rfc4033 in reasoning_traces.json and settle them by hand: for each, decide whether the recorded field values really identify RFC 4033 or merely something consistent with it, then mark the item accepted or rejected. Recording the outcome here is what stops the same observations being re-litigated next run. If this volume is unmanageable, wire a real LLM backend (see openintel_rfc.llm_verifier.register_verifier) rather than relaxing the checklist.",needs_manual_review,"Manual review required: every required indicator of RFC 4033 matched signal sig_0001 (rfc4033_base_dnssec_record_present, rfc4033_dnssec_algorithm_present), but the score of 3.75 yields only low confidence, below the auto-accept levels (high, very_high); confirm by hand that the observed field values algorithm, rr_type really identify this RFC rather than a broader DNSSEC deployment.","{""affected_signal_id_count"": 38, ""backend"": ""deterministic"", ""decisions"": [""valid_match""], ""explanations"": [""Manual review required: every required indicator of RFC 4033 matched signal sig_0001 (rfc4033_base_dnssec_record_present, rfc4033_dnssec_algorithm_present), but the score of 3.75 yields only low confidence, below the auto-accept levels (high, very_high); confirm by hand that the observed field values algorithm, rr_type really identify this RFC rather than a broader DNSSEC deployment."", ""Manual review required: every required indicator of RFC 4033 matched signal sig_0002 (rfc4033_base_dnssec_record_present, rfc4033_dnssec_algorithm_present), but the score of 3.75 yields only low confidence, below the auto-accept levels (high, very_high); confirm by hand that the observed field values algorithm, rr_type really identify this RFC rather than a broader DNSSEC deployment."", ""Manual review required: every required indicator of RFC 4033 matched signal sig_0003 (rfc4033_base_dnssec_record_present, rfc4033_dnssec_algorithm_present), but the score of 3.75 yields only low confidence, below the auto-accept levels (high, very_high); confirm by hand that the observed field values algorithm, rr_type really identify this RFC rather than a broader DNSSEC deployment."", ""Manual review required: every required indicator of RFC 4033 matched signal sig_0004 (rfc4033_base_dnssec_record_present, rfc4033_dnssec_algorithm_present), but the score of 3.75 yields only low confidence, below the auto-accept levels (high, very_high); confirm by hand that the observed field values algorithm, rr_type really identify this RFC rather than a broader DNSSEC deployment."", ""Manual review required: every required indicator of RFC 4033 matched signal sig_0005 (rfc4033_base_dnssec_record_present, rfc4033_dnssec_algorithm_present), but the score of 3.75 yields only low confidence, below the auto-accept levels (high, very_high); confirm by hand that the observed field values algorithm, rr_type really identify this RFC rather than a broader DNSSEC deployment."", ""Manual review required: every required indicator of RFC 4033 matched signal sig_0006 (rfc4033_base_dnssec_record_present, rfc4033_dnssec_algorithm_present), but the score of 3.75 yields only low confidence, below the auto-accept levels (high, very_high); confirm by hand that the observed field values algorithm, rr_type really identify this RFC rather than a broader DNSSEC deployment."", ""Manual review required: every required indicator of RFC 4033 matched signal sig_0007 (rfc4033_base_dnssec_record_present, rfc4033_dnssec_algorithm_present), but the score of 3.75 yields only low confidence, below the auto-accept levels (high, very_high); confirm by hand that the observed field values algorithm, rr_type really identify this RFC rather than a broader DNSSEC deployment."", ""Manual review required: every required indicator of RFC 4033 matched signal sig_0008 (rfc4033_base_dnssec_record_present, rfc4033_dnssec_algorithm_present), but the score of 3.75 yields only low confidence, below the auto-accept levels (high, very_high); confirm by hand that the observed field values algorithm, rr_type really identify this RFC rather than a broader DNSSEC deployment."", ""Manual review required: every required indicator of RFC 4033 matched signal sig_0009 (rfc4033_base_dnssec_record_present, rfc4033_dnssec_algorithm_present), but the score of 3.75 yields only low confidence, below the auto-accept levels (high, very_high); confirm by hand that the observed field values algorithm, rr_type really identify this RFC rather than a broader DNSSEC deployment."", ""Manual review required: every required indicator of RFC 4033 matched signal sig_0010 (rfc4033_base_dnssec_record_present, rfc4033_dnssec_algorithm_present), but the score of 3.75 yields only low confidence, below the auto-accept levels (high, very_high); confirm by hand that the observed field values algorithm, rr_type really identify this RFC rather than a broader DNSSEC deployment."", ""Manual review required: every required indicator of RFC 4033 matched signal sig_0011 (rfc4033_base_dnssec_record_present, rfc4033_dnssec_algorithm_present), but the score of 3.75 yields only low confidence, below the auto-accept levels (high, very_high); confirm by hand that the observed field values algorithm, rr_type really identify this RFC rather than a broader DNSSEC deployment."", ""Manual review required: every required indicator of RFC 4033 matched signal sig_0012 (rfc4033_base_dnssec_record_present, rfc4033_dnssec_algorithm_present), but the score of 3.75 yields only low confidence, below the auto-accept levels (high, very_high); confirm by hand that the observed field values algorithm, rr_type really identify this RFC rather than a broader DNSSEC deployment."", ""Manual review required: every required indicator of RFC 4033 matched signal sig_0013 (rfc4033_base_dnssec_record_present, rfc4033_dnssec_algorithm_present), but the score of 3.75 yields only low confidence, below the auto-accept levels (high, very_high); confirm by hand that the observed field values algorithm, rr_type really identify this RFC rather than a broader DNSSEC deployment."", ""Manual review required: every required indicator of RFC 4033 matched signal sig_0014 (rfc4033_base_dnssec_record_present, rfc4033_dnssec_algorithm_present), but the score of 3.75 yields only low confidence, below the auto-accept levels (high, very_high); confirm by hand that the observed field values algorithm, rr_type really identify this RFC rather than a broader DNSSEC deployment."", ""Manual review required: every required indicator of RFC 4033 matched signal sig_0015 (rfc4033_base_dnssec_record_present, rfc4033_dnssec_algorithm_present), but the score of 3.75 yields only low confidence, below the auto-accept levels (high, very_high); confirm by hand that the observed field values algorithm, rr_type really identify this RFC rather than a broader DNSSEC deployment."", ""Manual review required: every required indicator of RFC 4033 matched signal sig_0016 (rfc4033_base_dnssec_record_present, rfc4033_dnssec_algorithm_present), but the score of 3.75 yields only low confidence, below the auto-accept levels (high, very_high); confirm by hand that the observed field values algorithm, rr_type really identify this RFC rather than a broader DNSSEC deployment."", ""Manual review required: every required indicator of RFC 4033 matched signal sig_0017 (rfc4033_base_dnssec_record_present, rfc4033_dnssec_algorithm_present), but the score of 3.75 yields only low confidence, below the auto-accept levels (high, very_high); confirm by hand that the observed field values algorithm, rr_type really identify this RFC rather than a broader DNSSEC deployment."", ""Manual review required: every required indicator of RFC 4033 matched signal sig_0018 (rfc4033_base_dnssec_record_present, rfc4033_dnssec_algorithm_present), but the score of 3.75 yields only low confidence, below the auto-accept levels (high, very_high); confirm by hand that the observed field values algorithm, rr_type really identify this RFC rather than a broader DNSSEC deployment."", ""Manual review required: every required indicator of RFC 4033 matched signal sig_0019 (rfc4033_base_dnssec_record_present, rfc4033_dnssec_algorithm_present), but the score of 3.75 yields only low confidence, below the auto-accept levels (high, very_high); confirm by hand that the observed field values algorithm, rr_type really identify this RFC rather than a broader DNSSEC deployment."", ""Manual review required: every required indicator of RFC 4033 matched signal sig_0020 (rfc4033_base_dnssec_record_present, rfc4033_dnssec_algorithm_present), but the score of 3.75 yields only low confidence, below the auto-accept levels (high, very_high); confirm by hand that the observed field values algorithm, rr_type really identify this RFC rather than a broader DNSSEC deployment.""], ""representative_explanation"": ""Manual review required: every required indicator of RFC 4033 matched signal sig_0001 (rfc4033_base_dnssec_record_present, rfc4033_dnssec_algorithm_present), but the score of 3.75 yields only low confidence, below the auto-accept levels (high, very_high); confirm by hand that the observed field values algorithm, rr_type really identify this RFC rather than a broader DNSSEC deployment."", ""representative_trace_id"": ""trace_sig_0001_rfc4033"", ""rfc_id"": ""RFC 4033"", ""trace_count"": 38, ""trace_ids_truncated"": true}"
rev_0024,llm_review_recommended,medium,unresolved,"The deterministic verifier returned needs_manual_review for 38 trace(s) on RFC 4034 (decisions: valid_match). Representative verdict: Manual review required: every required indicator of RFC 4034 matched signal sig_0001 (rfc4034_core_record_present), but the score of 3.0 yields only low confidence, below the auto-accept levels (high, very_high); confirm by hand that the observed field values rr_type really identify this RFC rather than a broader DNSSEC deployment.",RFC 4034,dnskey_protocol; rrsig_type_covered,sig_0001; sig_0002; sig_0003; sig_0004; sig_0005; sig_0006; sig_0007; sig_0008; sig_0009; sig_0010; sig_0011; sig_0012; sig_0013; sig_0014; sig_0015; sig_0016; sig_0017; sig_0018; sig_0019; sig_0020,trace_sig_0001_rfc4034; trace_sig_0002_rfc4034; trace_sig_0003_rfc4034; trace_sig_0004_rfc4034; trace_sig_0005_rfc4034; trace_sig_0006_rfc4034; trace_sig_0007_rfc4034; trace_sig_0008_rfc4034; trace_sig_0009_rfc4034; trace_sig_0010_rfc4034; trace_sig_0011_rfc4034; trace_sig_0012_rfc4034; trace_sig_0013_rfc4034; trace_sig_0014_rfc4034; trace_sig_0015_rfc4034; trace_sig_0016_rfc4034; trace_sig_0017_rfc4034; trace_sig_0018_rfc4034; trace_sig_0019_rfc4034; trace_sig_0020_rfc4034,"Open trace(s) trace_sig_0001_rfc4034, trace_sig_0002_rfc4034, trace_sig_0003_rfc4034, trace_sig_0004_rfc4034, trace_sig_0005_rfc4034, trace_sig_0006_rfc4034, trace_sig_0007_rfc4034, trace_sig_0008_rfc4034, trace_sig_0009_rfc4034, trace_sig_0010_rfc4034, trace_sig_0011_rfc4034, trace_sig_0012_rfc4034, trace_sig_0013_rfc4034, trace_sig_0014_rfc4034, trace_sig_0015_rfc4034, trace_sig_0016_rfc4034, trace_sig_0017_rfc4034, trace_sig_0018_rfc4034, trace_sig_0019_rfc4034, trace_sig_0020_rfc4034 in reasoning_traces.json and settle them by hand: for each, decide whether the recorded field values really identify RFC 4034 or merely something consistent with it, then mark the item accepted or rejected. Recording the outcome here is what stops the same observations being re-litigated next run. If this volume is unmanageable, wire a real LLM backend (see openintel_rfc.llm_verifier.register_verifier) rather than relaxing the checklist.",needs_manual_review,"Manual review required: every required indicator of RFC 4034 matched signal sig_0001 (rfc4034_core_record_present), but the score of 3.0 yields only low confidence, below the auto-accept levels (high, very_high); confirm by hand that the observed field values rr_type really identify this RFC rather than a broader DNSSEC deployment.","{""affected_signal_id_count"": 38, ""backend"": ""deterministic"", ""decisions"": [""valid_match""], ""explanations"": [""Manual review required: every required indicator of RFC 4034 matched signal sig_0001 (rfc4034_core_record_present), but the score of 3.0 yields only low confidence, below the auto-accept levels (high, very_high); confirm by hand that the observed field values rr_type really identify this RFC rather than a broader DNSSEC deployment."", ""Manual review required: every required indicator of RFC 4034 matched signal sig_0002 (rfc4034_core_record_present), but the score of 3.0 yields only low confidence, below the auto-accept levels (high, very_high); confirm by hand that the observed field values rr_type really identify this RFC rather than a broader DNSSEC deployment."", ""Manual review required: every required indicator of RFC 4034 matched signal sig_0003 (rfc4034_core_record_present), but the score of 3.0 yields only low confidence, below the auto-accept levels (high, very_high); confirm by hand that the observed field values rr_type really identify this RFC rather than a broader DNSSEC deployment."", ""Manual review required: every required indicator of RFC 4034 matched signal sig_0004 (rfc4034_core_record_present), but the score of 3.0 yields only low confidence, below the auto-accept levels (high, very_high); confirm by hand that the observed field values rr_type really identify this RFC rather than a broader DNSSEC deployment."", ""Manual review required: every required indicator of RFC 4034 matched signal sig_0005 (rfc4034_core_record_present), but the score of 3.0 yields only low confidence, below the auto-accept levels (high, very_high); confirm by hand that the observed field values rr_type really identify this RFC rather than a broader DNSSEC deployment."", ""Manual review required: every required indicator of RFC 4034 matched signal sig_0006 (rfc4034_core_record_present), but the score of 3.0 yields only low confidence, below the auto-accept levels (high, very_high); confirm by hand that the observed field values rr_type really identify this RFC rather than a broader DNSSEC deployment."", ""Manual review required: every required indicator of RFC 4034 matched signal sig_0007 (rfc4034_core_record_present), but the score of 3.0 yields only low confidence, below the auto-accept levels (high, very_high); confirm by hand that the observed field values rr_type really identify this RFC rather than a broader DNSSEC deployment."", ""Manual review required: every required indicator of RFC 4034 matched signal sig_0008 (rfc4034_core_record_present), but the score of 3.0 yields only low confidence, below the auto-accept levels (high, very_high); confirm by hand that the observed field values rr_type really identify this RFC rather than a broader DNSSEC deployment."", ""Manual review required: every required indicator of RFC 4034 matched signal sig_0009 (rfc4034_core_record_present), but the score of 3.0 yields only low confidence, below the auto-accept levels (high, very_high); confirm by hand that the observed field values rr_type really identify this RFC rather than a broader DNSSEC deployment."", ""Manual review required: every required indicator of RFC 4034 matched signal sig_0010 (rfc4034_core_record_present), but the score of 3.0 yields only low confidence, below the auto-accept levels (high, very_high); confirm by hand that the observed field values rr_type really identify this RFC rather than a broader DNSSEC deployment."", ""Manual review required: every required indicator of RFC 4034 matched signal sig_0011 (rfc4034_core_record_present), but the score of 3.0 yields only low confidence, below the auto-accept levels (high, very_high); confirm by hand that the observed field values rr_type really identify this RFC rather than a broader DNSSEC deployment."", ""Manual review required: every required indicator of RFC 4034 matched signal sig_0012 (rfc4034_core_record_present), but the score of 3.0 yields only low confidence, below the auto-accept levels (high, very_high); confirm by hand that the observed field values rr_type really identify this RFC rather than a broader DNSSEC deployment."", ""Manual review required: every required indicator of RFC 4034 matched signal sig_0013 (rfc4034_core_record_present), but the score of 3.0 yields only low confidence, below the auto-accept levels (high, very_high); confirm by hand that the observed field values rr_type really identify this RFC rather than a broader DNSSEC deployment."", ""Manual review required: every required indicator of RFC 4034 matched signal sig_0014 (rfc4034_core_record_present), but the score of 3.0 yields only low confidence, below the auto-accept levels (high, very_high); confirm by hand that the observed field values rr_type really identify this RFC rather than a broader DNSSEC deployment."", ""Manual review required: every required indicator of RFC 4034 matched signal sig_0015 (rfc4034_core_record_present), but the score of 3.0 yields only low confidence, below the auto-accept levels (high, very_high); confirm by hand that the observed field values rr_type really identify this RFC rather than a broader DNSSEC deployment."", ""Manual review required: every required indicator of RFC 4034 matched signal sig_0016 (rfc4034_core_record_present), but the score of 3.0 yields only low confidence, below the auto-accept levels (high, very_high); confirm by hand that the observed field values rr_type really identify this RFC rather than a broader DNSSEC deployment."", ""Manual review required: every required indicator of RFC 4034 matched signal sig_0017 (rfc4034_core_record_present), but the score of 3.0 yields only low confidence, below the auto-accept levels (high, very_high); confirm by hand that the observed field values rr_type really identify this RFC rather than a broader DNSSEC deployment."", ""Manual review required: every required indicator of RFC 4034 matched signal sig_0018 (rfc4034_core_record_present), but the score of 3.0 yields only low confidence, below the auto-accept levels (high, very_high); confirm by hand that the observed field values rr_type really identify this RFC rather than a broader DNSSEC deployment."", ""Manual review required: every required indicator of RFC 4034 matched signal sig_0019 (rfc4034_core_record_present), but the score of 3.0 yields only low confidence, below the auto-accept levels (high, very_high); confirm by hand that the observed field values rr_type really identify this RFC rather than a broader DNSSEC deployment."", ""Manual review required: every required indicator of RFC 4034 matched signal sig_0020 (rfc4034_core_record_present), but the score of 3.0 yields only low confidence, below the auto-accept levels (high, very_high); confirm by hand that the observed field values rr_type really identify this RFC rather than a broader DNSSEC deployment.""], ""representative_explanation"": ""Manual review required: every required indicator of RFC 4034 matched signal sig_0001 (rfc4034_core_record_present), but the score of 3.0 yields only low confidence, below the auto-accept levels (high, very_high); confirm by hand that the observed field values rr_type really identify this RFC rather than a broader DNSSEC deployment."", ""representative_trace_id"": ""trace_sig_0001_rfc4034"", ""rfc_id"": ""RFC 4034"", ""trace_count"": 38, ""trace_ids_truncated"": true}"
rev_0025,llm_review_recommended,medium,unresolved,"The deterministic verifier returned needs_manual_review for 38 trace(s) on RFC 4035 (decisions: non_queryable). Representative verdict: Manual review required: RFC 4035 could not be evaluated against signal sig_0001 because its required indicator(s) rfc4035_dnssec_ok_negotiated depend on field(s) dnssec_ok_flag that the OpenINTEL corpus does not export; no evidence was gathered either for or against adoption, so this must not be reported as a negative result.",RFC 4035,dnssec_ok_flag,sig_0001; sig_0002; sig_0003; sig_0004; sig_0005; sig_0006; sig_0007; sig_0008; sig_0009; sig_0010; sig_0011; sig_0012; sig_0013; sig_0014; sig_0015; sig_0016; sig_0017; sig_0018; sig_0019; sig_0020,trace_sig_0001_rfc4035; trace_sig_0002_rfc4035; trace_sig_0003_rfc4035; trace_sig_0004_rfc4035; trace_sig_0005_rfc4035; trace_sig_0006_rfc4035; trace_sig_0007_rfc4035; trace_sig_0008_rfc4035; trace_sig_0009_rfc4035; trace_sig_0010_rfc4035; trace_sig_0011_rfc4035; trace_sig_0012_rfc4035; trace_sig_0013_rfc4035; trace_sig_0014_rfc4035; trace_sig_0015_rfc4035; trace_sig_0016_rfc4035; trace_sig_0017_rfc4035; trace_sig_0018_rfc4035; trace_sig_0019_rfc4035; trace_sig_0020_rfc4035,"Open trace(s) trace_sig_0001_rfc4035, trace_sig_0002_rfc4035, trace_sig_0003_rfc4035, trace_sig_0004_rfc4035, trace_sig_0005_rfc4035, trace_sig_0006_rfc4035, trace_sig_0007_rfc4035, trace_sig_0008_rfc4035, trace_sig_0009_rfc4035, trace_sig_0010_rfc4035, trace_sig_0011_rfc4035, trace_sig_0012_rfc4035, trace_sig_0013_rfc4035, trace_sig_0014_rfc4035, trace_sig_0015_rfc4035, trace_sig_0016_rfc4035, trace_sig_0017_rfc4035, trace_sig_0018_rfc4035, trace_sig_0019_rfc4035, trace_sig_0020_rfc4035 in reasoning_traces.json and settle them by hand: for each, decide whether the recorded field values really identify RFC 4035 or merely something consistent with it, then mark the item accepted or rejected. Recording the outcome here is what stops the same observations being re-litigated next run. If this volume is unmanageable, wire a real LLM backend (see openintel_rfc.llm_verifier.register_verifier) rather than relaxing the checklist.",needs_manual_review,"Manual review required: RFC 4035 could not be evaluated against signal sig_0001 because its required indicator(s) rfc4035_dnssec_ok_negotiated depend on field(s) dnssec_ok_flag that the OpenINTEL corpus does not export; no evidence was gathered either for or against adoption, so this must not be reported as a negative result.","{""affected_signal_id_count"": 38, ""backend"": ""deterministic"", ""decisions"": [""non_queryable""], ""explanations"": [""Manual review required: RFC 4035 could not be evaluated against signal sig_0001 because its required indicator(s) rfc4035_dnssec_ok_negotiated depend on field(s) dnssec_ok_flag that the OpenINTEL corpus does not export; no evidence was gathered either for or against adoption, so this must not be reported as a negative result."", ""Manual review required: RFC 4035 could not be evaluated against signal sig_0002 because its required indicator(s) rfc4035_dnssec_ok_negotiated depend on field(s) dnssec_ok_flag that the OpenINTEL corpus does not export; no evidence was gathered either for or against adoption, so this must not be reported as a negative result."", ""Manual review required: RFC 4035 could not be evaluated against signal sig_0003 because its required indicator(s) rfc4035_dnssec_ok_negotiated depend on field(s) dnssec_ok_flag that the OpenINTEL corpus does not export; no evidence was gathered either for or against adoption, so this must not be reported as a negative result."", ""Manual review required: RFC 4035 could not be evaluated against signal sig_0004 because its required indicator(s) rfc4035_dnssec_ok_negotiated depend on field(s) dnssec_ok_flag that the OpenINTEL corpus does not export; no evidence was gathered either for or against adoption, so this must not be reported as a negative result."", ""Manual review required: RFC 4035 could not be evaluated against signal sig_0005 because its required indicator(s) rfc4035_dnssec_ok_negotiated depend on field(s) dnssec_ok_flag that the OpenINTEL corpus does not export; no evidence was gathered either for or against adoption, so this must not be reported as a negative result."", ""Manual review required: RFC 4035 could not be evaluated against signal sig_0006 because its required indicator(s) rfc4035_dnssec_ok_negotiated depend on field(s) dnssec_ok_flag that the OpenINTEL corpus does not export; no evidence was gathered either for or against adoption, so this must not be reported as a negative result."", ""Manual review required: RFC 4035 could not be evaluated against signal sig_0007 because its required indicator(s) rfc4035_dnssec_ok_negotiated depend on field(s) dnssec_ok_flag that the OpenINTEL corpus does not export; no evidence was gathered either for or against adoption, so this must not be reported as a negative result."", ""Manual review required: RFC 4035 could not be evaluated against signal sig_0008 because its required indicator(s) rfc4035_dnssec_ok_negotiated depend on field(s) dnssec_ok_flag that the OpenINTEL corpus does not export; no evidence was gathered either for or against adoption, so this must not be reported as a negative result."", ""Manual review required: RFC 4035 could not be evaluated against signal sig_0009 because its required indicator(s) rfc4035_dnssec_ok_negotiated depend on field(s) dnssec_ok_flag that the OpenINTEL corpus does not export; no evidence was gathered either for or against adoption, so this must not be reported as a negative result."", ""Manual review required: RFC 4035 could not be evaluated against signal sig_0010 because its required indicator(s) rfc4035_dnssec_ok_negotiated depend on field(s) dnssec_ok_flag that the OpenINTEL corpus does not export; no evidence was gathered either for or against adoption, so this must not be reported as a negative result."", ""Manual review required: RFC 4035 could not be evaluated against signal sig_0011 because its required indicator(s) rfc4035_dnssec_ok_negotiated depend on field(s) dnssec_ok_flag that the OpenINTEL corpus does not export; no evidence was gathered either for or against adoption, so this must not be reported as a negative result."", ""Manual review required: RFC 4035 could not be evaluated against signal sig_0012 because its required indicator(s) rfc4035_dnssec_ok_negotiated depend on field(s) dnssec_ok_flag that the OpenINTEL corpus does not export; no evidence was gathered either for or against adoption, so this must not be reported as a negative result."", ""Manual review required: RFC 4035 could not be evaluated against signal sig_0013 because its required indicator(s) rfc4035_dnssec_ok_negotiated depend on field(s) dnssec_ok_flag that the OpenINTEL corpus does not export; no evidence was gathered either for or against adoption, so this must not be reported as a negative result."", ""Manual review required: RFC 4035 could not be evaluated against signal sig_0014 because its required indicator(s) rfc4035_dnssec_ok_negotiated depend on field(s) dnssec_ok_flag that the OpenINTEL corpus does not export; no evidence was gathered either for or against adoption, so this must not be reported as a negative result."", ""Manual review required: RFC 4035 could not be evaluated against signal sig_0015 because its required indicator(s) rfc4035_dnssec_ok_negotiated depend on field(s) dnssec_ok_flag that the OpenINTEL corpus does not export; no evidence was gathered either for or against adoption, so this must not be reported as a negative result."", ""Manual review required: RFC 4035 could not be evaluated against signal sig_0016 because its required indicator(s) rfc4035_dnssec_ok_negotiated depend on field(s) dnssec_ok_flag that the OpenINTEL corpus does not export; no evidence was gathered either for or against adoption, so this must not be reported as a negative result."", ""Manual review required: RFC 4035 could not be evaluated against signal sig_0017 because its required indicator(s) rfc4035_dnssec_ok_negotiated depend on field(s) dnssec_ok_flag that the OpenINTEL corpus does not export; no evidence was gathered either for or against adoption, so this must not be reported as a negative result."", ""Manual review required: RFC 4035 could not be evaluated against signal sig_0018 because its required indicator(s) rfc4035_dnssec_ok_negotiated depend on field(s) dnssec_ok_flag that the OpenINTEL corpus does not export; no evidence was gathered either for or against adoption, so this must not be reported as a negative result."", ""Manual review required: RFC 4035 could not be evaluated against signal sig_0019 because its required indicator(s) rfc4035_dnssec_ok_negotiated depend on field(s) dnssec_ok_flag that the OpenINTEL corpus does not export; no evidence was gathered either for or against adoption, so this must not be reported as a negative result."", ""Manual review required: RFC 4035 could not be evaluated against signal sig_0020 because its required indicator(s) rfc4035_dnssec_ok_negotiated depend on field(s) dnssec_ok_flag that the OpenINTEL corpus does not export; no evidence was gathered either for or against adoption, so this must not be reported as a negative result.""], ""representative_explanation"": ""Manual review required: RFC 4035 could not be evaluated against signal sig_0001 because its required indicator(s) rfc4035_dnssec_ok_negotiated depend on field(s) dnssec_ok_flag that the OpenINTEL corpus does not export; no evidence was gathered either for or against adoption, so this must not be reported as a negative result."", ""representative_trace_id"": ""trace_sig_0001_rfc4035"", ""rfc_id"": ""RFC 4035"", ""trace_count"": 38, ""trace_ids_truncated"": true}"
rev_0026,llm_review_recommended,medium,unresolved,"The deterministic verifier returned needs_manual_review for 10 trace(s) on RFC 5933 (decisions: partial_match). Representative verdict: Manual review required: signal sig_0011 matched 1 indicator(s) of RFC 5933 (rfc5933_gost_ds_digest) but required indicator(s) rfc5933_ecc_gost_algorithm did not match, scoring 0.0. All referenced fields were present, so the unmatched indicator(s) genuinely did not hold for this observation.",RFC 5933,,sig_0011; sig_0016; sig_0018; sig_0020; sig_0022; sig_0029; sig_0030; sig_0031; sig_0033; sig_0036,trace_sig_0011_rfc5933; trace_sig_0016_rfc5933; trace_sig_0018_rfc5933; trace_sig_0020_rfc5933; trace_sig_0022_rfc5933; trace_sig_0029_rfc5933; trace_sig_0030_rfc5933; trace_sig_0031_rfc5933; trace_sig_0033_rfc5933; trace_sig_0036_rfc5933,"Open trace(s) trace_sig_0011_rfc5933, trace_sig_0016_rfc5933, trace_sig_0018_rfc5933, trace_sig_0020_rfc5933, trace_sig_0022_rfc5933, trace_sig_0029_rfc5933, trace_sig_0030_rfc5933, trace_sig_0031_rfc5933, trace_sig_0033_rfc5933, trace_sig_0036_rfc5933 in reasoning_traces.json and settle them by hand: for each, decide whether the recorded field values really identify RFC 5933 or merely something consistent with it, then mark the item accepted or rejected. Recording the outcome here is what stops the same observations being re-litigated next run. If this volume is unmanageable, wire a real LLM backend (see openintel_rfc.llm_verifier.register_verifier) rather than relaxing the checklist.",needs_manual_review,"Manual review required: signal sig_0011 matched 1 indicator(s) of RFC 5933 (rfc5933_gost_ds_digest) but required indicator(s) rfc5933_ecc_gost_algorithm did not match, scoring 0.0. All referenced fields were present, so the unmatched indicator(s) genuinely did not hold for this observation.","{""affected_signal_id_count"": 10, ""backend"": ""deterministic"", ""decisions"": [""partial_match""], ""explanations"": [""Manual review required: signal sig_0011 matched 1 indicator(s) of RFC 5933 (rfc5933_gost_ds_digest) but required indicator(s) rfc5933_ecc_gost_algorithm did not match, scoring 0.0. All referenced fields were present, so the unmatched indicator(s) genuinely did not hold for this observation."", ""Manual review required: signal sig_0016 matched 1 indicator(s) of RFC 5933 (rfc5933_gost_ds_digest) but required indicator(s) rfc5933_ecc_gost_algorithm did not match, scoring 0.0. All referenced fields were present, so the unmatched indicator(s) genuinely did not hold for this observation."", ""Manual review required: signal sig_0018 matched 1 indicator(s) of RFC 5933 (rfc5933_gost_ds_digest) but required indicator(s) rfc5933_ecc_gost_algorithm did not match, scoring 0.0. All referenced fields were present, so the unmatched indicator(s) genuinely did not hold for this observation."", ""Manual review required: signal sig_0020 matched 1 indicator(s) of RFC 5933 (rfc5933_gost_ds_digest) but required indicator(s) rfc5933_ecc_gost_algorithm did not match, scoring 0.0. All referenced fields were present, so the unmatched indicator(s) genuinely did not hold for this observation."", ""Manual review required: signal sig_0022 matched 1 indicator(s) of RFC 5933 (rfc5933_gost_ds_digest) but required indicator(s) rfc5933_ecc_gost_algorithm did not match, scoring 0.0. All referenced fields were present, so the unmatched indicator(s) genuinely did not hold for this observation."", ""Manual review required: signal sig_0029 matched 1 indicator(s) of RFC 5933 (rfc5933_gost_ds_digest) but required indicator(s) rfc5933_ecc_gost_algorithm did not match, scoring 0.0. All referenced fields were present, so the unmatched indicator(s) genuinely did not hold for this observation."", ""Manual review required: signal sig_0030 matched 1 indicator(s) of RFC 5933 (rfc5933_gost_ds_digest) but required indicator(s) rfc5933_ecc_gost_algorithm did not match, scoring 0.0. All referenced fields were present, so the unmatched indicator(s) genuinely did not hold for this observation."", ""Manual review required: signal sig_0031 matched 1 indicator(s) of RFC 5933 (rfc5933_gost_ds_digest) but required indicator(s) rfc5933_ecc_gost_algorithm did not match, scoring 0.0. All referenced fields were present, so the unmatched indicator(s) genuinely did not hold for this observation."", ""Manual review required: signal sig_0033 matched 1 indicator(s) of RFC 5933 (rfc5933_gost_ds_digest) but required indicator(s) rfc5933_ecc_gost_algorithm did not match, scoring 0.0. All referenced fields were present, so the unmatched indicator(s) genuinely did not hold for this observation."", ""Manual review required: signal sig_0036 matched 1 indicator(s) of RFC 5933 (rfc5933_gost_ds_digest) but required indicator(s) rfc5933_ecc_gost_algorithm did not match, scoring 0.0. All referenced fields were present, so the unmatched indicator(s) genuinely did not hold for this observation.""], ""representative_explanation"": ""Manual review required: signal sig_0011 matched 1 indicator(s) of RFC 5933 (rfc5933_gost_ds_digest) but required indicator(s) rfc5933_ecc_gost_algorithm did not match, scoring 0.0. All referenced fields were present, so the unmatched indicator(s) genuinely did not hold for this observation."", ""representative_trace_id"": ""trace_sig_0011_rfc5933"", ""rfc_id"": ""RFC 5933"", ""trace_count"": 10, ""trace_ids_truncated"": false}"
rev_0027,llm_review_recommended,medium,unresolved,"The deterministic verifier returned needs_manual_review for 36 trace(s) on RFC 6840 (decisions: non_queryable). Representative verdict: Manual review required: RFC 6840 could not be evaluated against signal sig_0003 because its required indicator(s) rfc6840_mandatory_algorithm_rules depend on field(s) name_algorithm_set_consistency that the OpenINTEL corpus does not export; no evidence was gathered either for or against adoption, so this must not be reported as a negative result.",RFC 6840,name_algorithm_set_consistency,sig_0003; sig_0004; sig_0005; sig_0006; sig_0007; sig_0008; sig_0009; sig_0010; sig_0011; sig_0012; sig_0013; sig_0014; sig_0015; sig_0016; sig_0017; sig_0018; sig_0019; sig_0020; sig_0021; sig_0022,trace_sig_0003_rfc6840; trace_sig_0004_rfc6840; trace_sig_0005_rfc6840; trace_sig_0006_rfc6840; trace_sig_0007_rfc6840; trace_sig_0008_rfc6840; trace_sig_0009_rfc6840; trace_sig_0010_rfc6840; trace_sig_0011_rfc6840; trace_sig_0012_rfc6840; trace_sig_0013_rfc6840; trace_sig_0014_rfc6840; trace_sig_0015_rfc6840; trace_sig_0016_rfc6840; trace_sig_0017_rfc6840; trace_sig_0018_rfc6840; trace_sig_0019_rfc6840; trace_sig_0020_rfc6840; trace_sig_0021_rfc6840; trace_sig_0022_rfc6840,"Open trace(s) trace_sig_0003_rfc6840, trace_sig_0004_rfc6840, trace_sig_0005_rfc6840, trace_sig_0006_rfc6840, trace_sig_0007_rfc6840, trace_sig_0008_rfc6840, trace_sig_0009_rfc6840, trace_sig_0010_rfc6840, trace_sig_0011_rfc6840, trace_sig_0012_rfc6840, trace_sig_0013_rfc6840, trace_sig_0014_rfc6840, trace_sig_0015_rfc6840, trace_sig_0016_rfc6840, trace_sig_0017_rfc6840, trace_sig_0018_rfc6840, trace_sig_0019_rfc6840, trace_sig_0020_rfc6840, trace_sig_0021_rfc6840, trace_sig_0022_rfc6840 in reasoning_traces.json and settle them by hand: for each, decide whether the recorded field values really identify RFC 6840 or merely something consistent with it, then mark the item accepted or rejected. Recording the outcome here is what stops the same observations being re-litigated next run. If this volume is unmanageable, wire a real LLM backend (see openintel_rfc.llm_verifier.register_verifier) rather than relaxing the checklist.",needs_manual_review,"Manual review required: RFC 6840 could not be evaluated against signal sig_0003 because its required indicator(s) rfc6840_mandatory_algorithm_rules depend on field(s) name_algorithm_set_consistency that the OpenINTEL corpus does not export; no evidence was gathered either for or against adoption, so this must not be reported as a negative result.","{""affected_signal_id_count"": 36, ""backend"": ""deterministic"", ""decisions"": [""non_queryable""], ""explanations"": [""Manual review required: RFC 6840 could not be evaluated against signal sig_0003 because its required indicator(s) rfc6840_mandatory_algorithm_rules depend on field(s) name_algorithm_set_consistency that the OpenINTEL corpus does not export; no evidence was gathered either for or against adoption, so this must not be reported as a negative result."", ""Manual review required: RFC 6840 could not be evaluated against signal sig_0004 because its required indicator(s) rfc6840_mandatory_algorithm_rules depend on field(s) name_algorithm_set_consistency that the OpenINTEL corpus does not export; no evidence was gathered either for or against adoption, so this must not be reported as a negative result."", ""Manual review required: RFC 6840 could not be evaluated against signal sig_0005 because its required indicator(s) rfc6840_mandatory_algorithm_rules depend on field(s) name_algorithm_set_consistency that the OpenINTEL corpus does not export; no evidence was gathered either for or against adoption, so this must not be reported as a negative result."", ""Manual review required: RFC 6840 could not be evaluated against signal sig_0006 because its required indicator(s) rfc6840_mandatory_algorithm_rules depend on field(s) name_algorithm_set_consistency that the OpenINTEL corpus does not export; no evidence was gathered either for or against adoption, so this must not be reported as a negative result."", ""Manual review required: RFC 6840 could not be evaluated against signal sig_0007 because its required indicator(s) rfc6840_mandatory_algorithm_rules depend on field(s) name_algorithm_set_consistency that the OpenINTEL corpus does not export; no evidence was gathered either for or against adoption, so this must not be reported as a negative result."", ""Manual review required: RFC 6840 could not be evaluated against signal sig_0008 because its required indicator(s) rfc6840_mandatory_algorithm_rules depend on field(s) name_algorithm_set_consistency that the OpenINTEL corpus does not export; no evidence was gathered either for or against adoption, so this must not be reported as a negative result."", ""Manual review required: RFC 6840 could not be evaluated against signal sig_0009 because its required indicator(s) rfc6840_mandatory_algorithm_rules depend on field(s) name_algorithm_set_consistency that the OpenINTEL corpus does not export; no evidence was gathered either for or against adoption, so this must not be reported as a negative result."", ""Manual review required: RFC 6840 could not be evaluated against signal sig_0010 because its required indicator(s) rfc6840_mandatory_algorithm_rules depend on field(s) name_algorithm_set_consistency that the OpenINTEL corpus does not export; no evidence was gathered either for or against adoption, so this must not be reported as a negative result."", ""Manual review required: RFC 6840 could not be evaluated against signal sig_0011 because its required indicator(s) rfc6840_mandatory_algorithm_rules depend on field(s) name_algorithm_set_consistency that the OpenINTEL corpus does not export; no evidence was gathered either for or against adoption, so this must not be reported as a negative result."", ""Manual review required: RFC 6840 could not be evaluated against signal sig_0012 because its required indicator(s) rfc6840_mandatory_algorithm_rules depend on field(s) name_algorithm_set_consistency that the OpenINTEL corpus does not export; no evidence was gathered either for or against adoption, so this must not be reported as a negative result."", ""Manual review required: RFC 6840 could not be evaluated against signal sig_0013 because its required indicator(s) rfc6840_mandatory_algorithm_rules depend on field(s) name_algorithm_set_consistency that the OpenINTEL corpus does not export; no evidence was gathered either for or against adoption, so this must not be reported as a negative result."", ""Manual review required: RFC 6840 could not be evaluated against signal sig_0014 because its required indicator(s) rfc6840_mandatory_algorithm_rules depend on field(s) name_algorithm_set_consistency that the OpenINTEL corpus does not export; no evidence was gathered either for or against adoption, so this must not be reported as a negative result."", ""Manual review required: RFC 6840 could not be evaluated against signal sig_0015 because its required indicator(s) rfc6840_mandatory_algorithm_rules depend on field(s) name_algorithm_set_consistency that the OpenINTEL corpus does not export; no evidence was gathered either for or against adoption, so this must not be reported as a negative result."", ""Manual review required: RFC 6840 could not be evaluated against signal sig_0016 because its required indicator(s) rfc6840_mandatory_algorithm_rules depend on field(s) name_algorithm_set_consistency that the OpenINTEL corpus does not export; no evidence was gathered either for or against adoption, so this must not be reported as a negative result."", ""Manual review required: RFC 6840 could not be evaluated against signal sig_0017 because its required indicator(s) rfc6840_mandatory_algorithm_rules depend on field(s) name_algorithm_set_consistency that the OpenINTEL corpus does not export; no evidence was gathered either for or against adoption, so this must not be reported as a negative result."", ""Manual review required: RFC 6840 could not be evaluated against signal sig_0018 because its required indicator(s) rfc6840_mandatory_algorithm_rules depend on field(s) name_algorithm_set_consistency that the OpenINTEL corpus does not export; no evidence was gathered either for or against adoption, so this must not be reported as a negative result."", ""Manual review required: RFC 6840 could not be evaluated against signal sig_0019 because its required indicator(s) rfc6840_mandatory_algorithm_rules depend on field(s) name_algorithm_set_consistency that the OpenINTEL corpus does not export; no evidence was gathered either for or against adoption, so this must not be reported as a negative result."", ""Manual review required: RFC 6840 could not be evaluated against signal sig_0020 because its required indicator(s) rfc6840_mandatory_algorithm_rules depend on field(s) name_algorithm_set_consistency that the OpenINTEL corpus does not export; no evidence was gathered either for or against adoption, so this must not be reported as a negative result."", ""Manual review required: RFC 6840 could not be evaluated against signal sig_0021 because its required indicator(s) rfc6840_mandatory_algorithm_rules depend on field(s) name_algorithm_set_consistency that the OpenINTEL corpus does not export; no evidence was gathered either for or against adoption, so this must not be reported as a negative result."", ""Manual review required: RFC 6840 could not be evaluated against signal sig_0022 because its required indicator(s) rfc6840_mandatory_algorithm_rules depend on field(s) name_algorithm_set_consistency that the OpenINTEL corpus does not export; no evidence was gathered either for or against adoption, so this must not be reported as a negative result.""], ""representative_explanation"": ""Manual review required: RFC 6840 could not be evaluated against signal sig_0003 because its required indicator(s) rfc6840_mandatory_algorithm_rules depend on field(s) name_algorithm_set_consistency that the OpenINTEL corpus does not export; no evidence was gathered either for or against adoption, so this must not be reported as a negative result."", ""representative_trace_id"": ""trace_sig_0003_rfc6840"", ""rfc_id"": ""RFC 6840"", ""trace_count"": 36, ""trace_ids_truncated"": true}"
rev_0028,llm_review_recommended,medium,unresolved,"The deterministic verifier returned needs_manual_review for 32 trace(s) on RFC 7583 (decisions: non_queryable). Representative verdict: Manual review required: RFC 7583 could not be evaluated against signal sig_0007 because its required indicator(s) rfc7583_rollover_timing_observed depend on field(s) key_rollover_phase that the OpenINTEL corpus does not export; no evidence was gathered either for or against adoption, so this must not be reported as a negative result.",RFC 7583,key_rollover_phase,sig_0007; sig_0008; sig_0009; sig_0010; sig_0011; sig_0012; sig_0013; sig_0014; sig_0015; sig_0016; sig_0017; sig_0018; sig_0019; sig_0020; sig_0021; sig_0022; sig_0023; sig_0024; sig_0025; sig_0026,trace_sig_0007_rfc7583; trace_sig_0008_rfc7583; trace_sig_0009_rfc7583; trace_sig_0010_rfc7583; trace_sig_0011_rfc7583; trace_sig_0012_rfc7583; trace_sig_0013_rfc7583; trace_sig_0014_rfc7583; trace_sig_0015_rfc7583; trace_sig_0016_rfc7583; trace_sig_0017_rfc7583; trace_sig_0018_rfc7583; trace_sig_0019_rfc7583; trace_sig_0020_rfc7583; trace_sig_0021_rfc7583; trace_sig_0022_rfc7583; trace_sig_0023_rfc7583; trace_sig_0024_rfc7583; trace_sig_0025_rfc7583; trace_sig_0026_rfc7583,"Open trace(s) trace_sig_0007_rfc7583, trace_sig_0008_rfc7583, trace_sig_0009_rfc7583, trace_sig_0010_rfc7583, trace_sig_0011_rfc7583, trace_sig_0012_rfc7583, trace_sig_0013_rfc7583, trace_sig_0014_rfc7583, trace_sig_0015_rfc7583, trace_sig_0016_rfc7583, trace_sig_0017_rfc7583, trace_sig_0018_rfc7583, trace_sig_0019_rfc7583, trace_sig_0020_rfc7583, trace_sig_0021_rfc7583, trace_sig_0022_rfc7583, trace_sig_0023_rfc7583, trace_sig_0024_rfc7583, trace_sig_0025_rfc7583, trace_sig_0026_rfc7583 in reasoning_traces.json and settle them by hand: for each, decide whether the recorded field values really identify RFC 7583 or merely something consistent with it, then mark the item accepted or rejected. Recording the outcome here is what stops the same observations being re-litigated next run. If this volume is unmanageable, wire a real LLM backend (see openintel_rfc.llm_verifier.register_verifier) rather than relaxing the checklist.",needs_manual_review,"Manual review required: RFC 7583 could not be evaluated against signal sig_0007 because its required indicator(s) rfc7583_rollover_timing_observed depend on field(s) key_rollover_phase that the OpenINTEL corpus does not export; no evidence was gathered either for or against adoption, so this must not be reported as a negative result.","{""affected_signal_id_count"": 32, ""backend"": ""deterministic"", ""decisions"": [""non_queryable""], ""explanations"": [""Manual review required: RFC 7583 could not be evaluated against signal sig_0007 because its required indicator(s) rfc7583_rollover_timing_observed depend on field(s) key_rollover_phase that the OpenINTEL corpus does not export; no evidence was gathered either for or against adoption, so this must not be reported as a negative result."", ""Manual review required: RFC 7583 could not be evaluated against signal sig_0008 because its required indicator(s) rfc7583_rollover_timing_observed depend on field(s) key_rollover_phase that the OpenINTEL corpus does not export; no evidence was gathered either for or against adoption, so this must not be reported as a negative result."", ""Manual review required: RFC 7583 could not be evaluated against signal sig_0009 because its required indicator(s) rfc7583_rollover_timing_observed depend on field(s) key_rollover_phase that the OpenINTEL corpus does not export; no evidence was gathered either for or against adoption, so this must not be reported as a negative result."", ""Manual review required: RFC 7583 could not be evaluated against signal sig_0010 because its required indicator(s) rfc7583_rollover_timing_observed depend on field(s) key_rollover_phase that the OpenINTEL corpus does not export; no evidence was gathered either for or against adoption, so this must not be reported as a negative result."", ""Manual review required: RFC 7583 could not be evaluated against signal sig_0011 because its required indicator(s) rfc7583_rollover_timing_observed depend on field(s) key_rollover_phase that the OpenINTEL corpus does not export; no evidence was gathered either for or against adoption, so this must not be reported as a negative result."", ""Manual review required: RFC 7583 could not be evaluated against signal sig_0012 because its required indicator(s) rfc7583_rollover_timing_observed depend on field(s) key_rollover_phase that the OpenINTEL corpus does not export; no evidence was gathered either for or against adoption, so this must not be reported as a negative result."", ""Manual review required: RFC 7583 could not be evaluated against signal sig_0013 because its required indicator(s) rfc7583_rollover_timing_observed depend on field(s) key_rollover_phase that the OpenINTEL corpus does not export; no evidence was gathered either for or against adoption, so this must not be reported as a negative result."", ""Manual review required: RFC 7583 could not be evaluated against signal sig_0014 because its required indicator(s) rfc7583_rollover_timing_observed depend on field(s) key_rollover_phase that the OpenINTEL corpus does not export; no evidence was gathered either for or against adoption, so this must not be reported as a negative result."", ""Manual review required: RFC 7583 could not be evaluated against signal sig_0015 because its required indicator(s) rfc7583_rollover_timing_observed depend on field(s) key_rollover_phase that the OpenINTEL corpus does not export; no evidence was gathered either for or against adoption, so this must not be reported as a negative result."", ""Manual review required: RFC 7583 could not be evaluated against signal sig_0016 because its required indicator(s) rfc7583_rollover_timing_observed depend on field(s) key_rollover_phase that the OpenINTEL corpus does not export; no evidence was gathered either for or against adoption, so this must not be reported as a negative result."", ""Manual review required: RFC 7583 could not be evaluated against signal sig_0017 because its required indicator(s) rfc7583_rollover_timing_observed depend on field(s) key_rollover_phase that the OpenINTEL corpus does not export; no evidence was gathered either for or against adoption, so this must not be reported as a negative result."", ""Manual review required: RFC 7583 could not be evaluated against signal sig_0018 because its required indicator(s) rfc7583_rollover_timing_observed depend on field(s) key_rollover_phase that the OpenINTEL corpus does not export; no evidence was gathered either for or against adoption, so this must not be reported as a negative result."", ""Manual review required: RFC 7583 could not be evaluated against signal sig_0019 because its required indicator(s) rfc7583_rollover_timing_observed depend on field(s) key_rollover_phase that the OpenINTEL corpus does not export; no evidence was gathered either for or against adoption, so this must not be reported as a negative result."", ""Manual review required: RFC 7583 could not be evaluated against signal sig_0020 because its required indicator(s) rfc7583_rollover_timing_observed depend on field(s) key_rollover_phase that the OpenINTEL corpus does not export; no evidence was gathered either for or against adoption, so this must not be reported as a negative result."", ""Manual review required: RFC 7583 could not be evaluated against signal sig_0021 because its required indicator(s) rfc7583_rollover_timing_observed depend on field(s) key_rollover_phase that the OpenINTEL corpus does not export; no evidence was gathered either for or against adoption, so this must not be reported as a negative result."", ""Manual review required: RFC 7583 could not be evaluated against signal sig_0022 because its required indicator(s) rfc7583_rollover_timing_observed depend on field(s) key_rollover_phase that the OpenINTEL corpus does not export; no evidence was gathered either for or against adoption, so this must not be reported as a negative result."", ""Manual review required: RFC 7583 could not be evaluated against signal sig_0023 because its required indicator(s) rfc7583_rollover_timing_observed depend on field(s) key_rollover_phase that the OpenINTEL corpus does not export; no evidence was gathered either for or against adoption, so this must not be reported as a negative result."", ""Manual review required: RFC 7583 could not be evaluated against signal sig_0024 because its required indicator(s) rfc7583_rollover_timing_observed depend on field(s) key_rollover_phase that the OpenINTEL corpus does not export; no evidence was gathered either for or against adoption, so this must not be reported as a negative result."", ""Manual review required: RFC 7583 could not be evaluated against signal sig_0025 because its required indicator(s) rfc7583_rollover_timing_observed depend on field(s) key_rollover_phase that the OpenINTEL corpus does not export; no evidence was gathered either for or against adoption, so this must not be reported as a negative result."", ""Manual review required: RFC 7583 could not be evaluated against signal sig_0026 because its required indicator(s) rfc7583_rollover_timing_observed depend on field(s) key_rollover_phase that the OpenINTEL corpus does not export; no evidence was gathered either for or against adoption, so this must not be reported as a negative result.""], ""representative_explanation"": ""Manual review required: RFC 7583 could not be evaluated against signal sig_0007 because its required indicator(s) rfc7583_rollover_timing_observed depend on field(s) key_rollover_phase that the OpenINTEL corpus does not export; no evidence was gathered either for or against adoption, so this must not be reported as a negative result."", ""representative_trace_id"": ""trace_sig_0007_rfc7583"", ""rfc_id"": ""RFC 7583"", ""trace_count"": 32, ""trace_ids_truncated"": true}"
rev_0029,llm_review_recommended,medium,unresolved,"The deterministic verifier returned needs_manual_review for 31 trace(s) on RFC 8198 (decisions: non_queryable). Representative verdict: Manual review required: RFC 8198 could not be evaluated against signal sig_0008 because its required indicator(s) rfc8198_aggressive_nsec_use depend on field(s) resolver_synthesised_nxdomain that the OpenINTEL corpus does not export; no evidence was gathered either for or against adoption, so this must not be reported as a negative result.",RFC 8198,resolver_synthesised_nxdomain,sig_0008; sig_0009; sig_0010; sig_0011; sig_0012; sig_0013; sig_0014; sig_0015; sig_0016; sig_0017; sig_0018; sig_0019; sig_0020; sig_0021; sig_0022; sig_0023; sig_0024; sig_0025; sig_0026; sig_0027,trace_sig_0008_rfc8198; trace_sig_0009_rfc8198; trace_sig_0010_rfc8198; trace_sig_0011_rfc8198; trace_sig_0012_rfc8198; trace_sig_0013_rfc8198; trace_sig_0014_rfc8198; trace_sig_0015_rfc8198; trace_sig_0016_rfc8198; trace_sig_0017_rfc8198; trace_sig_0018_rfc8198; trace_sig_0019_rfc8198; trace_sig_0020_rfc8198; trace_sig_0021_rfc8198; trace_sig_0022_rfc8198; trace_sig_0023_rfc8198; trace_sig_0024_rfc8198; trace_sig_0025_rfc8198; trace_sig_0026_rfc8198; trace_sig_0027_rfc8198,"Open trace(s) trace_sig_0008_rfc8198, trace_sig_0009_rfc8198, trace_sig_0010_rfc8198, trace_sig_0011_rfc8198, trace_sig_0012_rfc8198, trace_sig_0013_rfc8198, trace_sig_0014_rfc8198, trace_sig_0015_rfc8198, trace_sig_0016_rfc8198, trace_sig_0017_rfc8198, trace_sig_0018_rfc8198, trace_sig_0019_rfc8198, trace_sig_0020_rfc8198, trace_sig_0021_rfc8198, trace_sig_0022_rfc8198, trace_sig_0023_rfc8198, trace_sig_0024_rfc8198, trace_sig_0025_rfc8198, trace_sig_0026_rfc8198, trace_sig_0027_rfc8198 in reasoning_traces.json and settle them by hand: for each, decide whether the recorded field values really identify RFC 8198 or merely something consistent with it, then mark the item accepted or rejected. Recording the outcome here is what stops the same observations being re-litigated next run. If this volume is unmanageable, wire a real LLM backend (see openintel_rfc.llm_verifier.register_verifier) rather than relaxing the checklist.",needs_manual_review,"Manual review required: RFC 8198 could not be evaluated against signal sig_0008 because its required indicator(s) rfc8198_aggressive_nsec_use depend on field(s) resolver_synthesised_nxdomain that the OpenINTEL corpus does not export; no evidence was gathered either for or against adoption, so this must not be reported as a negative result.","{""affected_signal_id_count"": 31, ""backend"": ""deterministic"", ""decisions"": [""non_queryable""], ""explanations"": [""Manual review required: RFC 8198 could not be evaluated against signal sig_0008 because its required indicator(s) rfc8198_aggressive_nsec_use depend on field(s) resolver_synthesised_nxdomain that the OpenINTEL corpus does not export; no evidence was gathered either for or against adoption, so this must not be reported as a negative result."", ""Manual review required: RFC 8198 could not be evaluated against signal sig_0009 because its required indicator(s) rfc8198_aggressive_nsec_use depend on field(s) resolver_synthesised_nxdomain that the OpenINTEL corpus does not export; no evidence was gathered either for or against adoption, so this must not be reported as a negative result."", ""Manual review required: RFC 8198 could not be evaluated against signal sig_0010 because its required indicator(s) rfc8198_aggressive_nsec_use depend on field(s) resolver_synthesised_nxdomain that the OpenINTEL corpus does not export; no evidence was gathered either for or against adoption, so this must not be reported as a negative result."", ""Manual review required: RFC 8198 could not be evaluated against signal sig_0011 because its required indicator(s) rfc8198_aggressive_nsec_use depend on field(s) resolver_synthesised_nxdomain that the OpenINTEL corpus does not export; no evidence was gathered either for or against adoption, so this must not be reported as a negative result."", ""Manual review required: RFC 8198 could not be evaluated against signal sig_0012 because its required indicator(s) rfc8198_aggressive_nsec_use depend on field(s) resolver_synthesised_nxdomain that the OpenINTEL corpus does not export; no evidence was gathered either for or against adoption, so this must not be reported as a negative result."", ""Manual review required: RFC 8198 could not be evaluated against signal sig_0013 because its required indicator(s) rfc8198_aggressive_nsec_use depend on field(s) resolver_synthesised_nxdomain that the OpenINTEL corpus does not export; no evidence was gathered either for or against adoption, so this must not be reported as a negative result."", ""Manual review required: RFC 8198 could not be evaluated against signal sig_0014 because its required indicator(s) rfc8198_aggressive_nsec_use depend on field(s) resolver_synthesised_nxdomain that the OpenINTEL corpus does not export; no evidence was gathered either for or against adoption, so this must not be reported as a negative result."", ""Manual review required: RFC 8198 could not be evaluated against signal sig_0015 because its required indicator(s) rfc8198_aggressive_nsec_use depend on field(s) resolver_synthesised_nxdomain that the OpenINTEL corpus does not export; no evidence was gathered either for or against adoption, so this must not be reported as a negative result."", ""Manual review required: RFC 8198 could not be evaluated against signal sig_0016 because its required indicator(s) rfc8198_aggressive_nsec_use depend on field(s) resolver_synthesised_nxdomain that the OpenINTEL corpus does not export; no evidence was gathered either for or against adoption, so this must not be reported as a negative result."", ""Manual review required: RFC 8198 could not be evaluated against signal sig_0017 because its required indicator(s) rfc8198_aggressive_nsec_use depend on field(s) resolver_synthesised_nxdomain that the OpenINTEL corpus does not export; no evidence was gathered either for or against adoption, so this must not be reported as a negative result."", ""Manual review required: RFC 8198 could not be evaluated against signal sig_0018 because its required indicator(s) rfc8198_aggressive_nsec_use depend on field(s) resolver_synthesised_nxdomain that the OpenINTEL corpus does not export; no evidence was gathered either for or against adoption, so this must not be reported as a negative result."", ""Manual review required: RFC 8198 could not be evaluated against signal sig_0019 because its required indicator(s) rfc8198_aggressive_nsec_use depend on field(s) resolver_synthesised_nxdomain that the OpenINTEL corpus does not export; no evidence was gathered either for or against adoption, so this must not be reported as a negative result."", ""Manual review required: RFC 8198 could not be evaluated against signal sig_0020 because its required indicator(s) rfc8198_aggressive_nsec_use depend on field(s) resolver_synthesised_nxdomain that the OpenINTEL corpus does not export; no evidence was gathered either for or against adoption, so this must not be reported as a negative result."", ""Manual review required: RFC 8198 could not be evaluated against signal sig_0021 because its required indicator(s) rfc8198_aggressive_nsec_use depend on field(s) resolver_synthesised_nxdomain that the OpenINTEL corpus does not export; no evidence was gathered either for or against adoption, so this must not be reported as a negative result."", ""Manual review required: RFC 8198 could not be evaluated against signal sig_0022 because its required indicator(s) rfc8198_aggressive_nsec_use depend on field(s) resolver_synthesised_nxdomain that the OpenINTEL corpus does not export; no evidence was gathered either for or against adoption, so this must not be reported as a negative result."", ""Manual review required: RFC 8198 could not be evaluated against signal sig_0023 because its required indicator(s) rfc8198_aggressive_nsec_use depend on field(s) resolver_synthesised_nxdomain that the OpenINTEL corpus does not export; no evidence was gathered either for or against adoption, so this must not be reported as a negative result."", ""Manual review required: RFC 8198 could not be evaluated against signal sig_0024 because its required indicator(s) rfc8198_aggressive_nsec_use depend on field(s) resolver_synthesised_nxdomain that the OpenINTEL corpus does not export; no evidence was gathered either for or against adoption, so this must not be reported as a negative result."", ""Manual review required: RFC 8198 could not be evaluated against signal sig_0025 because its required indicator(s) rfc8198_aggressive_nsec_use depend on field(s) resolver_synthesised_nxdomain that the OpenINTEL corpus does not export; no evidence was gathered either for or against adoption, so this must not be reported as a negative result."", ""Manual review required: RFC 8198 could not be evaluated against signal sig_0026 because its required indicator(s) rfc8198_aggressive_nsec_use depend on field(s) resolver_synthesised_nxdomain that the OpenINTEL corpus does not export; no evidence was gathered either for or against adoption, so this must not be reported as a negative result."", ""Manual review required: RFC 8198 could not be evaluated against signal sig_0027 because its required indicator(s) rfc8198_aggressive_nsec_use depend on field(s) resolver_synthesised_nxdomain that the OpenINTEL corpus does not export; no evidence was gathered either for or against adoption, so this must not be reported as a negative result.""], ""representative_explanation"": ""Manual review required: RFC 8198 could not be evaluated against signal sig_0008 because its required indicator(s) rfc8198_aggressive_nsec_use depend on field(s) resolver_synthesised_nxdomain that the OpenINTEL corpus does not export; no evidence was gathered either for or against adoption, so this must not be reported as a negative result."", ""representative_trace_id"": ""trace_sig_0008_rfc8198"", ""rfc_id"": ""RFC 8198"", ""trace_count"": 31, ""trace_ids_truncated"": true}"
rev_0030,llm_review_recommended,medium,unresolved,"The deterministic verifier returned needs_manual_review for 29 trace(s) on RFC 8624 (decisions: ambiguous, partial_match). Representative verdict: Manual review required: signal sig_0010 matched 1 indicator(s) of RFC 8624 (rfc8624_avoids_deprecated_algorithm) but required indicator(s) rfc8624_recommended_signing_algorithm did not match, scoring 0.0. Field(s) rr_type, validator_algorithm_support were absent from the observation, so the pipeline cannot distinguish non-adoption from missing data.",RFC 8624,rr_type; validator_algorithm_support,sig_0010; sig_0011; sig_0012; sig_0013; sig_0014; sig_0015; sig_0016; sig_0017; sig_0018; sig_0019; sig_0020; sig_0021; sig_0022; sig_0023; sig_0024; sig_0025; sig_0026; sig_0027; sig_0028; sig_0029,trace_sig_0010_rfc8624; trace_sig_0011_rfc8624; trace_sig_0012_rfc8624; trace_sig_0013_rfc8624; trace_sig_0014_rfc8624; trace_sig_0015_rfc8624; trace_sig_0016_rfc8624; trace_sig_0017_rfc8624; trace_sig_0018_rfc8624; trace_sig_0019_rfc8624; trace_sig_0020_rfc8624; trace_sig_0021_rfc8624; trace_sig_0022_rfc8624; trace_sig_0023_rfc8624; trace_sig_0024_rfc8624; trace_sig_0025_rfc8624; trace_sig_0026_rfc8624; trace_sig_0027_rfc8624; trace_sig_0028_rfc8624; trace_sig_0029_rfc8624,"Open trace(s) trace_sig_0010_rfc8624, trace_sig_0011_rfc8624, trace_sig_0012_rfc8624, trace_sig_0013_rfc8624, trace_sig_0014_rfc8624, trace_sig_0015_rfc8624, trace_sig_0016_rfc8624, trace_sig_0017_rfc8624, trace_sig_0018_rfc8624, trace_sig_0019_rfc8624, trace_sig_0020_rfc8624, trace_sig_0021_rfc8624, trace_sig_0022_rfc8624, trace_sig_0023_rfc8624, trace_sig_0024_rfc8624, trace_sig_0025_rfc8624, trace_sig_0026_rfc8624, trace_sig_0027_rfc8624, trace_sig_0028_rfc8624, trace_sig_0029_rfc8624 in reasoning_traces.json and settle them by hand: for each, decide whether the recorded field values really identify RFC 8624 or merely something consistent with it, then mark the item accepted or rejected. Recording the outcome here is what stops the same observations being re-litigated next run. If this volume is unmanageable, wire a real LLM backend (see openintel_rfc.llm_verifier.register_verifier) rather than relaxing the checklist.",needs_manual_review,"Manual review required: signal sig_0010 matched 1 indicator(s) of RFC 8624 (rfc8624_avoids_deprecated_algorithm) but required indicator(s) rfc8624_recommended_signing_algorithm did not match, scoring 0.0. Field(s) rr_type, validator_algorithm_support were absent from the observation, so the pipeline cannot distinguish non-adoption from missing data.","{""affected_signal_id_count"": 29, ""backend"": ""deterministic"", ""decisions"": [""ambiguous"", ""partial_match""], ""explanations"": [""Manual review required: signal sig_0010 matched 1 indicator(s) of RFC 8624 (rfc8624_avoids_deprecated_algorithm) but required indicator(s) rfc8624_recommended_signing_algorithm did not match, scoring 0.0. Field(s) rr_type, validator_algorithm_support were absent from the observation, so the pipeline cannot distinguish non-adoption from missing data."", ""Manual review required: every required indicator of RFC 8624 matched signal sig_0011 observed on 2019-12-01T00:00:00, but indicator(s) rfc8624_recommended_signing_algorithm, rfc8624_avoids_deprecated_algorithm are flagged ambiguous in the checklist, meaning the same field values (algorithm) are equally well explained by another RFC; attribution has to be settled by a human, not by the score."", ""Manual review required: every required indicator of RFC 8624 matched signal sig_0012 observed on 2020-04-01T00:00:00, but indicator(s) rfc8624_recommended_signing_algorithm, rfc8624_avoids_deprecated_algorithm are flagged ambiguous in the checklist, meaning the same field values (algorithm) are equally well explained by another RFC; attribution has to be settled by a human, not by the score."", ""Manual review required: signal sig_0013 matched 1 indicator(s) of RFC 8624 (rfc8624_avoids_deprecated_algorithm) but required indicator(s) rfc8624_recommended_signing_algorithm did not match, scoring 0.0. Field(s) rr_type, validator_algorithm_support were absent from the observation, so the pipeline cannot distinguish non-adoption from missing data."", ""Manual review required: every required indicator of RFC 8624 matched signal sig_0014 observed on 2020-11-01T00:00:00, but indicator(s) rfc8624_recommended_signing_algorithm, rfc8624_avoids_deprecated_algorithm are flagged ambiguous in the checklist, meaning the same field values (algorithm) are equally well explained by another RFC; attribution has to be settled by a human, not by the score."", ""Manual review required: every required indicator of RFC 8624 matched signal sig_0015 observed on 2021-02-01T00:00:00, but indicator(s) rfc8624_recommended_signing_algorithm, rfc8624_avoids_deprecated_algorithm are flagged ambiguous in the checklist, meaning the same field values (algorithm) are equally well explained by another RFC; attribution has to be settled by a human, not by the score."", ""Manual review required: every required indicator of RFC 8624 matched signal sig_0016 observed on 2022-05-01T00:00:00, but indicator(s) rfc8624_recommended_signing_algorithm, rfc8624_avoids_deprecated_algorithm are flagged ambiguous in the checklist, meaning the same field values (algorithm) are equally well explained by another RFC; attribution has to be settled by a human, not by the score."", ""Manual review required: signal sig_0017 matched 1 indicator(s) of RFC 8624 (rfc8624_avoids_deprecated_algorithm) but required indicator(s) rfc8624_recommended_signing_algorithm did not match, scoring 0.0. Field(s) rr_type, validator_algorithm_support were absent from the observation, so the pipeline cannot distinguish non-adoption from missing data."", ""Manual review required: every required indicator of RFC 8624 matched signal sig_0018 observed on 2022-11-01T00:00:00, but indicator(s) rfc8624_recommended_signing_algorithm, rfc8624_avoids_deprecated_algorithm are flagged ambiguous in the checklist, meaning the same field values (algorithm) are equally well explained by another RFC; attribution has to be settled by a human, not by the score."", ""Manual review required: every required indicator of RFC 8624 matched signal sig_0019 observed on 2023-05-01T00:00:00, but indicator(s) rfc8624_recommended_signing_algorithm, rfc8624_avoids_deprecated_algorithm are flagged ambiguous in the checklist, meaning the same field values (algorithm) are equally well explained by another RFC; attribution has to be settled by a human, not by the score."", ""Manual review required: every required indicator of RFC 8624 matched signal sig_0020 observed on 2023-06-01T00:00:00, but indicator(s) rfc8624_recommended_signing_algorithm, rfc8624_avoids_deprecated_algorithm are flagged ambiguous in the checklist, meaning the same field values (algorithm) are equally well explained by another RFC; attribution has to be settled by a human, not by the score."", ""Manual review required: every required indicator of RFC 8624 matched signal sig_0021 observed on 2023-10-01T00:00:00, but indicator(s) rfc8624_recommended_signing_algorithm, rfc8624_avoids_deprecated_algorithm are flagged ambiguous in the checklist, meaning the same field values (algorithm) are equally well explained by another RFC; attribution has to be settled by a human, not by the score."", ""Manual review required: every required indicator of RFC 8624 matched signal sig_0022 observed on 2024-03-01T00:00:00, but indicator(s) rfc8624_recommended_signing_algorithm, rfc8624_avoids_deprecated_algorithm are flagged ambiguous in the checklist, meaning the same field values (algorithm) are equally well explained by another RFC; attribution has to be settled by a human, not by the score."", ""Manual review required: signal sig_0023 matched 1 indicator(s) of RFC 8624 (rfc8624_avoids_deprecated_algorithm) but required indicator(s) rfc8624_recommended_signing_algorithm did not match, scoring 0.0. Field(s) rr_type, validator_algorithm_support were absent from the observation, so the pipeline cannot distinguish non-adoption from missing data."", ""Manual review required: every required indicator of RFC 8624 matched signal sig_0024 observed on 2025-07-01T00:00:00, but indicator(s) rfc8624_recommended_signing_algorithm, rfc8624_avoids_deprecated_algorithm are flagged ambiguous in the checklist, meaning the same field values (algorithm) are equally well explained by another RFC; attribution has to be settled by a human, not by the score."", ""Manual review required: signal sig_0025 matched 1 indicator(s) of RFC 8624 (rfc8624_avoids_deprecated_algorithm) but required indicator(s) rfc8624_recommended_signing_algorithm did not match, scoring 0.0. Field(s) rr_type, validator_algorithm_support were absent from the observation, so the pipeline cannot distinguish non-adoption from missing data."", ""Manual review required: signal sig_0026 matched 1 indicator(s) of RFC 8624 (rfc8624_avoids_deprecated_algorithm) but required indicator(s) rfc8624_recommended_signing_algorithm did not match, scoring 0.0. Field(s) rr_type, validator_algorithm_support were absent from the observation, so the pipeline cannot distinguish non-adoption from missing data."", ""Manual review required: every required indicator of RFC 8624 matched signal sig_0027 observed on 2025-11-01T00:00:00, but indicator(s) rfc8624_recommended_signing_algorithm, rfc8624_avoids_deprecated_algorithm are flagged ambiguous in the checklist, meaning the same field values (algorithm) are equally well explained by another RFC; attribution has to be settled by a human, not by the score."", ""Manual review required: every required indicator of RFC 8624 matched signal sig_0028 observed on 2025-11-01T00:00:00, but indicator(s) rfc8624_recommended_signing_algorithm, rfc8624_avoids_deprecated_algorithm are flagged ambiguous in the checklist, meaning the same field values (algorithm) are equally well explained by another RFC; attribution has to be settled by a human, not by the score."", ""Manual review required: signal sig_0029 matched 1 indicator(s) of RFC 8624 (rfc8624_avoids_deprecated_algorithm) but required indicator(s) rfc8624_recommended_signing_algorithm did not match, scoring 0.0. Field(s) rr_type, validator_algorithm_support were absent from the observation, so the pipeline cannot distinguish non-adoption from missing data.""], ""representative_explanation"": ""Manual review required: signal sig_0010 matched 1 indicator(s) of RFC 8624 (rfc8624_avoids_deprecated_algorithm) but required indicator(s) rfc8624_recommended_signing_algorithm did not match, scoring 0.0. Field(s) rr_type, validator_algorithm_support were absent from the observation, so the pipeline cannot distinguish non-adoption from missing data."", ""representative_trace_id"": ""trace_sig_0010_rfc8624"", ""rfc_id"": ""RFC 8624"", ""trace_count"": 29, ""trace_ids_truncated"": true}"
rev_0031,llm_review_recommended,medium,unresolved,"The deterministic verifier returned needs_manual_review for 20 trace(s) on RFC 9364 (decisions: non_queryable). Representative verdict: Manual review required: RFC 9364 could not be evaluated against signal sig_0019 because its required indicator(s) rfc9364_bcp_profile_declared depend on field(s) declared_standards_profile that the OpenINTEL corpus does not export; no evidence was gathered either for or against adoption, so this must not be reported as a negative result.",RFC 9364,declared_standards_profile,sig_0019; sig_0020; sig_0021; sig_0022; sig_0023; sig_0024; sig_0025; sig_0026; sig_0027; sig_0028; sig_0029; sig_0030; sig_0031; sig_0032; sig_0033; sig_0034; sig_0035; sig_0036; sig_0037; sig_0038,trace_sig_0019_rfc9364; trace_sig_0020_rfc9364; trace_sig_0021_rfc9364; trace_sig_0022_rfc9364; trace_sig_0023_rfc9364; trace_sig_0024_rfc9364; trace_sig_0025_rfc9364; trace_sig_0026_rfc9364; trace_sig_0027_rfc9364; trace_sig_0028_rfc9364; trace_sig_0029_rfc9364; trace_sig_0030_rfc9364; trace_sig_0031_rfc9364; trace_sig_0032_rfc9364; trace_sig_0033_rfc9364; trace_sig_0034_rfc9364; trace_sig_0035_rfc9364; trace_sig_0036_rfc9364; trace_sig_0037_rfc9364; trace_sig_0038_rfc9364,"Open trace(s) trace_sig_0019_rfc9364, trace_sig_0020_rfc9364, trace_sig_0021_rfc9364, trace_sig_0022_rfc9364, trace_sig_0023_rfc9364, trace_sig_0024_rfc9364, trace_sig_0025_rfc9364, trace_sig_0026_rfc9364, trace_sig_0027_rfc9364, trace_sig_0028_rfc9364, trace_sig_0029_rfc9364, trace_sig_0030_rfc9364, trace_sig_0031_rfc9364, trace_sig_0032_rfc9364, trace_sig_0033_rfc9364, trace_sig_0034_rfc9364, trace_sig_0035_rfc9364, trace_sig_0036_rfc9364, trace_sig_0037_rfc9364, trace_sig_0038_rfc9364 in reasoning_traces.json and settle them by hand: for each, decide whether the recorded field values really identify RFC 9364 or merely something consistent with it, then mark the item accepted or rejected. Recording the outcome here is what stops the same observations being re-litigated next run. If this volume is unmanageable, wire a real LLM backend (see openintel_rfc.llm_verifier.register_verifier) rather than relaxing the checklist.",needs_manual_review,"Manual review required: RFC 9364 could not be evaluated against signal sig_0019 because its required indicator(s) rfc9364_bcp_profile_declared depend on field(s) declared_standards_profile that the OpenINTEL corpus does not export; no evidence was gathered either for or against adoption, so this must not be reported as a negative result.","{""affected_signal_id_count"": 20, ""backend"": ""deterministic"", ""decisions"": [""non_queryable""], ""explanations"": [""Manual review required: RFC 9364 could not be evaluated against signal sig_0019 because its required indicator(s) rfc9364_bcp_profile_declared depend on field(s) declared_standards_profile that the OpenINTEL corpus does not export; no evidence was gathered either for or against adoption, so this must not be reported as a negative result."", ""Manual review required: RFC 9364 could not be evaluated against signal sig_0020 because its required indicator(s) rfc9364_bcp_profile_declared depend on field(s) declared_standards_profile that the OpenINTEL corpus does not export; no evidence was gathered either for or against adoption, so this must not be reported as a negative result."", ""Manual review required: RFC 9364 could not be evaluated against signal sig_0021 because its required indicator(s) rfc9364_bcp_profile_declared depend on field(s) declared_standards_profile that the OpenINTEL corpus does not export; no evidence was gathered either for or against adoption, so this must not be reported as a negative result."", ""Manual review required: RFC 9364 could not be evaluated against signal sig_0022 because its required indicator(s) rfc9364_bcp_profile_declared depend on field(s) declared_standards_profile that the OpenINTEL corpus does not export; no evidence was gathered either for or against adoption, so this must not be reported as a negative result."", ""Manual review required: RFC 9364 could not be evaluated against signal sig_0023 because its required indicator(s) rfc9364_bcp_profile_declared depend on field(s) declared_standards_profile that the OpenINTEL corpus does not export; no evidence was gathered either for or against adoption, so this must not be reported as a negative result."", ""Manual review required: RFC 9364 could not be evaluated against signal sig_0024 because its required indicator(s) rfc9364_bcp_profile_declared depend on field(s) declared_standards_profile that the OpenINTEL corpus does not export; no evidence was gathered either for or against adoption, so this must not be reported as a negative result."", ""Manual review required: RFC 9364 could not be evaluated against signal sig_0025 because its required indicator(s) rfc9364_bcp_profile_declared depend on field(s) declared_standards_profile that the OpenINTEL corpus does not export; no evidence was gathered either for or against adoption, so this must not be reported as a negative result."", ""Manual review required: RFC 9364 could not be evaluated against signal sig_0026 because its required indicator(s) rfc9364_bcp_profile_declared depend on field(s) declared_standards_profile that the OpenINTEL corpus does not export; no evidence was gathered either for or against adoption, so this must not be reported as a negative result."", ""Manual review required: RFC 9364 could not be evaluated against signal sig_0027 because its required indicator(s) rfc9364_bcp_profile_declared depend on field(s) declared_standards_profile that the OpenINTEL corpus does not export; no evidence was gathered either for or against adoption, so this must not be reported as a negative result."", ""Manual review required: RFC 9364 could not be evaluated against signal sig_0028 because its required indicator(s) rfc9364_bcp_profile_declared depend on field(s) declared_standards_profile that the OpenINTEL corpus does not export; no evidence was gathered either for or against adoption, so this must not be reported as a negative result."", ""Manual review required: RFC 9364 could not be evaluated against signal sig_0029 because its required indicator(s) rfc9364_bcp_profile_declared depend on field(s) declared_standards_profile that the OpenINTEL corpus does not export; no evidence was gathered either for or against adoption, so this must not be reported as a negative result."", ""Manual review required: RFC 9364 could not be evaluated against signal sig_0030 because its required indicator(s) rfc9364_bcp_profile_declared depend on field(s) declared_standards_profile that the OpenINTEL corpus does not export; no evidence was gathered either for or against adoption, so this must not be reported as a negative result."", ""Manual review required: RFC 9364 could not be evaluated against signal sig_0031 because its required indicator(s) rfc9364_bcp_profile_declared depend on field(s) declared_standards_profile that the OpenINTEL corpus does not export; no evidence was gathered either for or against adoption, so this must not be reported as a negative result."", ""Manual review required: RFC 9364 could not be evaluated against signal sig_0032 because its required indicator(s) rfc9364_bcp_profile_declared depend on field(s) declared_standards_profile that the OpenINTEL corpus does not export; no evidence was gathered either for or against adoption, so this must not be reported as a negative result."", ""Manual review required: RFC 9364 could not be evaluated against signal sig_0033 because its required indicator(s) rfc9364_bcp_profile_declared depend on field(s) declared_standards_profile that the OpenINTEL corpus does not export; no evidence was gathered either for or against adoption, so this must not be reported as a negative result."", ""Manual review required: RFC 9364 could not be evaluated against signal sig_0034 because its required indicator(s) rfc9364_bcp_profile_declared depend on field(s) declared_standards_profile that the OpenINTEL corpus does not export; no evidence was gathered either for or against adoption, so this must not be reported as a negative result."", ""Manual review required: RFC 9364 could not be evaluated against signal sig_0035 because its required indicator(s) rfc9364_bcp_profile_declared depend on field(s) declared_standards_profile that the OpenINTEL corpus does not export; no evidence was gathered either for or against adoption, so this must not be reported as a negative result."", ""Manual review required: RFC 9364 could not be evaluated against signal sig_0036 because its required indicator(s) rfc9364_bcp_profile_declared depend on field(s) declared_standards_profile that the OpenINTEL corpus does not export; no evidence was gathered either for or against adoption, so this must not be reported as a negative result."", ""Manual review required: RFC 9364 could not be evaluated against signal sig_0037 because its required indicator(s) rfc9364_bcp_profile_declared depend on field(s) declared_standards_profile that the OpenINTEL corpus does not export; no evidence was gathered either for or against adoption, so this must not be reported as a negative result."", ""Manual review required: RFC 9364 could not be evaluated against signal sig_0038 because its required indicator(s) rfc9364_bcp_profile_declared depend on field(s) declared_standards_profile that the OpenINTEL corpus does not export; no evidence was gathered either for or against adoption, so this must not be reported as a negative result.""], ""representative_explanation"": ""Manual review required: RFC 9364 could not be evaluated against signal sig_0019 because its required indicator(s) rfc9364_bcp_profile_declared depend on field(s) declared_standards_profile that the OpenINTEL corpus does not export; no evidence was gathered either for or against adoption, so this must not be reported as a negative result."", ""representative_trace_id"": ""trace_sig_0019_rfc9364"", ""rfc_id"": ""RFC 9364"", ""trace_count"": 20, ""trace_ids_truncated"": false}"
rev_0032,llm_review_recommended,medium,unresolved,"The deterministic verifier returned needs_manual_review for 15 trace(s) on RFC 9615 (decisions: non_queryable). Representative verdict: Manual review required: RFC 9615 could not be evaluated against signal sig_0024 because its required indicator(s) rfc9615_bootstrap_signal_label depend on field(s) domain, rr_type that the OpenINTEL corpus does not export; no evidence was gathered either for or against adoption, so this must not be reported as a negative result.",RFC 9615,domain; rr_type,sig_0024; sig_0025; sig_0026; sig_0027; sig_0028; sig_0029; sig_0030; sig_0031; sig_0032; sig_0033; sig_0034; sig_0035; sig_0036; sig_0037; sig_0038,trace_sig_0024_rfc9615; trace_sig_0025_rfc9615; trace_sig_0026_rfc9615; trace_sig_0027_rfc9615; trace_sig_0028_rfc9615; trace_sig_0029_rfc9615; trace_sig_0030_rfc9615; trace_sig_0031_rfc9615; trace_sig_0032_rfc9615; trace_sig_0033_rfc9615; trace_sig_0034_rfc9615; trace_sig_0035_rfc9615; trace_sig_0036_rfc9615; trace_sig_0037_rfc9615; trace_sig_0038_rfc9615,"Open trace(s) trace_sig_0024_rfc9615, trace_sig_0025_rfc9615, trace_sig_0026_rfc9615, trace_sig_0027_rfc9615, trace_sig_0028_rfc9615, trace_sig_0029_rfc9615, trace_sig_0030_rfc9615, trace_sig_0031_rfc9615, trace_sig_0032_rfc9615, trace_sig_0033_rfc9615, trace_sig_0034_rfc9615, trace_sig_0035_rfc9615, trace_sig_0036_rfc9615, trace_sig_0037_rfc9615, trace_sig_0038_rfc9615 in reasoning_traces.json and settle them by hand: for each, decide whether the recorded field values really identify RFC 9615 or merely something consistent with it, then mark the item accepted or rejected. Recording the outcome here is what stops the same observations being re-litigated next run. If this volume is unmanageable, wire a real LLM backend (see openintel_rfc.llm_verifier.register_verifier) rather than relaxing the checklist.",needs_manual_review,"Manual review required: RFC 9615 could not be evaluated against signal sig_0024 because its required indicator(s) rfc9615_bootstrap_signal_label depend on field(s) domain, rr_type that the OpenINTEL corpus does not export; no evidence was gathered either for or against adoption, so this must not be reported as a negative result.","{""affected_signal_id_count"": 15, ""backend"": ""deterministic"", ""decisions"": [""non_queryable""], ""explanations"": [""Manual review required: RFC 9615 could not be evaluated against signal sig_0024 because its required indicator(s) rfc9615_bootstrap_signal_label depend on field(s) domain, rr_type that the OpenINTEL corpus does not export; no evidence was gathered either for or against adoption, so this must not be reported as a negative result."", ""Manual review required: RFC 9615 could not be evaluated against signal sig_0025 because its required indicator(s) rfc9615_bootstrap_signal_label depend on field(s) domain, rr_type that the OpenINTEL corpus does not export; no evidence was gathered either for or against adoption, so this must not be reported as a negative result."", ""Manual review required: RFC 9615 could not be evaluated against signal sig_0026 because its required indicator(s) rfc9615_bootstrap_signal_label depend on field(s) domain, rr_type that the OpenINTEL corpus does not export; no evidence was gathered either for or against adoption, so this must not be reported as a negative result."", ""Manual review required: RFC 9615 could not be evaluated against signal sig_0027 because its required indicator(s) rfc9615_bootstrap_signal_label depend on field(s) domain, rr_type that the OpenINTEL corpus does not export; no evidence was gathered either for or against adoption, so this must not be reported as a negative result."", ""Manual review required: RFC 9615 could not be evaluated against signal sig_0028 because its required indicator(s) rfc9615_bootstrap_signal_label depend on field(s) domain, rr_type that the OpenINTEL corpus does not export; no evidence was gathered either for or against adoption, so this must not be reported as a negative result."", ""Manual review required: RFC 9615 could not be evaluated against signal sig_0029 because its required indicator(s) rfc9615_bootstrap_signal_label depend on field(s) domain, rr_type that the OpenINTEL corpus does not export; no evidence was gathered either for or against adoption, so this must not be reported as a negative result."", ""Manual review required: RFC 9615 could not be evaluated against signal sig_0030 because its required indicator(s) rfc9615_bootstrap_signal_label depend on field(s) domain, rr_type that the OpenINTEL corpus does not export; no evidence was gathered either for or against adoption, so this must not be reported as a negative result."", ""Manual review required: RFC 9615 could not be evaluated against signal sig_0031 because its required indicator(s) rfc9615_bootstrap_signal_label depend on field(s) domain, rr_type that the OpenINTEL corpus does not export; no evidence was gathered either for or against adoption, so this must not be reported as a negative result."", ""Manual review required: RFC 9615 could not be evaluated against signal sig_0032 because its required indicator(s) rfc9615_bootstrap_signal_label depend on field(s) domain, rr_type that the OpenINTEL corpus does not export; no evidence was gathered either for or against adoption, so this must not be reported as a negative result."", ""Manual review required: RFC 9615 could not be evaluated against signal sig_0033 because its required indicator(s) rfc9615_bootstrap_signal_label depend on field(s) domain, rr_type that the OpenINTEL corpus does not export; no evidence was gathered either for or against adoption, so this must not be reported as a negative result."", ""Manual review required: RFC 9615 could not be evaluated against signal sig_0034 because its required indicator(s) rfc9615_bootstrap_signal_label depend on field(s) domain, rr_type that the OpenINTEL corpus does not export; no evidence was gathered either for or against adoption, so this must not be reported as a negative result."", ""Manual review required: RFC 9615 could not be evaluated against signal sig_0035 because its required indicator(s) rfc9615_bootstrap_signal_label depend on field(s) domain, rr_type that the OpenINTEL corpus does not export; no evidence was gathered either for or against adoption, so this must not be reported as a negative result."", ""Manual review required: RFC 9615 could not be evaluated against signal sig_0036 because its required indicator(s) rfc9615_bootstrap_signal_label depend on field(s) domain, rr_type that the OpenINTEL corpus does not export; no evidence was gathered either for or against adoption, so this must not be reported as a negative result."", ""Manual review required: RFC 9615 could not be evaluated against signal sig_0037 because its required indicator(s) rfc9615_bootstrap_signal_label depend on field(s) domain, rr_type that the OpenINTEL corpus does not export; no evidence was gathered either for or against adoption, so this must not be reported as a negative result."", ""Manual review required: RFC 9615 could not be evaluated against signal sig_0038 because its required indicator(s) rfc9615_bootstrap_signal_label depend on field(s) domain, rr_type that the OpenINTEL corpus does not export; no evidence was gathered either for or against adoption, so this must not be reported as a negative result.""], ""representative_explanation"": ""Manual review required: RFC 9615 could not be evaluated against signal sig_0024 because its required indicator(s) rfc9615_bootstrap_signal_label depend on field(s) domain, rr_type that the OpenINTEL corpus does not export; no evidence was gathered either for or against adoption, so this must not be reported as a negative result."", ""representative_trace_id"": ""trace_sig_0024_rfc9615"", ""rfc_id"": ""RFC 9615"", ""trace_count"": 15, ""trace_ids_truncated"": false}"
rev_0033,llm_review_recommended,medium,unresolved,"The deterministic verifier returned needs_manual_review for 14 trace(s) on RFC 9904 (decisions: non_queryable). Representative verdict: Manual review required: RFC 9904 could not be evaluated against signal sig_0025 because its required indicator(s) rfc9904_algorithm_guidance_process depend on field(s) guidance_source_registry that the OpenINTEL corpus does not export; no evidence was gathered either for or against adoption, so this must not be reported as a negative result.",RFC 9904,guidance_source_registry,sig_0025; sig_0026; sig_0027; sig_0028; sig_0029; sig_0030; sig_0031; sig_0032; sig_0033; sig_0034; sig_0035; sig_0036; sig_0037; sig_0038,trace_sig_0025_rfc9904; trace_sig_0026_rfc9904; trace_sig_0027_rfc9904; trace_sig_0028_rfc9904; trace_sig_0029_rfc9904; trace_sig_0030_rfc9904; trace_sig_0031_rfc9904; trace_sig_0032_rfc9904; trace_sig_0033_rfc9904; trace_sig_0034_rfc9904; trace_sig_0035_rfc9904; trace_sig_0036_rfc9904; trace_sig_0037_rfc9904; trace_sig_0038_rfc9904,"Open trace(s) trace_sig_0025_rfc9904, trace_sig_0026_rfc9904, trace_sig_0027_rfc9904, trace_sig_0028_rfc9904, trace_sig_0029_rfc9904, trace_sig_0030_rfc9904, trace_sig_0031_rfc9904, trace_sig_0032_rfc9904, trace_sig_0033_rfc9904, trace_sig_0034_rfc9904, trace_sig_0035_rfc9904, trace_sig_0036_rfc9904, trace_sig_0037_rfc9904, trace_sig_0038_rfc9904 in reasoning_traces.json and settle them by hand: for each, decide whether the recorded field values really identify RFC 9904 or merely something consistent with it, then mark the item accepted or rejected. Recording the outcome here is what stops the same observations being re-litigated next run. If this volume is unmanageable, wire a real LLM backend (see openintel_rfc.llm_verifier.register_verifier) rather than relaxing the checklist.",needs_manual_review,"Manual review required: RFC 9904 could not be evaluated against signal sig_0025 because its required indicator(s) rfc9904_algorithm_guidance_process depend on field(s) guidance_source_registry that the OpenINTEL corpus does not export; no evidence was gathered either for or against adoption, so this must not be reported as a negative result.","{""affected_signal_id_count"": 14, ""backend"": ""deterministic"", ""decisions"": [""non_queryable""], ""explanations"": [""Manual review required: RFC 9904 could not be evaluated against signal sig_0025 because its required indicator(s) rfc9904_algorithm_guidance_process depend on field(s) guidance_source_registry that the OpenINTEL corpus does not export; no evidence was gathered either for or against adoption, so this must not be reported as a negative result."", ""Manual review required: RFC 9904 could not be evaluated against signal sig_0026 because its required indicator(s) rfc9904_algorithm_guidance_process depend on field(s) guidance_source_registry that the OpenINTEL corpus does not export; no evidence was gathered either for or against adoption, so this must not be reported as a negative result."", ""Manual review required: RFC 9904 could not be evaluated against signal sig_0027 because its required indicator(s) rfc9904_algorithm_guidance_process depend on field(s) guidance_source_registry that the OpenINTEL corpus does not export; no evidence was gathered either for or against adoption, so this must not be reported as a negative result."", ""Manual review required: RFC 9904 could not be evaluated against signal sig_0028 because its required indicator(s) rfc9904_algorithm_guidance_process depend on field(s) guidance_source_registry that the OpenINTEL corpus does not export; no evidence was gathered either for or against adoption, so this must not be reported as a negative result."", ""Manual review required: RFC 9904 could not be evaluated against signal sig_0029 because its required indicator(s) rfc9904_algorithm_guidance_process depend on field(s) guidance_source_registry that the OpenINTEL corpus does not export; no evidence was gathered either for or against adoption, so this must not be reported as a negative result."", ""Manual review required: RFC 9904 could not be evaluated against signal sig_0030 because its required indicator(s) rfc9904_algorithm_guidance_process depend on field(s) guidance_source_registry that the OpenINTEL corpus does not export; no evidence was gathered either for or against adoption, so this must not be reported as a negative result."", ""Manual review required: RFC 9904 could not be evaluated against signal sig_0031 because its required indicator(s) rfc9904_algorithm_guidance_process depend on field(s) guidance_source_registry that the OpenINTEL corpus does not export; no evidence was gathered either for or against adoption, so this must not be reported as a negative result."", ""Manual review required: RFC 9904 could not be evaluated against signal sig_0032 because its required indicator(s) rfc9904_algorithm_guidance_process depend on field(s) guidance_source_registry that the OpenINTEL corpus does not export; no evidence was gathered either for or against adoption, so this must not be reported as a negative result."", ""Manual review required: RFC 9904 could not be evaluated against signal sig_0033 because its required indicator(s) rfc9904_algorithm_guidance_process depend on field(s) guidance_source_registry that the OpenINTEL corpus does not export; no evidence was gathered either for or against adoption, so this must not be reported as a negative result."", ""Manual review required: RFC 9904 could not be evaluated against signal sig_0034 because its required indicator(s) rfc9904_algorithm_guidance_process depend on field(s) guidance_source_registry that the OpenINTEL corpus does not export; no evidence was gathered either for or against adoption, so this must not be reported as a negative result."", ""Manual review required: RFC 9904 could not be evaluated against signal sig_0035 because its required indicator(s) rfc9904_algorithm_guidance_process depend on field(s) guidance_source_registry that the OpenINTEL corpus does not export; no evidence was gathered either for or against adoption, so this must not be reported as a negative result."", ""Manual review required: RFC 9904 could not be evaluated against signal sig_0036 because its required indicator(s) rfc9904_algorithm_guidance_process depend on field(s) guidance_source_registry that the OpenINTEL corpus does not export; no evidence was gathered either for or against adoption, so this must not be reported as a negative result."", ""Manual review required: RFC 9904 could not be evaluated against signal sig_0037 because its required indicator(s) rfc9904_algorithm_guidance_process depend on field(s) guidance_source_registry that the OpenINTEL corpus does not export; no evidence was gathered either for or against adoption, so this must not be reported as a negative result."", ""Manual review required: RFC 9904 could not be evaluated against signal sig_0038 because its required indicator(s) rfc9904_algorithm_guidance_process depend on field(s) guidance_source_registry that the OpenINTEL corpus does not export; no evidence was gathered either for or against adoption, so this must not be reported as a negative result.""], ""representative_explanation"": ""Manual review required: RFC 9904 could not be evaluated against signal sig_0025 because its required indicator(s) rfc9904_algorithm_guidance_process depend on field(s) guidance_source_registry that the OpenINTEL corpus does not export; no evidence was gathered either for or against adoption, so this must not be reported as a negative result."", ""representative_trace_id"": ""trace_sig_0025_rfc9904"", ""rfc_id"": ""RFC 9904"", ""trace_count"": 14, ""trace_ids_truncated"": false}"
rev_0034,llm_review_recommended,medium,unresolved,"The deterministic verifier returned needs_manual_review for 5 trace(s) on RFC 9905 (decisions: partial_match). Representative verdict: Manual review required: signal sig_0025 matched 1 indicator(s) of RFC 9905 (rfc9905_deprecated_sha1_in_delegation) but required indicator(s) rfc9905_deprecated_sha1_signature_still_published did not match, scoring 0.0. All referenced fields were present, so the unmatched indicator(s) genuinely did not hold for this observation.",RFC 9905,,sig_0025; sig_0030; sig_0034; sig_0035; sig_0038,trace_sig_0025_rfc9905; trace_sig_0030_rfc9905; trace_sig_0034_rfc9905; trace_sig_0035_rfc9905; trace_sig_0038_rfc9905,"Open trace(s) trace_sig_0025_rfc9905, trace_sig_0030_rfc9905, trace_sig_0034_rfc9905, trace_sig_0035_rfc9905, trace_sig_0038_rfc9905 in reasoning_traces.json and settle them by hand: for each, decide whether the recorded field values really identify RFC 9905 or merely something consistent with it, then mark the item accepted or rejected. Recording the outcome here is what stops the same observations being re-litigated next run. If this volume is unmanageable, wire a real LLM backend (see openintel_rfc.llm_verifier.register_verifier) rather than relaxing the checklist.",needs_manual_review,"Manual review required: signal sig_0025 matched 1 indicator(s) of RFC 9905 (rfc9905_deprecated_sha1_in_delegation) but required indicator(s) rfc9905_deprecated_sha1_signature_still_published did not match, scoring 0.0. All referenced fields were present, so the unmatched indicator(s) genuinely did not hold for this observation.","{""affected_signal_id_count"": 5, ""backend"": ""deterministic"", ""decisions"": [""partial_match""], ""explanations"": [""Manual review required: signal sig_0025 matched 1 indicator(s) of RFC 9905 (rfc9905_deprecated_sha1_in_delegation) but required indicator(s) rfc9905_deprecated_sha1_signature_still_published did not match, scoring 0.0. All referenced fields were present, so the unmatched indicator(s) genuinely did not hold for this observation."", ""Manual review required: signal sig_0030 matched 1 indicator(s) of RFC 9905 (rfc9905_deprecated_sha1_in_delegation) but required indicator(s) rfc9905_deprecated_sha1_signature_still_published did not match, scoring 0.0. All referenced fields were present, so the unmatched indicator(s) genuinely did not hold for this observation."", ""Manual review required: signal sig_0034 matched 1 indicator(s) of RFC 9905 (rfc9905_deprecated_sha1_in_delegation) but required indicator(s) rfc9905_deprecated_sha1_signature_still_published did not match, scoring 0.0. All referenced fields were present, so the unmatched indicator(s) genuinely did not hold for this observation."", ""Manual review required: signal sig_0035 matched 1 indicator(s) of RFC 9905 (rfc9905_deprecated_sha1_in_delegation) but required indicator(s) rfc9905_deprecated_sha1_signature_still_published did not match, scoring 0.0. All referenced fields were present, so the unmatched indicator(s) genuinely did not hold for this observation."", ""Manual review required: signal sig_0038 matched 1 indicator(s) of RFC 9905 (rfc9905_deprecated_sha1_in_delegation) but required indicator(s) rfc9905_deprecated_sha1_signature_still_published did not match, scoring 0.0. All referenced fields were present, so the unmatched indicator(s) genuinely did not hold for this observation.""], ""representative_explanation"": ""Manual review required: signal sig_0025 matched 1 indicator(s) of RFC 9905 (rfc9905_deprecated_sha1_in_delegation) but required indicator(s) rfc9905_deprecated_sha1_signature_still_published did not match, scoring 0.0. All referenced fields were present, so the unmatched indicator(s) genuinely did not hold for this observation."", ""representative_trace_id"": ""trace_sig_0025_rfc9905"", ""rfc_id"": ""RFC 9905"", ""trace_count"": 5, ""trace_ids_truncated"": false}"
rev_0035,llm_review_recommended,medium,unresolved,"The deterministic verifier returned needs_manual_review for 5 trace(s) on RFC 9906 (decisions: partial_match). Representative verdict: Manual review required: signal sig_0029 matched 1 indicator(s) of RFC 9906 (rfc9906_deprecated_gost_digest_still_published) but required indicator(s) rfc9906_deprecated_ecc_gost_still_published did not match, scoring 0.0. All referenced fields were present, so the unmatched indicator(s) genuinely did not hold for this observation.",RFC 9906,,sig_0029; sig_0030; sig_0031; sig_0033; sig_0036,trace_sig_0029_rfc9906; trace_sig_0030_rfc9906; trace_sig_0031_rfc9906; trace_sig_0033_rfc9906; trace_sig_0036_rfc9906,"Open trace(s) trace_sig_0029_rfc9906, trace_sig_0030_rfc9906, trace_sig_0031_rfc9906, trace_sig_0033_rfc9906, trace_sig_0036_rfc9906 in reasoning_traces.json and settle them by hand: for each, decide whether the recorded field values really identify RFC 9906 or merely something consistent with it, then mark the item accepted or rejected. Recording the outcome here is what stops the same observations being re-litigated next run. If this volume is unmanageable, wire a real LLM backend (see openintel_rfc.llm_verifier.register_verifier) rather than relaxing the checklist.",needs_manual_review,"Manual review required: signal sig_0029 matched 1 indicator(s) of RFC 9906 (rfc9906_deprecated_gost_digest_still_published) but required indicator(s) rfc9906_deprecated_ecc_gost_still_published did not match, scoring 0.0. All referenced fields were present, so the unmatched indicator(s) genuinely did not hold for this observation.","{""affected_signal_id_count"": 5, ""backend"": ""deterministic"", ""decisions"": [""partial_match""], ""explanations"": [""Manual review required: signal sig_0029 matched 1 indicator(s) of RFC 9906 (rfc9906_deprecated_gost_digest_still_published) but required indicator(s) rfc9906_deprecated_ecc_gost_still_published did not match, scoring 0.0. All referenced fields were present, so the unmatched indicator(s) genuinely did not hold for this observation."", ""Manual review required: signal sig_0030 matched 1 indicator(s) of RFC 9906 (rfc9906_deprecated_gost_digest_still_published) but required indicator(s) rfc9906_deprecated_ecc_gost_still_published did not match, scoring 0.0. All referenced fields were present, so the unmatched indicator(s) genuinely did not hold for this observation."", ""Manual review required: signal sig_0031 matched 1 indicator(s) of RFC 9906 (rfc9906_deprecated_gost_digest_still_published) but required indicator(s) rfc9906_deprecated_ecc_gost_still_published did not match, scoring 0.0. All referenced fields were present, so the unmatched indicator(s) genuinely did not hold for this observation."", ""Manual review required: signal sig_0033 matched 1 indicator(s) of RFC 9906 (rfc9906_deprecated_gost_digest_still_published) but required indicator(s) rfc9906_deprecated_ecc_gost_still_published did not match, scoring 0.0. All referenced fields were present, so the unmatched indicator(s) genuinely did not hold for this observation."", ""Manual review required: signal sig_0036 matched 1 indicator(s) of RFC 9906 (rfc9906_deprecated_gost_digest_still_published) but required indicator(s) rfc9906_deprecated_ecc_gost_still_published did not match, scoring 0.0. All referenced fields were present, so the unmatched indicator(s) genuinely did not hold for this observation.""], ""representative_explanation"": ""Manual review required: signal sig_0029 matched 1 indicator(s) of RFC 9906 (rfc9906_deprecated_gost_digest_still_published) but required indicator(s) rfc9906_deprecated_ecc_gost_still_published did not match, scoring 0.0. All referenced fields were present, so the unmatched indicator(s) genuinely did not hold for this observation."", ""representative_trace_id"": ""trace_sig_0029_rfc9906"", ""rfc_id"": ""RFC 9906"", ""trace_count"": 5, ""trace_ids_truncated"": false}"
rev_0036,missing_required_field,medium,unresolved,"Field `flags`, needed by required indicator(s) rfc5011_revoked_key_published of RFC 5011, was absent from 38 observation(s) between 2009-09-01T00:00:00 and 2026-08-01T00:00:00, so those observations could not be evaluated for RFC 5011 at all. The dictionary marks `flags` reliably populated only from 2016-01-01T00:00:00, which is after the earliest affected observation 2009-09-01T00:00:00, so at least some of these gaps are expected corpus coverage rather than deployment facts.",RFC 5011,flags,sig_0001; sig_0002; sig_0003; sig_0004; sig_0005; sig_0006; sig_0007; sig_0008; sig_0009; sig_0010; sig_0011; sig_0012; sig_0013; sig_0014; sig_0015; sig_0016; sig_0017; sig_0018; sig_0019; sig_0020,trace_sig_0001_rfc5011; trace_sig_0002_rfc5011; trace_sig_0003_rfc5011; trace_sig_0004_rfc5011; trace_sig_0005_rfc5011; trace_sig_0006_rfc5011; trace_sig_0007_rfc5011; trace_sig_0008_rfc5011; trace_sig_0009_rfc5011; trace_sig_0010_rfc5011; trace_sig_0011_rfc5011; trace_sig_0012_rfc5011; trace_sig_0013_rfc5011; trace_sig_0014_rfc5011; trace_sig_0015_rfc5011; trace_sig_0016_rfc5011; trace_sig_0017_rfc5011; trace_sig_0018_rfc5011; trace_sig_0019_rfc5011; trace_sig_0020_rfc5011,"Confirm the Parquet reader resolves `flags` for these rows (`flags` is derived from the OpenINTEL column(s) dnskey_flags, cdnskey_flags, nsec3_flags, nsec3param_flags); a missing alias in the reader looks exactly like a missing value here. If the column is genuinely empty for this measurement generation, report RFC 5011 as unevaluable for signal(s) sig_0001, sig_0002, sig_0003, sig_0004, sig_0005, sig_0006, sig_0007, sig_0008, sig_0009, sig_0010, sig_0011, sig_0012, sig_0013, sig_0014, sig_0015, sig_0016, sig_0017, sig_0018, sig_0019, sig_0020 instead of unmatched, and exclude them from the denominator when quoting RFC 5011 adoption rates.",,,"{""affected_signal_id_count"": 38, ""affected_signal_ids_truncated"": true, ""domains"": [""0.119.203.in-addr.arpa"", ""0.8.6.c.6.0.6.2.ip6.arpa"", ""100.50.194.in-addr.arpa"", ""11.6.199.in-addr.arpa"", ""113.94.81.in-addr.arpa"", ""118.219.in-addr.arpa"", ""122.201.122.in-addr.arpa"", ""141.70.192.in-addr.arpa"", ""144.126.202.in-addr.arpa"", ""164.68.103.in-addr.arpa"", ""165.89.45.in-addr.arpa"", ""180.130.188.in-addr.arpa"", ""204.195.199.in-addr.arpa"", ""218.171.104.in-addr.arpa"", ""221.35.185.in-addr.arpa"", ""232.159.169.in-addr.arpa"", ""234.217.102.in-addr.arpa"", ""235.217.102.in-addr.arpa"", ""237.243.173.in-addr.arpa"", ""241.223.102.in-addr.arpa""], ""earliest_observation"": ""2009-09-01T00:00:00"", ""field"": ""flags"", ""field_available_from"": ""2016-01-01T00:00:00"", ""latest_observation"": ""2026-08-01T00:00:00"", ""listed_signal_ids"": [""sig_0001"", ""sig_0002"", ""sig_0003"", ""sig_0004"", ""sig_0005"", ""sig_0006"", ""sig_0007"", ""sig_0008"", ""sig_0009"", ""sig_0010"", ""sig_0011"", ""sig_0012"", ""sig_0013"", ""sig_0014"", ""sig_0015"", ""sig_0016"", ""sig_0017"", ""sig_0018"", ""sig_0019"", ""sig_0020""], ""observation_count"": 38, ""openintel_native_fields"": [""dnskey_flags"", ""cdnskey_flags"", ""nsec3_flags"", ""nsec3param_flags""], ""required_indicator_ids"": [""rfc5011_revoked_key_published""], ""rfc_id"": ""RFC 5011"", ""zones"": [""afrinic"", ""apnic"", ""arin"", ""ripe""]}"
rev_0037,missing_required_field,medium,unresolved,"Field `flags`, needed by required indicator(s) rfc6781_ksk_zsk_separation of RFC 6781, was absent from 38 observation(s) between 2009-09-01T00:00:00 and 2026-08-01T00:00:00, so those observations could not be evaluated for RFC 6781 at all. The dictionary marks `flags` reliably populated only from 2016-01-01T00:00:00, which is after the earliest affected observation 2009-09-01T00:00:00, so at least some of these gaps are expected corpus coverage rather than deployment facts.",RFC 6781,flags,sig_0001; sig_0002; sig_0003; sig_0004; sig_0005; sig_0006; sig_0007; sig_0008; sig_0009; sig_0010; sig_0011; sig_0012; sig_0013; sig_0014; sig_0015; sig_0016; sig_0017; sig_0018; sig_0019; sig_0020,trace_sig_0001_rfc6781; trace_sig_0002_rfc6781; trace_sig_0003_rfc6781; trace_sig_0004_rfc6781; trace_sig_0005_rfc6781; trace_sig_0006_rfc6781; trace_sig_0007_rfc6781; trace_sig_0008_rfc6781; trace_sig_0009_rfc6781; trace_sig_0010_rfc6781; trace_sig_0011_rfc6781; trace_sig_0012_rfc6781; trace_sig_0013_rfc6781; trace_sig_0014_rfc6781; trace_sig_0015_rfc6781; trace_sig_0016_rfc6781; trace_sig_0017_rfc6781; trace_sig_0018_rfc6781; trace_sig_0019_rfc6781; trace_sig_0020_rfc6781,"Confirm the Parquet reader resolves `flags` for these rows (`flags` is derived from the OpenINTEL column(s) dnskey_flags, cdnskey_flags, nsec3_flags, nsec3param_flags); a missing alias in the reader looks exactly like a missing value here. If the column is genuinely empty for this measurement generation, report RFC 6781 as unevaluable for signal(s) sig_0001, sig_0002, sig_0003, sig_0004, sig_0005, sig_0006, sig_0007, sig_0008, sig_0009, sig_0010, sig_0011, sig_0012, sig_0013, sig_0014, sig_0015, sig_0016, sig_0017, sig_0018, sig_0019, sig_0020 instead of unmatched, and exclude them from the denominator when quoting RFC 6781 adoption rates.",,,"{""affected_signal_id_count"": 38, ""affected_signal_ids_truncated"": true, ""domains"": [""0.119.203.in-addr.arpa"", ""0.8.6.c.6.0.6.2.ip6.arpa"", ""100.50.194.in-addr.arpa"", ""11.6.199.in-addr.arpa"", ""113.94.81.in-addr.arpa"", ""118.219.in-addr.arpa"", ""122.201.122.in-addr.arpa"", ""141.70.192.in-addr.arpa"", ""144.126.202.in-addr.arpa"", ""164.68.103.in-addr.arpa"", ""165.89.45.in-addr.arpa"", ""180.130.188.in-addr.arpa"", ""204.195.199.in-addr.arpa"", ""218.171.104.in-addr.arpa"", ""221.35.185.in-addr.arpa"", ""232.159.169.in-addr.arpa"", ""234.217.102.in-addr.arpa"", ""235.217.102.in-addr.arpa"", ""237.243.173.in-addr.arpa"", ""241.223.102.in-addr.arpa""], ""earliest_observation"": ""2009-09-01T00:00:00"", ""field"": ""flags"", ""field_available_from"": ""2016-01-01T00:00:00"", ""latest_observation"": ""2026-08-01T00:00:00"", ""listed_signal_ids"": [""sig_0001"", ""sig_0002"", ""sig_0003"", ""sig_0004"", ""sig_0005"", ""sig_0006"", ""sig_0007"", ""sig_0008"", ""sig_0009"", ""sig_0010"", ""sig_0011"", ""sig_0012"", ""sig_0013"", ""sig_0014"", ""sig_0015"", ""sig_0016"", ""sig_0017"", ""sig_0018"", ""sig_0019"", ""sig_0020""], ""observation_count"": 38, ""openintel_native_fields"": [""dnskey_flags"", ""cdnskey_flags"", ""nsec3_flags"", ""nsec3param_flags""], ""required_indicator_ids"": [""rfc6781_ksk_zsk_separation""], ""rfc_id"": ""RFC 6781"", ""zones"": [""afrinic"", ""apnic"", ""arin"", ""ripe""]}"
rev_0038,missing_required_field,medium,unresolved,"Field `tlsa_usage`, needed by required indicator(s) rfc7671_dane_usage_preferred of RFC 7671, was absent from 38 observation(s) between 2009-09-01T00:00:00 and 2026-08-01T00:00:00, so those observations could not be evaluated for RFC 7671 at all. The dictionary marks `tlsa_usage` reliably populated only from 2012-08-01T00:00:00, which is after the earliest affected observation 2009-09-01T00:00:00, so at least some of these gaps are expected corpus coverage rather than deployment facts.",RFC 7671,tlsa_usage,sig_0001; sig_0002; sig_0003; sig_0004; sig_0005; sig_0006; sig_0007; sig_0008; sig_0009; sig_0010; sig_0011; sig_0012; sig_0013; sig_0014; sig_0015; sig_0016; sig_0017; sig_0018; sig_0019; sig_0020,trace_sig_0001_rfc7671; trace_sig_0002_rfc7671; trace_sig_0003_rfc7671; trace_sig_0004_rfc7671; trace_sig_0005_rfc7671; trace_sig_0006_rfc7671; trace_sig_0007_rfc7671; trace_sig_0008_rfc7671; trace_sig_0009_rfc7671; trace_sig_0010_rfc7671; trace_sig_0011_rfc7671; trace_sig_0012_rfc7671; trace_sig_0013_rfc7671; trace_sig_0014_rfc7671; trace_sig_0015_rfc7671; trace_sig_0016_rfc7671; trace_sig_0017_rfc7671; trace_sig_0018_rfc7671; trace_sig_0019_rfc7671; trace_sig_0020_rfc7671,"Confirm the Parquet reader resolves `tlsa_usage` for these rows (`tlsa_usage` is derived from the OpenINTEL column(s) tlsa_usage); a missing alias in the reader looks exactly like a missing value here. If the column is genuinely empty for this measurement generation, report RFC 7671 as unevaluable for signal(s) sig_0001, sig_0002, sig_0003, sig_0004, sig_0005, sig_0006, sig_0007, sig_0008, sig_0009, sig_0010, sig_0011, sig_0012, sig_0013, sig_0014, sig_0015, sig_0016, sig_0017, sig_0018, sig_0019, sig_0020 instead of unmatched, and exclude them from the denominator when quoting RFC 7671 adoption rates.",,,"{""affected_signal_id_count"": 38, ""affected_signal_ids_truncated"": true, ""domains"": [""0.119.203.in-addr.arpa"", ""0.8.6.c.6.0.6.2.ip6.arpa"", ""100.50.194.in-addr.arpa"", ""11.6.199.in-addr.arpa"", ""113.94.81.in-addr.arpa"", ""118.219.in-addr.arpa"", ""122.201.122.in-addr.arpa"", ""141.70.192.in-addr.arpa"", ""144.126.202.in-addr.arpa"", ""164.68.103.in-addr.arpa"", ""165.89.45.in-addr.arpa"", ""180.130.188.in-addr.arpa"", ""204.195.199.in-addr.arpa"", ""218.171.104.in-addr.arpa"", ""221.35.185.in-addr.arpa"", ""232.159.169.in-addr.arpa"", ""234.217.102.in-addr.arpa"", ""235.217.102.in-addr.arpa"", ""237.243.173.in-addr.arpa"", ""241.223.102.in-addr.arpa""], ""earliest_observation"": ""2009-09-01T00:00:00"", ""field"": ""tlsa_usage"", ""field_available_from"": ""2012-08-01T00:00:00"", ""latest_observation"": ""2026-08-01T00:00:00"", ""listed_signal_ids"": [""sig_0001"", ""sig_0002"", ""sig_0003"", ""sig_0004"", ""sig_0005"", ""sig_0006"", ""sig_0007"", ""sig_0008"", ""sig_0009"", ""sig_0010"", ""sig_0011"", ""sig_0012"", ""sig_0013"", ""sig_0014"", ""sig_0015"", ""sig_0016"", ""sig_0017"", ""sig_0018"", ""sig_0019"", ""sig_0020""], ""observation_count"": 38, ""openintel_native_fields"": [""tlsa_usage""], ""required_indicator_ids"": [""rfc7671_dane_usage_preferred""], ""rfc_id"": ""RFC 7671"", ""zones"": [""afrinic"", ""apnic"", ""arin"", ""ripe""]}"
rev_0039,missing_required_field,medium,unresolved,"Field `nsec3_iterations`, needed by required indicator(s) rfc9276_zero_nsec3_iterations of RFC 9276, was absent from 38 observation(s) between 2009-09-01T00:00:00 and 2026-08-01T00:00:00, so those observations could not be evaluated for RFC 9276 at all. The dictionary marks `nsec3_iterations` reliably populated only from 2010-01-01T00:00:00, which is after the earliest affected observation 2009-09-01T00:00:00, so at least some of these gaps are expected corpus coverage rather than deployment facts.",RFC 9276,nsec3_iterations,sig_0001; sig_0002; sig_0003; sig_0004; sig_0005; sig_0006; sig_0007; sig_0008; sig_0009; sig_0010; sig_0011; sig_0012; sig_0013; sig_0014; sig_0015; sig_0016; sig_0017; sig_0018; sig_0019; sig_0020,trace_sig_0001_rfc9276; trace_sig_0002_rfc9276; trace_sig_0003_rfc9276; trace_sig_0004_rfc9276; trace_sig_0005_rfc9276; trace_sig_0006_rfc9276; trace_sig_0007_rfc9276; trace_sig_0008_rfc9276; trace_sig_0009_rfc9276; trace_sig_0010_rfc9276; trace_sig_0011_rfc9276; trace_sig_0012_rfc9276; trace_sig_0013_rfc9276; trace_sig_0014_rfc9276; trace_sig_0015_rfc9276; trace_sig_0016_rfc9276; trace_sig_0017_rfc9276; trace_sig_0018_rfc9276; trace_sig_0019_rfc9276; trace_sig_0020_rfc9276,"Confirm the Parquet reader resolves `nsec3_iterations` for these rows (`nsec3_iterations` is derived from the OpenINTEL column(s) nsec3_iterations, nsec3param_iterations); a missing alias in the reader looks exactly like a missing value here. If the column is genuinely empty for this measurement generation, report RFC 9276 as unevaluable for signal(s) sig_0001, sig_0002, sig_0003, sig_0004, sig_0005, sig_0006, sig_0007, sig_0008, sig_0009, sig_0010, sig_0011, sig_0012, sig_0013, sig_0014, sig_0015, sig_0016, sig_0017, sig_0018, sig_0019, sig_0020 instead of unmatched, and exclude them from the denominator when quoting RFC 9276 adoption rates.",,,"{""affected_signal_id_count"": 38, ""affected_signal_ids_truncated"": true, ""domains"": [""0.119.203.in-addr.arpa"", ""0.8.6.c.6.0.6.2.ip6.arpa"", ""100.50.194.in-addr.arpa"", ""11.6.199.in-addr.arpa"", ""113.94.81.in-addr.arpa"", ""118.219.in-addr.arpa"", ""122.201.122.in-addr.arpa"", ""141.70.192.in-addr.arpa"", ""144.126.202.in-addr.arpa"", ""164.68.103.in-addr.arpa"", ""165.89.45.in-addr.arpa"", ""180.130.188.in-addr.arpa"", ""204.195.199.in-addr.arpa"", ""218.171.104.in-addr.arpa"", ""221.35.185.in-addr.arpa"", ""232.159.169.in-addr.arpa"", ""234.217.102.in-addr.arpa"", ""235.217.102.in-addr.arpa"", ""237.243.173.in-addr.arpa"", ""241.223.102.in-addr.arpa""], ""earliest_observation"": ""2009-09-01T00:00:00"", ""field"": ""nsec3_iterations"", ""field_available_from"": ""2010-01-01T00:00:00"", ""latest_observation"": ""2026-08-01T00:00:00"", ""listed_signal_ids"": [""sig_0001"", ""sig_0002"", ""sig_0003"", ""sig_0004"", ""sig_0005"", ""sig_0006"", ""sig_0007"", ""sig_0008"", ""sig_0009"", ""sig_0010"", ""sig_0011"", ""sig_0012"", ""sig_0013"", ""sig_0014"", ""sig_0015"", ""sig_0016"", ""sig_0017"", ""sig_0018"", ""sig_0019"", ""sig_0020""], ""observation_count"": 38, ""openintel_native_fields"": [""nsec3_iterations"", ""nsec3param_iterations""], ""required_indicator_ids"": [""rfc9276_zero_nsec3_iterations""], ""rfc_id"": ""RFC 9276"", ""zones"": [""afrinic"", ""apnic"", ""arin"", ""ripe""]}"
rev_0040,partial_match,medium,unresolved,"RFC 8624 matched partially on 15 observation(s): indicator(s) rfc8624_avoids_deprecated_algorithm matched and required indicator(s) rfc8624_recommended_signing_algorithm did not, capping the score at 0.0. Field(s) `rr_type`, `validator_algorithm_support` were absent from the observation(s), so the pipeline cannot distinguish non-adoption from missing data.",RFC 8624,rr_type; validator_algorithm_support,sig_0010; sig_0013; sig_0017; sig_0023; sig_0025; sig_0026; sig_0029; sig_0030; sig_0031; sig_0033; sig_0034; sig_0035; sig_0036; sig_0037; sig_0038,trace_sig_0010_rfc8624; trace_sig_0013_rfc8624; trace_sig_0017_rfc8624; trace_sig_0023_rfc8624; trace_sig_0025_rfc8624; trace_sig_0026_rfc8624; trace_sig_0029_rfc8624; trace_sig_0030_rfc8624; trace_sig_0031_rfc8624; trace_sig_0033_rfc8624; trace_sig_0034_rfc8624; trace_sig_0035_rfc8624; trace_sig_0036_rfc8624; trace_sig_0037_rfc8624; trace_sig_0038_rfc8624,"Confirm the Parquet reader resolves the missing field(s) for these rows (`rr_type` is derived from the OpenINTEL column(s) response_type; `validator_algorithm_support` lists no openintel_native_fields in the dictionary, so the Parquet reader has no column to resolve it from). If the column really is empty for this measurement generation, record RFC 8624 as unevaluable for signal(s) sig_0010, sig_0013, sig_0017, sig_0023, sig_0025, sig_0026, sig_0029, sig_0030, sig_0031, sig_0033, sig_0034, sig_0035, sig_0036, sig_0037, sig_0038 rather than unmatched - a partial match here is a measurement gap, not a negative result. If the data is there, the reader's alias resolution is dropping it.",needs_manual_review,"Manual review required: signal sig_0038 matched 1 indicator(s) of RFC 8624 (rfc8624_avoids_deprecated_algorithm) but required indicator(s) rfc8624_recommended_signing_algorithm did not match, scoring 0.0. Field(s) rr_type, validator_algorithm_support were absent from the observation, so the pipeline cannot distinguish non-adoption from missing data.","{""affected_signal_id_count"": 15, ""affected_signal_ids_truncated"": false, ""best_score"": 0.0, ""domains"": [""118.219.in-addr.arpa"", ""141.70.192.in-addr.arpa"", ""165.89.45.in-addr.arpa"", ""204.195.199.in-addr.arpa"", ""218.171.104.in-addr.arpa"", ""232.159.169.in-addr.arpa"", ""234.217.102.in-addr.arpa"", ""235.217.102.in-addr.arpa"", ""237.243.173.in-addr.arpa"", ""241.223.102.in-addr.arpa"", ""244.159.134.in-addr.arpa"", ""35.116.in-addr.arpa"", ""4.191.64.in-addr.arpa"", ""69.126.149.in-addr.arpa""], ""earliest_observation"": ""2019-09-01T00:00:00"", ""failed_indicator_ids"": [""rfc8624_recommended_signing_algorithm""], ""latest_observation"": ""2026-08-01T00:00:00"", ""listed_signal_ids"": [""sig_0010"", ""sig_0013"", ""sig_0017"", ""sig_0023"", ""sig_0025"", ""sig_0026"", ""sig_0029"", ""sig_0030"", ""sig_0031"", ""sig_0033"", ""sig_0034"", ""sig_0035"", ""sig_0036"", ""sig_0037"", ""sig_0038""], ""matched_indicator_ids"": [""rfc8624_avoids_deprecated_algorithm""], ""missing_field_native_columns"": {""rr_type"": [""response_type""], ""validator_algorithm_support"": []}, ""missing_fields"": [""rr_type"", ""validator_algorithm_support""], ""observation_count"": 15, ""representative_signal_id"": ""sig_0038"", ""representative_trace_id"": ""trace_sig_0038_rfc8624"", ""rfc_id"": ""RFC 8624"", ""rfc_specificity"": ""low"", ""rfc_title"": ""Algorithm Implementation Requirements and Usage Guidance for DNSSEC"", ""unmatched_required_indicator_ids"": [""rfc8624_recommended_signing_algorithm""], ""zones"": [""afrinic"", ""apnic"", ""arin"", ""ripe""]}"
rev_0041,partial_match,medium,unresolved,"RFC 9905 matched partially on 5 observation(s): indicator(s) rfc9905_deprecated_sha1_in_delegation matched and required indicator(s) rfc9905_deprecated_sha1_signature_still_published did not, capping the score at 0.0. Every referenced field was present, so the unmatched required indicator(s) genuinely did not hold for these observations.",RFC 9905,,sig_0025; sig_0030; sig_0034; sig_0035; sig_0038,trace_sig_0025_rfc9905; trace_sig_0030_rfc9905; trace_sig_0034_rfc9905; trace_sig_0035_rfc9905; trace_sig_0038_rfc9905,"Inspect indicator(s) rfc9905_deprecated_sha1_signature_still_published against signal(s) sig_0025, sig_0030, sig_0034, sig_0035, sig_0038: decide whether the condition is too strict for real deployments (in which case relax it or set required=false in the checklist) or whether RFC 9905 genuinely is not deployed here (in which case the partial match is correct and can be resolved as rejected).",needs_manual_review,"Manual review required: signal sig_0038 matched 1 indicator(s) of RFC 9905 (rfc9905_deprecated_sha1_in_delegation) but required indicator(s) rfc9905_deprecated_sha1_signature_still_published did not match, scoring 0.0. All referenced fields were present, so the unmatched indicator(s) genuinely did not hold for this observation.","{""affected_signal_id_count"": 5, ""affected_signal_ids_truncated"": false, ""best_score"": 0.0, ""domains"": [""141.70.192.in-addr.arpa"", ""204.195.199.in-addr.arpa"", ""218.171.104.in-addr.arpa"", ""232.159.169.in-addr.arpa"", ""4.191.64.in-addr.arpa""], ""earliest_observation"": ""2025-11-01T00:00:00"", ""failed_indicator_ids"": [""rfc9905_deprecated_sha1_signature_still_published""], ""latest_observation"": ""2026-08-01T00:00:00"", ""listed_signal_ids"": [""sig_0025"", ""sig_0030"", ""sig_0034"", ""sig_0035"", ""sig_0038""], ""matched_indicator_ids"": [""rfc9905_deprecated_sha1_in_delegation""], ""missing_field_native_columns"": {}, ""missing_fields"": [], ""observation_count"": 5, ""representative_signal_id"": ""sig_0038"", ""representative_trace_id"": ""trace_sig_0038_rfc9905"", ""rfc_id"": ""RFC 9905"", ""rfc_specificity"": ""high"", ""rfc_title"": ""Deprecating the Use of SHA-1 in DNSSEC Signature Algorithms"", ""unmatched_required_indicator_ids"": [""rfc9905_deprecated_sha1_signature_still_published""], ""zones"": [""afrinic"", ""arin"", ""ripe""]}"
rev_0042,partially_queryable_indicator,medium,unresolved,"Indicator rfc4033_dnssec_ok_negotiated (optional, weight 3.0) of RFC 4033 is only partially queryable: it uses present field(s) `rr_type` but also missing field(s) `dnssec_ok_flag`, and because an indicator's conditions are ANDed it can never match. Indicator rfc4033_dnssec_ok_negotiated is partially queryable: rr_type (string) exists in the OpenINTEL dictionary but dnssec_ok_flag does not, so every condition on dnssec_ok_flag fails with field_present=False. The surviving field rr_type is also relied on by other RFC 4033 indicators, so the part that can be evaluated still carries evidence for RFC 4033.",RFC 4033,dnssec_ok_flag,,,"Add `dnssec_ok_flag` to the OpenINTEL analysis dictionary with an openintel_native_fields mapping to the real Parquet column(s) that carry it, or rewrite indicator rfc4033_dnssec_ok_negotiated to rely only on fields the corpus exports (algorithm, digest_type, dnskey_protocol, domain, flags, key_tag, measurement_id, nsec3_flags, nsec3_iterations, nsec3_salt, rr_type, rrsig_type_covered, ...). Until then the indicator's weight of 3.0 is unreachable and every RFC 4033 score is low by that amount.",,,"{""condition_checks"": [{""available_from"": ""2010-01-01T00:00:00"", ""expected"": [""DNSKEY"", ""DS"", ""RRSIG"", ""NSEC""], ""explanation"": ""Condition `rr_type in [DNSKEY, DS, RRSIG, NSEC]` of RFC 4033 can be evaluated because the OpenINTEL dictionary defines the field rr_type with type string. Field `rr_type` is only available from 2010-01-01, which is after RFC 4033's publication date 2005-03-01; adoption before 2010-01-01 cannot be observed through this field."", ""field"": ""rr_type"", ""field_exists"": true, ""field_type"": ""string"", ""op"": ""in"", ""type_compatible"": true}, {""available_from"": """", ""expected"": true, ""explanation"": ""Condition `dnssec_ok_flag equals true` of RFC 4033 cannot be evaluated because the OpenINTEL dictionary defines no field named dnssec_ok_flag; at match time the condition is recorded with field_present=False, fails, and dnssec_ok_flag is reported in the match's missing_fields. The closest name the dictionary does define is nsec3_flags, which may be what was intended."", ""field"": ""dnssec_ok_flag"", ""field_exists"": false, ""field_type"": null, ""op"": ""equals"", ""type_compatible"": true}], ""dictionary_fields_available"": [""algorithm"", ""digest_type"", ""dnskey_protocol"", ""domain"", ""flags"", ""key_tag"", ""measurement_id"", ""nsec3_flags"", ""nsec3_iterations"", ""nsec3_salt"", ""rr_type"", ""rrsig_type_covered"", ""rsa_key_bitsize"", ""source"", ""timestamp"", ""tlsa_matchtype"", ""tlsa_selector"", ""tlsa_usage"", ""zone""], ""indicator_description"": ""The resolver negotiated DNSSEC by setting the DO bit in the query (RFC 4035 section 3.2.1)."", ""indicator_id"": ""rfc4033_dnssec_ok_negotiated"", ""missing_fields"": [""dnssec_ok_flag""], ""present_fields"": [""rr_type""], ""queryability"": ""partially_queryable"", ""required"": false, ""rfc_id"": ""RFC 4033"", ""rfc_publication_date"": ""2005-03-01T00:00:00"", ""rfc_title"": ""DNS Security Introduction and Requirements (DNSSEC base: RFC 4033/4034/4035)"", ""schema_reasoning"": ""Indicator rfc4033_dnssec_ok_negotiated is partially queryable: rr_type (string) exists in the OpenINTEL dictionary but dnssec_ok_flag does not, so every condition on dnssec_ok_flag fails with field_present=False. The surviving field rr_type is also relied on by other RFC 4033 indicators, so the part that can be evaluated still carries evidence for RFC 4033."", ""schema_warnings"": [""Field `rr_type` is only available from 2010-01-01, which is after RFC 4033's publication date 2005-03-01; adoption before 2010-01-01 cannot be observed through this field.""], ""weight"": 3.0}"
rev_0043,partially_queryable_indicator,medium,unresolved,"Indicator rfc7672_smtp_dane_tlsa (required, weight 10.0) of RFC 7672 is only partially queryable: it uses present field(s) `rr_type` but also missing field(s) `domain`, and because an indicator's conditions are ANDed it can never match. Indicator rfc7672_smtp_dane_tlsa is partially queryable: rr_type (string) exists in the OpenINTEL dictionary but domain does not, so the conditions on domain fail with field_present=False while the remaining conditions, which carry the indicator's discriminating value, are still evaluated.",RFC 7672,domain,,,"Add `domain` to the OpenINTEL analysis dictionary with an openintel_native_fields mapping to the real Parquet column(s) that carry it, or rewrite indicator rfc7672_smtp_dane_tlsa to rely only on fields the corpus exports (algorithm, digest_type, dnskey_protocol, domain, flags, key_tag, measurement_id, nsec3_flags, nsec3_iterations, nsec3_salt, rr_type, rrsig_type_covered, ...). Until then the indicator's weight of 10.0 is unreachable and every RFC 7672 score is low by that amount.",,,"{""condition_checks"": [{""available_from"": ""2010-01-01T00:00:00"", ""expected"": ""TLSA"", ""explanation"": ""Condition `rr_type equals TLSA` of RFC 7672 can be evaluated because the OpenINTEL dictionary defines the field rr_type with type string."", ""field"": ""rr_type"", ""field_exists"": true, ""field_type"": ""string"", ""op"": ""equals"", ""type_compatible"": true}, {""available_from"": """", ""expected"": ""_25._tcp"", ""explanation"": ""Condition `domain contains _25._tcp` of RFC 7672 cannot be evaluated: domain is provenance, not evidence. It identifies which observation this is, and the matcher deliberately does not expose it as a testable field, so an indicator resting on it can never match. An owner-name or measurement-identity signature needs a different corpus, not a different condition."", ""field"": ""domain"", ""field_exists"": false, ""field_type"": null, ""op"": ""contains"", ""type_compatible"": true}], ""dictionary_fields_available"": [""algorithm"", ""digest_type"", ""dnskey_protocol"", ""domain"", ""flags"", ""key_tag"", ""measurement_id"", ""nsec3_flags"", ""nsec3_iterations"", ""nsec3_salt"", ""rr_type"", ""rrsig_type_covered"", ""rsa_key_bitsize"", ""source"", ""timestamp"", ""tlsa_matchtype"", ""tlsa_selector"", ""tlsa_usage"", ""zone""], ""indicator_description"": ""A TLSA record published under the _25._tcp SMTP prefix."", ""indicator_id"": ""rfc7672_smtp_dane_tlsa"", ""missing_fields"": [""domain""], ""present_fields"": [""rr_type""], ""queryability"": ""partially_queryable"", ""required"": true, ""rfc_id"": ""RFC 7672"", ""rfc_publication_date"": ""2015-10-01T00:00:00"", ""rfc_title"": ""SMTP Security via Opportunistic DNS-Based Authentication of Named Entities (DANE) Transport Layer Security (TLS)"", ""schema_reasoning"": ""Indicator rfc7672_smtp_dane_tlsa is partially queryable: rr_type (string) exists in the OpenINTEL dictionary but domain does not, so the conditions on domain fail with field_present=False while the remaining conditions, which carry the indicator's discriminating value, are still evaluated."", ""schema_warnings"": [], ""weight"": 10.0}"
rev_0044,partially_queryable_indicator,medium,unresolved,"Indicator rfc9077_nsec_ttl_bounded (required, weight 6.0) of RFC 9077 is only partially queryable: it uses present field(s) `rr_type` but also missing field(s) `record_ttl`, and because an indicator's conditions are ANDed it can never match. Indicator rfc9077_nsec_ttl_bounded is partially queryable: rr_type (string) exists in the OpenINTEL dictionary but record_ttl does not, so the conditions on record_ttl fail with field_present=False while the remaining conditions, which carry the indicator's discriminating value, are still evaluated.",RFC 9077,record_ttl,,,"Add `record_ttl` to the OpenINTEL analysis dictionary with an openintel_native_fields mapping to the real Parquet column(s) that carry it, or rewrite indicator rfc9077_nsec_ttl_bounded to rely only on fields the corpus exports (algorithm, digest_type, dnskey_protocol, domain, flags, key_tag, measurement_id, nsec3_flags, nsec3_iterations, nsec3_salt, rr_type, rrsig_type_covered, ...). Until then the indicator's weight of 6.0 is unreachable and every RFC 9077 score is low by that amount.",,,"{""condition_checks"": [{""available_from"": ""2010-01-01T00:00:00"", ""expected"": [""NSEC"", ""NSEC3""], ""explanation"": ""Condition `rr_type in [NSEC, NSEC3]` of RFC 9077 can be evaluated because the OpenINTEL dictionary defines the field rr_type with type string."", ""field"": ""rr_type"", ""field_exists"": true, ""field_type"": ""string"", ""op"": ""in"", ""type_compatible"": true}, {""available_from"": """", ""expected"": null, ""explanation"": ""Condition `record_ttl exists` of RFC 9077 cannot be evaluated because the OpenINTEL dictionary defines no field named record_ttl; at match time the condition is recorded with field_present=False, fails, and record_ttl is reported in the match's missing_fields. No similarly named field exists in the dictionary either."", ""field"": ""record_ttl"", ""field_exists"": false, ""field_type"": null, ""op"": ""exists"", ""type_compatible"": true}], ""dictionary_fields_available"": [""algorithm"", ""digest_type"", ""dnskey_protocol"", ""domain"", ""flags"", ""key_tag"", ""measurement_id"", ""nsec3_flags"", ""nsec3_iterations"", ""nsec3_salt"", ""rr_type"", ""rrsig_type_covered"", ""rsa_key_bitsize"", ""source"", ""timestamp"", ""tlsa_matchtype"", ""tlsa_selector"", ""tlsa_usage"", ""zone""], ""indicator_description"": ""NSEC/NSEC3 TTL is capped at the SOA minimum, per RFC 9077."", ""indicator_id"": ""rfc9077_nsec_ttl_bounded"", ""missing_fields"": [""record_ttl""], ""present_fields"": [""rr_type""], ""queryability"": ""partially_queryable"", ""required"": true, ""rfc_id"": ""RFC 9077"", ""rfc_publication_date"": ""2021-07-01T00:00:00"", ""rfc_title"": ""NSEC and NSEC3: TTLs and Aggressive Use"", ""schema_reasoning"": ""Indicator rfc9077_nsec_ttl_bounded is partially queryable: rr_type (string) exists in the OpenINTEL dictionary but record_ttl does not, so the conditions on record_ttl fail with field_present=False while the remaining conditions, which carry the indicator's discriminating value, are still evaluated."", ""schema_warnings"": [], ""weight"": 6.0}"
rev_0045,schema_inconsistency,low,unresolved,Field 'declared_standards_profile' is referenced by 1 indicator(s) (rfc9364_bcp_profile_declared) but is not defined in the OpenINTEL dictionary loaded from E:/Documents/University/year2/DNSSEC/rfc_adoption/data/openintel_dictionary/sample_openintel_dictionary.json; every condition on it is unanswerable. No similarly named field is defined either.,,,,,"Resolve this warning before quoting counts from this run: it did not stop the pipeline, but warnings recorded here mark places where a result may be an artefact of the schema or the reader rather than of the measurement.",,,"{""field_availability"": {}, ""fields_mentioned"": [], ""rfc_ids_mentioned"": [], ""scope"": """", ""source"": ""schema_report_warning"", ""warning"": ""Field 'declared_standards_profile' is referenced by 1 indicator(s) (rfc9364_bcp_profile_declared) but is not defined in the OpenINTEL dictionary loaded from E:/Documents/University/year2/DNSSEC/rfc_adoption/data/openintel_dictionary/sample_openintel_dictionary.json; every condition on it is unanswerable. No similarly named field is defined either.""}"
rev_0046,schema_inconsistency,low,unresolved,Field 'guidance_source_registry' is referenced by 1 indicator(s) (rfc9904_algorithm_guidance_process) but is not defined in the OpenINTEL dictionary loaded from E:/Documents/University/year2/DNSSEC/rfc_adoption/data/openintel_dictionary/sample_openintel_dictionary.json; every condition on it is unanswerable. No similarly named field is defined either.,,,,,"Resolve this warning before quoting counts from this run: it did not stop the pipeline, but warnings recorded here mark places where a result may be an artefact of the schema or the reader rather than of the measurement.",,,"{""field_availability"": {}, ""fields_mentioned"": [], ""rfc_ids_mentioned"": [], ""scope"": """", ""source"": ""schema_report_warning"", ""warning"": ""Field 'guidance_source_registry' is referenced by 1 indicator(s) (rfc9904_algorithm_guidance_process) but is not defined in the OpenINTEL dictionary loaded from E:/Documents/University/year2/DNSSEC/rfc_adoption/data/openintel_dictionary/sample_openintel_dictionary.json; every condition on it is unanswerable. No similarly named field is defined either.""}"
rev_0047,schema_inconsistency,low,unresolved,Field 'key_rollover_phase' is referenced by 1 indicator(s) (rfc7583_rollover_timing_observed) but is not defined in the OpenINTEL dictionary loaded from E:/Documents/University/year2/DNSSEC/rfc_adoption/data/openintel_dictionary/sample_openintel_dictionary.json; every condition on it is unanswerable. No similarly named field is defined either.,,,,,"Resolve this warning before quoting counts from this run: it did not stop the pipeline, but warnings recorded here mark places where a result may be an artefact of the schema or the reader rather than of the measurement.",,,"{""field_availability"": {}, ""fields_mentioned"": [], ""rfc_ids_mentioned"": [], ""scope"": """", ""source"": ""schema_report_warning"", ""warning"": ""Field 'key_rollover_phase' is referenced by 1 indicator(s) (rfc7583_rollover_timing_observed) but is not defined in the OpenINTEL dictionary loaded from E:/Documents/University/year2/DNSSEC/rfc_adoption/data/openintel_dictionary/sample_openintel_dictionary.json; every condition on it is unanswerable. No similarly named field is defined either.""}"
rev_0048,schema_inconsistency,low,unresolved,Field 'name_algorithm_set_consistency' is referenced by 1 indicator(s) (rfc6840_mandatory_algorithm_rules) but is not defined in the OpenINTEL dictionary loaded from E:/Documents/University/year2/DNSSEC/rfc_adoption/data/openintel_dictionary/sample_openintel_dictionary.json; every condition on it is unanswerable. No similarly named field is defined either.,,,,,"Resolve this warning before quoting counts from this run: it did not stop the pipeline, but warnings recorded here mark places where a result may be an artefact of the schema or the reader rather than of the measurement.",,,"{""field_availability"": {}, ""fields_mentioned"": [], ""rfc_ids_mentioned"": [], ""scope"": """", ""source"": ""schema_report_warning"", ""warning"": ""Field 'name_algorithm_set_consistency' is referenced by 1 indicator(s) (rfc6840_mandatory_algorithm_rules) but is not defined in the OpenINTEL dictionary loaded from E:/Documents/University/year2/DNSSEC/rfc_adoption/data/openintel_dictionary/sample_openintel_dictionary.json; every condition on it is unanswerable. No similarly named field is defined either.""}"
rev_0049,schema_inconsistency,low,unresolved,Field 'record_ttl' is referenced by 1 indicator(s) (rfc9077_nsec_ttl_bounded) but is not defined in the OpenINTEL dictionary loaded from E:/Documents/University/year2/DNSSEC/rfc_adoption/data/openintel_dictionary/sample_openintel_dictionary.json; every condition on it is unanswerable. No similarly named field is defined either.,,,,,"Resolve this warning before quoting counts from this run: it did not stop the pipeline, but warnings recorded here mark places where a result may be an artefact of the schema or the reader rather than of the measurement.",,,"{""field_availability"": {}, ""fields_mentioned"": [], ""rfc_ids_mentioned"": [], ""scope"": """", ""source"": ""schema_report_warning"", ""warning"": ""Field 'record_ttl' is referenced by 1 indicator(s) (rfc9077_nsec_ttl_bounded) but is not defined in the OpenINTEL dictionary loaded from E:/Documents/University/year2/DNSSEC/rfc_adoption/data/openintel_dictionary/sample_openintel_dictionary.json; every condition on it is unanswerable. No similarly named field is defined either.""}"
rev_0050,schema_inconsistency,low,unresolved,Field 'resolver_synthesised_nxdomain' is referenced by 1 indicator(s) (rfc8198_aggressive_nsec_use) but is not defined in the OpenINTEL dictionary loaded from E:/Documents/University/year2/DNSSEC/rfc_adoption/data/openintel_dictionary/sample_openintel_dictionary.json; every condition on it is unanswerable. No similarly named field is defined either.,,,,,"Resolve this warning before quoting counts from this run: it did not stop the pipeline, but warnings recorded here mark places where a result may be an artefact of the schema or the reader rather than of the measurement.",,,"{""field_availability"": {}, ""fields_mentioned"": [], ""rfc_ids_mentioned"": [], ""scope"": """", ""source"": ""schema_report_warning"", ""warning"": ""Field 'resolver_synthesised_nxdomain' is referenced by 1 indicator(s) (rfc8198_aggressive_nsec_use) but is not defined in the OpenINTEL dictionary loaded from E:/Documents/University/year2/DNSSEC/rfc_adoption/data/openintel_dictionary/sample_openintel_dictionary.json; every condition on it is unanswerable. No similarly named field is defined either.""}"
rev_0051,schema_inconsistency,low,unresolved,Field 'validator_algorithm_support' is referenced by 1 indicator(s) (rfc8624_validator_algorithm_support) but is not defined in the OpenINTEL dictionary loaded from E:/Documents/University/year2/DNSSEC/rfc_adoption/data/openintel_dictionary/sample_openintel_dictionary.json; every condition on it is unanswerable. No similarly named field is defined either.,,,,,"Resolve this warning before quoting counts from this run: it did not stop the pipeline, but warnings recorded here mark places where a result may be an artefact of the schema or the reader rather than of the measurement.",,,"{""field_availability"": {}, ""fields_mentioned"": [], ""rfc_ids_mentioned"": [], ""scope"": """", ""source"": ""schema_report_warning"", ""warning"": ""Field 'validator_algorithm_support' is referenced by 1 indicator(s) (rfc8624_validator_algorithm_support) but is not defined in the OpenINTEL dictionary loaded from E:/Documents/University/year2/DNSSEC/rfc_adoption/data/openintel_dictionary/sample_openintel_dictionary.json; every condition on it is unanswerable. No similarly named field is defined either.""}"
rev_0052,schema_inconsistency,low,unresolved,"Dictionary fields `key_tag` (from 2010-01-01), `measurement_id` (from 2010-01-01), `nsec3_flags` (from 2010-01-01), `rsa_key_bitsize` (from 2010-01-01), `source` (from 2010-01-01), `timestamp` (from 2010-01-01), `tlsa_selector` (from 2012-08-01), `zone` (from 2010-01-01) become available after the earliest RFC in this checklist was published. No indicator references them today, but any future indicator built on them will inherit that lower bound.",,key_tag; measurement_id; nsec3_flags; rsa_key_bitsize; source; timestamp; tlsa_selector; zone,,,"The dictionary marks `key_tag` from 2010-01-01T00:00:00; `measurement_id` from 2010-01-01T00:00:00; `nsec3_flags` from 2010-01-01T00:00:00; `rsa_key_bitsize` from 2010-01-01T00:00:00; `source` from 2010-01-01T00:00:00; `timestamp` from 2010-01-01T00:00:00; `tlsa_selector` from 2012-08-01T00:00:00; `zone` from 2010-01-01T00:00:00. Either restrict the analysis window to on or after that date, or annotate results before it as unknown rather than negative - an RFC published earlier than its indicator fields became available cannot be measured over the whole period.",,,"{""field_availability"": {""key_tag"": ""2010-01-01T00:00:00"", ""measurement_id"": ""2010-01-01T00:00:00"", ""nsec3_flags"": ""2010-01-01T00:00:00"", ""rsa_key_bitsize"": ""2010-01-01T00:00:00"", ""source"": ""2010-01-01T00:00:00"", ""timestamp"": ""2010-01-01T00:00:00"", ""tlsa_selector"": ""2012-08-01T00:00:00"", ""zone"": ""2010-01-01T00:00:00""}, ""fields_mentioned"": [""key_tag"", ""measurement_id"", ""nsec3_flags"", ""rsa_key_bitsize"", ""source"", ""timestamp"", ""tlsa_selector"", ""zone""], ""rfc_ids_mentioned"": [], ""scope"": """", ""source"": ""schema_report_warning"", ""warning"": ""Dictionary fields `key_tag` (from 2010-01-01), `measurement_id` (from 2010-01-01), `nsec3_flags` (from 2010-01-01), `rsa_key_bitsize` (from 2010-01-01), `source` (from 2010-01-01), `timestamp` (from 2010-01-01), `tlsa_selector` (from 2012-08-01), `zone` (from 2010-01-01) become available after the earliest RFC in this checklist was published. No indicator references them today, but any future indicator built on them will inherit that lower bound.""}"
rev_0053,schema_inconsistency,low,unresolved,"Dictionary field 'measurement_id' lists no openintel_native_fields, so the Parquet reader has no real OpenINTEL column to resolve it from; it will only be populated if a column of exactly that name exists.",,measurement_id,,,"Re-check the dictionary entry for `measurement_id` (type, nullability and openintel_native_fields) against the real OpenINTEL schema, then re-run schema-check. This does not stop matching, but it silently reduces recall for every indicator that uses the field.",,,"{""field_availability"": {""measurement_id"": ""2010-01-01T00:00:00""}, ""fields_mentioned"": [""measurement_id""], ""rfc_ids_mentioned"": [], ""scope"": """", ""source"": ""schema_report_warning"", ""warning"": ""Dictionary field 'measurement_id' lists no openintel_native_fields, so the Parquet reader has no real OpenINTEL column to resolve it from; it will only be populated if a column of exactly that name exists.""}"
rev_0054,schema_inconsistency,low,unresolved,"Field 'dnssec_ok_flag' is referenced by 2 indicator(s) (rfc4033_dnssec_ok_negotiated, rfc4035_dnssec_ok_negotiated) but is not defined in the OpenINTEL dictionary loaded from E:/Documents/University/year2/DNSSEC/rfc_adoption/data/openintel_dictionary/sample_openintel_dictionary.json; every condition on it is unanswerable. The closest defined field name is nsec3_flags.",,nsec3_flags,,,"Re-check the dictionary entry for `nsec3_flags` (type, nullability and openintel_native_fields) against the real OpenINTEL schema, then re-run schema-check. This does not stop matching, but it silently reduces recall for every indicator that uses the field.",,,"{""field_availability"": {""nsec3_flags"": ""2010-01-01T00:00:00""}, ""fields_mentioned"": [""nsec3_flags""], ""rfc_ids_mentioned"": [], ""scope"": """", ""source"": ""schema_report_warning"", ""warning"": ""Field 'dnssec_ok_flag' is referenced by 2 indicator(s) (rfc4033_dnssec_ok_negotiated, rfc4035_dnssec_ok_negotiated) but is not defined in the OpenINTEL dictionary loaded from E:/Documents/University/year2/DNSSEC/rfc_adoption/data/openintel_dictionary/sample_openintel_dictionary.json; every condition on it is unanswerable. The closest defined field name is nsec3_flags.""}"
rev_0055,schema_inconsistency,low,unresolved,"rfc3110_rsasha1_algorithm: Field `algorithm` is only available from 2010-01-01, which is after RFC 3110's publication date 2001-05-01; adoption before 2010-01-01 cannot be observed through this field.",RFC 3110,algorithm,,,"The dictionary marks `algorithm` from 2010-01-01T00:00:00. Either restrict the analysis window to on or after that date, or annotate results before it as unknown rather than negative - an RFC published earlier than its indicator fields became available cannot be measured over the whole period.",,,"{""field_availability"": {""algorithm"": ""2010-01-01T00:00:00""}, ""fields_mentioned"": [""algorithm""], ""rfc_ids_mentioned"": [""RFC 3110""], ""scope"": ""rfc3110_rsasha1_algorithm"", ""source"": ""indicator_warning"", ""warning"": ""Field `algorithm` is only available from 2010-01-01, which is after RFC 3110's publication date 2001-05-01; adoption before 2010-01-01 cannot be observed through this field.""}"
rev_0056,schema_inconsistency,low,unresolved,"RFC 3110 was published 2001-05-01, but the OpenINTEL fields its indicators rely on only become available later: `algorithm` (from 2010-01-01), `rr_type` (from 2010-01-01). Adoption of RFC 3110 before 2010-01-01 cannot be observed through this corpus, so a first-seen date is a lower bound on when the mechanism appeared, not on when it was adopted.",RFC 3110,algorithm; rr_type,,,"The dictionary marks `algorithm` from 2010-01-01T00:00:00; `rr_type` from 2010-01-01T00:00:00. Either restrict the analysis window to on or after that date, or annotate results before it as unknown rather than negative - an RFC published earlier than its indicator fields became available cannot be measured over the whole period.",,,"{""field_availability"": {""algorithm"": ""2010-01-01T00:00:00"", ""rr_type"": ""2010-01-01T00:00:00""}, ""fields_mentioned"": [""algorithm"", ""rr_type""], ""rfc_ids_mentioned"": [""RFC 3110""], ""scope"": """", ""source"": ""schema_report_warning"", ""warning"": ""RFC 3110 was published 2001-05-01, but the OpenINTEL fields its indicators rely on only become available later: `algorithm` (from 2010-01-01), `rr_type` (from 2010-01-01). Adoption of RFC 3110 before 2010-01-01 cannot be observed through this corpus, so a first-seen date is a lower bound on when the mechanism appeared, not on when it was adopted.""}"
rev_0057,schema_inconsistency,low,unresolved,"rfc3110_rsasha1_on_key_or_signature: Field `rr_type` is only available from 2010-01-01, which is after RFC 3110's publication date 2001-05-01; adoption before 2010-01-01 cannot be observed through this field.",RFC 3110,rr_type,,,"The dictionary marks `rr_type` from 2010-01-01T00:00:00. Either restrict the analysis window to on or after that date, or annotate results before it as unknown rather than negative - an RFC published earlier than its indicator fields became available cannot be measured over the whole period.",,,"{""field_availability"": {""rr_type"": ""2010-01-01T00:00:00""}, ""fields_mentioned"": [""rr_type""], ""rfc_ids_mentioned"": [""RFC 3110""], ""scope"": ""rfc3110_rsasha1_on_key_or_signature"", ""source"": ""indicator_warning"", ""warning"": ""Field `rr_type` is only available from 2010-01-01, which is after RFC 3110's publication date 2001-05-01; adoption before 2010-01-01 cannot be observed through this field.""}"
rev_0058,schema_inconsistency,low,unresolved,"rfc4033_dnssec_algorithm_present: Field `algorithm` is only available from 2010-01-01, which is after RFC 4033's publication date 2005-03-01; adoption before 2010-01-01 cannot be observed through this field.",RFC 4033,algorithm,,,"The dictionary marks `algorithm` from 2010-01-01T00:00:00. Either restrict the analysis window to on or after that date, or annotate results before it as unknown rather than negative - an RFC published earlier than its indicator fields became available cannot be measured over the whole period.",,,"{""field_availability"": {""algorithm"": ""2010-01-01T00:00:00""}, ""fields_mentioned"": [""algorithm""], ""rfc_ids_mentioned"": [""RFC 4033""], ""scope"": ""rfc4033_dnssec_algorithm_present"", ""source"": ""indicator_warning"", ""warning"": ""Field `algorithm` is only available from 2010-01-01, which is after RFC 4033's publication date 2005-03-01; adoption before 2010-01-01 cannot be observed through this field.""}"
rev_0059,schema_inconsistency,low,unresolved,"RFC 4033 was published 2005-03-01, but the OpenINTEL fields its indicators rely on only become available later: `algorithm` (from 2010-01-01), `rr_type` (from 2010-01-01). Adoption of RFC 4033 before 2010-01-01 cannot be observed through this corpus, so a first-seen date is a lower bound on when the mechanism appeared, not on when it was adopted.",RFC 4033,algorithm; rr_type,,,"The dictionary marks `algorithm` from 2010-01-01T00:00:00; `rr_type` from 2010-01-01T00:00:00. Either restrict the analysis window to on or after that date, or annotate results before it as unknown rather than negative - an RFC published earlier than its indicator fields became available cannot be measured over the whole period.",,,"{""field_availability"": {""algorithm"": ""2010-01-01T00:00:00"", ""rr_type"": ""2010-01-01T00:00:00""}, ""fields_mentioned"": [""algorithm"", ""rr_type""], ""rfc_ids_mentioned"": [""RFC 4033""], ""scope"": """", ""source"": ""schema_report_warning"", ""warning"": ""RFC 4033 was published 2005-03-01, but the OpenINTEL fields its indicators rely on only become available later: `algorithm` (from 2010-01-01), `rr_type` (from 2010-01-01). Adoption of RFC 4033 before 2010-01-01 cannot be observed through this corpus, so a first-seen date is a lower bound on when the mechanism appeared, not on when it was adopted.""}"
rev_0060,schema_inconsistency,low,unresolved,"rfc4033_base_dnssec_record_present: Field `rr_type` is only available from 2010-01-01, which is after RFC 4033's publication date 2005-03-01; adoption before 2010-01-01 cannot be observed through this field.",RFC 4033,rr_type,,,"The dictionary marks `rr_type` from 2010-01-01T00:00:00. Either restrict the analysis window to on or after that date, or annotate results before it as unknown rather than negative - an RFC published earlier than its indicator fields became available cannot be measured over the whole period.",,,"{""field_availability"": {""rr_type"": ""2010-01-01T00:00:00""}, ""fields_mentioned"": [""rr_type""], ""rfc_ids_mentioned"": [""RFC 4033""], ""scope"": ""rfc4033_base_dnssec_record_present"", ""source"": ""indicator_warning"", ""warning"": ""Field `rr_type` is only available from 2010-01-01, which is after RFC 4033's publication date 2005-03-01; adoption before 2010-01-01 cannot be observed through this field.""}"
rev_0061,schema_inconsistency,low,unresolved,"rfc4034_dnskey_protocol_is_three: Field `dnskey_protocol` is only available from 2010-01-01, which is after RFC 4034's publication date 2005-03-01; adoption before 2010-01-01 cannot be observed through this field.",RFC 4034,dnskey_protocol,,,"The dictionary marks `dnskey_protocol` from 2010-01-01T00:00:00. Either restrict the analysis window to on or after that date, or annotate results before it as unknown rather than negative - an RFC published earlier than its indicator fields became available cannot be measured over the whole period.",,,"{""field_availability"": {""dnskey_protocol"": ""2010-01-01T00:00:00""}, ""fields_mentioned"": [""dnskey_protocol""], ""rfc_ids_mentioned"": [""RFC 4034""], ""scope"": ""rfc4034_dnskey_protocol_is_three"", ""source"": ""indicator_warning"", ""warning"": ""Field `dnskey_protocol` is only available from 2010-01-01, which is after RFC 4034's publication date 2005-03-01; adoption before 2010-01-01 cannot be observed through this field.""}"
rev_0062,schema_inconsistency,low,unresolved,"RFC 4034 was published 2005-03-01, but the OpenINTEL fields its indicators rely on only become available later: `dnskey_protocol` (from 2010-01-01), `rr_type` (from 2010-01-01), `rrsig_type_covered` (from 2010-01-01). Adoption of RFC 4034 before 2010-01-01 cannot be observed through this corpus, so a first-seen date is a lower bound on when the mechanism appeared, not on when it was adopted.",RFC 4034,dnskey_protocol; rr_type; rrsig_type_covered,,,"The dictionary marks `dnskey_protocol` from 2010-01-01T00:00:00; `rr_type` from 2010-01-01T00:00:00; `rrsig_type_covered` from 2010-01-01T00:00:00. Either restrict the analysis window to on or after that date, or annotate results before it as unknown rather than negative - an RFC published earlier than its indicator fields became available cannot be measured over the whole period.",,,"{""field_availability"": {""dnskey_protocol"": ""2010-01-01T00:00:00"", ""rr_type"": ""2010-01-01T00:00:00"", ""rrsig_type_covered"": ""2010-01-01T00:00:00""}, ""fields_mentioned"": [""dnskey_protocol"", ""rr_type"", ""rrsig_type_covered""], ""rfc_ids_mentioned"": [""RFC 4034""], ""scope"": """", ""source"": ""schema_report_warning"", ""warning"": ""RFC 4034 was published 2005-03-01, but the OpenINTEL fields its indicators rely on only become available later: `dnskey_protocol` (from 2010-01-01), `rr_type` (from 2010-01-01), `rrsig_type_covered` (from 2010-01-01). Adoption of RFC 4034 before 2010-01-01 cannot be observed through this corpus, so a first-seen date is a lower bound on when the mechanism appeared, not on when it was adopted.""}"
rev_0063,schema_inconsistency,low,unresolved,"rfc4034_core_record_present: Field `rr_type` is only available from 2010-01-01, which is after RFC 4034's publication date 2005-03-01; adoption before 2010-01-01 cannot be observed through this field.",RFC 4034,rr_type,,,"The dictionary marks `rr_type` from 2010-01-01T00:00:00. Either restrict the analysis window to on or after that date, or annotate results before it as unknown rather than negative - an RFC published earlier than its indicator fields became available cannot be measured over the whole period.",,,"{""field_availability"": {""rr_type"": ""2010-01-01T00:00:00""}, ""fields_mentioned"": [""rr_type""], ""rfc_ids_mentioned"": [""RFC 4034""], ""scope"": ""rfc4034_core_record_present"", ""source"": ""indicator_warning"", ""warning"": ""Field `rr_type` is only available from 2010-01-01, which is after RFC 4034's publication date 2005-03-01; adoption before 2010-01-01 cannot be observed through this field.""}"
rev_0064,schema_inconsistency,low,unresolved,"rfc4034_rrsig_type_covered_present: Field `rrsig_type_covered` is only available from 2010-01-01, which is after RFC 4034's publication date 2005-03-01; adoption before 2010-01-01 cannot be observed through this field.",RFC 4034,rrsig_type_covered,,,"The dictionary marks `rrsig_type_covered` from 2010-01-01T00:00:00. Either restrict the analysis window to on or after that date, or annotate results before it as unknown rather than negative - an RFC published earlier than its indicator fields became available cannot be measured over the whole period.",,,"{""field_availability"": {""rrsig_type_covered"": ""2010-01-01T00:00:00""}, ""fields_mentioned"": [""rrsig_type_covered""], ""rfc_ids_mentioned"": [""RFC 4034""], ""scope"": ""rfc4034_rrsig_type_covered_present"", ""source"": ""indicator_warning"", ""warning"": ""Field `rrsig_type_covered` is only available from 2010-01-01, which is after RFC 4034's publication date 2005-03-01; adoption before 2010-01-01 cannot be observed through this field.""}"
rev_0065,schema_inconsistency,low,unresolved,Indicator rfc4035_dnssec_ok_negotiated of RFC 4035 is non-queryable against this dictionary and will be skipped during matching: Indicator rfc4035_dnssec_ok_negotiated is non-queryable because none of the fields it references exist in the OpenINTEL dictionary: dnssec_ok_flag. No part of it can ever be evaluated against the measurement corpus.,RFC 4035,,,,"Resolve this warning before quoting counts from this run: it did not stop the pipeline, but warnings recorded here mark places where a result may be an artefact of the schema or the reader rather than of the measurement.",,,"{""field_availability"": {}, ""fields_mentioned"": [], ""rfc_ids_mentioned"": [""RFC 4035""], ""scope"": """", ""source"": ""schema_report_warning"", ""warning"": ""Indicator rfc4035_dnssec_ok_negotiated of RFC 4035 is non-queryable against this dictionary and will be skipped during matching: Indicator rfc4035_dnssec_ok_negotiated is non-queryable because none of the fields it references exist in the OpenINTEL dictionary: dnssec_ok_flag. No part of it can ever be evaluated against the measurement corpus.""}"
rev_0066,schema_inconsistency,low,unresolved,"rfc4509_ds_sha256_digest: Field `digest_type` is only available from 2010-01-01, which is after RFC 4509's publication date 2006-05-01; adoption before 2010-01-01 cannot be observed through this field.",RFC 4509,digest_type,,,"The dictionary marks `digest_type` from 2010-01-01T00:00:00. Either restrict the analysis window to on or after that date, or annotate results before it as unknown rather than negative - an RFC published earlier than its indicator fields became available cannot be measured over the whole period.",,,"{""field_availability"": {""digest_type"": ""2010-01-01T00:00:00""}, ""fields_mentioned"": [""digest_type""], ""rfc_ids_mentioned"": [""RFC 4509""], ""scope"": ""rfc4509_ds_sha256_digest"", ""source"": ""indicator_warning"", ""warning"": ""Field `digest_type` is only available from 2010-01-01, which is after RFC 4509's publication date 2006-05-01; adoption before 2010-01-01 cannot be observed through this field.""}"
rev_0067,schema_inconsistency,low,unresolved,"RFC 4509 was published 2006-05-01, but the OpenINTEL fields its indicators rely on only become available later: `digest_type` (from 2010-01-01), `rr_type` (from 2010-01-01). Adoption of RFC 4509 before 2010-01-01 cannot be observed through this corpus, so a first-seen date is a lower bound on when the mechanism appeared, not on when it was adopted.",RFC 4509,digest_type; rr_type,,,"The dictionary marks `digest_type` from 2010-01-01T00:00:00; `rr_type` from 2010-01-01T00:00:00. Either restrict the analysis window to on or after that date, or annotate results before it as unknown rather than negative - an RFC published earlier than its indicator fields became available cannot be measured over the whole period.",,,"{""field_availability"": {""digest_type"": ""2010-01-01T00:00:00"", ""rr_type"": ""2010-01-01T00:00:00""}, ""fields_mentioned"": [""digest_type"", ""rr_type""], ""rfc_ids_mentioned"": [""RFC 4509""], ""scope"": """", ""source"": ""schema_report_warning"", ""warning"": ""RFC 4509 was published 2006-05-01, but the OpenINTEL fields its indicators rely on only become available later: `digest_type` (from 2010-01-01), `rr_type` (from 2010-01-01). Adoption of RFC 4509 before 2010-01-01 cannot be observed through this corpus, so a first-seen date is a lower bound on when the mechanism appeared, not on when it was adopted.""}"
rev_0068,schema_inconsistency,low,unresolved,"rfc4509_ds_sha256_digest: Field `rr_type` is only available from 2010-01-01, which is after RFC 4509's publication date 2006-05-01; adoption before 2010-01-01 cannot be observed through this field.",RFC 4509,rr_type,,,"The dictionary marks `rr_type` from 2010-01-01T00:00:00. Either restrict the analysis window to on or after that date, or annotate results before it as unknown rather than negative - an RFC published earlier than its indicator fields became available cannot be measured over the whole period.",,,"{""field_availability"": {""rr_type"": ""2010-01-01T00:00:00""}, ""fields_mentioned"": [""rr_type""], ""rfc_ids_mentioned"": [""RFC 4509""], ""scope"": ""rfc4509_ds_sha256_digest"", ""source"": ""indicator_warning"", ""warning"": ""Field `rr_type` is only available from 2010-01-01, which is after RFC 4509's publication date 2006-05-01; adoption before 2010-01-01 cannot be observed through this field.""}"
rev_0069,schema_inconsistency,low,unresolved,"rfc5011_revoked_key_published: Field `flags` is only available from 2016-01-01, which is after RFC 5011's publication date 2007-09-01; adoption before 2016-01-01 cannot be observed through this field.",RFC 5011,flags,,,"The dictionary marks `flags` from 2016-01-01T00:00:00. Either restrict the analysis window to on or after that date, or annotate results before it as unknown rather than negative - an RFC published earlier than its indicator fields became available cannot be measured over the whole period.",,,"{""field_availability"": {""flags"": ""2016-01-01T00:00:00""}, ""fields_mentioned"": [""flags""], ""rfc_ids_mentioned"": [""RFC 5011""], ""scope"": ""rfc5011_revoked_key_published"", ""source"": ""indicator_warning"", ""warning"": ""Field `flags` is only available from 2016-01-01, which is after RFC 5011's publication date 2007-09-01; adoption before 2016-01-01 cannot be observed through this field.""}"
rev_0070,schema_inconsistency,low,unresolved,"RFC 5011 was published 2007-09-01, but the OpenINTEL fields its indicators rely on only become available later: `flags` (from 2016-01-01), `rr_type` (from 2010-01-01). Adoption of RFC 5011 before 2016-01-01 cannot be observed through this corpus, so a first-seen date is a lower bound on when the mechanism appeared, not on when it was adopted.",RFC 5011,flags; rr_type,,,"The dictionary marks `flags` from 2016-01-01T00:00:00; `rr_type` from 2010-01-01T00:00:00. Either restrict the analysis window to on or after that date, or annotate results before it as unknown rather than negative - an RFC published earlier than its indicator fields became available cannot be measured over the whole period.",,,"{""field_availability"": {""flags"": ""2016-01-01T00:00:00"", ""rr_type"": ""2010-01-01T00:00:00""}, ""fields_mentioned"": [""flags"", ""rr_type""], ""rfc_ids_mentioned"": [""RFC 5011""], ""scope"": """", ""source"": ""schema_report_warning"", ""warning"": ""RFC 5011 was published 2007-09-01, but the OpenINTEL fields its indicators rely on only become available later: `flags` (from 2016-01-01), `rr_type` (from 2010-01-01). Adoption of RFC 5011 before 2016-01-01 cannot be observed through this corpus, so a first-seen date is a lower bound on when the mechanism appeared, not on when it was adopted.""}"
rev_0071,schema_inconsistency,low,unresolved,"rfc5011_revoked_key_published: Field `rr_type` is only available from 2010-01-01, which is after RFC 5011's publication date 2007-09-01; adoption before 2010-01-01 cannot be observed through this field.",RFC 5011,rr_type,,,"The dictionary marks `rr_type` from 2010-01-01T00:00:00. Either restrict the analysis window to on or after that date, or annotate results before it as unknown rather than negative - an RFC published earlier than its indicator fields became available cannot be measured over the whole period.",,,"{""field_availability"": {""rr_type"": ""2010-01-01T00:00:00""}, ""fields_mentioned"": [""rr_type""], ""rfc_ids_mentioned"": [""RFC 5011""], ""scope"": ""rfc5011_revoked_key_published"", ""source"": ""indicator_warning"", ""warning"": ""Field `rr_type` is only available from 2010-01-01, which is after RFC 5011's publication date 2007-09-01; adoption before 2010-01-01 cannot be observed through this field.""}"
rev_0072,schema_inconsistency,low,unresolved,"rfc5155_nsec3_hash_algorithm: Field `algorithm` is only available from 2010-01-01, which is after RFC 5155's publication date 2008-03-01; adoption before 2010-01-01 cannot be observed through this field.",RFC 5155,algorithm,,,"The dictionary marks `algorithm` from 2010-01-01T00:00:00. Either restrict the analysis window to on or after that date, or annotate results before it as unknown rather than negative - an RFC published earlier than its indicator fields became available cannot be measured over the whole period.",,,"{""field_availability"": {""algorithm"": ""2010-01-01T00:00:00""}, ""fields_mentioned"": [""algorithm""], ""rfc_ids_mentioned"": [""RFC 5155""], ""scope"": ""rfc5155_nsec3_hash_algorithm"", ""source"": ""indicator_warning"", ""warning"": ""Field `algorithm` is only available from 2010-01-01, which is after RFC 5155's publication date 2008-03-01; adoption before 2010-01-01 cannot be observed through this field.""}"
rev_0073,schema_inconsistency,low,unresolved,"RFC 5155 was published 2008-03-01, but the OpenINTEL fields its indicators rely on only become available later: `algorithm` (from 2010-01-01), `rr_type` (from 2010-01-01). Adoption of RFC 5155 before 2010-01-01 cannot be observed through this corpus, so a first-seen date is a lower bound on when the mechanism appeared, not on when it was adopted.",RFC 5155,algorithm; rr_type,,,"The dictionary marks `algorithm` from 2010-01-01T00:00:00; `rr_type` from 2010-01-01T00:00:00. Either restrict the analysis window to on or after that date, or annotate results before it as unknown rather than negative - an RFC published earlier than its indicator fields became available cannot be measured over the whole period.",,,"{""field_availability"": {""algorithm"": ""2010-01-01T00:00:00"", ""rr_type"": ""2010-01-01T00:00:00""}, ""fields_mentioned"": [""algorithm"", ""rr_type""], ""rfc_ids_mentioned"": [""RFC 5155""], ""scope"": """", ""source"": ""schema_report_warning"", ""warning"": ""RFC 5155 was published 2008-03-01, but the OpenINTEL fields its indicators rely on only become available later: `algorithm` (from 2010-01-01), `rr_type` (from 2010-01-01). Adoption of RFC 5155 before 2010-01-01 cannot be observed through this corpus, so a first-seen date is a lower bound on when the mechanism appeared, not on when it was adopted.""}"
rev_0074,schema_inconsistency,low,unresolved,"rfc5155_nsec3_hash_algorithm: Field `rr_type` is only available from 2010-01-01, which is after RFC 5155's publication date 2008-03-01; adoption before 2010-01-01 cannot be observed through this field.",RFC 5155,rr_type,,,"The dictionary marks `rr_type` from 2010-01-01T00:00:00. Either restrict the analysis window to on or after that date, or annotate results before it as unknown rather than negative - an RFC published earlier than its indicator fields became available cannot be measured over the whole period.",,,"{""field_availability"": {""rr_type"": ""2010-01-01T00:00:00""}, ""fields_mentioned"": [""rr_type""], ""rfc_ids_mentioned"": [""RFC 5155""], ""scope"": ""rfc5155_nsec3_hash_algorithm"", ""source"": ""indicator_warning"", ""warning"": ""Field `rr_type` is only available from 2010-01-01, which is after RFC 5155's publication date 2008-03-01; adoption before 2010-01-01 cannot be observed through this field.""}"
rev_0075,schema_inconsistency,low,unresolved,"rfc5702_rsa_sha2_algorithm: Field `algorithm` is only available from 2010-01-01, which is after RFC 5702's publication date 2009-10-01; adoption before 2010-01-01 cannot be observed through this field.",RFC 5702,algorithm,,,"The dictionary marks `algorithm` from 2010-01-01T00:00:00. Either restrict the analysis window to on or after that date, or annotate results before it as unknown rather than negative - an RFC published earlier than its indicator fields became available cannot be measured over the whole period.",,,"{""field_availability"": {""algorithm"": ""2010-01-01T00:00:00""}, ""fields_mentioned"": [""algorithm""], ""rfc_ids_mentioned"": [""RFC 5702""], ""scope"": ""rfc5702_rsa_sha2_algorithm"", ""source"": ""indicator_warning"", ""warning"": ""Field `algorithm` is only available from 2010-01-01, which is after RFC 5702's publication date 2009-10-01; adoption before 2010-01-01 cannot be observed through this field.""}"
rev_0076,schema_inconsistency,low,unresolved,"RFC 5702 was published 2009-10-01, but the OpenINTEL fields its indicators rely on only become available later: `algorithm` (from 2010-01-01), `rr_type` (from 2010-01-01). Adoption of RFC 5702 before 2010-01-01 cannot be observed through this corpus, so a first-seen date is a lower bound on when the mechanism appeared, not on when it was adopted.",RFC 5702,algorithm; rr_type,,,"The dictionary marks `algorithm` from 2010-01-01T00:00:00; `rr_type` from 2010-01-01T00:00:00. Either restrict the analysis window to on or after that date, or annotate results before it as unknown rather than negative - an RFC published earlier than its indicator fields became available cannot be measured over the whole period.",,,"{""field_availability"": {""algorithm"": ""2010-01-01T00:00:00"", ""rr_type"": ""2010-01-01T00:00:00""}, ""fields_mentioned"": [""algorithm"", ""rr_type""], ""rfc_ids_mentioned"": [""RFC 5702""], ""scope"": """", ""source"": ""schema_report_warning"", ""warning"": ""RFC 5702 was published 2009-10-01, but the OpenINTEL fields its indicators rely on only become available later: `algorithm` (from 2010-01-01), `rr_type` (from 2010-01-01). Adoption of RFC 5702 before 2010-01-01 cannot be observed through this corpus, so a first-seen date is a lower bound on when the mechanism appeared, not on when it was adopted.""}"
rev_0077,schema_inconsistency,low,unresolved,"rfc5702_rsa_sha2_on_dnssec_record: Field `rr_type` is only available from 2010-01-01, which is after RFC 5702's publication date 2009-10-01; adoption before 2010-01-01 cannot be observed through this field.",RFC 5702,rr_type,,,"The dictionary marks `rr_type` from 2010-01-01T00:00:00. Either restrict the analysis window to on or after that date, or annotate results before it as unknown rather than negative - an RFC published earlier than its indicator fields became available cannot be measured over the whole period.",,,"{""field_availability"": {""rr_type"": ""2010-01-01T00:00:00""}, ""fields_mentioned"": [""rr_type""], ""rfc_ids_mentioned"": [""RFC 5702""], ""scope"": ""rfc5702_rsa_sha2_on_dnssec_record"", ""source"": ""indicator_warning"", ""warning"": ""Field `rr_type` is only available from 2010-01-01, which is after RFC 5702's publication date 2009-10-01; adoption before 2010-01-01 cannot be observed through this field.""}"
rev_0078,schema_inconsistency,low,unresolved,"RFC 6781 was published 2012-12-01, but the OpenINTEL fields its indicators rely on only become available later: `flags` (from 2016-01-01). Adoption of RFC 6781 before 2016-01-01 cannot be observed through this corpus, so a first-seen date is a lower bound on when the mechanism appeared, not on when it was adopted.",RFC 6781,flags,,,"The dictionary marks `flags` from 2016-01-01T00:00:00. Either restrict the analysis window to on or after that date, or annotate results before it as unknown rather than negative - an RFC published earlier than its indicator fields became available cannot be measured over the whole period.",,,"{""field_availability"": {""flags"": ""2016-01-01T00:00:00""}, ""fields_mentioned"": [""flags""], ""rfc_ids_mentioned"": [""RFC 6781""], ""scope"": """", ""source"": ""schema_report_warning"", ""warning"": ""RFC 6781 was published 2012-12-01, but the OpenINTEL fields its indicators rely on only become available later: `flags` (from 2016-01-01). Adoption of RFC 6781 before 2016-01-01 cannot be observed through this corpus, so a first-seen date is a lower bound on when the mechanism appeared, not on when it was adopted.""}"
rev_0079,schema_inconsistency,low,unresolved,"rfc6781_ksk_zsk_separation: Field `flags` is only available from 2016-01-01, which is after RFC 6781's publication date 2012-12-01; adoption before 2016-01-01 cannot be observed through this field.",RFC 6781,flags,,,"The dictionary marks `flags` from 2016-01-01T00:00:00. Either restrict the analysis window to on or after that date, or annotate results before it as unknown rather than negative - an RFC published earlier than its indicator fields became available cannot be measured over the whole period.",,,"{""field_availability"": {""flags"": ""2016-01-01T00:00:00""}, ""fields_mentioned"": [""flags""], ""rfc_ids_mentioned"": [""RFC 6781""], ""scope"": ""rfc6781_ksk_zsk_separation"", ""source"": ""indicator_warning"", ""warning"": ""Field `flags` is only available from 2016-01-01, which is after RFC 6781's publication date 2012-12-01; adoption before 2016-01-01 cannot be observed through this field.""}"
rev_0080,schema_inconsistency,low,unresolved,Indicator rfc6840_mandatory_algorithm_rules of RFC 6840 is non-queryable against this dictionary and will be skipped during matching: Indicator rfc6840_mandatory_algorithm_rules is non-queryable because none of the fields it references exist in the OpenINTEL dictionary: name_algorithm_set_consistency. No part of it can ever be evaluated against the measurement corpus.,RFC 6840,,,,"Resolve this warning before quoting counts from this run: it did not stop the pipeline, but warnings recorded here mark places where a result may be an artefact of the schema or the reader rather than of the measurement.",,,"{""field_availability"": {}, ""fields_mentioned"": [], ""rfc_ids_mentioned"": [""RFC 6840""], ""scope"": """", ""source"": ""schema_report_warning"", ""warning"": ""Indicator rfc6840_mandatory_algorithm_rules of RFC 6840 is non-queryable against this dictionary and will be skipped during matching: Indicator rfc6840_mandatory_algorithm_rules is non-queryable because none of the fields it references exist in the OpenINTEL dictionary: name_algorithm_set_consistency. No part of it can ever be evaluated against the measurement corpus.""}"
rev_0081,schema_inconsistency,low,unresolved,Indicator rfc7583_rollover_timing_observed of RFC 7583 is non-queryable against this dictionary and will be skipped during matching: Indicator rfc7583_rollover_timing_observed is non-queryable because none of the fields it references exist in the OpenINTEL dictionary: key_rollover_phase. No part of it can ever be evaluated against the measurement corpus.,RFC 7583,,,,"Resolve this warning before quoting counts from this run: it did not stop the pipeline, but warnings recorded here mark places where a result may be an artefact of the schema or the reader rather than of the measurement.",,,"{""field_availability"": {}, ""fields_mentioned"": [], ""rfc_ids_mentioned"": [""RFC 7583""], ""scope"": """", ""source"": ""schema_report_warning"", ""warning"": ""Indicator rfc7583_rollover_timing_observed of RFC 7583 is non-queryable against this dictionary and will be skipped during matching: Indicator rfc7583_rollover_timing_observed is non-queryable because none of the fields it references exist in the OpenINTEL dictionary: key_rollover_phase. No part of it can ever be evaluated against the measurement corpus.""}"
rev_0082,schema_inconsistency,low,unresolved,Indicator rfc8198_aggressive_nsec_use of RFC 8198 is non-queryable against this dictionary and will be skipped during matching: Indicator rfc8198_aggressive_nsec_use is non-queryable because none of the fields it references exist in the OpenINTEL dictionary: resolver_synthesised_nxdomain. No part of it can ever be evaluated against the measurement corpus.,RFC 8198,,,,"Resolve this warning before quoting counts from this run: it did not stop the pipeline, but warnings recorded here mark places where a result may be an artefact of the schema or the reader rather than of the measurement.",,,"{""field_availability"": {}, ""fields_mentioned"": [], ""rfc_ids_mentioned"": [""RFC 8198""], ""scope"": """", ""source"": ""schema_report_warning"", ""warning"": ""Indicator rfc8198_aggressive_nsec_use of RFC 8198 is non-queryable against this dictionary and will be skipped during matching: Indicator rfc8198_aggressive_nsec_use is non-queryable because none of the fields it references exist in the OpenINTEL dictionary: resolver_synthesised_nxdomain. No part of it can ever be evaluated against the measurement corpus.""}"
rev_0083,schema_inconsistency,low,unresolved,"Indicator rfc8624_validator_algorithm_support of RFC 8624 is non-queryable against this dictionary and will be skipped during matching: Indicator rfc8624_validator_algorithm_support is non-queryable: the field carrying its discriminating value, validator_algorithm_support, is absent from the OpenINTEL dictionary, and the only field that remains, rr_type (string), merely scopes which records are considered and is not used by any other RFC 8624 indicator, so nothing testable is left to attribute an observation to RFC 8624.",RFC 8624,rr_type,,,"Re-check the dictionary entry for `rr_type` (type, nullability and openintel_native_fields) against the real OpenINTEL schema, then re-run schema-check. This does not stop matching, but it silently reduces recall for every indicator that uses the field.",,,"{""field_availability"": {""rr_type"": ""2010-01-01T00:00:00""}, ""fields_mentioned"": [""rr_type""], ""rfc_ids_mentioned"": [""RFC 8624""], ""scope"": """", ""source"": ""schema_report_warning"", ""warning"": ""Indicator rfc8624_validator_algorithm_support of RFC 8624 is non-queryable against this dictionary and will be skipped during matching: Indicator rfc8624_validator_algorithm_support is non-queryable: the field carrying its discriminating value, validator_algorithm_support, is absent from the OpenINTEL dictionary, and the only field that remains, rr_type (string), merely scopes which records are considered and is not used by any other RFC 8624 indicator, so nothing testable is left to attribute an observation to RFC 8624.""}"
rev_0084,schema_inconsistency,low,unresolved,Indicator rfc9364_bcp_profile_declared of RFC 9364 is non-queryable against this dictionary and will be skipped during matching: Indicator rfc9364_bcp_profile_declared is non-queryable because none of the fields it references exist in the OpenINTEL dictionary: declared_standards_profile. No part of it can ever be evaluated against the measurement corpus.,RFC 9364,,,,"Resolve this warning before quoting counts from this run: it did not stop the pipeline, but warnings recorded here mark places where a result may be an artefact of the schema or the reader rather than of the measurement.",,,"{""field_availability"": {}, ""fields_mentioned"": [], ""rfc_ids_mentioned"": [""RFC 9364""], ""scope"": """", ""source"": ""schema_report_warning"", ""warning"": ""Indicator rfc9364_bcp_profile_declared of RFC 9364 is non-queryable against this dictionary and will be skipped during matching: Indicator rfc9364_bcp_profile_declared is non-queryable because none of the fields it references exist in the OpenINTEL dictionary: declared_standards_profile. No part of it can ever be evaluated against the measurement corpus.""}"
rev_0085,schema_inconsistency,low,unresolved,"Indicator rfc9615_bootstrap_signal_label of RFC 9615 is non-queryable against this dictionary and will be skipped during matching: Indicator rfc9615_bootstrap_signal_label is non-queryable: the field carrying its discriminating value, domain, is absent from the OpenINTEL dictionary, and the only field that remains, rr_type (string), merely scopes which records are considered and is not used by any other RFC 9615 indicator, so nothing testable is left to attribute an observation to RFC 9615.",RFC 9615,domain; rr_type,,,"Re-check the dictionary entry for `domain`, `rr_type` (type, nullability and openintel_native_fields) against the real OpenINTEL schema, then re-run schema-check. This does not stop matching, but it silently reduces recall for every indicator that uses the field.",,,"{""field_availability"": {""domain"": ""2010-01-01T00:00:00"", ""rr_type"": ""2010-01-01T00:00:00""}, ""fields_mentioned"": [""domain"", ""rr_type""], ""rfc_ids_mentioned"": [""RFC 9615""], ""scope"": """", ""source"": ""schema_report_warning"", ""warning"": ""Indicator rfc9615_bootstrap_signal_label of RFC 9615 is non-queryable against this dictionary and will be skipped during matching: Indicator rfc9615_bootstrap_signal_label is non-queryable: the field carrying its discriminating value, domain, is absent from the OpenINTEL dictionary, and the only field that remains, rr_type (string), merely scopes which records are considered and is not used by any other RFC 9615 indicator, so nothing testable is left to attribute an observation to RFC 9615.""}"
rev_0086,schema_inconsistency,low,unresolved,"Indicator rfc9904_algorithm_guidance_process of RFC 9904 is non-queryable against this dictionary and will be skipped during matching: Indicator rfc9904_algorithm_guidance_process is non-queryable because none of the fields it references exist in the OpenINTEL dictionary: guidance_source_registry. No part of it can ever be evaluated against the measurement corpus. The checklist additionally marks this indicator ambiguous, so even a full match is not uniquely attributable to RFC 9904.",RFC 9904,,,,"Resolve this warning before quoting counts from this run: it did not stop the pipeline, but warnings recorded here mark places where a result may be an artefact of the schema or the reader rather than of the measurement.",,,"{""field_availability"": {}, ""fields_mentioned"": [], ""rfc_ids_mentioned"": [""RFC 9904""], ""scope"": """", ""source"": ""schema_report_warning"", ""warning"": ""Indicator rfc9904_algorithm_guidance_process of RFC 9904 is non-queryable against this dictionary and will be skipped during matching: Indicator rfc9904_algorithm_guidance_process is non-queryable because none of the fields it references exist in the OpenINTEL dictionary: guidance_source_registry. No part of it can ever be evaluated against the measurement corpus. The checklist additionally marks this indicator ambiguous, so even a full match is not uniquely attributable to RFC 9904.""}"
rev_0087,schema_inconsistency,low,unresolved,RFC 9905 has 15966 partial_match observation(s) in the corpus aggregates but does not appear among the ranked candidates: no sampled exemplar earned a score above the threshold. The aggregate counts are still exact; only the ranking is exemplar-derived.,RFC 9905,,,,"Resolve this warning before quoting counts from this run: it did not stop the pipeline, but warnings recorded here mark places where a result may be an artefact of the schema or the reader rather than of the measurement.",,,"{""field_availability"": {}, ""fields_mentioned"": [], ""rfc_ids_mentioned"": [""RFC 9905""], ""scope"": """", ""source"": ""pipeline_warning"", ""warning"": ""RFC 9905 has 15966 partial_match observation(s) in the corpus aggregates but does not appear among the ranked candidates: no sampled exemplar earned a score above the threshold. The aggregate counts are still exact; only the ranking is exemplar-derived.""}"
rev_0088,schema_inconsistency,low,unresolved,RFC 9906 has 90 partial_match observation(s) in the corpus aggregates but does not appear among the ranked candidates: no sampled exemplar earned a score above the threshold. The aggregate counts are still exact; only the ranking is exemplar-derived.,RFC 9906,,,,"Resolve this warning before quoting counts from this run: it did not stop the pipeline, but warnings recorded here mark places where a result may be an artefact of the schema or the reader rather than of the measurement.",,,"{""field_availability"": {}, ""fields_mentioned"": [], ""rfc_ids_mentioned"": [""RFC 9906""], ""scope"": """", ""source"": ""pipeline_warning"", ""warning"": ""RFC 9906 has 90 partial_match observation(s) in the corpus aggregates but does not appear among the ranked candidates: no sampled exemplar earned a score above the threshold. The aggregate counts are still exact; only the ranking is exemplar-derived.""}"
