signal_id,rfc_id,rfc_title,decision,score,confidence,timestamp_valid,observation_timestamp,rfc_publication_date,domain,zone,matched_indicator_ids,failed_indicator_ids,matched_fields,missing_fields,base_indicator_score,specificity_multiplier,required_match_bonus,optional_match_bonus,missing_required_penalty,partial_match_penalty,ambiguity_penalty,timestamp_penalty,final_score,trace_id,reasoning_summary
sig_0001,RFC 3110,RSA/SHA-1 SIGs and RSA KEYs in the Domain Name System (DNS),valid_match,11.25,high,true,2009-09-01T00:00:00,2001-05-01T00:00:00,100.50.194.in-addr.arpa,ripe,rfc3110_rsasha1_algorithm,rfc3110_rsasha1_on_key_or_signature,algorithm,,9.0,1.25,0.0,0.0,0.0,0.0,0.0,0.0,11.25,trace_sig_0001_rfc3110,"RFC 3110 matched signal sig_0001: the required indicator rfc3110_rsasha1_algorithm passed because algorithm=5 equals the expected value 5. Indicator rfc3110_rsasha1_on_key_or_signature did not match: rr_type=DS is not in [DNSKEY, RRSIG, CDNSKEY]. The observation on 2009-09-01 is 3045 days after RFC 3110's publication on 2001-05-01, so the timestamp is valid. Score 11.25 (high) = (9.0 required) x 1.25 high specificity."
sig_0001,RFC 4033,DNS Security Introduction and Requirements (DNSSEC base: RFC 4033/4034/4035),valid_match,3.75,low,true,2009-09-01T00:00:00,2005-03-01T00:00:00,100.50.194.in-addr.arpa,ripe,rfc4033_base_dnssec_record_present; rfc4033_dnssec_algorithm_present,rfc4033_dnssec_ok_negotiated,algorithm; rr_type,dnssec_ok_flag,4.0,0.75,0.0,1.0,0.0,0.0,0.0,0.0,3.75,trace_sig_0001_rfc4033,"RFC 4033 matched signal sig_0001: the required indicator rfc4033_base_dnssec_record_present passed because rr_type=DS is in [DNSKEY, DS, RRSIG, NSEC]. Corroborating indicators also matched: rfc4033_dnssec_algorithm_present. Indicator rfc4033_dnssec_ok_negotiated did not match: field 'dnssec_ok_flag' is absent from this observation, so the condition 'dnssec_ok_flag must equal true' could not be satisfied (absence is not evidence). The observation on 2009-09-01 is 1645 days after RFC 4033's publication on 2005-03-01, so the timestamp is valid. Score 3.75 (low) = (4.0 required + 1.0 optional) x 0.75 low specificity."
sig_0001,RFC 4034,Resource Records for the DNS Security Extensions,valid_match,3.0,low,true,2009-09-01T00:00:00,2005-03-01T00:00:00,100.50.194.in-addr.arpa,ripe,rfc4034_core_record_present,rfc4034_dnskey_protocol_is_three; rfc4034_rrsig_type_covered_present,rr_type,dnskey_protocol; rrsig_type_covered,3.0,1.0,0.0,0.0,0.0,0.0,0.0,0.0,3.0,trace_sig_0001_rfc4034,"RFC 4034 matched signal sig_0001: the required indicator rfc4034_core_record_present passed because rr_type=DS is in [DNSKEY, DS, RRSIG, NSEC]. Indicator rfc4034_dnskey_protocol_is_three did not match: rr_type=DS is not in [DNSKEY, CDNSKEY]. The observation on 2009-09-01 is 1645 days after RFC 4034's publication on 2005-03-01, so the timestamp is valid. Score 3.0 (low) = (3.0 required) x 1.0 medium specificity."
sig_0001,RFC 4035,Protocol Modifications for the DNS Security Extensions,non_queryable,0.0,none,true,2009-09-01T00:00:00,2005-03-01T00:00:00,100.50.194.in-addr.arpa,ripe,,,,dnssec_ok_flag,0.0,0.75,0.0,0.0,0.0,0.0,0.0,0.0,0.0,trace_sig_0001_rfc4035,"RFC 4035 could not be evaluated against signal sig_0001: every required indicator (rfc4035_dnssec_ok_negotiated) depends on fields the OpenINTEL corpus does not export, so no verdict is possible in either direction. The observation on 2009-09-01 is 1645 days after RFC 4035's publication on 2005-03-01, so the timestamp is valid. This is a corpus limitation, not a statement about the observation."
sig_0001,RFC 4509,Use of SHA-256 in DNSSEC Delegation Signer (DS) Resource Records,no_match,0.0,none,true,2009-09-01T00:00:00,2006-05-01T00:00:00,100.50.194.in-addr.arpa,ripe,,rfc4509_ds_sha256_digest,,,0.0,1.25,0.0,0.0,3.0,0.0,0.0,0.0,0.0,trace_sig_0001_rfc4509,"RFC 4509 does not explain signal sig_0001: the required indicator rfc4509_ds_sha256_digest failed because digest_type=1 does not equal the expected value 2. The observation on 2009-09-01 is 1219 days after RFC 4509's publication on 2006-05-01, so the timestamp is valid. Score 0.0 (none): no required indicator matched, so there is nothing to score."
sig_0001,RFC 5011,Automated Updates of DNS Security (DNSSEC) Trust Anchors,no_match,0.0,none,true,2009-09-01T00:00:00,2007-09-01T00:00:00,100.50.194.in-addr.arpa,ripe,,rfc5011_revoked_key_published,,flags,0.0,1.25,0.0,0.0,3.0,0.0,0.0,0.0,0.0,trace_sig_0001_rfc5011,"RFC 5011 does not explain signal sig_0001: the required indicator rfc5011_revoked_key_published failed because rr_type=DS does not equal the expected value DNSKEY. The observation on 2009-09-01 is 731 days after RFC 5011's publication on 2007-09-01, so the timestamp is valid. Score 0.0 (none): no required indicator matched, so there is nothing to score."
sig_0001,RFC 5155,DNS Security (DNSSEC) Hashed Authenticated Denial of Existence,no_match,0.0,none,true,2009-09-01T00:00:00,2008-03-01T00:00:00,100.50.194.in-addr.arpa,ripe,,rfc5155_nsec3_hash_algorithm; rfc5155_nsec3_record_present,,,0.0,1.5,0.0,0.0,3.0,0.0,0.0,0.0,0.0,trace_sig_0001_rfc5155,"RFC 5155 does not explain signal sig_0001: the required indicator rfc5155_nsec3_record_present failed because rr_type=DS is not in [NSEC3, NSEC3PARAM]. The observation on 2009-09-01 is 549 days after RFC 5155's publication on 2008-03-01, so the timestamp is valid. Score 0.0 (none): no required indicator matched, so there is nothing to score."
sig_0001,RFC 5702,Use of SHA-2 Algorithms with RSA in DNSKEY and RRSIG Resource Records for DNSSEC,no_match,0.0,none,false,2009-09-01T00:00:00,2009-10-01T00:00:00,100.50.194.in-addr.arpa,ripe,,rfc5702_rsa_sha2_algorithm; rfc5702_rsa_sha2_on_dnssec_record,,,0.0,1.25,0.0,0.0,3.0,0.0,0.0,0.0,0.0,trace_sig_0001_rfc5702,"RFC 5702 does not explain signal sig_0001: the required indicator rfc5702_rsa_sha2_algorithm failed because algorithm=5 is not in [8, 10]. The observation on 2009-09-01 predates RFC 5702's publication on 2009-10-01 by 30 days. An observation cannot evidence adoption of an RFC that did not yet exist, so the score is forfeited. Score 0.0 (none): no required indicator matched, so there is nothing to score."
sig_0001,RFC 5933,Use of GOST Signature Algorithms in DNSKEY and RRSIG Resource Records for DNSSEC,no_match,0.0,none,false,2009-09-01T00:00:00,2010-07-01T00:00:00,100.50.194.in-addr.arpa,ripe,,rfc5933_ecc_gost_algorithm; rfc5933_gost_ds_digest,,,0.0,1.5,0.0,0.0,3.0,0.0,0.0,0.0,0.0,trace_sig_0001_rfc5933,"RFC 5933 does not explain signal sig_0001: the required indicator rfc5933_ecc_gost_algorithm failed because algorithm=5 does not equal the expected value 12. The observation on 2009-09-01 predates RFC 5933's publication on 2010-07-01 by 303 days. An observation cannot evidence adoption of an RFC that did not yet exist, so the score is forfeited. Score 0.0 (none): no required indicator matched, so there is nothing to score."
sig_0001,RFC 6605,Elliptic Curve Digital Signature Algorithm (DSA) for DNSSEC,no_match,0.0,none,false,2009-09-01T00:00:00,2012-04-01T00:00:00,100.50.194.in-addr.arpa,ripe,,rfc6605_ecdsa_algorithm; rfc6605_ecdsa_on_key_or_signature,,,0.0,1.25,0.0,0.0,3.0,0.0,0.0,0.0,0.0,trace_sig_0001_rfc6605,"RFC 6605 does not explain signal sig_0001: the required indicator rfc6605_ecdsa_algorithm failed because algorithm=5 is not in [13, 14]. The observation on 2009-09-01 predates RFC 6605's publication on 2012-04-01 by 943 days. An observation cannot evidence adoption of an RFC that did not yet exist, so the score is forfeited. Score 0.0 (none): no required indicator matched, so there is nothing to score."
sig_0001,RFC 6698,The DNS-Based Authentication of Named Entities (DANE) Transport Layer Security (TLS) Protocol: TLSA,no_match,0.0,none,false,2009-09-01T00:00:00,2012-08-01T00:00:00,100.50.194.in-addr.arpa,ripe,,rfc6698_tlsa_fields_well_formed; rfc6698_tlsa_record_present,,tlsa_matchtype; tlsa_usage,0.0,1.5,0.0,0.0,3.0,0.0,0.0,0.0,0.0,trace_sig_0001_rfc6698,"RFC 6698 does not explain signal sig_0001: the required indicator rfc6698_tlsa_record_present failed because rr_type=DS does not equal the expected value TLSA. The observation on 2009-09-01 predates RFC 6698's publication on 2012-08-01 by 1065 days. An observation cannot evidence adoption of an RFC that did not yet exist, so the score is forfeited. Score 0.0 (none): no required indicator matched, so there is nothing to score."
sig_0001,RFC 6781,"DNSSEC Operational Practices, Version 2",no_match,0.0,none,false,2009-09-01T00:00:00,2012-12-01T00:00:00,100.50.194.in-addr.arpa,ripe,,rfc6781_ksk_zsk_separation,,flags,0.0,0.75,0.0,0.0,3.0,0.0,0.0,0.0,0.0,trace_sig_0001_rfc6781,"RFC 6781 does not explain signal sig_0001: the required indicator rfc6781_ksk_zsk_separation failed because rr_type=DS does not equal the expected value DNSKEY. The observation on 2009-09-01 predates RFC 6781's publication on 2012-12-01 by 1187 days. An observation cannot evidence adoption of an RFC that did not yet exist, so the score is forfeited. Score 0.0 (none): no required indicator matched, so there is nothing to score."
sig_0001,RFC 6840,Clarifications and Implementation Notes for DNS Security (DNSSEC),non_queryable,0.0,none,false,2009-09-01T00:00:00,2013-02-01T00:00:00,100.50.194.in-addr.arpa,ripe,,,,name_algorithm_set_consistency,0.0,0.75,0.0,0.0,0.0,0.0,0.0,0.0,0.0,trace_sig_0001_rfc6840,"RFC 6840 could not be evaluated against signal sig_0001: every required indicator (rfc6840_mandatory_algorithm_rules) depends on fields the OpenINTEL corpus does not export, so no verdict is possible in either direction. The observation on 2009-09-01 predates RFC 6840's publication on 2013-02-01 by 1249 days. An observation cannot evidence adoption of an RFC that did not yet exist, so the score is forfeited. This is a corpus limitation, not a statement about the observation."
sig_0001,RFC 7344,Automating DNSSEC Delegation Trust Maintenance,no_match,0.0,none,false,2009-09-01T00:00:00,2014-09-01T00:00:00,100.50.194.in-addr.arpa,ripe,,rfc7344_cds_cdnskey_present; rfc7344_cds_publishes_digest,,,0.0,1.25,0.0,0.0,3.0,0.0,0.0,0.0,0.0,trace_sig_0001_rfc7344,"RFC 7344 does not explain signal sig_0001: the required indicator rfc7344_cds_cdnskey_present failed because rr_type=DS is not in [CDS, CDNSKEY]. The observation on 2009-09-01 predates RFC 7344's publication on 2014-09-01 by 1826 days. An observation cannot evidence adoption of an RFC that did not yet exist, so the score is forfeited. Score 0.0 (none): no required indicator matched, so there is nothing to score."
sig_0001,RFC 7583,DNSSEC Key Rollover Timing Considerations,non_queryable,0.0,none,false,2009-09-01T00:00:00,2015-10-01T00:00:00,100.50.194.in-addr.arpa,ripe,,,,key_rollover_phase,0.0,0.75,0.0,0.0,0.0,0.0,0.0,0.0,0.0,trace_sig_0001_rfc7583,"RFC 7583 could not be evaluated against signal sig_0001: every required indicator (rfc7583_rollover_timing_observed) depends on fields the OpenINTEL corpus does not export, so no verdict is possible in either direction. The observation on 2009-09-01 predates RFC 7583's publication on 2015-10-01 by 2221 days. An observation cannot evidence adoption of an RFC that did not yet exist, so the score is forfeited. This is a corpus limitation, not a statement about the observation."
sig_0001,RFC 7671,The DNS-Based Authentication of Named Entities (DANE) Protocol: Updates and Operational Guidance,no_match,0.0,none,false,2009-09-01T00:00:00,2015-10-01T00:00:00,100.50.194.in-addr.arpa,ripe,,rfc7671_dane_usage_preferred,,tlsa_usage,0.0,1.25,0.0,0.0,3.0,0.0,0.0,0.0,0.0,trace_sig_0001_rfc7671,"RFC 7671 does not explain signal sig_0001: the required indicator rfc7671_dane_usage_preferred failed because rr_type=DS does not equal the expected value TLSA. The observation on 2009-09-01 predates RFC 7671's publication on 2015-10-01 by 2221 days. An observation cannot evidence adoption of an RFC that did not yet exist, so the score is forfeited. Score 0.0 (none): no required indicator matched, so there is nothing to score."
sig_0001,RFC 7672,SMTP Security via Opportunistic DNS-Based Authentication of Named Entities (DANE) Transport Layer Security (TLS),no_match,0.0,none,false,2009-09-01T00:00:00,2015-10-01T00:00:00,100.50.194.in-addr.arpa,ripe,,rfc7672_smtp_dane_tlsa,,domain,0.0,1.5,0.0,0.0,3.0,0.0,0.0,0.0,0.0,trace_sig_0001_rfc7672,"RFC 7672 does not explain signal sig_0001: the required indicator rfc7672_smtp_dane_tlsa failed because rr_type=DS does not equal the expected value TLSA. The observation on 2009-09-01 predates RFC 7672's publication on 2015-10-01 by 2221 days. An observation cannot evidence adoption of an RFC that did not yet exist, so the score is forfeited. Score 0.0 (none): no required indicator matched, so there is nothing to score."
sig_0001,RFC 8078,Managing DS Records from the Parent via CDS/CDNSKEY,no_match,0.0,none,false,2009-09-01T00:00:00,2017-03-01T00:00:00,100.50.194.in-addr.arpa,ripe,,rfc8078_cds_cdnskey_algorithm_zero; rfc8078_delete_signal_digest_zero,,,0.0,1.5,0.0,0.0,3.0,0.0,0.0,0.0,0.0,trace_sig_0001_rfc8078,"RFC 8078 does not explain signal sig_0001: the required indicator rfc8078_cds_cdnskey_algorithm_zero failed because rr_type=DS is not in [CDS, CDNSKEY]. The observation on 2009-09-01 predates RFC 8078's publication on 2017-03-01 by 2738 days. An observation cannot evidence adoption of an RFC that did not yet exist, so the score is forfeited. Score 0.0 (none): no required indicator matched, so there is nothing to score."
sig_0001,RFC 8080,Edwards-Curve Digital Security Algorithm (EdDSA) for DNSSEC,no_match,0.0,none,false,2009-09-01T00:00:00,2017-02-01T00:00:00,100.50.194.in-addr.arpa,ripe,,rfc8080_eddsa_algorithm; rfc8080_eddsa_on_key_or_signature,,,0.0,1.5,0.0,0.0,3.0,0.0,0.0,0.0,0.0,trace_sig_0001_rfc8080,"RFC 8080 does not explain signal sig_0001: the required indicator rfc8080_eddsa_algorithm failed because algorithm=5 is not in [15, 16]. The observation on 2009-09-01 predates RFC 8080's publication on 2017-02-01 by 2710 days. An observation cannot evidence adoption of an RFC that did not yet exist, so the score is forfeited. Score 0.0 (none): no required indicator matched, so there is nothing to score."
sig_0001,RFC 8198,Aggressive Use of DNSSEC-Validated Cache,non_queryable,0.0,none,false,2009-09-01T00:00:00,2017-07-01T00:00:00,100.50.194.in-addr.arpa,ripe,,,,resolver_synthesised_nxdomain,0.0,1.0,0.0,0.0,0.0,0.0,0.0,0.0,0.0,trace_sig_0001_rfc8198,"RFC 8198 could not be evaluated against signal sig_0001: every required indicator (rfc8198_aggressive_nsec_use) depends on fields the OpenINTEL corpus does not export, so no verdict is possible in either direction. The observation on 2009-09-01 predates RFC 8198's publication on 2017-07-01 by 2860 days. An observation cannot evidence adoption of an RFC that did not yet exist, so the score is forfeited. This is a corpus limitation, not a statement about the observation."
sig_0001,RFC 8624,Algorithm Implementation Requirements and Usage Guidance for DNSSEC,timestamp_invalid,0.0,none,false,2009-09-01T00:00:00,2019-06-01T00:00:00,100.50.194.in-addr.arpa,ripe,rfc8624_avoids_deprecated_algorithm,rfc8624_recommended_signing_algorithm,algorithm,rr_type; validator_algorithm_support,0.0,0.75,0.0,1.5,3.0,0.0,2.0,0.0,0.0,trace_sig_0001_rfc8624,"RFC 8624 cannot explain signal sig_0001: although algorithm=5 satisfy the optional indicator rfc8624_avoids_deprecated_algorithm, the observation on 2009-09-01 predates RFC 8624's publication on 2019-06-01 by 3560 days. An observation cannot evidence adoption of an RFC that did not yet exist, so the score of 0.0 is forfeited and this is routed to the review queue. The withheld score derives from (0.0 required + 1.5 optional - 3.0 missing-required penalty - 2.0 ambiguity penalty) x 0.75 low specificity."
sig_0001,RFC 9077,NSEC and NSEC3: TTLs and Aggressive Use,no_match,0.0,none,false,2009-09-01T00:00:00,2021-07-01T00:00:00,100.50.194.in-addr.arpa,ripe,,rfc9077_nsec_ttl_bounded,,record_ttl,0.0,1.25,0.0,0.0,3.0,0.0,0.0,0.0,0.0,trace_sig_0001_rfc9077,"RFC 9077 does not explain signal sig_0001: the required indicator rfc9077_nsec_ttl_bounded failed because rr_type=DS is not in [NSEC, NSEC3]. The observation on 2009-09-01 predates RFC 9077's publication on 2021-07-01 by 4321 days. An observation cannot evidence adoption of an RFC that did not yet exist, so the score is forfeited. Score 0.0 (none): no required indicator matched, so there is nothing to score."
sig_0001,RFC 9276,Guidance for NSEC3 Parameter Settings,no_match,0.0,none,false,2009-09-01T00:00:00,2022-08-01T00:00:00,100.50.194.in-addr.arpa,ripe,,rfc9276_empty_nsec3_salt; rfc9276_zero_nsec3_iterations,,nsec3_iterations; nsec3_salt,0.0,1.5,0.0,0.0,3.0,0.0,0.0,0.0,0.0,trace_sig_0001_rfc9276,"RFC 9276 does not explain signal sig_0001: the required indicator rfc9276_zero_nsec3_iterations failed because rr_type=DS is not in [NSEC3, NSEC3PARAM]. The observation on 2009-09-01 predates RFC 9276's publication on 2022-08-01 by 4717 days. An observation cannot evidence adoption of an RFC that did not yet exist, so the score is forfeited. Score 0.0 (none): no required indicator matched, so there is nothing to score."
sig_0001,RFC 9364,DNS Security Extensions (DNSSEC),non_queryable,0.0,none,false,2009-09-01T00:00:00,2023-02-01T00:00:00,100.50.194.in-addr.arpa,ripe,,,,declared_standards_profile,0.0,0.75,0.0,0.0,0.0,0.0,0.0,0.0,0.0,trace_sig_0001_rfc9364,"RFC 9364 could not be evaluated against signal sig_0001: every required indicator (rfc9364_bcp_profile_declared) depends on fields the OpenINTEL corpus does not export, so no verdict is possible in either direction. The observation on 2009-09-01 predates RFC 9364's publication on 2023-02-01 by 4901 days. An observation cannot evidence adoption of an RFC that did not yet exist, so the score is forfeited. This is a corpus limitation, not a statement about the observation."
sig_0001,RFC 9558,Use of GOST 2012 Signature Algorithms in DNSKEY and RRSIG Resource Records for DNSSEC,no_match,0.0,none,false,2009-09-01T00:00:00,2024-04-01T00:00:00,100.50.194.in-addr.arpa,ripe,,rfc9558_gost2012_algorithm; rfc9558_gost2012_ds_digest,,,0.0,1.5,0.0,0.0,3.0,0.0,0.0,0.0,0.0,trace_sig_0001_rfc9558,"RFC 9558 does not explain signal sig_0001: the required indicator rfc9558_gost2012_algorithm failed because algorithm=5 does not equal the expected value 23. The observation on 2009-09-01 predates RFC 9558's publication on 2024-04-01 by 5326 days. An observation cannot evidence adoption of an RFC that did not yet exist, so the score is forfeited. Score 0.0 (none): no required indicator matched, so there is nothing to score."
sig_0001,RFC 9563,SM2 Digital Signature Algorithm for DNSSEC,no_match,0.0,none,false,2009-09-01T00:00:00,2024-12-01T00:00:00,100.50.194.in-addr.arpa,ripe,,rfc9563_sm2sm3_algorithm; rfc9563_sm3_ds_digest,,,0.0,1.5,0.0,0.0,3.0,0.0,0.0,0.0,0.0,trace_sig_0001_rfc9563,"RFC 9563 does not explain signal sig_0001: the required indicator rfc9563_sm2sm3_algorithm failed because algorithm=5 does not equal the expected value 17. The observation on 2009-09-01 predates RFC 9563's publication on 2024-12-01 by 5570 days. An observation cannot evidence adoption of an RFC that did not yet exist, so the score is forfeited. Score 0.0 (none): no required indicator matched, so there is nothing to score."
sig_0001,RFC 9615,Automatic DNSSEC Bootstrapping Using Authenticated Signals from the Zone's Operator,non_queryable,0.0,none,false,2009-09-01T00:00:00,2024-07-01T00:00:00,100.50.194.in-addr.arpa,ripe,,,,domain; rr_type,0.0,1.5,0.0,0.0,0.0,0.0,0.0,0.0,0.0,trace_sig_0001_rfc9615,"RFC 9615 could not be evaluated against signal sig_0001: every required indicator (rfc9615_bootstrap_signal_label) depends on fields the OpenINTEL corpus does not export, so no verdict is possible in either direction. The observation on 2009-09-01 predates RFC 9615's publication on 2024-07-01 by 5417 days. An observation cannot evidence adoption of an RFC that did not yet exist, so the score is forfeited. This is a corpus limitation, not a statement about the observation."
sig_0001,RFC 9904,DNSSEC Cryptographic Algorithm Recommendation Update Process,non_queryable,0.0,none,false,2009-09-01T00:00:00,2025-11-01T00:00:00,100.50.194.in-addr.arpa,ripe,,,,guidance_source_registry,0.0,0.75,0.0,0.0,0.0,0.0,0.0,0.0,0.0,trace_sig_0001_rfc9904,"RFC 9904 could not be evaluated against signal sig_0001: every required indicator (rfc9904_algorithm_guidance_process) depends on fields the OpenINTEL corpus does not export, so no verdict is possible in either direction. The observation on 2009-09-01 predates RFC 9904's publication on 2025-11-01 by 5905 days. An observation cannot evidence adoption of an RFC that did not yet exist, so the score is forfeited. This is a corpus limitation, not a statement about the observation."
sig_0001,RFC 9905,Deprecating the Use of SHA-1 in DNSSEC Signature Algorithms,timestamp_invalid,0.0,none,false,2009-09-01T00:00:00,2025-11-01T00:00:00,100.50.194.in-addr.arpa,ripe,rfc9905_deprecated_sha1_in_delegation,rfc9905_deprecated_sha1_signature_still_published,algorithm; rr_type,,0.0,1.25,0.0,2.0,3.0,0.0,0.0,0.0,0.0,trace_sig_0001_rfc9905,"RFC 9905 cannot explain signal sig_0001: although rr_type=DS and algorithm=5 satisfy the optional indicator rfc9905_deprecated_sha1_in_delegation, the observation on 2009-09-01 predates RFC 9905's publication on 2025-11-01 by 5905 days. An observation cannot evidence adoption of an RFC that did not yet exist, so the score of 0.0 is forfeited and this is routed to the review queue. The withheld score derives from (0.0 required + 2.0 optional - 3.0 missing-required penalty) x 1.25 high specificity."
sig_0001,RFC 9906,Deprecate Usage of ECC-GOST within DNSSEC,no_match,0.0,none,false,2009-09-01T00:00:00,2025-11-01T00:00:00,100.50.194.in-addr.arpa,ripe,,rfc9906_deprecated_ecc_gost_still_published; rfc9906_deprecated_gost_digest_still_published,,,0.0,1.5,0.0,0.0,3.0,0.0,0.0,0.0,0.0,trace_sig_0001_rfc9906,"RFC 9906 does not explain signal sig_0001: the required indicator rfc9906_deprecated_ecc_gost_still_published failed because algorithm=5 does not equal the expected value 12. The observation on 2009-09-01 predates RFC 9906's publication on 2025-11-01 by 5905 days. An observation cannot evidence adoption of an RFC that did not yet exist, so the score is forfeited. Score 0.0 (none): no required indicator matched, so there is nothing to score."
sig_0002,RFC 4033,DNS Security Introduction and Requirements (DNSSEC base: RFC 4033/4034/4035),valid_match,3.75,low,true,2011-11-01T00:00:00,2005-03-01T00:00:00,113.94.81.in-addr.arpa,ripe,rfc4033_base_dnssec_record_present; rfc4033_dnssec_algorithm_present,rfc4033_dnssec_ok_negotiated,algorithm; rr_type,dnssec_ok_flag,4.0,0.75,0.0,1.0,0.0,0.0,0.0,0.0,3.75,trace_sig_0002_rfc4033,"RFC 4033 matched signal sig_0002: the required indicator rfc4033_base_dnssec_record_present passed because rr_type=DS is in [DNSKEY, DS, RRSIG, NSEC]. Corroborating indicators also matched: rfc4033_dnssec_algorithm_present. Indicator rfc4033_dnssec_ok_negotiated did not match: field 'dnssec_ok_flag' is absent from this observation, so the condition 'dnssec_ok_flag must equal true' could not be satisfied (absence is not evidence). The observation on 2011-11-01 is 2436 days after RFC 4033's publication on 2005-03-01, so the timestamp is valid. Score 3.75 (low) = (4.0 required + 1.0 optional) x 0.75 low specificity."
sig_0002,RFC 4034,Resource Records for the DNS Security Extensions,valid_match,3.0,low,true,2011-11-01T00:00:00,2005-03-01T00:00:00,113.94.81.in-addr.arpa,ripe,rfc4034_core_record_present,rfc4034_dnskey_protocol_is_three; rfc4034_rrsig_type_covered_present,rr_type,dnskey_protocol; rrsig_type_covered,3.0,1.0,0.0,0.0,0.0,0.0,0.0,0.0,3.0,trace_sig_0002_rfc4034,"RFC 4034 matched signal sig_0002: the required indicator rfc4034_core_record_present passed because rr_type=DS is in [DNSKEY, DS, RRSIG, NSEC]. Indicator rfc4034_dnskey_protocol_is_three did not match: rr_type=DS is not in [DNSKEY, CDNSKEY]. The observation on 2011-11-01 is 2436 days after RFC 4034's publication on 2005-03-01, so the timestamp is valid. Score 3.0 (low) = (3.0 required) x 1.0 medium specificity."
sig_0002,RFC 3110,RSA/SHA-1 SIGs and RSA KEYs in the Domain Name System (DNS),no_match,0.0,none,true,2011-11-01T00:00:00,2001-05-01T00:00:00,113.94.81.in-addr.arpa,ripe,,rfc3110_rsasha1_algorithm; rfc3110_rsasha1_on_key_or_signature,,,0.0,1.25,0.0,0.0,3.0,0.0,0.0,0.0,0.0,trace_sig_0002_rfc3110,"RFC 3110 does not explain signal sig_0002: the required indicator rfc3110_rsasha1_algorithm failed because algorithm=7 does not equal the expected value 5. The observation on 2011-11-01 is 3836 days after RFC 3110's publication on 2001-05-01, so the timestamp is valid. Score 0.0 (none): no required indicator matched, so there is nothing to score."
sig_0002,RFC 4035,Protocol Modifications for the DNS Security Extensions,non_queryable,0.0,none,true,2011-11-01T00:00:00,2005-03-01T00:00:00,113.94.81.in-addr.arpa,ripe,,,,dnssec_ok_flag,0.0,0.75,0.0,0.0,0.0,0.0,0.0,0.0,0.0,trace_sig_0002_rfc4035,"RFC 4035 could not be evaluated against signal sig_0002: every required indicator (rfc4035_dnssec_ok_negotiated) depends on fields the OpenINTEL corpus does not export, so no verdict is possible in either direction. The observation on 2011-11-01 is 2436 days after RFC 4035's publication on 2005-03-01, so the timestamp is valid. This is a corpus limitation, not a statement about the observation."
sig_0002,RFC 4509,Use of SHA-256 in DNSSEC Delegation Signer (DS) Resource Records,no_match,0.0,none,true,2011-11-01T00:00:00,2006-05-01T00:00:00,113.94.81.in-addr.arpa,ripe,,rfc4509_ds_sha256_digest,,,0.0,1.25,0.0,0.0,3.0,0.0,0.0,0.0,0.0,trace_sig_0002_rfc4509,"RFC 4509 does not explain signal sig_0002: the required indicator rfc4509_ds_sha256_digest failed because digest_type=1 does not equal the expected value 2. The observation on 2011-11-01 is 2010 days after RFC 4509's publication on 2006-05-01, so the timestamp is valid. Score 0.0 (none): no required indicator matched, so there is nothing to score."
sig_0002,RFC 5011,Automated Updates of DNS Security (DNSSEC) Trust Anchors,no_match,0.0,none,true,2011-11-01T00:00:00,2007-09-01T00:00:00,113.94.81.in-addr.arpa,ripe,,rfc5011_revoked_key_published,,flags,0.0,1.25,0.0,0.0,3.0,0.0,0.0,0.0,0.0,trace_sig_0002_rfc5011,"RFC 5011 does not explain signal sig_0002: the required indicator rfc5011_revoked_key_published failed because rr_type=DS does not equal the expected value DNSKEY. The observation on 2011-11-01 is 1522 days after RFC 5011's publication on 2007-09-01, so the timestamp is valid. Score 0.0 (none): no required indicator matched, so there is nothing to score."
sig_0002,RFC 5155,DNS Security (DNSSEC) Hashed Authenticated Denial of Existence,no_match,0.0,none,true,2011-11-01T00:00:00,2008-03-01T00:00:00,113.94.81.in-addr.arpa,ripe,,rfc5155_nsec3_hash_algorithm; rfc5155_nsec3_record_present,,,0.0,1.5,0.0,0.0,3.0,0.0,0.0,0.0,0.0,trace_sig_0002_rfc5155,"RFC 5155 does not explain signal sig_0002: the required indicator rfc5155_nsec3_record_present failed because rr_type=DS is not in [NSEC3, NSEC3PARAM]. The observation on 2011-11-01 is 1340 days after RFC 5155's publication on 2008-03-01, so the timestamp is valid. Score 0.0 (none): no required indicator matched, so there is nothing to score."
sig_0002,RFC 5702,Use of SHA-2 Algorithms with RSA in DNSKEY and RRSIG Resource Records for DNSSEC,no_match,0.0,none,true,2011-11-01T00:00:00,2009-10-01T00:00:00,113.94.81.in-addr.arpa,ripe,,rfc5702_rsa_sha2_algorithm; rfc5702_rsa_sha2_on_dnssec_record,,,0.0,1.25,0.0,0.0,3.0,0.0,0.0,0.0,0.0,trace_sig_0002_rfc5702,"RFC 5702 does not explain signal sig_0002: the required indicator rfc5702_rsa_sha2_algorithm failed because algorithm=7 is not in [8, 10]. The observation on 2011-11-01 is 761 days after RFC 5702's publication on 2009-10-01, so the timestamp is valid. Score 0.0 (none): no required indicator matched, so there is nothing to score."
sig_0002,RFC 5933,Use of GOST Signature Algorithms in DNSKEY and RRSIG Resource Records for DNSSEC,no_match,0.0,none,true,2011-11-01T00:00:00,2010-07-01T00:00:00,113.94.81.in-addr.arpa,ripe,,rfc5933_ecc_gost_algorithm; rfc5933_gost_ds_digest,,,0.0,1.5,0.0,0.0,3.0,0.0,0.0,0.0,0.0,trace_sig_0002_rfc5933,"RFC 5933 does not explain signal sig_0002: the required indicator rfc5933_ecc_gost_algorithm failed because algorithm=7 does not equal the expected value 12. The observation on 2011-11-01 is 488 days after RFC 5933's publication on 2010-07-01, so the timestamp is valid. Score 0.0 (none): no required indicator matched, so there is nothing to score."
sig_0002,RFC 6605,Elliptic Curve Digital Signature Algorithm (DSA) for DNSSEC,no_match,0.0,none,false,2011-11-01T00:00:00,2012-04-01T00:00:00,113.94.81.in-addr.arpa,ripe,,rfc6605_ecdsa_algorithm; rfc6605_ecdsa_on_key_or_signature,,,0.0,1.25,0.0,0.0,3.0,0.0,0.0,0.0,0.0,trace_sig_0002_rfc6605,"RFC 6605 does not explain signal sig_0002: the required indicator rfc6605_ecdsa_algorithm failed because algorithm=7 is not in [13, 14]. The observation on 2011-11-01 predates RFC 6605's publication on 2012-04-01 by 152 days. An observation cannot evidence adoption of an RFC that did not yet exist, so the score is forfeited. Score 0.0 (none): no required indicator matched, so there is nothing to score."
sig_0002,RFC 6698,The DNS-Based Authentication of Named Entities (DANE) Transport Layer Security (TLS) Protocol: TLSA,no_match,0.0,none,false,2011-11-01T00:00:00,2012-08-01T00:00:00,113.94.81.in-addr.arpa,ripe,,rfc6698_tlsa_fields_well_formed; rfc6698_tlsa_record_present,,tlsa_matchtype; tlsa_usage,0.0,1.5,0.0,0.0,3.0,0.0,0.0,0.0,0.0,trace_sig_0002_rfc6698,"RFC 6698 does not explain signal sig_0002: the required indicator rfc6698_tlsa_record_present failed because rr_type=DS does not equal the expected value TLSA. The observation on 2011-11-01 predates RFC 6698's publication on 2012-08-01 by 274 days. An observation cannot evidence adoption of an RFC that did not yet exist, so the score is forfeited. Score 0.0 (none): no required indicator matched, so there is nothing to score."
sig_0002,RFC 6781,"DNSSEC Operational Practices, Version 2",no_match,0.0,none,false,2011-11-01T00:00:00,2012-12-01T00:00:00,113.94.81.in-addr.arpa,ripe,,rfc6781_ksk_zsk_separation,,flags,0.0,0.75,0.0,0.0,3.0,0.0,0.0,0.0,0.0,trace_sig_0002_rfc6781,"RFC 6781 does not explain signal sig_0002: the required indicator rfc6781_ksk_zsk_separation failed because rr_type=DS does not equal the expected value DNSKEY. The observation on 2011-11-01 predates RFC 6781's publication on 2012-12-01 by 396 days. An observation cannot evidence adoption of an RFC that did not yet exist, so the score is forfeited. Score 0.0 (none): no required indicator matched, so there is nothing to score."
sig_0002,RFC 6840,Clarifications and Implementation Notes for DNS Security (DNSSEC),non_queryable,0.0,none,false,2011-11-01T00:00:00,2013-02-01T00:00:00,113.94.81.in-addr.arpa,ripe,,,,name_algorithm_set_consistency,0.0,0.75,0.0,0.0,0.0,0.0,0.0,0.0,0.0,trace_sig_0002_rfc6840,"RFC 6840 could not be evaluated against signal sig_0002: every required indicator (rfc6840_mandatory_algorithm_rules) depends on fields the OpenINTEL corpus does not export, so no verdict is possible in either direction. The observation on 2011-11-01 predates RFC 6840's publication on 2013-02-01 by 458 days. An observation cannot evidence adoption of an RFC that did not yet exist, so the score is forfeited. This is a corpus limitation, not a statement about the observation."
sig_0002,RFC 7344,Automating DNSSEC Delegation Trust Maintenance,no_match,0.0,none,false,2011-11-01T00:00:00,2014-09-01T00:00:00,113.94.81.in-addr.arpa,ripe,,rfc7344_cds_cdnskey_present; rfc7344_cds_publishes_digest,,,0.0,1.25,0.0,0.0,3.0,0.0,0.0,0.0,0.0,trace_sig_0002_rfc7344,"RFC 7344 does not explain signal sig_0002: the required indicator rfc7344_cds_cdnskey_present failed because rr_type=DS is not in [CDS, CDNSKEY]. The observation on 2011-11-01 predates RFC 7344's publication on 2014-09-01 by 1035 days. An observation cannot evidence adoption of an RFC that did not yet exist, so the score is forfeited. Score 0.0 (none): no required indicator matched, so there is nothing to score."
sig_0002,RFC 7583,DNSSEC Key Rollover Timing Considerations,non_queryable,0.0,none,false,2011-11-01T00:00:00,2015-10-01T00:00:00,113.94.81.in-addr.arpa,ripe,,,,key_rollover_phase,0.0,0.75,0.0,0.0,0.0,0.0,0.0,0.0,0.0,trace_sig_0002_rfc7583,"RFC 7583 could not be evaluated against signal sig_0002: every required indicator (rfc7583_rollover_timing_observed) depends on fields the OpenINTEL corpus does not export, so no verdict is possible in either direction. The observation on 2011-11-01 predates RFC 7583's publication on 2015-10-01 by 1430 days. An observation cannot evidence adoption of an RFC that did not yet exist, so the score is forfeited. This is a corpus limitation, not a statement about the observation."
sig_0002,RFC 7671,The DNS-Based Authentication of Named Entities (DANE) Protocol: Updates and Operational Guidance,no_match,0.0,none,false,2011-11-01T00:00:00,2015-10-01T00:00:00,113.94.81.in-addr.arpa,ripe,,rfc7671_dane_usage_preferred,,tlsa_usage,0.0,1.25,0.0,0.0,3.0,0.0,0.0,0.0,0.0,trace_sig_0002_rfc7671,"RFC 7671 does not explain signal sig_0002: the required indicator rfc7671_dane_usage_preferred failed because rr_type=DS does not equal the expected value TLSA. The observation on 2011-11-01 predates RFC 7671's publication on 2015-10-01 by 1430 days. An observation cannot evidence adoption of an RFC that did not yet exist, so the score is forfeited. Score 0.0 (none): no required indicator matched, so there is nothing to score."
sig_0002,RFC 7672,SMTP Security via Opportunistic DNS-Based Authentication of Named Entities (DANE) Transport Layer Security (TLS),no_match,0.0,none,false,2011-11-01T00:00:00,2015-10-01T00:00:00,113.94.81.in-addr.arpa,ripe,,rfc7672_smtp_dane_tlsa,,domain,0.0,1.5,0.0,0.0,3.0,0.0,0.0,0.0,0.0,trace_sig_0002_rfc7672,"RFC 7672 does not explain signal sig_0002: the required indicator rfc7672_smtp_dane_tlsa failed because rr_type=DS does not equal the expected value TLSA. The observation on 2011-11-01 predates RFC 7672's publication on 2015-10-01 by 1430 days. An observation cannot evidence adoption of an RFC that did not yet exist, so the score is forfeited. Score 0.0 (none): no required indicator matched, so there is nothing to score."
sig_0002,RFC 8078,Managing DS Records from the Parent via CDS/CDNSKEY,no_match,0.0,none,false,2011-11-01T00:00:00,2017-03-01T00:00:00,113.94.81.in-addr.arpa,ripe,,rfc8078_cds_cdnskey_algorithm_zero; rfc8078_delete_signal_digest_zero,,,0.0,1.5,0.0,0.0,3.0,0.0,0.0,0.0,0.0,trace_sig_0002_rfc8078,"RFC 8078 does not explain signal sig_0002: the required indicator rfc8078_cds_cdnskey_algorithm_zero failed because rr_type=DS is not in [CDS, CDNSKEY]. The observation on 2011-11-01 predates RFC 8078's publication on 2017-03-01 by 1947 days. An observation cannot evidence adoption of an RFC that did not yet exist, so the score is forfeited. Score 0.0 (none): no required indicator matched, so there is nothing to score."
sig_0002,RFC 8080,Edwards-Curve Digital Security Algorithm (EdDSA) for DNSSEC,no_match,0.0,none,false,2011-11-01T00:00:00,2017-02-01T00:00:00,113.94.81.in-addr.arpa,ripe,,rfc8080_eddsa_algorithm; rfc8080_eddsa_on_key_or_signature,,,0.0,1.5,0.0,0.0,3.0,0.0,0.0,0.0,0.0,trace_sig_0002_rfc8080,"RFC 8080 does not explain signal sig_0002: the required indicator rfc8080_eddsa_algorithm failed because algorithm=7 is not in [15, 16]. The observation on 2011-11-01 predates RFC 8080's publication on 2017-02-01 by 1919 days. An observation cannot evidence adoption of an RFC that did not yet exist, so the score is forfeited. Score 0.0 (none): no required indicator matched, so there is nothing to score."
sig_0002,RFC 8198,Aggressive Use of DNSSEC-Validated Cache,non_queryable,0.0,none,false,2011-11-01T00:00:00,2017-07-01T00:00:00,113.94.81.in-addr.arpa,ripe,,,,resolver_synthesised_nxdomain,0.0,1.0,0.0,0.0,0.0,0.0,0.0,0.0,0.0,trace_sig_0002_rfc8198,"RFC 8198 could not be evaluated against signal sig_0002: every required indicator (rfc8198_aggressive_nsec_use) depends on fields the OpenINTEL corpus does not export, so no verdict is possible in either direction. The observation on 2011-11-01 predates RFC 8198's publication on 2017-07-01 by 2069 days. An observation cannot evidence adoption of an RFC that did not yet exist, so the score is forfeited. This is a corpus limitation, not a statement about the observation."
sig_0002,RFC 8624,Algorithm Implementation Requirements and Usage Guidance for DNSSEC,timestamp_invalid,0.0,none,false,2011-11-01T00:00:00,2019-06-01T00:00:00,113.94.81.in-addr.arpa,ripe,rfc8624_avoids_deprecated_algorithm,rfc8624_recommended_signing_algorithm,algorithm,rr_type; validator_algorithm_support,0.0,0.75,0.0,1.5,3.0,0.0,2.0,0.0,0.0,trace_sig_0002_rfc8624,"RFC 8624 cannot explain signal sig_0002: although algorithm=7 satisfy the optional indicator rfc8624_avoids_deprecated_algorithm, the observation on 2011-11-01 predates RFC 8624's publication on 2019-06-01 by 2769 days. An observation cannot evidence adoption of an RFC that did not yet exist, so the score of 0.0 is forfeited and this is routed to the review queue. The withheld score derives from (0.0 required + 1.5 optional - 3.0 missing-required penalty - 2.0 ambiguity penalty) x 0.75 low specificity."
sig_0002,RFC 9077,NSEC and NSEC3: TTLs and Aggressive Use,no_match,0.0,none,false,2011-11-01T00:00:00,2021-07-01T00:00:00,113.94.81.in-addr.arpa,ripe,,rfc9077_nsec_ttl_bounded,,record_ttl,0.0,1.25,0.0,0.0,3.0,0.0,0.0,0.0,0.0,trace_sig_0002_rfc9077,"RFC 9077 does not explain signal sig_0002: the required indicator rfc9077_nsec_ttl_bounded failed because rr_type=DS is not in [NSEC, NSEC3]. The observation on 2011-11-01 predates RFC 9077's publication on 2021-07-01 by 3530 days. An observation cannot evidence adoption of an RFC that did not yet exist, so the score is forfeited. Score 0.0 (none): no required indicator matched, so there is nothing to score."
sig_0002,RFC 9276,Guidance for NSEC3 Parameter Settings,no_match,0.0,none,false,2011-11-01T00:00:00,2022-08-01T00:00:00,113.94.81.in-addr.arpa,ripe,,rfc9276_empty_nsec3_salt; rfc9276_zero_nsec3_iterations,,nsec3_iterations; nsec3_salt,0.0,1.5,0.0,0.0,3.0,0.0,0.0,0.0,0.0,trace_sig_0002_rfc9276,"RFC 9276 does not explain signal sig_0002: the required indicator rfc9276_zero_nsec3_iterations failed because rr_type=DS is not in [NSEC3, NSEC3PARAM]. The observation on 2011-11-01 predates RFC 9276's publication on 2022-08-01 by 3926 days. An observation cannot evidence adoption of an RFC that did not yet exist, so the score is forfeited. Score 0.0 (none): no required indicator matched, so there is nothing to score."
sig_0002,RFC 9364,DNS Security Extensions (DNSSEC),non_queryable,0.0,none,false,2011-11-01T00:00:00,2023-02-01T00:00:00,113.94.81.in-addr.arpa,ripe,,,,declared_standards_profile,0.0,0.75,0.0,0.0,0.0,0.0,0.0,0.0,0.0,trace_sig_0002_rfc9364,"RFC 9364 could not be evaluated against signal sig_0002: every required indicator (rfc9364_bcp_profile_declared) depends on fields the OpenINTEL corpus does not export, so no verdict is possible in either direction. The observation on 2011-11-01 predates RFC 9364's publication on 2023-02-01 by 4110 days. An observation cannot evidence adoption of an RFC that did not yet exist, so the score is forfeited. This is a corpus limitation, not a statement about the observation."
sig_0002,RFC 9558,Use of GOST 2012 Signature Algorithms in DNSKEY and RRSIG Resource Records for DNSSEC,no_match,0.0,none,false,2011-11-01T00:00:00,2024-04-01T00:00:00,113.94.81.in-addr.arpa,ripe,,rfc9558_gost2012_algorithm; rfc9558_gost2012_ds_digest,,,0.0,1.5,0.0,0.0,3.0,0.0,0.0,0.0,0.0,trace_sig_0002_rfc9558,"RFC 9558 does not explain signal sig_0002: the required indicator rfc9558_gost2012_algorithm failed because algorithm=7 does not equal the expected value 23. The observation on 2011-11-01 predates RFC 9558's publication on 2024-04-01 by 4535 days. An observation cannot evidence adoption of an RFC that did not yet exist, so the score is forfeited. Score 0.0 (none): no required indicator matched, so there is nothing to score."
sig_0002,RFC 9563,SM2 Digital Signature Algorithm for DNSSEC,no_match,0.0,none,false,2011-11-01T00:00:00,2024-12-01T00:00:00,113.94.81.in-addr.arpa,ripe,,rfc9563_sm2sm3_algorithm; rfc9563_sm3_ds_digest,,,0.0,1.5,0.0,0.0,3.0,0.0,0.0,0.0,0.0,trace_sig_0002_rfc9563,"RFC 9563 does not explain signal sig_0002: the required indicator rfc9563_sm2sm3_algorithm failed because algorithm=7 does not equal the expected value 17. The observation on 2011-11-01 predates RFC 9563's publication on 2024-12-01 by 4779 days. An observation cannot evidence adoption of an RFC that did not yet exist, so the score is forfeited. Score 0.0 (none): no required indicator matched, so there is nothing to score."
sig_0002,RFC 9615,Automatic DNSSEC Bootstrapping Using Authenticated Signals from the Zone's Operator,non_queryable,0.0,none,false,2011-11-01T00:00:00,2024-07-01T00:00:00,113.94.81.in-addr.arpa,ripe,,,,domain; rr_type,0.0,1.5,0.0,0.0,0.0,0.0,0.0,0.0,0.0,trace_sig_0002_rfc9615,"RFC 9615 could not be evaluated against signal sig_0002: every required indicator (rfc9615_bootstrap_signal_label) depends on fields the OpenINTEL corpus does not export, so no verdict is possible in either direction. The observation on 2011-11-01 predates RFC 9615's publication on 2024-07-01 by 4626 days. An observation cannot evidence adoption of an RFC that did not yet exist, so the score is forfeited. This is a corpus limitation, not a statement about the observation."
sig_0002,RFC 9904,DNSSEC Cryptographic Algorithm Recommendation Update Process,non_queryable,0.0,none,false,2011-11-01T00:00:00,2025-11-01T00:00:00,113.94.81.in-addr.arpa,ripe,,,,guidance_source_registry,0.0,0.75,0.0,0.0,0.0,0.0,0.0,0.0,0.0,trace_sig_0002_rfc9904,"RFC 9904 could not be evaluated against signal sig_0002: every required indicator (rfc9904_algorithm_guidance_process) depends on fields the OpenINTEL corpus does not export, so no verdict is possible in either direction. The observation on 2011-11-01 predates RFC 9904's publication on 2025-11-01 by 5114 days. An observation cannot evidence adoption of an RFC that did not yet exist, so the score is forfeited. This is a corpus limitation, not a statement about the observation."
sig_0002,RFC 9905,Deprecating the Use of SHA-1 in DNSSEC Signature Algorithms,timestamp_invalid,0.0,none,false,2011-11-01T00:00:00,2025-11-01T00:00:00,113.94.81.in-addr.arpa,ripe,rfc9905_deprecated_sha1_in_delegation,rfc9905_deprecated_sha1_signature_still_published,algorithm; rr_type,,0.0,1.25,0.0,2.0,3.0,0.0,0.0,0.0,0.0,trace_sig_0002_rfc9905,"RFC 9905 cannot explain signal sig_0002: although rr_type=DS and algorithm=7 satisfy the optional indicator rfc9905_deprecated_sha1_in_delegation, the observation on 2011-11-01 predates RFC 9905's publication on 2025-11-01 by 5114 days. An observation cannot evidence adoption of an RFC that did not yet exist, so the score of 0.0 is forfeited and this is routed to the review queue. The withheld score derives from (0.0 required + 2.0 optional - 3.0 missing-required penalty) x 1.25 high specificity."
sig_0002,RFC 9906,Deprecate Usage of ECC-GOST within DNSSEC,no_match,0.0,none,false,2011-11-01T00:00:00,2025-11-01T00:00:00,113.94.81.in-addr.arpa,ripe,,rfc9906_deprecated_ecc_gost_still_published; rfc9906_deprecated_gost_digest_still_published,,,0.0,1.5,0.0,0.0,3.0,0.0,0.0,0.0,0.0,trace_sig_0002_rfc9906,"RFC 9906 does not explain signal sig_0002: the required indicator rfc9906_deprecated_ecc_gost_still_published failed because algorithm=7 does not equal the expected value 12. The observation on 2011-11-01 predates RFC 9906's publication on 2025-11-01 by 5114 days. An observation cannot evidence adoption of an RFC that did not yet exist, so the score is forfeited. Score 0.0 (none): no required indicator matched, so there is nothing to score."
sig_0003,RFC 3110,RSA/SHA-1 SIGs and RSA KEYs in the Domain Name System (DNS),valid_match,11.25,high,true,2013-02-01T00:00:00,2001-05-01T00:00:00,0.119.203.in-addr.arpa,apnic,rfc3110_rsasha1_algorithm,rfc3110_rsasha1_on_key_or_signature,algorithm,,9.0,1.25,0.0,0.0,0.0,0.0,0.0,0.0,11.25,trace_sig_0003_rfc3110,"RFC 3110 matched signal sig_0003: the required indicator rfc3110_rsasha1_algorithm passed because algorithm=5 equals the expected value 5. Indicator rfc3110_rsasha1_on_key_or_signature did not match: rr_type=DS is not in [DNSKEY, RRSIG, CDNSKEY]. The observation on 2013-02-01 is 4294 days after RFC 3110's publication on 2001-05-01, so the timestamp is valid. Score 11.25 (high) = (9.0 required) x 1.25 high specificity."
sig_0003,RFC 4033,DNS Security Introduction and Requirements (DNSSEC base: RFC 4033/4034/4035),valid_match,3.75,low,true,2013-02-01T00:00:00,2005-03-01T00:00:00,0.119.203.in-addr.arpa,apnic,rfc4033_base_dnssec_record_present; rfc4033_dnssec_algorithm_present,rfc4033_dnssec_ok_negotiated,algorithm; rr_type,dnssec_ok_flag,4.0,0.75,0.0,1.0,0.0,0.0,0.0,0.0,3.75,trace_sig_0003_rfc4033,"RFC 4033 matched signal sig_0003: the required indicator rfc4033_base_dnssec_record_present passed because rr_type=DS is in [DNSKEY, DS, RRSIG, NSEC]. Corroborating indicators also matched: rfc4033_dnssec_algorithm_present. Indicator rfc4033_dnssec_ok_negotiated did not match: field 'dnssec_ok_flag' is absent from this observation, so the condition 'dnssec_ok_flag must equal true' could not be satisfied (absence is not evidence). The observation on 2013-02-01 is 2894 days after RFC 4033's publication on 2005-03-01, so the timestamp is valid. Score 3.75 (low) = (4.0 required + 1.0 optional) x 0.75 low specificity."
sig_0003,RFC 4034,Resource Records for the DNS Security Extensions,valid_match,3.0,low,true,2013-02-01T00:00:00,2005-03-01T00:00:00,0.119.203.in-addr.arpa,apnic,rfc4034_core_record_present,rfc4034_dnskey_protocol_is_three; rfc4034_rrsig_type_covered_present,rr_type,dnskey_protocol; rrsig_type_covered,3.0,1.0,0.0,0.0,0.0,0.0,0.0,0.0,3.0,trace_sig_0003_rfc4034,"RFC 4034 matched signal sig_0003: the required indicator rfc4034_core_record_present passed because rr_type=DS is in [DNSKEY, DS, RRSIG, NSEC]. Indicator rfc4034_dnskey_protocol_is_three did not match: rr_type=DS is not in [DNSKEY, CDNSKEY]. The observation on 2013-02-01 is 2894 days after RFC 4034's publication on 2005-03-01, so the timestamp is valid. Score 3.0 (low) = (3.0 required) x 1.0 medium specificity."
sig_0003,RFC 4035,Protocol Modifications for the DNS Security Extensions,non_queryable,0.0,none,true,2013-02-01T00:00:00,2005-03-01T00:00:00,0.119.203.in-addr.arpa,apnic,,,,dnssec_ok_flag,0.0,0.75,0.0,0.0,0.0,0.0,0.0,0.0,0.0,trace_sig_0003_rfc4035,"RFC 4035 could not be evaluated against signal sig_0003: every required indicator (rfc4035_dnssec_ok_negotiated) depends on fields the OpenINTEL corpus does not export, so no verdict is possible in either direction. The observation on 2013-02-01 is 2894 days after RFC 4035's publication on 2005-03-01, so the timestamp is valid. This is a corpus limitation, not a statement about the observation."
sig_0003,RFC 4509,Use of SHA-256 in DNSSEC Delegation Signer (DS) Resource Records,no_match,0.0,none,true,2013-02-01T00:00:00,2006-05-01T00:00:00,0.119.203.in-addr.arpa,apnic,,rfc4509_ds_sha256_digest,,,0.0,1.25,0.0,0.0,3.0,0.0,0.0,0.0,0.0,trace_sig_0003_rfc4509,"RFC 4509 does not explain signal sig_0003: the required indicator rfc4509_ds_sha256_digest failed because digest_type=1 does not equal the expected value 2. The observation on 2013-02-01 is 2468 days after RFC 4509's publication on 2006-05-01, so the timestamp is valid. Score 0.0 (none): no required indicator matched, so there is nothing to score."
sig_0003,RFC 5011,Automated Updates of DNS Security (DNSSEC) Trust Anchors,no_match,0.0,none,true,2013-02-01T00:00:00,2007-09-01T00:00:00,0.119.203.in-addr.arpa,apnic,,rfc5011_revoked_key_published,,flags,0.0,1.25,0.0,0.0,3.0,0.0,0.0,0.0,0.0,trace_sig_0003_rfc5011,"RFC 5011 does not explain signal sig_0003: the required indicator rfc5011_revoked_key_published failed because rr_type=DS does not equal the expected value DNSKEY. The observation on 2013-02-01 is 1980 days after RFC 5011's publication on 2007-09-01, so the timestamp is valid. Score 0.0 (none): no required indicator matched, so there is nothing to score."
sig_0003,RFC 5155,DNS Security (DNSSEC) Hashed Authenticated Denial of Existence,no_match,0.0,none,true,2013-02-01T00:00:00,2008-03-01T00:00:00,0.119.203.in-addr.arpa,apnic,,rfc5155_nsec3_hash_algorithm; rfc5155_nsec3_record_present,,,0.0,1.5,0.0,0.0,3.0,0.0,0.0,0.0,0.0,trace_sig_0003_rfc5155,"RFC 5155 does not explain signal sig_0003: the required indicator rfc5155_nsec3_record_present failed because rr_type=DS is not in [NSEC3, NSEC3PARAM]. The observation on 2013-02-01 is 1798 days after RFC 5155's publication on 2008-03-01, so the timestamp is valid. Score 0.0 (none): no required indicator matched, so there is nothing to score."
sig_0003,RFC 5702,Use of SHA-2 Algorithms with RSA in DNSKEY and RRSIG Resource Records for DNSSEC,no_match,0.0,none,true,2013-02-01T00:00:00,2009-10-01T00:00:00,0.119.203.in-addr.arpa,apnic,,rfc5702_rsa_sha2_algorithm; rfc5702_rsa_sha2_on_dnssec_record,,,0.0,1.25,0.0,0.0,3.0,0.0,0.0,0.0,0.0,trace_sig_0003_rfc5702,"RFC 5702 does not explain signal sig_0003: the required indicator rfc5702_rsa_sha2_algorithm failed because algorithm=5 is not in [8, 10]. The observation on 2013-02-01 is 1219 days after RFC 5702's publication on 2009-10-01, so the timestamp is valid. Score 0.0 (none): no required indicator matched, so there is nothing to score."
sig_0003,RFC 5933,Use of GOST Signature Algorithms in DNSKEY and RRSIG Resource Records for DNSSEC,no_match,0.0,none,true,2013-02-01T00:00:00,2010-07-01T00:00:00,0.119.203.in-addr.arpa,apnic,,rfc5933_ecc_gost_algorithm; rfc5933_gost_ds_digest,,,0.0,1.5,0.0,0.0,3.0,0.0,0.0,0.0,0.0,trace_sig_0003_rfc5933,"RFC 5933 does not explain signal sig_0003: the required indicator rfc5933_ecc_gost_algorithm failed because algorithm=5 does not equal the expected value 12. The observation on 2013-02-01 is 946 days after RFC 5933's publication on 2010-07-01, so the timestamp is valid. Score 0.0 (none): no required indicator matched, so there is nothing to score."
sig_0003,RFC 6605,Elliptic Curve Digital Signature Algorithm (DSA) for DNSSEC,no_match,0.0,none,true,2013-02-01T00:00:00,2012-04-01T00:00:00,0.119.203.in-addr.arpa,apnic,,rfc6605_ecdsa_algorithm; rfc6605_ecdsa_on_key_or_signature,,,0.0,1.25,0.0,0.0,3.0,0.0,0.0,0.0,0.0,trace_sig_0003_rfc6605,"RFC 6605 does not explain signal sig_0003: the required indicator rfc6605_ecdsa_algorithm failed because algorithm=5 is not in [13, 14]. The observation on 2013-02-01 is 306 days after RFC 6605's publication on 2012-04-01, so the timestamp is valid. Score 0.0 (none): no required indicator matched, so there is nothing to score."
sig_0003,RFC 6698,The DNS-Based Authentication of Named Entities (DANE) Transport Layer Security (TLS) Protocol: TLSA,no_match,0.0,none,true,2013-02-01T00:00:00,2012-08-01T00:00:00,0.119.203.in-addr.arpa,apnic,,rfc6698_tlsa_fields_well_formed; rfc6698_tlsa_record_present,,tlsa_matchtype; tlsa_usage,0.0,1.5,0.0,0.0,3.0,0.0,0.0,0.0,0.0,trace_sig_0003_rfc6698,"RFC 6698 does not explain signal sig_0003: the required indicator rfc6698_tlsa_record_present failed because rr_type=DS does not equal the expected value TLSA. The observation on 2013-02-01 is 184 days after RFC 6698's publication on 2012-08-01, so the timestamp is valid. Score 0.0 (none): no required indicator matched, so there is nothing to score."
sig_0003,RFC 6781,"DNSSEC Operational Practices, Version 2",no_match,0.0,none,true,2013-02-01T00:00:00,2012-12-01T00:00:00,0.119.203.in-addr.arpa,apnic,,rfc6781_ksk_zsk_separation,,flags,0.0,0.75,0.0,0.0,3.0,0.0,0.0,0.0,0.0,trace_sig_0003_rfc6781,"RFC 6781 does not explain signal sig_0003: the required indicator rfc6781_ksk_zsk_separation failed because rr_type=DS does not equal the expected value DNSKEY. The observation on 2013-02-01 is 62 days after RFC 6781's publication on 2012-12-01, so the timestamp is valid. Score 0.0 (none): no required indicator matched, so there is nothing to score."
sig_0003,RFC 6840,Clarifications and Implementation Notes for DNS Security (DNSSEC),non_queryable,0.0,none,true,2013-02-01T00:00:00,2013-02-01T00:00:00,0.119.203.in-addr.arpa,apnic,,,,name_algorithm_set_consistency,0.0,0.75,0.0,0.0,0.0,0.0,0.0,0.0,0.0,trace_sig_0003_rfc6840,"RFC 6840 could not be evaluated against signal sig_0003: every required indicator (rfc6840_mandatory_algorithm_rules) depends on fields the OpenINTEL corpus does not export, so no verdict is possible in either direction. The observation on 2013-02-01 is 0 days after RFC 6840's publication on 2013-02-01, so the timestamp is valid. This is a corpus limitation, not a statement about the observation."
sig_0003,RFC 7344,Automating DNSSEC Delegation Trust Maintenance,no_match,0.0,none,false,2013-02-01T00:00:00,2014-09-01T00:00:00,0.119.203.in-addr.arpa,apnic,,rfc7344_cds_cdnskey_present; rfc7344_cds_publishes_digest,,,0.0,1.25,0.0,0.0,3.0,0.0,0.0,0.0,0.0,trace_sig_0003_rfc7344,"RFC 7344 does not explain signal sig_0003: the required indicator rfc7344_cds_cdnskey_present failed because rr_type=DS is not in [CDS, CDNSKEY]. The observation on 2013-02-01 predates RFC 7344's publication on 2014-09-01 by 577 days. An observation cannot evidence adoption of an RFC that did not yet exist, so the score is forfeited. Score 0.0 (none): no required indicator matched, so there is nothing to score."
sig_0003,RFC 7583,DNSSEC Key Rollover Timing Considerations,non_queryable,0.0,none,false,2013-02-01T00:00:00,2015-10-01T00:00:00,0.119.203.in-addr.arpa,apnic,,,,key_rollover_phase,0.0,0.75,0.0,0.0,0.0,0.0,0.0,0.0,0.0,trace_sig_0003_rfc7583,"RFC 7583 could not be evaluated against signal sig_0003: every required indicator (rfc7583_rollover_timing_observed) depends on fields the OpenINTEL corpus does not export, so no verdict is possible in either direction. The observation on 2013-02-01 predates RFC 7583's publication on 2015-10-01 by 972 days. An observation cannot evidence adoption of an RFC that did not yet exist, so the score is forfeited. This is a corpus limitation, not a statement about the observation."
sig_0003,RFC 7671,The DNS-Based Authentication of Named Entities (DANE) Protocol: Updates and Operational Guidance,no_match,0.0,none,false,2013-02-01T00:00:00,2015-10-01T00:00:00,0.119.203.in-addr.arpa,apnic,,rfc7671_dane_usage_preferred,,tlsa_usage,0.0,1.25,0.0,0.0,3.0,0.0,0.0,0.0,0.0,trace_sig_0003_rfc7671,"RFC 7671 does not explain signal sig_0003: the required indicator rfc7671_dane_usage_preferred failed because rr_type=DS does not equal the expected value TLSA. The observation on 2013-02-01 predates RFC 7671's publication on 2015-10-01 by 972 days. An observation cannot evidence adoption of an RFC that did not yet exist, so the score is forfeited. Score 0.0 (none): no required indicator matched, so there is nothing to score."
sig_0003,RFC 7672,SMTP Security via Opportunistic DNS-Based Authentication of Named Entities (DANE) Transport Layer Security (TLS),no_match,0.0,none,false,2013-02-01T00:00:00,2015-10-01T00:00:00,0.119.203.in-addr.arpa,apnic,,rfc7672_smtp_dane_tlsa,,domain,0.0,1.5,0.0,0.0,3.0,0.0,0.0,0.0,0.0,trace_sig_0003_rfc7672,"RFC 7672 does not explain signal sig_0003: the required indicator rfc7672_smtp_dane_tlsa failed because rr_type=DS does not equal the expected value TLSA. The observation on 2013-02-01 predates RFC 7672's publication on 2015-10-01 by 972 days. An observation cannot evidence adoption of an RFC that did not yet exist, so the score is forfeited. Score 0.0 (none): no required indicator matched, so there is nothing to score."
sig_0003,RFC 8078,Managing DS Records from the Parent via CDS/CDNSKEY,no_match,0.0,none,false,2013-02-01T00:00:00,2017-03-01T00:00:00,0.119.203.in-addr.arpa,apnic,,rfc8078_cds_cdnskey_algorithm_zero; rfc8078_delete_signal_digest_zero,,,0.0,1.5,0.0,0.0,3.0,0.0,0.0,0.0,0.0,trace_sig_0003_rfc8078,"RFC 8078 does not explain signal sig_0003: the required indicator rfc8078_cds_cdnskey_algorithm_zero failed because rr_type=DS is not in [CDS, CDNSKEY]. The observation on 2013-02-01 predates RFC 8078's publication on 2017-03-01 by 1489 days. An observation cannot evidence adoption of an RFC that did not yet exist, so the score is forfeited. Score 0.0 (none): no required indicator matched, so there is nothing to score."
sig_0003,RFC 8080,Edwards-Curve Digital Security Algorithm (EdDSA) for DNSSEC,no_match,0.0,none,false,2013-02-01T00:00:00,2017-02-01T00:00:00,0.119.203.in-addr.arpa,apnic,,rfc8080_eddsa_algorithm; rfc8080_eddsa_on_key_or_signature,,,0.0,1.5,0.0,0.0,3.0,0.0,0.0,0.0,0.0,trace_sig_0003_rfc8080,"RFC 8080 does not explain signal sig_0003: the required indicator rfc8080_eddsa_algorithm failed because algorithm=5 is not in [15, 16]. The observation on 2013-02-01 predates RFC 8080's publication on 2017-02-01 by 1461 days. An observation cannot evidence adoption of an RFC that did not yet exist, so the score is forfeited. Score 0.0 (none): no required indicator matched, so there is nothing to score."
sig_0003,RFC 8198,Aggressive Use of DNSSEC-Validated Cache,non_queryable,0.0,none,false,2013-02-01T00:00:00,2017-07-01T00:00:00,0.119.203.in-addr.arpa,apnic,,,,resolver_synthesised_nxdomain,0.0,1.0,0.0,0.0,0.0,0.0,0.0,0.0,0.0,trace_sig_0003_rfc8198,"RFC 8198 could not be evaluated against signal sig_0003: every required indicator (rfc8198_aggressive_nsec_use) depends on fields the OpenINTEL corpus does not export, so no verdict is possible in either direction. The observation on 2013-02-01 predates RFC 8198's publication on 2017-07-01 by 1611 days. An observation cannot evidence adoption of an RFC that did not yet exist, so the score is forfeited. This is a corpus limitation, not a statement about the observation."
sig_0003,RFC 8624,Algorithm Implementation Requirements and Usage Guidance for DNSSEC,timestamp_invalid,0.0,none,false,2013-02-01T00:00:00,2019-06-01T00:00:00,0.119.203.in-addr.arpa,apnic,rfc8624_avoids_deprecated_algorithm,rfc8624_recommended_signing_algorithm,algorithm,rr_type; validator_algorithm_support,0.0,0.75,0.0,1.5,3.0,0.0,2.0,0.0,0.0,trace_sig_0003_rfc8624,"RFC 8624 cannot explain signal sig_0003: although algorithm=5 satisfy the optional indicator rfc8624_avoids_deprecated_algorithm, the observation on 2013-02-01 predates RFC 8624's publication on 2019-06-01 by 2311 days. An observation cannot evidence adoption of an RFC that did not yet exist, so the score of 0.0 is forfeited and this is routed to the review queue. The withheld score derives from (0.0 required + 1.5 optional - 3.0 missing-required penalty - 2.0 ambiguity penalty) x 0.75 low specificity."
sig_0003,RFC 9077,NSEC and NSEC3: TTLs and Aggressive Use,no_match,0.0,none,false,2013-02-01T00:00:00,2021-07-01T00:00:00,0.119.203.in-addr.arpa,apnic,,rfc9077_nsec_ttl_bounded,,record_ttl,0.0,1.25,0.0,0.0,3.0,0.0,0.0,0.0,0.0,trace_sig_0003_rfc9077,"RFC 9077 does not explain signal sig_0003: the required indicator rfc9077_nsec_ttl_bounded failed because rr_type=DS is not in [NSEC, NSEC3]. The observation on 2013-02-01 predates RFC 9077's publication on 2021-07-01 by 3072 days. An observation cannot evidence adoption of an RFC that did not yet exist, so the score is forfeited. Score 0.0 (none): no required indicator matched, so there is nothing to score."
sig_0003,RFC 9276,Guidance for NSEC3 Parameter Settings,no_match,0.0,none,false,2013-02-01T00:00:00,2022-08-01T00:00:00,0.119.203.in-addr.arpa,apnic,,rfc9276_empty_nsec3_salt; rfc9276_zero_nsec3_iterations,,nsec3_iterations; nsec3_salt,0.0,1.5,0.0,0.0,3.0,0.0,0.0,0.0,0.0,trace_sig_0003_rfc9276,"RFC 9276 does not explain signal sig_0003: the required indicator rfc9276_zero_nsec3_iterations failed because rr_type=DS is not in [NSEC3, NSEC3PARAM]. The observation on 2013-02-01 predates RFC 9276's publication on 2022-08-01 by 3468 days. An observation cannot evidence adoption of an RFC that did not yet exist, so the score is forfeited. Score 0.0 (none): no required indicator matched, so there is nothing to score."
sig_0003,RFC 9364,DNS Security Extensions (DNSSEC),non_queryable,0.0,none,false,2013-02-01T00:00:00,2023-02-01T00:00:00,0.119.203.in-addr.arpa,apnic,,,,declared_standards_profile,0.0,0.75,0.0,0.0,0.0,0.0,0.0,0.0,0.0,trace_sig_0003_rfc9364,"RFC 9364 could not be evaluated against signal sig_0003: every required indicator (rfc9364_bcp_profile_declared) depends on fields the OpenINTEL corpus does not export, so no verdict is possible in either direction. The observation on 2013-02-01 predates RFC 9364's publication on 2023-02-01 by 3652 days. An observation cannot evidence adoption of an RFC that did not yet exist, so the score is forfeited. This is a corpus limitation, not a statement about the observation."
sig_0003,RFC 9558,Use of GOST 2012 Signature Algorithms in DNSKEY and RRSIG Resource Records for DNSSEC,no_match,0.0,none,false,2013-02-01T00:00:00,2024-04-01T00:00:00,0.119.203.in-addr.arpa,apnic,,rfc9558_gost2012_algorithm; rfc9558_gost2012_ds_digest,,,0.0,1.5,0.0,0.0,3.0,0.0,0.0,0.0,0.0,trace_sig_0003_rfc9558,"RFC 9558 does not explain signal sig_0003: the required indicator rfc9558_gost2012_algorithm failed because algorithm=5 does not equal the expected value 23. The observation on 2013-02-01 predates RFC 9558's publication on 2024-04-01 by 4077 days. An observation cannot evidence adoption of an RFC that did not yet exist, so the score is forfeited. Score 0.0 (none): no required indicator matched, so there is nothing to score."
sig_0003,RFC 9563,SM2 Digital Signature Algorithm for DNSSEC,no_match,0.0,none,false,2013-02-01T00:00:00,2024-12-01T00:00:00,0.119.203.in-addr.arpa,apnic,,rfc9563_sm2sm3_algorithm; rfc9563_sm3_ds_digest,,,0.0,1.5,0.0,0.0,3.0,0.0,0.0,0.0,0.0,trace_sig_0003_rfc9563,"RFC 9563 does not explain signal sig_0003: the required indicator rfc9563_sm2sm3_algorithm failed because algorithm=5 does not equal the expected value 17. The observation on 2013-02-01 predates RFC 9563's publication on 2024-12-01 by 4321 days. An observation cannot evidence adoption of an RFC that did not yet exist, so the score is forfeited. Score 0.0 (none): no required indicator matched, so there is nothing to score."
sig_0003,RFC 9615,Automatic DNSSEC Bootstrapping Using Authenticated Signals from the Zone's Operator,non_queryable,0.0,none,false,2013-02-01T00:00:00,2024-07-01T00:00:00,0.119.203.in-addr.arpa,apnic,,,,domain; rr_type,0.0,1.5,0.0,0.0,0.0,0.0,0.0,0.0,0.0,trace_sig_0003_rfc9615,"RFC 9615 could not be evaluated against signal sig_0003: every required indicator (rfc9615_bootstrap_signal_label) depends on fields the OpenINTEL corpus does not export, so no verdict is possible in either direction. The observation on 2013-02-01 predates RFC 9615's publication on 2024-07-01 by 4168 days. An observation cannot evidence adoption of an RFC that did not yet exist, so the score is forfeited. This is a corpus limitation, not a statement about the observation."
sig_0003,RFC 9904,DNSSEC Cryptographic Algorithm Recommendation Update Process,non_queryable,0.0,none,false,2013-02-01T00:00:00,2025-11-01T00:00:00,0.119.203.in-addr.arpa,apnic,,,,guidance_source_registry,0.0,0.75,0.0,0.0,0.0,0.0,0.0,0.0,0.0,trace_sig_0003_rfc9904,"RFC 9904 could not be evaluated against signal sig_0003: every required indicator (rfc9904_algorithm_guidance_process) depends on fields the OpenINTEL corpus does not export, so no verdict is possible in either direction. The observation on 2013-02-01 predates RFC 9904's publication on 2025-11-01 by 4656 days. An observation cannot evidence adoption of an RFC that did not yet exist, so the score is forfeited. This is a corpus limitation, not a statement about the observation."
sig_0003,RFC 9905,Deprecating the Use of SHA-1 in DNSSEC Signature Algorithms,timestamp_invalid,0.0,none,false,2013-02-01T00:00:00,2025-11-01T00:00:00,0.119.203.in-addr.arpa,apnic,rfc9905_deprecated_sha1_in_delegation,rfc9905_deprecated_sha1_signature_still_published,algorithm; rr_type,,0.0,1.25,0.0,2.0,3.0,0.0,0.0,0.0,0.0,trace_sig_0003_rfc9905,"RFC 9905 cannot explain signal sig_0003: although rr_type=DS and algorithm=5 satisfy the optional indicator rfc9905_deprecated_sha1_in_delegation, the observation on 2013-02-01 predates RFC 9905's publication on 2025-11-01 by 4656 days. An observation cannot evidence adoption of an RFC that did not yet exist, so the score of 0.0 is forfeited and this is routed to the review queue. The withheld score derives from (0.0 required + 2.0 optional - 3.0 missing-required penalty) x 1.25 high specificity."
sig_0003,RFC 9906,Deprecate Usage of ECC-GOST within DNSSEC,no_match,0.0,none,false,2013-02-01T00:00:00,2025-11-01T00:00:00,0.119.203.in-addr.arpa,apnic,,rfc9906_deprecated_ecc_gost_still_published; rfc9906_deprecated_gost_digest_still_published,,,0.0,1.5,0.0,0.0,3.0,0.0,0.0,0.0,0.0,trace_sig_0003_rfc9906,"RFC 9906 does not explain signal sig_0003: the required indicator rfc9906_deprecated_ecc_gost_still_published failed because algorithm=5 does not equal the expected value 12. The observation on 2013-02-01 predates RFC 9906's publication on 2025-11-01 by 4656 days. An observation cannot evidence adoption of an RFC that did not yet exist, so the score is forfeited. Score 0.0 (none): no required indicator matched, so there is nothing to score."
sig_0004,RFC 5933,Use of GOST Signature Algorithms in DNSKEY and RRSIG Resource Records for DNSSEC,valid_match,15.0,very_high,true,2013-02-01T00:00:00,2010-07-01T00:00:00,180.130.188.in-addr.arpa,ripe,rfc5933_ecc_gost_algorithm,rfc5933_gost_ds_digest,algorithm,,10.0,1.5,0.0,0.0,0.0,0.0,0.0,0.0,15.0,trace_sig_0004_rfc5933,"RFC 5933 matched signal sig_0004: the required indicator rfc5933_ecc_gost_algorithm passed because algorithm=12 equals the expected value 12. Indicator rfc5933_gost_ds_digest did not match: digest_type=1 does not equal the expected value 3. The observation on 2013-02-01 is 946 days after RFC 5933's publication on 2010-07-01, so the timestamp is valid. Score 15.0 (very_high) = (10.0 required) x 1.5 very_high specificity."
sig_0004,RFC 4033,DNS Security Introduction and Requirements (DNSSEC base: RFC 4033/4034/4035),valid_match,3.75,low,true,2013-02-01T00:00:00,2005-03-01T00:00:00,180.130.188.in-addr.arpa,ripe,rfc4033_base_dnssec_record_present; rfc4033_dnssec_algorithm_present,rfc4033_dnssec_ok_negotiated,algorithm; rr_type,dnssec_ok_flag,4.0,0.75,0.0,1.0,0.0,0.0,0.0,0.0,3.75,trace_sig_0004_rfc4033,"RFC 4033 matched signal sig_0004: the required indicator rfc4033_base_dnssec_record_present passed because rr_type=DS is in [DNSKEY, DS, RRSIG, NSEC]. Corroborating indicators also matched: rfc4033_dnssec_algorithm_present. Indicator rfc4033_dnssec_ok_negotiated did not match: field 'dnssec_ok_flag' is absent from this observation, so the condition 'dnssec_ok_flag must equal true' could not be satisfied (absence is not evidence). The observation on 2013-02-01 is 2894 days after RFC 4033's publication on 2005-03-01, so the timestamp is valid. Score 3.75 (low) = (4.0 required + 1.0 optional) x 0.75 low specificity."
sig_0004,RFC 4034,Resource Records for the DNS Security Extensions,valid_match,3.0,low,true,2013-02-01T00:00:00,2005-03-01T00:00:00,180.130.188.in-addr.arpa,ripe,rfc4034_core_record_present,rfc4034_dnskey_protocol_is_three; rfc4034_rrsig_type_covered_present,rr_type,dnskey_protocol; rrsig_type_covered,3.0,1.0,0.0,0.0,0.0,0.0,0.0,0.0,3.0,trace_sig_0004_rfc4034,"RFC 4034 matched signal sig_0004: the required indicator rfc4034_core_record_present passed because rr_type=DS is in [DNSKEY, DS, RRSIG, NSEC]. Indicator rfc4034_dnskey_protocol_is_three did not match: rr_type=DS is not in [DNSKEY, CDNSKEY]. The observation on 2013-02-01 is 2894 days after RFC 4034's publication on 2005-03-01, so the timestamp is valid. Score 3.0 (low) = (3.0 required) x 1.0 medium specificity."
sig_0004,RFC 3110,RSA/SHA-1 SIGs and RSA KEYs in the Domain Name System (DNS),no_match,0.0,none,true,2013-02-01T00:00:00,2001-05-01T00:00:00,180.130.188.in-addr.arpa,ripe,,rfc3110_rsasha1_algorithm; rfc3110_rsasha1_on_key_or_signature,,,0.0,1.25,0.0,0.0,3.0,0.0,0.0,0.0,0.0,trace_sig_0004_rfc3110,"RFC 3110 does not explain signal sig_0004: the required indicator rfc3110_rsasha1_algorithm failed because algorithm=12 does not equal the expected value 5. The observation on 2013-02-01 is 4294 days after RFC 3110's publication on 2001-05-01, so the timestamp is valid. Score 0.0 (none): no required indicator matched, so there is nothing to score."
sig_0004,RFC 4035,Protocol Modifications for the DNS Security Extensions,non_queryable,0.0,none,true,2013-02-01T00:00:00,2005-03-01T00:00:00,180.130.188.in-addr.arpa,ripe,,,,dnssec_ok_flag,0.0,0.75,0.0,0.0,0.0,0.0,0.0,0.0,0.0,trace_sig_0004_rfc4035,"RFC 4035 could not be evaluated against signal sig_0004: every required indicator (rfc4035_dnssec_ok_negotiated) depends on fields the OpenINTEL corpus does not export, so no verdict is possible in either direction. The observation on 2013-02-01 is 2894 days after RFC 4035's publication on 2005-03-01, so the timestamp is valid. This is a corpus limitation, not a statement about the observation."
sig_0004,RFC 4509,Use of SHA-256 in DNSSEC Delegation Signer (DS) Resource Records,no_match,0.0,none,true,2013-02-01T00:00:00,2006-05-01T00:00:00,180.130.188.in-addr.arpa,ripe,,rfc4509_ds_sha256_digest,,,0.0,1.25,0.0,0.0,3.0,0.0,0.0,0.0,0.0,trace_sig_0004_rfc4509,"RFC 4509 does not explain signal sig_0004: the required indicator rfc4509_ds_sha256_digest failed because digest_type=1 does not equal the expected value 2. The observation on 2013-02-01 is 2468 days after RFC 4509's publication on 2006-05-01, so the timestamp is valid. Score 0.0 (none): no required indicator matched, so there is nothing to score."
sig_0004,RFC 5011,Automated Updates of DNS Security (DNSSEC) Trust Anchors,no_match,0.0,none,true,2013-02-01T00:00:00,2007-09-01T00:00:00,180.130.188.in-addr.arpa,ripe,,rfc5011_revoked_key_published,,flags,0.0,1.25,0.0,0.0,3.0,0.0,0.0,0.0,0.0,trace_sig_0004_rfc5011,"RFC 5011 does not explain signal sig_0004: the required indicator rfc5011_revoked_key_published failed because rr_type=DS does not equal the expected value DNSKEY. The observation on 2013-02-01 is 1980 days after RFC 5011's publication on 2007-09-01, so the timestamp is valid. Score 0.0 (none): no required indicator matched, so there is nothing to score."
sig_0004,RFC 5155,DNS Security (DNSSEC) Hashed Authenticated Denial of Existence,no_match,0.0,none,true,2013-02-01T00:00:00,2008-03-01T00:00:00,180.130.188.in-addr.arpa,ripe,,rfc5155_nsec3_hash_algorithm; rfc5155_nsec3_record_present,,,0.0,1.5,0.0,0.0,3.0,0.0,0.0,0.0,0.0,trace_sig_0004_rfc5155,"RFC 5155 does not explain signal sig_0004: the required indicator rfc5155_nsec3_record_present failed because rr_type=DS is not in [NSEC3, NSEC3PARAM]. The observation on 2013-02-01 is 1798 days after RFC 5155's publication on 2008-03-01, so the timestamp is valid. Score 0.0 (none): no required indicator matched, so there is nothing to score."
sig_0004,RFC 5702,Use of SHA-2 Algorithms with RSA in DNSKEY and RRSIG Resource Records for DNSSEC,no_match,0.0,none,true,2013-02-01T00:00:00,2009-10-01T00:00:00,180.130.188.in-addr.arpa,ripe,,rfc5702_rsa_sha2_algorithm; rfc5702_rsa_sha2_on_dnssec_record,,,0.0,1.25,0.0,0.0,3.0,0.0,0.0,0.0,0.0,trace_sig_0004_rfc5702,"RFC 5702 does not explain signal sig_0004: the required indicator rfc5702_rsa_sha2_algorithm failed because algorithm=12 is not in [8, 10]. The observation on 2013-02-01 is 1219 days after RFC 5702's publication on 2009-10-01, so the timestamp is valid. Score 0.0 (none): no required indicator matched, so there is nothing to score."
sig_0004,RFC 6605,Elliptic Curve Digital Signature Algorithm (DSA) for DNSSEC,no_match,0.0,none,true,2013-02-01T00:00:00,2012-04-01T00:00:00,180.130.188.in-addr.arpa,ripe,,rfc6605_ecdsa_algorithm; rfc6605_ecdsa_on_key_or_signature,,,0.0,1.25,0.0,0.0,3.0,0.0,0.0,0.0,0.0,trace_sig_0004_rfc6605,"RFC 6605 does not explain signal sig_0004: the required indicator rfc6605_ecdsa_algorithm failed because algorithm=12 is not in [13, 14]. The observation on 2013-02-01 is 306 days after RFC 6605's publication on 2012-04-01, so the timestamp is valid. Score 0.0 (none): no required indicator matched, so there is nothing to score."
sig_0004,RFC 6698,The DNS-Based Authentication of Named Entities (DANE) Transport Layer Security (TLS) Protocol: TLSA,no_match,0.0,none,true,2013-02-01T00:00:00,2012-08-01T00:00:00,180.130.188.in-addr.arpa,ripe,,rfc6698_tlsa_fields_well_formed; rfc6698_tlsa_record_present,,tlsa_matchtype; tlsa_usage,0.0,1.5,0.0,0.0,3.0,0.0,0.0,0.0,0.0,trace_sig_0004_rfc6698,"RFC 6698 does not explain signal sig_0004: the required indicator rfc6698_tlsa_record_present failed because rr_type=DS does not equal the expected value TLSA. The observation on 2013-02-01 is 184 days after RFC 6698's publication on 2012-08-01, so the timestamp is valid. Score 0.0 (none): no required indicator matched, so there is nothing to score."
sig_0004,RFC 6781,"DNSSEC Operational Practices, Version 2",no_match,0.0,none,true,2013-02-01T00:00:00,2012-12-01T00:00:00,180.130.188.in-addr.arpa,ripe,,rfc6781_ksk_zsk_separation,,flags,0.0,0.75,0.0,0.0,3.0,0.0,0.0,0.0,0.0,trace_sig_0004_rfc6781,"RFC 6781 does not explain signal sig_0004: the required indicator rfc6781_ksk_zsk_separation failed because rr_type=DS does not equal the expected value DNSKEY. The observation on 2013-02-01 is 62 days after RFC 6781's publication on 2012-12-01, so the timestamp is valid. Score 0.0 (none): no required indicator matched, so there is nothing to score."
sig_0004,RFC 6840,Clarifications and Implementation Notes for DNS Security (DNSSEC),non_queryable,0.0,none,true,2013-02-01T00:00:00,2013-02-01T00:00:00,180.130.188.in-addr.arpa,ripe,,,,name_algorithm_set_consistency,0.0,0.75,0.0,0.0,0.0,0.0,0.0,0.0,0.0,trace_sig_0004_rfc6840,"RFC 6840 could not be evaluated against signal sig_0004: every required indicator (rfc6840_mandatory_algorithm_rules) depends on fields the OpenINTEL corpus does not export, so no verdict is possible in either direction. The observation on 2013-02-01 is 0 days after RFC 6840's publication on 2013-02-01, so the timestamp is valid. This is a corpus limitation, not a statement about the observation."
sig_0004,RFC 7344,Automating DNSSEC Delegation Trust Maintenance,no_match,0.0,none,false,2013-02-01T00:00:00,2014-09-01T00:00:00,180.130.188.in-addr.arpa,ripe,,rfc7344_cds_cdnskey_present; rfc7344_cds_publishes_digest,,,0.0,1.25,0.0,0.0,3.0,0.0,0.0,0.0,0.0,trace_sig_0004_rfc7344,"RFC 7344 does not explain signal sig_0004: the required indicator rfc7344_cds_cdnskey_present failed because rr_type=DS is not in [CDS, CDNSKEY]. The observation on 2013-02-01 predates RFC 7344's publication on 2014-09-01 by 577 days. An observation cannot evidence adoption of an RFC that did not yet exist, so the score is forfeited. Score 0.0 (none): no required indicator matched, so there is nothing to score."
sig_0004,RFC 7583,DNSSEC Key Rollover Timing Considerations,non_queryable,0.0,none,false,2013-02-01T00:00:00,2015-10-01T00:00:00,180.130.188.in-addr.arpa,ripe,,,,key_rollover_phase,0.0,0.75,0.0,0.0,0.0,0.0,0.0,0.0,0.0,trace_sig_0004_rfc7583,"RFC 7583 could not be evaluated against signal sig_0004: every required indicator (rfc7583_rollover_timing_observed) depends on fields the OpenINTEL corpus does not export, so no verdict is possible in either direction. The observation on 2013-02-01 predates RFC 7583's publication on 2015-10-01 by 972 days. An observation cannot evidence adoption of an RFC that did not yet exist, so the score is forfeited. This is a corpus limitation, not a statement about the observation."
sig_0004,RFC 7671,The DNS-Based Authentication of Named Entities (DANE) Protocol: Updates and Operational Guidance,no_match,0.0,none,false,2013-02-01T00:00:00,2015-10-01T00:00:00,180.130.188.in-addr.arpa,ripe,,rfc7671_dane_usage_preferred,,tlsa_usage,0.0,1.25,0.0,0.0,3.0,0.0,0.0,0.0,0.0,trace_sig_0004_rfc7671,"RFC 7671 does not explain signal sig_0004: the required indicator rfc7671_dane_usage_preferred failed because rr_type=DS does not equal the expected value TLSA. The observation on 2013-02-01 predates RFC 7671's publication on 2015-10-01 by 972 days. An observation cannot evidence adoption of an RFC that did not yet exist, so the score is forfeited. Score 0.0 (none): no required indicator matched, so there is nothing to score."
sig_0004,RFC 7672,SMTP Security via Opportunistic DNS-Based Authentication of Named Entities (DANE) Transport Layer Security (TLS),no_match,0.0,none,false,2013-02-01T00:00:00,2015-10-01T00:00:00,180.130.188.in-addr.arpa,ripe,,rfc7672_smtp_dane_tlsa,,domain,0.0,1.5,0.0,0.0,3.0,0.0,0.0,0.0,0.0,trace_sig_0004_rfc7672,"RFC 7672 does not explain signal sig_0004: the required indicator rfc7672_smtp_dane_tlsa failed because rr_type=DS does not equal the expected value TLSA. The observation on 2013-02-01 predates RFC 7672's publication on 2015-10-01 by 972 days. An observation cannot evidence adoption of an RFC that did not yet exist, so the score is forfeited. Score 0.0 (none): no required indicator matched, so there is nothing to score."
sig_0004,RFC 8078,Managing DS Records from the Parent via CDS/CDNSKEY,no_match,0.0,none,false,2013-02-01T00:00:00,2017-03-01T00:00:00,180.130.188.in-addr.arpa,ripe,,rfc8078_cds_cdnskey_algorithm_zero; rfc8078_delete_signal_digest_zero,,,0.0,1.5,0.0,0.0,3.0,0.0,0.0,0.0,0.0,trace_sig_0004_rfc8078,"RFC 8078 does not explain signal sig_0004: the required indicator rfc8078_cds_cdnskey_algorithm_zero failed because rr_type=DS is not in [CDS, CDNSKEY]. The observation on 2013-02-01 predates RFC 8078's publication on 2017-03-01 by 1489 days. An observation cannot evidence adoption of an RFC that did not yet exist, so the score is forfeited. Score 0.0 (none): no required indicator matched, so there is nothing to score."
sig_0004,RFC 8080,Edwards-Curve Digital Security Algorithm (EdDSA) for DNSSEC,no_match,0.0,none,false,2013-02-01T00:00:00,2017-02-01T00:00:00,180.130.188.in-addr.arpa,ripe,,rfc8080_eddsa_algorithm; rfc8080_eddsa_on_key_or_signature,,,0.0,1.5,0.0,0.0,3.0,0.0,0.0,0.0,0.0,trace_sig_0004_rfc8080,"RFC 8080 does not explain signal sig_0004: the required indicator rfc8080_eddsa_algorithm failed because algorithm=12 is not in [15, 16]. The observation on 2013-02-01 predates RFC 8080's publication on 2017-02-01 by 1461 days. An observation cannot evidence adoption of an RFC that did not yet exist, so the score is forfeited. Score 0.0 (none): no required indicator matched, so there is nothing to score."
sig_0004,RFC 8198,Aggressive Use of DNSSEC-Validated Cache,non_queryable,0.0,none,false,2013-02-01T00:00:00,2017-07-01T00:00:00,180.130.188.in-addr.arpa,ripe,,,,resolver_synthesised_nxdomain,0.0,1.0,0.0,0.0,0.0,0.0,0.0,0.0,0.0,trace_sig_0004_rfc8198,"RFC 8198 could not be evaluated against signal sig_0004: every required indicator (rfc8198_aggressive_nsec_use) depends on fields the OpenINTEL corpus does not export, so no verdict is possible in either direction. The observation on 2013-02-01 predates RFC 8198's publication on 2017-07-01 by 1611 days. An observation cannot evidence adoption of an RFC that did not yet exist, so the score is forfeited. This is a corpus limitation, not a statement about the observation."
sig_0004,RFC 8624,Algorithm Implementation Requirements and Usage Guidance for DNSSEC,timestamp_invalid,0.0,none,false,2013-02-01T00:00:00,2019-06-01T00:00:00,180.130.188.in-addr.arpa,ripe,rfc8624_avoids_deprecated_algorithm,rfc8624_recommended_signing_algorithm,algorithm,rr_type; validator_algorithm_support,0.0,0.75,0.0,1.5,3.0,0.0,2.0,0.0,0.0,trace_sig_0004_rfc8624,"RFC 8624 cannot explain signal sig_0004: although algorithm=12 satisfy the optional indicator rfc8624_avoids_deprecated_algorithm, the observation on 2013-02-01 predates RFC 8624's publication on 2019-06-01 by 2311 days. An observation cannot evidence adoption of an RFC that did not yet exist, so the score of 0.0 is forfeited and this is routed to the review queue. The withheld score derives from (0.0 required + 1.5 optional - 3.0 missing-required penalty - 2.0 ambiguity penalty) x 0.75 low specificity."
sig_0004,RFC 9077,NSEC and NSEC3: TTLs and Aggressive Use,no_match,0.0,none,false,2013-02-01T00:00:00,2021-07-01T00:00:00,180.130.188.in-addr.arpa,ripe,,rfc9077_nsec_ttl_bounded,,record_ttl,0.0,1.25,0.0,0.0,3.0,0.0,0.0,0.0,0.0,trace_sig_0004_rfc9077,"RFC 9077 does not explain signal sig_0004: the required indicator rfc9077_nsec_ttl_bounded failed because rr_type=DS is not in [NSEC, NSEC3]. The observation on 2013-02-01 predates RFC 9077's publication on 2021-07-01 by 3072 days. An observation cannot evidence adoption of an RFC that did not yet exist, so the score is forfeited. Score 0.0 (none): no required indicator matched, so there is nothing to score."
sig_0004,RFC 9276,Guidance for NSEC3 Parameter Settings,no_match,0.0,none,false,2013-02-01T00:00:00,2022-08-01T00:00:00,180.130.188.in-addr.arpa,ripe,,rfc9276_empty_nsec3_salt; rfc9276_zero_nsec3_iterations,,nsec3_iterations; nsec3_salt,0.0,1.5,0.0,0.0,3.0,0.0,0.0,0.0,0.0,trace_sig_0004_rfc9276,"RFC 9276 does not explain signal sig_0004: the required indicator rfc9276_zero_nsec3_iterations failed because rr_type=DS is not in [NSEC3, NSEC3PARAM]. The observation on 2013-02-01 predates RFC 9276's publication on 2022-08-01 by 3468 days. An observation cannot evidence adoption of an RFC that did not yet exist, so the score is forfeited. Score 0.0 (none): no required indicator matched, so there is nothing to score."
sig_0004,RFC 9364,DNS Security Extensions (DNSSEC),non_queryable,0.0,none,false,2013-02-01T00:00:00,2023-02-01T00:00:00,180.130.188.in-addr.arpa,ripe,,,,declared_standards_profile,0.0,0.75,0.0,0.0,0.0,0.0,0.0,0.0,0.0,trace_sig_0004_rfc9364,"RFC 9364 could not be evaluated against signal sig_0004: every required indicator (rfc9364_bcp_profile_declared) depends on fields the OpenINTEL corpus does not export, so no verdict is possible in either direction. The observation on 2013-02-01 predates RFC 9364's publication on 2023-02-01 by 3652 days. An observation cannot evidence adoption of an RFC that did not yet exist, so the score is forfeited. This is a corpus limitation, not a statement about the observation."
sig_0004,RFC 9558,Use of GOST 2012 Signature Algorithms in DNSKEY and RRSIG Resource Records for DNSSEC,no_match,0.0,none,false,2013-02-01T00:00:00,2024-04-01T00:00:00,180.130.188.in-addr.arpa,ripe,,rfc9558_gost2012_algorithm; rfc9558_gost2012_ds_digest,,,0.0,1.5,0.0,0.0,3.0,0.0,0.0,0.0,0.0,trace_sig_0004_rfc9558,"RFC 9558 does not explain signal sig_0004: the required indicator rfc9558_gost2012_algorithm failed because algorithm=12 does not equal the expected value 23. The observation on 2013-02-01 predates RFC 9558's publication on 2024-04-01 by 4077 days. An observation cannot evidence adoption of an RFC that did not yet exist, so the score is forfeited. Score 0.0 (none): no required indicator matched, so there is nothing to score."
sig_0004,RFC 9563,SM2 Digital Signature Algorithm for DNSSEC,no_match,0.0,none,false,2013-02-01T00:00:00,2024-12-01T00:00:00,180.130.188.in-addr.arpa,ripe,,rfc9563_sm2sm3_algorithm; rfc9563_sm3_ds_digest,,,0.0,1.5,0.0,0.0,3.0,0.0,0.0,0.0,0.0,trace_sig_0004_rfc9563,"RFC 9563 does not explain signal sig_0004: the required indicator rfc9563_sm2sm3_algorithm failed because algorithm=12 does not equal the expected value 17. The observation on 2013-02-01 predates RFC 9563's publication on 2024-12-01 by 4321 days. An observation cannot evidence adoption of an RFC that did not yet exist, so the score is forfeited. Score 0.0 (none): no required indicator matched, so there is nothing to score."
sig_0004,RFC 9615,Automatic DNSSEC Bootstrapping Using Authenticated Signals from the Zone's Operator,non_queryable,0.0,none,false,2013-02-01T00:00:00,2024-07-01T00:00:00,180.130.188.in-addr.arpa,ripe,,,,domain; rr_type,0.0,1.5,0.0,0.0,0.0,0.0,0.0,0.0,0.0,trace_sig_0004_rfc9615,"RFC 9615 could not be evaluated against signal sig_0004: every required indicator (rfc9615_bootstrap_signal_label) depends on fields the OpenINTEL corpus does not export, so no verdict is possible in either direction. The observation on 2013-02-01 predates RFC 9615's publication on 2024-07-01 by 4168 days. An observation cannot evidence adoption of an RFC that did not yet exist, so the score is forfeited. This is a corpus limitation, not a statement about the observation."
sig_0004,RFC 9904,DNSSEC Cryptographic Algorithm Recommendation Update Process,non_queryable,0.0,none,false,2013-02-01T00:00:00,2025-11-01T00:00:00,180.130.188.in-addr.arpa,ripe,,,,guidance_source_registry,0.0,0.75,0.0,0.0,0.0,0.0,0.0,0.0,0.0,trace_sig_0004_rfc9904,"RFC 9904 could not be evaluated against signal sig_0004: every required indicator (rfc9904_algorithm_guidance_process) depends on fields the OpenINTEL corpus does not export, so no verdict is possible in either direction. The observation on 2013-02-01 predates RFC 9904's publication on 2025-11-01 by 4656 days. An observation cannot evidence adoption of an RFC that did not yet exist, so the score is forfeited. This is a corpus limitation, not a statement about the observation."
sig_0004,RFC 9905,Deprecating the Use of SHA-1 in DNSSEC Signature Algorithms,no_match,0.0,none,false,2013-02-01T00:00:00,2025-11-01T00:00:00,180.130.188.in-addr.arpa,ripe,,rfc9905_deprecated_sha1_in_delegation; rfc9905_deprecated_sha1_signature_still_published,,,0.0,1.25,0.0,0.0,3.0,0.0,0.0,0.0,0.0,trace_sig_0004_rfc9905,"RFC 9905 does not explain signal sig_0004: the required indicator rfc9905_deprecated_sha1_signature_still_published failed because rr_type=DS is not in [DNSKEY, RRSIG, CDNSKEY]. The observation on 2013-02-01 predates RFC 9905's publication on 2025-11-01 by 4656 days. An observation cannot evidence adoption of an RFC that did not yet exist, so the score is forfeited. Score 0.0 (none): no required indicator matched, so there is nothing to score."
sig_0004,RFC 9906,Deprecate Usage of ECC-GOST within DNSSEC,timestamp_invalid,0.0,none,false,2013-02-01T00:00:00,2025-11-01T00:00:00,180.130.188.in-addr.arpa,ripe,rfc9906_deprecated_ecc_gost_still_published,rfc9906_deprecated_gost_digest_still_published,algorithm,,10.0,1.5,0.0,0.0,0.0,0.0,0.0,15.0,0.0,trace_sig_0004_rfc9906,"RFC 9906 cannot explain signal sig_0004: although algorithm=12 satisfy the required indicator rfc9906_deprecated_ecc_gost_still_published, the observation on 2013-02-01 predates RFC 9906's publication on 2025-11-01 by 4656 days. An observation cannot evidence adoption of an RFC that did not yet exist, so the score of 15.0 is forfeited and this is routed to the review queue. The withheld score derives from (10.0 required) x 1.5 very_high specificity."
sig_0005,RFC 5933,Use of GOST Signature Algorithms in DNSKEY and RRSIG Resource Records for DNSSEC,valid_match,15.0,very_high,true,2015-04-01T00:00:00,2010-07-01T00:00:00,221.35.185.in-addr.arpa,ripe,rfc5933_ecc_gost_algorithm,rfc5933_gost_ds_digest,algorithm,,10.0,1.5,0.0,0.0,0.0,0.0,0.0,0.0,15.0,trace_sig_0005_rfc5933,"RFC 5933 matched signal sig_0005: the required indicator rfc5933_ecc_gost_algorithm passed because algorithm=12 equals the expected value 12. Indicator rfc5933_gost_ds_digest did not match: digest_type=1 does not equal the expected value 3. The observation on 2015-04-01 is 1735 days after RFC 5933's publication on 2010-07-01, so the timestamp is valid. Score 15.0 (very_high) = (10.0 required) x 1.5 very_high specificity."
sig_0005,RFC 4033,DNS Security Introduction and Requirements (DNSSEC base: RFC 4033/4034/4035),valid_match,3.75,low,true,2015-04-01T00:00:00,2005-03-01T00:00:00,221.35.185.in-addr.arpa,ripe,rfc4033_base_dnssec_record_present; rfc4033_dnssec_algorithm_present,rfc4033_dnssec_ok_negotiated,algorithm; rr_type,dnssec_ok_flag,4.0,0.75,0.0,1.0,0.0,0.0,0.0,0.0,3.75,trace_sig_0005_rfc4033,"RFC 4033 matched signal sig_0005: the required indicator rfc4033_base_dnssec_record_present passed because rr_type=DS is in [DNSKEY, DS, RRSIG, NSEC]. Corroborating indicators also matched: rfc4033_dnssec_algorithm_present. Indicator rfc4033_dnssec_ok_negotiated did not match: field 'dnssec_ok_flag' is absent from this observation, so the condition 'dnssec_ok_flag must equal true' could not be satisfied (absence is not evidence). The observation on 2015-04-01 is 3683 days after RFC 4033's publication on 2005-03-01, so the timestamp is valid. Score 3.75 (low) = (4.0 required + 1.0 optional) x 0.75 low specificity."
sig_0005,RFC 4034,Resource Records for the DNS Security Extensions,valid_match,3.0,low,true,2015-04-01T00:00:00,2005-03-01T00:00:00,221.35.185.in-addr.arpa,ripe,rfc4034_core_record_present,rfc4034_dnskey_protocol_is_three; rfc4034_rrsig_type_covered_present,rr_type,dnskey_protocol; rrsig_type_covered,3.0,1.0,0.0,0.0,0.0,0.0,0.0,0.0,3.0,trace_sig_0005_rfc4034,"RFC 4034 matched signal sig_0005: the required indicator rfc4034_core_record_present passed because rr_type=DS is in [DNSKEY, DS, RRSIG, NSEC]. Indicator rfc4034_dnskey_protocol_is_three did not match: rr_type=DS is not in [DNSKEY, CDNSKEY]. The observation on 2015-04-01 is 3683 days after RFC 4034's publication on 2005-03-01, so the timestamp is valid. Score 3.0 (low) = (3.0 required) x 1.0 medium specificity."
sig_0005,RFC 3110,RSA/SHA-1 SIGs and RSA KEYs in the Domain Name System (DNS),no_match,0.0,none,true,2015-04-01T00:00:00,2001-05-01T00:00:00,221.35.185.in-addr.arpa,ripe,,rfc3110_rsasha1_algorithm; rfc3110_rsasha1_on_key_or_signature,,,0.0,1.25,0.0,0.0,3.0,0.0,0.0,0.0,0.0,trace_sig_0005_rfc3110,"RFC 3110 does not explain signal sig_0005: the required indicator rfc3110_rsasha1_algorithm failed because algorithm=12 does not equal the expected value 5. The observation on 2015-04-01 is 5083 days after RFC 3110's publication on 2001-05-01, so the timestamp is valid. Score 0.0 (none): no required indicator matched, so there is nothing to score."
sig_0005,RFC 4035,Protocol Modifications for the DNS Security Extensions,non_queryable,0.0,none,true,2015-04-01T00:00:00,2005-03-01T00:00:00,221.35.185.in-addr.arpa,ripe,,,,dnssec_ok_flag,0.0,0.75,0.0,0.0,0.0,0.0,0.0,0.0,0.0,trace_sig_0005_rfc4035,"RFC 4035 could not be evaluated against signal sig_0005: every required indicator (rfc4035_dnssec_ok_negotiated) depends on fields the OpenINTEL corpus does not export, so no verdict is possible in either direction. The observation on 2015-04-01 is 3683 days after RFC 4035's publication on 2005-03-01, so the timestamp is valid. This is a corpus limitation, not a statement about the observation."
sig_0005,RFC 4509,Use of SHA-256 in DNSSEC Delegation Signer (DS) Resource Records,no_match,0.0,none,true,2015-04-01T00:00:00,2006-05-01T00:00:00,221.35.185.in-addr.arpa,ripe,,rfc4509_ds_sha256_digest,,,0.0,1.25,0.0,0.0,3.0,0.0,0.0,0.0,0.0,trace_sig_0005_rfc4509,"RFC 4509 does not explain signal sig_0005: the required indicator rfc4509_ds_sha256_digest failed because digest_type=1 does not equal the expected value 2. The observation on 2015-04-01 is 3257 days after RFC 4509's publication on 2006-05-01, so the timestamp is valid. Score 0.0 (none): no required indicator matched, so there is nothing to score."
sig_0005,RFC 5011,Automated Updates of DNS Security (DNSSEC) Trust Anchors,no_match,0.0,none,true,2015-04-01T00:00:00,2007-09-01T00:00:00,221.35.185.in-addr.arpa,ripe,,rfc5011_revoked_key_published,,flags,0.0,1.25,0.0,0.0,3.0,0.0,0.0,0.0,0.0,trace_sig_0005_rfc5011,"RFC 5011 does not explain signal sig_0005: the required indicator rfc5011_revoked_key_published failed because rr_type=DS does not equal the expected value DNSKEY. The observation on 2015-04-01 is 2769 days after RFC 5011's publication on 2007-09-01, so the timestamp is valid. Score 0.0 (none): no required indicator matched, so there is nothing to score."
sig_0005,RFC 5155,DNS Security (DNSSEC) Hashed Authenticated Denial of Existence,no_match,0.0,none,true,2015-04-01T00:00:00,2008-03-01T00:00:00,221.35.185.in-addr.arpa,ripe,,rfc5155_nsec3_hash_algorithm; rfc5155_nsec3_record_present,,,0.0,1.5,0.0,0.0,3.0,0.0,0.0,0.0,0.0,trace_sig_0005_rfc5155,"RFC 5155 does not explain signal sig_0005: the required indicator rfc5155_nsec3_record_present failed because rr_type=DS is not in [NSEC3, NSEC3PARAM]. The observation on 2015-04-01 is 2587 days after RFC 5155's publication on 2008-03-01, so the timestamp is valid. Score 0.0 (none): no required indicator matched, so there is nothing to score."
sig_0005,RFC 5702,Use of SHA-2 Algorithms with RSA in DNSKEY and RRSIG Resource Records for DNSSEC,no_match,0.0,none,true,2015-04-01T00:00:00,2009-10-01T00:00:00,221.35.185.in-addr.arpa,ripe,,rfc5702_rsa_sha2_algorithm; rfc5702_rsa_sha2_on_dnssec_record,,,0.0,1.25,0.0,0.0,3.0,0.0,0.0,0.0,0.0,trace_sig_0005_rfc5702,"RFC 5702 does not explain signal sig_0005: the required indicator rfc5702_rsa_sha2_algorithm failed because algorithm=12 is not in [8, 10]. The observation on 2015-04-01 is 2008 days after RFC 5702's publication on 2009-10-01, so the timestamp is valid. Score 0.0 (none): no required indicator matched, so there is nothing to score."
sig_0005,RFC 6605,Elliptic Curve Digital Signature Algorithm (DSA) for DNSSEC,no_match,0.0,none,true,2015-04-01T00:00:00,2012-04-01T00:00:00,221.35.185.in-addr.arpa,ripe,,rfc6605_ecdsa_algorithm; rfc6605_ecdsa_on_key_or_signature,,,0.0,1.25,0.0,0.0,3.0,0.0,0.0,0.0,0.0,trace_sig_0005_rfc6605,"RFC 6605 does not explain signal sig_0005: the required indicator rfc6605_ecdsa_algorithm failed because algorithm=12 is not in [13, 14]. The observation on 2015-04-01 is 1095 days after RFC 6605's publication on 2012-04-01, so the timestamp is valid. Score 0.0 (none): no required indicator matched, so there is nothing to score."
sig_0005,RFC 6698,The DNS-Based Authentication of Named Entities (DANE) Transport Layer Security (TLS) Protocol: TLSA,no_match,0.0,none,true,2015-04-01T00:00:00,2012-08-01T00:00:00,221.35.185.in-addr.arpa,ripe,,rfc6698_tlsa_fields_well_formed; rfc6698_tlsa_record_present,,tlsa_matchtype; tlsa_usage,0.0,1.5,0.0,0.0,3.0,0.0,0.0,0.0,0.0,trace_sig_0005_rfc6698,"RFC 6698 does not explain signal sig_0005: the required indicator rfc6698_tlsa_record_present failed because rr_type=DS does not equal the expected value TLSA. The observation on 2015-04-01 is 973 days after RFC 6698's publication on 2012-08-01, so the timestamp is valid. Score 0.0 (none): no required indicator matched, so there is nothing to score."
sig_0005,RFC 6781,"DNSSEC Operational Practices, Version 2",no_match,0.0,none,true,2015-04-01T00:00:00,2012-12-01T00:00:00,221.35.185.in-addr.arpa,ripe,,rfc6781_ksk_zsk_separation,,flags,0.0,0.75,0.0,0.0,3.0,0.0,0.0,0.0,0.0,trace_sig_0005_rfc6781,"RFC 6781 does not explain signal sig_0005: the required indicator rfc6781_ksk_zsk_separation failed because rr_type=DS does not equal the expected value DNSKEY. The observation on 2015-04-01 is 851 days after RFC 6781's publication on 2012-12-01, so the timestamp is valid. Score 0.0 (none): no required indicator matched, so there is nothing to score."
sig_0005,RFC 6840,Clarifications and Implementation Notes for DNS Security (DNSSEC),non_queryable,0.0,none,true,2015-04-01T00:00:00,2013-02-01T00:00:00,221.35.185.in-addr.arpa,ripe,,,,name_algorithm_set_consistency,0.0,0.75,0.0,0.0,0.0,0.0,0.0,0.0,0.0,trace_sig_0005_rfc6840,"RFC 6840 could not be evaluated against signal sig_0005: every required indicator (rfc6840_mandatory_algorithm_rules) depends on fields the OpenINTEL corpus does not export, so no verdict is possible in either direction. The observation on 2015-04-01 is 789 days after RFC 6840's publication on 2013-02-01, so the timestamp is valid. This is a corpus limitation, not a statement about the observation."
sig_0005,RFC 7344,Automating DNSSEC Delegation Trust Maintenance,no_match,0.0,none,true,2015-04-01T00:00:00,2014-09-01T00:00:00,221.35.185.in-addr.arpa,ripe,,rfc7344_cds_cdnskey_present; rfc7344_cds_publishes_digest,,,0.0,1.25,0.0,0.0,3.0,0.0,0.0,0.0,0.0,trace_sig_0005_rfc7344,"RFC 7344 does not explain signal sig_0005: the required indicator rfc7344_cds_cdnskey_present failed because rr_type=DS is not in [CDS, CDNSKEY]. The observation on 2015-04-01 is 212 days after RFC 7344's publication on 2014-09-01, so the timestamp is valid. Score 0.0 (none): no required indicator matched, so there is nothing to score."
sig_0005,RFC 7583,DNSSEC Key Rollover Timing Considerations,non_queryable,0.0,none,false,2015-04-01T00:00:00,2015-10-01T00:00:00,221.35.185.in-addr.arpa,ripe,,,,key_rollover_phase,0.0,0.75,0.0,0.0,0.0,0.0,0.0,0.0,0.0,trace_sig_0005_rfc7583,"RFC 7583 could not be evaluated against signal sig_0005: every required indicator (rfc7583_rollover_timing_observed) depends on fields the OpenINTEL corpus does not export, so no verdict is possible in either direction. The observation on 2015-04-01 predates RFC 7583's publication on 2015-10-01 by 183 days. An observation cannot evidence adoption of an RFC that did not yet exist, so the score is forfeited. This is a corpus limitation, not a statement about the observation."
sig_0005,RFC 7671,The DNS-Based Authentication of Named Entities (DANE) Protocol: Updates and Operational Guidance,no_match,0.0,none,false,2015-04-01T00:00:00,2015-10-01T00:00:00,221.35.185.in-addr.arpa,ripe,,rfc7671_dane_usage_preferred,,tlsa_usage,0.0,1.25,0.0,0.0,3.0,0.0,0.0,0.0,0.0,trace_sig_0005_rfc7671,"RFC 7671 does not explain signal sig_0005: the required indicator rfc7671_dane_usage_preferred failed because rr_type=DS does not equal the expected value TLSA. The observation on 2015-04-01 predates RFC 7671's publication on 2015-10-01 by 183 days. An observation cannot evidence adoption of an RFC that did not yet exist, so the score is forfeited. Score 0.0 (none): no required indicator matched, so there is nothing to score."
sig_0005,RFC 7672,SMTP Security via Opportunistic DNS-Based Authentication of Named Entities (DANE) Transport Layer Security (TLS),no_match,0.0,none,false,2015-04-01T00:00:00,2015-10-01T00:00:00,221.35.185.in-addr.arpa,ripe,,rfc7672_smtp_dane_tlsa,,domain,0.0,1.5,0.0,0.0,3.0,0.0,0.0,0.0,0.0,trace_sig_0005_rfc7672,"RFC 7672 does not explain signal sig_0005: the required indicator rfc7672_smtp_dane_tlsa failed because rr_type=DS does not equal the expected value TLSA. The observation on 2015-04-01 predates RFC 7672's publication on 2015-10-01 by 183 days. An observation cannot evidence adoption of an RFC that did not yet exist, so the score is forfeited. Score 0.0 (none): no required indicator matched, so there is nothing to score."
sig_0005,RFC 8078,Managing DS Records from the Parent via CDS/CDNSKEY,no_match,0.0,none,false,2015-04-01T00:00:00,2017-03-01T00:00:00,221.35.185.in-addr.arpa,ripe,,rfc8078_cds_cdnskey_algorithm_zero; rfc8078_delete_signal_digest_zero,,,0.0,1.5,0.0,0.0,3.0,0.0,0.0,0.0,0.0,trace_sig_0005_rfc8078,"RFC 8078 does not explain signal sig_0005: the required indicator rfc8078_cds_cdnskey_algorithm_zero failed because rr_type=DS is not in [CDS, CDNSKEY]. The observation on 2015-04-01 predates RFC 8078's publication on 2017-03-01 by 700 days. An observation cannot evidence adoption of an RFC that did not yet exist, so the score is forfeited. Score 0.0 (none): no required indicator matched, so there is nothing to score."
sig_0005,RFC 8080,Edwards-Curve Digital Security Algorithm (EdDSA) for DNSSEC,no_match,0.0,none,false,2015-04-01T00:00:00,2017-02-01T00:00:00,221.35.185.in-addr.arpa,ripe,,rfc8080_eddsa_algorithm; rfc8080_eddsa_on_key_or_signature,,,0.0,1.5,0.0,0.0,3.0,0.0,0.0,0.0,0.0,trace_sig_0005_rfc8080,"RFC 8080 does not explain signal sig_0005: the required indicator rfc8080_eddsa_algorithm failed because algorithm=12 is not in [15, 16]. The observation on 2015-04-01 predates RFC 8080's publication on 2017-02-01 by 672 days. An observation cannot evidence adoption of an RFC that did not yet exist, so the score is forfeited. Score 0.0 (none): no required indicator matched, so there is nothing to score."
sig_0005,RFC 8198,Aggressive Use of DNSSEC-Validated Cache,non_queryable,0.0,none,false,2015-04-01T00:00:00,2017-07-01T00:00:00,221.35.185.in-addr.arpa,ripe,,,,resolver_synthesised_nxdomain,0.0,1.0,0.0,0.0,0.0,0.0,0.0,0.0,0.0,trace_sig_0005_rfc8198,"RFC 8198 could not be evaluated against signal sig_0005: every required indicator (rfc8198_aggressive_nsec_use) depends on fields the OpenINTEL corpus does not export, so no verdict is possible in either direction. The observation on 2015-04-01 predates RFC 8198's publication on 2017-07-01 by 822 days. An observation cannot evidence adoption of an RFC that did not yet exist, so the score is forfeited. This is a corpus limitation, not a statement about the observation."
sig_0005,RFC 8624,Algorithm Implementation Requirements and Usage Guidance for DNSSEC,timestamp_invalid,0.0,none,false,2015-04-01T00:00:00,2019-06-01T00:00:00,221.35.185.in-addr.arpa,ripe,rfc8624_avoids_deprecated_algorithm,rfc8624_recommended_signing_algorithm,algorithm,rr_type; validator_algorithm_support,0.0,0.75,0.0,1.5,3.0,0.0,2.0,0.0,0.0,trace_sig_0005_rfc8624,"RFC 8624 cannot explain signal sig_0005: although algorithm=12 satisfy the optional indicator rfc8624_avoids_deprecated_algorithm, the observation on 2015-04-01 predates RFC 8624's publication on 2019-06-01 by 1522 days. An observation cannot evidence adoption of an RFC that did not yet exist, so the score of 0.0 is forfeited and this is routed to the review queue. The withheld score derives from (0.0 required + 1.5 optional - 3.0 missing-required penalty - 2.0 ambiguity penalty) x 0.75 low specificity."
sig_0005,RFC 9077,NSEC and NSEC3: TTLs and Aggressive Use,no_match,0.0,none,false,2015-04-01T00:00:00,2021-07-01T00:00:00,221.35.185.in-addr.arpa,ripe,,rfc9077_nsec_ttl_bounded,,record_ttl,0.0,1.25,0.0,0.0,3.0,0.0,0.0,0.0,0.0,trace_sig_0005_rfc9077,"RFC 9077 does not explain signal sig_0005: the required indicator rfc9077_nsec_ttl_bounded failed because rr_type=DS is not in [NSEC, NSEC3]. The observation on 2015-04-01 predates RFC 9077's publication on 2021-07-01 by 2283 days. An observation cannot evidence adoption of an RFC that did not yet exist, so the score is forfeited. Score 0.0 (none): no required indicator matched, so there is nothing to score."
sig_0005,RFC 9276,Guidance for NSEC3 Parameter Settings,no_match,0.0,none,false,2015-04-01T00:00:00,2022-08-01T00:00:00,221.35.185.in-addr.arpa,ripe,,rfc9276_empty_nsec3_salt; rfc9276_zero_nsec3_iterations,,nsec3_iterations; nsec3_salt,0.0,1.5,0.0,0.0,3.0,0.0,0.0,0.0,0.0,trace_sig_0005_rfc9276,"RFC 9276 does not explain signal sig_0005: the required indicator rfc9276_zero_nsec3_iterations failed because rr_type=DS is not in [NSEC3, NSEC3PARAM]. The observation on 2015-04-01 predates RFC 9276's publication on 2022-08-01 by 2679 days. An observation cannot evidence adoption of an RFC that did not yet exist, so the score is forfeited. Score 0.0 (none): no required indicator matched, so there is nothing to score."
sig_0005,RFC 9364,DNS Security Extensions (DNSSEC),non_queryable,0.0,none,false,2015-04-01T00:00:00,2023-02-01T00:00:00,221.35.185.in-addr.arpa,ripe,,,,declared_standards_profile,0.0,0.75,0.0,0.0,0.0,0.0,0.0,0.0,0.0,trace_sig_0005_rfc9364,"RFC 9364 could not be evaluated against signal sig_0005: every required indicator (rfc9364_bcp_profile_declared) depends on fields the OpenINTEL corpus does not export, so no verdict is possible in either direction. The observation on 2015-04-01 predates RFC 9364's publication on 2023-02-01 by 2863 days. An observation cannot evidence adoption of an RFC that did not yet exist, so the score is forfeited. This is a corpus limitation, not a statement about the observation."
sig_0005,RFC 9558,Use of GOST 2012 Signature Algorithms in DNSKEY and RRSIG Resource Records for DNSSEC,no_match,0.0,none,false,2015-04-01T00:00:00,2024-04-01T00:00:00,221.35.185.in-addr.arpa,ripe,,rfc9558_gost2012_algorithm; rfc9558_gost2012_ds_digest,,,0.0,1.5,0.0,0.0,3.0,0.0,0.0,0.0,0.0,trace_sig_0005_rfc9558,"RFC 9558 does not explain signal sig_0005: the required indicator rfc9558_gost2012_algorithm failed because algorithm=12 does not equal the expected value 23. The observation on 2015-04-01 predates RFC 9558's publication on 2024-04-01 by 3288 days. An observation cannot evidence adoption of an RFC that did not yet exist, so the score is forfeited. Score 0.0 (none): no required indicator matched, so there is nothing to score."
sig_0005,RFC 9563,SM2 Digital Signature Algorithm for DNSSEC,no_match,0.0,none,false,2015-04-01T00:00:00,2024-12-01T00:00:00,221.35.185.in-addr.arpa,ripe,,rfc9563_sm2sm3_algorithm; rfc9563_sm3_ds_digest,,,0.0,1.5,0.0,0.0,3.0,0.0,0.0,0.0,0.0,trace_sig_0005_rfc9563,"RFC 9563 does not explain signal sig_0005: the required indicator rfc9563_sm2sm3_algorithm failed because algorithm=12 does not equal the expected value 17. The observation on 2015-04-01 predates RFC 9563's publication on 2024-12-01 by 3532 days. An observation cannot evidence adoption of an RFC that did not yet exist, so the score is forfeited. Score 0.0 (none): no required indicator matched, so there is nothing to score."
sig_0005,RFC 9615,Automatic DNSSEC Bootstrapping Using Authenticated Signals from the Zone's Operator,non_queryable,0.0,none,false,2015-04-01T00:00:00,2024-07-01T00:00:00,221.35.185.in-addr.arpa,ripe,,,,domain; rr_type,0.0,1.5,0.0,0.0,0.0,0.0,0.0,0.0,0.0,trace_sig_0005_rfc9615,"RFC 9615 could not be evaluated against signal sig_0005: every required indicator (rfc9615_bootstrap_signal_label) depends on fields the OpenINTEL corpus does not export, so no verdict is possible in either direction. The observation on 2015-04-01 predates RFC 9615's publication on 2024-07-01 by 3379 days. An observation cannot evidence adoption of an RFC that did not yet exist, so the score is forfeited. This is a corpus limitation, not a statement about the observation."
sig_0005,RFC 9904,DNSSEC Cryptographic Algorithm Recommendation Update Process,non_queryable,0.0,none,false,2015-04-01T00:00:00,2025-11-01T00:00:00,221.35.185.in-addr.arpa,ripe,,,,guidance_source_registry,0.0,0.75,0.0,0.0,0.0,0.0,0.0,0.0,0.0,trace_sig_0005_rfc9904,"RFC 9904 could not be evaluated against signal sig_0005: every required indicator (rfc9904_algorithm_guidance_process) depends on fields the OpenINTEL corpus does not export, so no verdict is possible in either direction. The observation on 2015-04-01 predates RFC 9904's publication on 2025-11-01 by 3867 days. An observation cannot evidence adoption of an RFC that did not yet exist, so the score is forfeited. This is a corpus limitation, not a statement about the observation."
sig_0005,RFC 9905,Deprecating the Use of SHA-1 in DNSSEC Signature Algorithms,no_match,0.0,none,false,2015-04-01T00:00:00,2025-11-01T00:00:00,221.35.185.in-addr.arpa,ripe,,rfc9905_deprecated_sha1_in_delegation; rfc9905_deprecated_sha1_signature_still_published,,,0.0,1.25,0.0,0.0,3.0,0.0,0.0,0.0,0.0,trace_sig_0005_rfc9905,"RFC 9905 does not explain signal sig_0005: the required indicator rfc9905_deprecated_sha1_signature_still_published failed because rr_type=DS is not in [DNSKEY, RRSIG, CDNSKEY]. The observation on 2015-04-01 predates RFC 9905's publication on 2025-11-01 by 3867 days. An observation cannot evidence adoption of an RFC that did not yet exist, so the score is forfeited. Score 0.0 (none): no required indicator matched, so there is nothing to score."
sig_0005,RFC 9906,Deprecate Usage of ECC-GOST within DNSSEC,timestamp_invalid,0.0,none,false,2015-04-01T00:00:00,2025-11-01T00:00:00,221.35.185.in-addr.arpa,ripe,rfc9906_deprecated_ecc_gost_still_published,rfc9906_deprecated_gost_digest_still_published,algorithm,,10.0,1.5,0.0,0.0,0.0,0.0,0.0,15.0,0.0,trace_sig_0005_rfc9906,"RFC 9906 cannot explain signal sig_0005: although algorithm=12 satisfy the required indicator rfc9906_deprecated_ecc_gost_still_published, the observation on 2015-04-01 predates RFC 9906's publication on 2025-11-01 by 3867 days. An observation cannot evidence adoption of an RFC that did not yet exist, so the score of 15.0 is forfeited and this is routed to the review queue. The withheld score derives from (10.0 required) x 1.5 very_high specificity."
sig_0006,RFC 5933,Use of GOST Signature Algorithms in DNSKEY and RRSIG Resource Records for DNSSEC,valid_match,18.0,very_high,true,2015-06-01T00:00:00,2010-07-01T00:00:00,221.35.185.in-addr.arpa,ripe,rfc5933_ecc_gost_algorithm; rfc5933_gost_ds_digest,,algorithm; digest_type; rr_type,,10.0,1.5,0.0,2.0,0.0,0.0,0.0,0.0,18.0,trace_sig_0006_rfc5933,"RFC 5933 matched signal sig_0006: the required indicator rfc5933_ecc_gost_algorithm passed because algorithm=12 equals the expected value 12. Corroborating indicators also matched: rfc5933_gost_ds_digest. The observation on 2015-06-01 is 1796 days after RFC 5933's publication on 2010-07-01, so the timestamp is valid. Score 18.0 (very_high) = (10.0 required + 2.0 optional) x 1.5 very_high specificity."
sig_0006,RFC 4033,DNS Security Introduction and Requirements (DNSSEC base: RFC 4033/4034/4035),valid_match,3.75,low,true,2015-06-01T00:00:00,2005-03-01T00:00:00,221.35.185.in-addr.arpa,ripe,rfc4033_base_dnssec_record_present; rfc4033_dnssec_algorithm_present,rfc4033_dnssec_ok_negotiated,algorithm; rr_type,dnssec_ok_flag,4.0,0.75,0.0,1.0,0.0,0.0,0.0,0.0,3.75,trace_sig_0006_rfc4033,"RFC 4033 matched signal sig_0006: the required indicator rfc4033_base_dnssec_record_present passed because rr_type=DS is in [DNSKEY, DS, RRSIG, NSEC]. Corroborating indicators also matched: rfc4033_dnssec_algorithm_present. Indicator rfc4033_dnssec_ok_negotiated did not match: field 'dnssec_ok_flag' is absent from this observation, so the condition 'dnssec_ok_flag must equal true' could not be satisfied (absence is not evidence). The observation on 2015-06-01 is 3744 days after RFC 4033's publication on 2005-03-01, so the timestamp is valid. Score 3.75 (low) = (4.0 required + 1.0 optional) x 0.75 low specificity."
sig_0006,RFC 4034,Resource Records for the DNS Security Extensions,valid_match,3.0,low,true,2015-06-01T00:00:00,2005-03-01T00:00:00,221.35.185.in-addr.arpa,ripe,rfc4034_core_record_present,rfc4034_dnskey_protocol_is_three; rfc4034_rrsig_type_covered_present,rr_type,dnskey_protocol; rrsig_type_covered,3.0,1.0,0.0,0.0,0.0,0.0,0.0,0.0,3.0,trace_sig_0006_rfc4034,"RFC 4034 matched signal sig_0006: the required indicator rfc4034_core_record_present passed because rr_type=DS is in [DNSKEY, DS, RRSIG, NSEC]. Indicator rfc4034_dnskey_protocol_is_three did not match: rr_type=DS is not in [DNSKEY, CDNSKEY]. The observation on 2015-06-01 is 3744 days after RFC 4034's publication on 2005-03-01, so the timestamp is valid. Score 3.0 (low) = (3.0 required) x 1.0 medium specificity."
sig_0006,RFC 3110,RSA/SHA-1 SIGs and RSA KEYs in the Domain Name System (DNS),no_match,0.0,none,true,2015-06-01T00:00:00,2001-05-01T00:00:00,221.35.185.in-addr.arpa,ripe,,rfc3110_rsasha1_algorithm; rfc3110_rsasha1_on_key_or_signature,,,0.0,1.25,0.0,0.0,3.0,0.0,0.0,0.0,0.0,trace_sig_0006_rfc3110,"RFC 3110 does not explain signal sig_0006: the required indicator rfc3110_rsasha1_algorithm failed because algorithm=12 does not equal the expected value 5. The observation on 2015-06-01 is 5144 days after RFC 3110's publication on 2001-05-01, so the timestamp is valid. Score 0.0 (none): no required indicator matched, so there is nothing to score."
sig_0006,RFC 4035,Protocol Modifications for the DNS Security Extensions,non_queryable,0.0,none,true,2015-06-01T00:00:00,2005-03-01T00:00:00,221.35.185.in-addr.arpa,ripe,,,,dnssec_ok_flag,0.0,0.75,0.0,0.0,0.0,0.0,0.0,0.0,0.0,trace_sig_0006_rfc4035,"RFC 4035 could not be evaluated against signal sig_0006: every required indicator (rfc4035_dnssec_ok_negotiated) depends on fields the OpenINTEL corpus does not export, so no verdict is possible in either direction. The observation on 2015-06-01 is 3744 days after RFC 4035's publication on 2005-03-01, so the timestamp is valid. This is a corpus limitation, not a statement about the observation."
sig_0006,RFC 4509,Use of SHA-256 in DNSSEC Delegation Signer (DS) Resource Records,no_match,0.0,none,true,2015-06-01T00:00:00,2006-05-01T00:00:00,221.35.185.in-addr.arpa,ripe,,rfc4509_ds_sha256_digest,,,0.0,1.25,0.0,0.0,3.0,0.0,0.0,0.0,0.0,trace_sig_0006_rfc4509,"RFC 4509 does not explain signal sig_0006: the required indicator rfc4509_ds_sha256_digest failed because digest_type=3 does not equal the expected value 2. The observation on 2015-06-01 is 3318 days after RFC 4509's publication on 2006-05-01, so the timestamp is valid. Score 0.0 (none): no required indicator matched, so there is nothing to score."
sig_0006,RFC 5011,Automated Updates of DNS Security (DNSSEC) Trust Anchors,no_match,0.0,none,true,2015-06-01T00:00:00,2007-09-01T00:00:00,221.35.185.in-addr.arpa,ripe,,rfc5011_revoked_key_published,,flags,0.0,1.25,0.0,0.0,3.0,0.0,0.0,0.0,0.0,trace_sig_0006_rfc5011,"RFC 5011 does not explain signal sig_0006: the required indicator rfc5011_revoked_key_published failed because rr_type=DS does not equal the expected value DNSKEY. The observation on 2015-06-01 is 2830 days after RFC 5011's publication on 2007-09-01, so the timestamp is valid. Score 0.0 (none): no required indicator matched, so there is nothing to score."
sig_0006,RFC 5155,DNS Security (DNSSEC) Hashed Authenticated Denial of Existence,no_match,0.0,none,true,2015-06-01T00:00:00,2008-03-01T00:00:00,221.35.185.in-addr.arpa,ripe,,rfc5155_nsec3_hash_algorithm; rfc5155_nsec3_record_present,,,0.0,1.5,0.0,0.0,3.0,0.0,0.0,0.0,0.0,trace_sig_0006_rfc5155,"RFC 5155 does not explain signal sig_0006: the required indicator rfc5155_nsec3_record_present failed because rr_type=DS is not in [NSEC3, NSEC3PARAM]. The observation on 2015-06-01 is 2648 days after RFC 5155's publication on 2008-03-01, so the timestamp is valid. Score 0.0 (none): no required indicator matched, so there is nothing to score."
sig_0006,RFC 5702,Use of SHA-2 Algorithms with RSA in DNSKEY and RRSIG Resource Records for DNSSEC,no_match,0.0,none,true,2015-06-01T00:00:00,2009-10-01T00:00:00,221.35.185.in-addr.arpa,ripe,,rfc5702_rsa_sha2_algorithm; rfc5702_rsa_sha2_on_dnssec_record,,,0.0,1.25,0.0,0.0,3.0,0.0,0.0,0.0,0.0,trace_sig_0006_rfc5702,"RFC 5702 does not explain signal sig_0006: the required indicator rfc5702_rsa_sha2_algorithm failed because algorithm=12 is not in [8, 10]. The observation on 2015-06-01 is 2069 days after RFC 5702's publication on 2009-10-01, so the timestamp is valid. Score 0.0 (none): no required indicator matched, so there is nothing to score."
sig_0006,RFC 6605,Elliptic Curve Digital Signature Algorithm (DSA) for DNSSEC,no_match,0.0,none,true,2015-06-01T00:00:00,2012-04-01T00:00:00,221.35.185.in-addr.arpa,ripe,,rfc6605_ecdsa_algorithm; rfc6605_ecdsa_on_key_or_signature,,,0.0,1.25,0.0,0.0,3.0,0.0,0.0,0.0,0.0,trace_sig_0006_rfc6605,"RFC 6605 does not explain signal sig_0006: the required indicator rfc6605_ecdsa_algorithm failed because algorithm=12 is not in [13, 14]. The observation on 2015-06-01 is 1156 days after RFC 6605's publication on 2012-04-01, so the timestamp is valid. Score 0.0 (none): no required indicator matched, so there is nothing to score."
sig_0006,RFC 6698,The DNS-Based Authentication of Named Entities (DANE) Transport Layer Security (TLS) Protocol: TLSA,no_match,0.0,none,true,2015-06-01T00:00:00,2012-08-01T00:00:00,221.35.185.in-addr.arpa,ripe,,rfc6698_tlsa_fields_well_formed; rfc6698_tlsa_record_present,,tlsa_matchtype; tlsa_usage,0.0,1.5,0.0,0.0,3.0,0.0,0.0,0.0,0.0,trace_sig_0006_rfc6698,"RFC 6698 does not explain signal sig_0006: the required indicator rfc6698_tlsa_record_present failed because rr_type=DS does not equal the expected value TLSA. The observation on 2015-06-01 is 1034 days after RFC 6698's publication on 2012-08-01, so the timestamp is valid. Score 0.0 (none): no required indicator matched, so there is nothing to score."
sig_0006,RFC 6781,"DNSSEC Operational Practices, Version 2",no_match,0.0,none,true,2015-06-01T00:00:00,2012-12-01T00:00:00,221.35.185.in-addr.arpa,ripe,,rfc6781_ksk_zsk_separation,,flags,0.0,0.75,0.0,0.0,3.0,0.0,0.0,0.0,0.0,trace_sig_0006_rfc6781,"RFC 6781 does not explain signal sig_0006: the required indicator rfc6781_ksk_zsk_separation failed because rr_type=DS does not equal the expected value DNSKEY. The observation on 2015-06-01 is 912 days after RFC 6781's publication on 2012-12-01, so the timestamp is valid. Score 0.0 (none): no required indicator matched, so there is nothing to score."
sig_0006,RFC 6840,Clarifications and Implementation Notes for DNS Security (DNSSEC),non_queryable,0.0,none,true,2015-06-01T00:00:00,2013-02-01T00:00:00,221.35.185.in-addr.arpa,ripe,,,,name_algorithm_set_consistency,0.0,0.75,0.0,0.0,0.0,0.0,0.0,0.0,0.0,trace_sig_0006_rfc6840,"RFC 6840 could not be evaluated against signal sig_0006: every required indicator (rfc6840_mandatory_algorithm_rules) depends on fields the OpenINTEL corpus does not export, so no verdict is possible in either direction. The observation on 2015-06-01 is 850 days after RFC 6840's publication on 2013-02-01, so the timestamp is valid. This is a corpus limitation, not a statement about the observation."
sig_0006,RFC 7344,Automating DNSSEC Delegation Trust Maintenance,no_match,0.0,none,true,2015-06-01T00:00:00,2014-09-01T00:00:00,221.35.185.in-addr.arpa,ripe,,rfc7344_cds_cdnskey_present; rfc7344_cds_publishes_digest,,,0.0,1.25,0.0,0.0,3.0,0.0,0.0,0.0,0.0,trace_sig_0006_rfc7344,"RFC 7344 does not explain signal sig_0006: the required indicator rfc7344_cds_cdnskey_present failed because rr_type=DS is not in [CDS, CDNSKEY]. The observation on 2015-06-01 is 273 days after RFC 7344's publication on 2014-09-01, so the timestamp is valid. Score 0.0 (none): no required indicator matched, so there is nothing to score."
sig_0006,RFC 7583,DNSSEC Key Rollover Timing Considerations,non_queryable,0.0,none,false,2015-06-01T00:00:00,2015-10-01T00:00:00,221.35.185.in-addr.arpa,ripe,,,,key_rollover_phase,0.0,0.75,0.0,0.0,0.0,0.0,0.0,0.0,0.0,trace_sig_0006_rfc7583,"RFC 7583 could not be evaluated against signal sig_0006: every required indicator (rfc7583_rollover_timing_observed) depends on fields the OpenINTEL corpus does not export, so no verdict is possible in either direction. The observation on 2015-06-01 predates RFC 7583's publication on 2015-10-01 by 122 days. An observation cannot evidence adoption of an RFC that did not yet exist, so the score is forfeited. This is a corpus limitation, not a statement about the observation."
sig_0006,RFC 7671,The DNS-Based Authentication of Named Entities (DANE) Protocol: Updates and Operational Guidance,no_match,0.0,none,false,2015-06-01T00:00:00,2015-10-01T00:00:00,221.35.185.in-addr.arpa,ripe,,rfc7671_dane_usage_preferred,,tlsa_usage,0.0,1.25,0.0,0.0,3.0,0.0,0.0,0.0,0.0,trace_sig_0006_rfc7671,"RFC 7671 does not explain signal sig_0006: the required indicator rfc7671_dane_usage_preferred failed because rr_type=DS does not equal the expected value TLSA. The observation on 2015-06-01 predates RFC 7671's publication on 2015-10-01 by 122 days. An observation cannot evidence adoption of an RFC that did not yet exist, so the score is forfeited. Score 0.0 (none): no required indicator matched, so there is nothing to score."
sig_0006,RFC 7672,SMTP Security via Opportunistic DNS-Based Authentication of Named Entities (DANE) Transport Layer Security (TLS),no_match,0.0,none,false,2015-06-01T00:00:00,2015-10-01T00:00:00,221.35.185.in-addr.arpa,ripe,,rfc7672_smtp_dane_tlsa,,domain,0.0,1.5,0.0,0.0,3.0,0.0,0.0,0.0,0.0,trace_sig_0006_rfc7672,"RFC 7672 does not explain signal sig_0006: the required indicator rfc7672_smtp_dane_tlsa failed because rr_type=DS does not equal the expected value TLSA. The observation on 2015-06-01 predates RFC 7672's publication on 2015-10-01 by 122 days. An observation cannot evidence adoption of an RFC that did not yet exist, so the score is forfeited. Score 0.0 (none): no required indicator matched, so there is nothing to score."
sig_0006,RFC 8078,Managing DS Records from the Parent via CDS/CDNSKEY,no_match,0.0,none,false,2015-06-01T00:00:00,2017-03-01T00:00:00,221.35.185.in-addr.arpa,ripe,,rfc8078_cds_cdnskey_algorithm_zero; rfc8078_delete_signal_digest_zero,,,0.0,1.5,0.0,0.0,3.0,0.0,0.0,0.0,0.0,trace_sig_0006_rfc8078,"RFC 8078 does not explain signal sig_0006: the required indicator rfc8078_cds_cdnskey_algorithm_zero failed because rr_type=DS is not in [CDS, CDNSKEY]. The observation on 2015-06-01 predates RFC 8078's publication on 2017-03-01 by 639 days. An observation cannot evidence adoption of an RFC that did not yet exist, so the score is forfeited. Score 0.0 (none): no required indicator matched, so there is nothing to score."
sig_0006,RFC 8080,Edwards-Curve Digital Security Algorithm (EdDSA) for DNSSEC,no_match,0.0,none,false,2015-06-01T00:00:00,2017-02-01T00:00:00,221.35.185.in-addr.arpa,ripe,,rfc8080_eddsa_algorithm; rfc8080_eddsa_on_key_or_signature,,,0.0,1.5,0.0,0.0,3.0,0.0,0.0,0.0,0.0,trace_sig_0006_rfc8080,"RFC 8080 does not explain signal sig_0006: the required indicator rfc8080_eddsa_algorithm failed because algorithm=12 is not in [15, 16]. The observation on 2015-06-01 predates RFC 8080's publication on 2017-02-01 by 611 days. An observation cannot evidence adoption of an RFC that did not yet exist, so the score is forfeited. Score 0.0 (none): no required indicator matched, so there is nothing to score."
sig_0006,RFC 8198,Aggressive Use of DNSSEC-Validated Cache,non_queryable,0.0,none,false,2015-06-01T00:00:00,2017-07-01T00:00:00,221.35.185.in-addr.arpa,ripe,,,,resolver_synthesised_nxdomain,0.0,1.0,0.0,0.0,0.0,0.0,0.0,0.0,0.0,trace_sig_0006_rfc8198,"RFC 8198 could not be evaluated against signal sig_0006: every required indicator (rfc8198_aggressive_nsec_use) depends on fields the OpenINTEL corpus does not export, so no verdict is possible in either direction. The observation on 2015-06-01 predates RFC 8198's publication on 2017-07-01 by 761 days. An observation cannot evidence adoption of an RFC that did not yet exist, so the score is forfeited. This is a corpus limitation, not a statement about the observation."
sig_0006,RFC 8624,Algorithm Implementation Requirements and Usage Guidance for DNSSEC,timestamp_invalid,0.0,none,false,2015-06-01T00:00:00,2019-06-01T00:00:00,221.35.185.in-addr.arpa,ripe,rfc8624_avoids_deprecated_algorithm,rfc8624_recommended_signing_algorithm,algorithm,rr_type; validator_algorithm_support,0.0,0.75,0.0,1.5,3.0,0.0,2.0,0.0,0.0,trace_sig_0006_rfc8624,"RFC 8624 cannot explain signal sig_0006: although algorithm=12 satisfy the optional indicator rfc8624_avoids_deprecated_algorithm, the observation on 2015-06-01 predates RFC 8624's publication on 2019-06-01 by 1461 days. An observation cannot evidence adoption of an RFC that did not yet exist, so the score of 0.0 is forfeited and this is routed to the review queue. The withheld score derives from (0.0 required + 1.5 optional - 3.0 missing-required penalty - 2.0 ambiguity penalty) x 0.75 low specificity."
sig_0006,RFC 9077,NSEC and NSEC3: TTLs and Aggressive Use,no_match,0.0,none,false,2015-06-01T00:00:00,2021-07-01T00:00:00,221.35.185.in-addr.arpa,ripe,,rfc9077_nsec_ttl_bounded,,record_ttl,0.0,1.25,0.0,0.0,3.0,0.0,0.0,0.0,0.0,trace_sig_0006_rfc9077,"RFC 9077 does not explain signal sig_0006: the required indicator rfc9077_nsec_ttl_bounded failed because rr_type=DS is not in [NSEC, NSEC3]. The observation on 2015-06-01 predates RFC 9077's publication on 2021-07-01 by 2222 days. An observation cannot evidence adoption of an RFC that did not yet exist, so the score is forfeited. Score 0.0 (none): no required indicator matched, so there is nothing to score."
sig_0006,RFC 9276,Guidance for NSEC3 Parameter Settings,no_match,0.0,none,false,2015-06-01T00:00:00,2022-08-01T00:00:00,221.35.185.in-addr.arpa,ripe,,rfc9276_empty_nsec3_salt; rfc9276_zero_nsec3_iterations,,nsec3_iterations; nsec3_salt,0.0,1.5,0.0,0.0,3.0,0.0,0.0,0.0,0.0,trace_sig_0006_rfc9276,"RFC 9276 does not explain signal sig_0006: the required indicator rfc9276_zero_nsec3_iterations failed because rr_type=DS is not in [NSEC3, NSEC3PARAM]. The observation on 2015-06-01 predates RFC 9276's publication on 2022-08-01 by 2618 days. An observation cannot evidence adoption of an RFC that did not yet exist, so the score is forfeited. Score 0.0 (none): no required indicator matched, so there is nothing to score."
sig_0006,RFC 9364,DNS Security Extensions (DNSSEC),non_queryable,0.0,none,false,2015-06-01T00:00:00,2023-02-01T00:00:00,221.35.185.in-addr.arpa,ripe,,,,declared_standards_profile,0.0,0.75,0.0,0.0,0.0,0.0,0.0,0.0,0.0,trace_sig_0006_rfc9364,"RFC 9364 could not be evaluated against signal sig_0006: every required indicator (rfc9364_bcp_profile_declared) depends on fields the OpenINTEL corpus does not export, so no verdict is possible in either direction. The observation on 2015-06-01 predates RFC 9364's publication on 2023-02-01 by 2802 days. An observation cannot evidence adoption of an RFC that did not yet exist, so the score is forfeited. This is a corpus limitation, not a statement about the observation."
sig_0006,RFC 9558,Use of GOST 2012 Signature Algorithms in DNSKEY and RRSIG Resource Records for DNSSEC,no_match,0.0,none,false,2015-06-01T00:00:00,2024-04-01T00:00:00,221.35.185.in-addr.arpa,ripe,,rfc9558_gost2012_algorithm; rfc9558_gost2012_ds_digest,,,0.0,1.5,0.0,0.0,3.0,0.0,0.0,0.0,0.0,trace_sig_0006_rfc9558,"RFC 9558 does not explain signal sig_0006: the required indicator rfc9558_gost2012_algorithm failed because algorithm=12 does not equal the expected value 23. The observation on 2015-06-01 predates RFC 9558's publication on 2024-04-01 by 3227 days. An observation cannot evidence adoption of an RFC that did not yet exist, so the score is forfeited. Score 0.0 (none): no required indicator matched, so there is nothing to score."
sig_0006,RFC 9563,SM2 Digital Signature Algorithm for DNSSEC,no_match,0.0,none,false,2015-06-01T00:00:00,2024-12-01T00:00:00,221.35.185.in-addr.arpa,ripe,,rfc9563_sm2sm3_algorithm; rfc9563_sm3_ds_digest,,,0.0,1.5,0.0,0.0,3.0,0.0,0.0,0.0,0.0,trace_sig_0006_rfc9563,"RFC 9563 does not explain signal sig_0006: the required indicator rfc9563_sm2sm3_algorithm failed because algorithm=12 does not equal the expected value 17. The observation on 2015-06-01 predates RFC 9563's publication on 2024-12-01 by 3471 days. An observation cannot evidence adoption of an RFC that did not yet exist, so the score is forfeited. Score 0.0 (none): no required indicator matched, so there is nothing to score."
sig_0006,RFC 9615,Automatic DNSSEC Bootstrapping Using Authenticated Signals from the Zone's Operator,non_queryable,0.0,none,false,2015-06-01T00:00:00,2024-07-01T00:00:00,221.35.185.in-addr.arpa,ripe,,,,domain; rr_type,0.0,1.5,0.0,0.0,0.0,0.0,0.0,0.0,0.0,trace_sig_0006_rfc9615,"RFC 9615 could not be evaluated against signal sig_0006: every required indicator (rfc9615_bootstrap_signal_label) depends on fields the OpenINTEL corpus does not export, so no verdict is possible in either direction. The observation on 2015-06-01 predates RFC 9615's publication on 2024-07-01 by 3318 days. An observation cannot evidence adoption of an RFC that did not yet exist, so the score is forfeited. This is a corpus limitation, not a statement about the observation."
sig_0006,RFC 9904,DNSSEC Cryptographic Algorithm Recommendation Update Process,non_queryable,0.0,none,false,2015-06-01T00:00:00,2025-11-01T00:00:00,221.35.185.in-addr.arpa,ripe,,,,guidance_source_registry,0.0,0.75,0.0,0.0,0.0,0.0,0.0,0.0,0.0,trace_sig_0006_rfc9904,"RFC 9904 could not be evaluated against signal sig_0006: every required indicator (rfc9904_algorithm_guidance_process) depends on fields the OpenINTEL corpus does not export, so no verdict is possible in either direction. The observation on 2015-06-01 predates RFC 9904's publication on 2025-11-01 by 3806 days. An observation cannot evidence adoption of an RFC that did not yet exist, so the score is forfeited. This is a corpus limitation, not a statement about the observation."
sig_0006,RFC 9905,Deprecating the Use of SHA-1 in DNSSEC Signature Algorithms,no_match,0.0,none,false,2015-06-01T00:00:00,2025-11-01T00:00:00,221.35.185.in-addr.arpa,ripe,,rfc9905_deprecated_sha1_in_delegation; rfc9905_deprecated_sha1_signature_still_published,,,0.0,1.25,0.0,0.0,3.0,0.0,0.0,0.0,0.0,trace_sig_0006_rfc9905,"RFC 9905 does not explain signal sig_0006: the required indicator rfc9905_deprecated_sha1_signature_still_published failed because rr_type=DS is not in [DNSKEY, RRSIG, CDNSKEY]. The observation on 2015-06-01 predates RFC 9905's publication on 2025-11-01 by 3806 days. An observation cannot evidence adoption of an RFC that did not yet exist, so the score is forfeited. Score 0.0 (none): no required indicator matched, so there is nothing to score."
sig_0006,RFC 9906,Deprecate Usage of ECC-GOST within DNSSEC,timestamp_invalid,0.0,none,false,2015-06-01T00:00:00,2025-11-01T00:00:00,221.35.185.in-addr.arpa,ripe,rfc9906_deprecated_ecc_gost_still_published; rfc9906_deprecated_gost_digest_still_published,,algorithm; digest_type; rr_type,,10.0,1.5,0.0,2.0,0.0,0.0,0.0,18.0,0.0,trace_sig_0006_rfc9906,"RFC 9906 cannot explain signal sig_0006: although algorithm=12 satisfy the required indicator rfc9906_deprecated_ecc_gost_still_published, the observation on 2015-06-01 predates RFC 9906's publication on 2025-11-01 by 3806 days. An observation cannot evidence adoption of an RFC that did not yet exist, so the score of 18.0 is forfeited and this is routed to the review queue. The withheld score derives from (10.0 required + 2.0 optional) x 1.5 very_high specificity."
sig_0007,RFC 5702,Use of SHA-2 Algorithms with RSA in DNSKEY and RRSIG Resource Records for DNSSEC,valid_match,13.125,very_high,true,2017-03-01T00:00:00,2009-10-01T00:00:00,144.126.202.in-addr.arpa,apnic,rfc5702_rsa_sha2_algorithm; rfc5702_rsa_sha2_on_dnssec_record,,algorithm; rr_type,,9.0,1.25,0.0,1.5,0.0,0.0,0.0,0.0,13.125,trace_sig_0007_rfc5702,"RFC 5702 matched signal sig_0007: the required indicator rfc5702_rsa_sha2_algorithm passed because algorithm=8 is in [8, 10]. Corroborating indicators also matched: rfc5702_rsa_sha2_on_dnssec_record. The observation on 2017-03-01 is 2708 days after RFC 5702's publication on 2009-10-01, so the timestamp is valid. Score 13.125 (very_high) = (9.0 required + 1.5 optional) x 1.25 high specificity."
sig_0007,RFC 4033,DNS Security Introduction and Requirements (DNSSEC base: RFC 4033/4034/4035),valid_match,3.75,low,true,2017-03-01T00:00:00,2005-03-01T00:00:00,144.126.202.in-addr.arpa,apnic,rfc4033_base_dnssec_record_present; rfc4033_dnssec_algorithm_present,rfc4033_dnssec_ok_negotiated,algorithm; rr_type,dnssec_ok_flag,4.0,0.75,0.0,1.0,0.0,0.0,0.0,0.0,3.75,trace_sig_0007_rfc4033,"RFC 4033 matched signal sig_0007: the required indicator rfc4033_base_dnssec_record_present passed because rr_type=DS is in [DNSKEY, DS, RRSIG, NSEC]. Corroborating indicators also matched: rfc4033_dnssec_algorithm_present. Indicator rfc4033_dnssec_ok_negotiated did not match: field 'dnssec_ok_flag' is absent from this observation, so the condition 'dnssec_ok_flag must equal true' could not be satisfied (absence is not evidence). The observation on 2017-03-01 is 4383 days after RFC 4033's publication on 2005-03-01, so the timestamp is valid. Score 3.75 (low) = (4.0 required + 1.0 optional) x 0.75 low specificity."
sig_0007,RFC 4034,Resource Records for the DNS Security Extensions,valid_match,3.0,low,true,2017-03-01T00:00:00,2005-03-01T00:00:00,144.126.202.in-addr.arpa,apnic,rfc4034_core_record_present,rfc4034_dnskey_protocol_is_three; rfc4034_rrsig_type_covered_present,rr_type,dnskey_protocol; rrsig_type_covered,3.0,1.0,0.0,0.0,0.0,0.0,0.0,0.0,3.0,trace_sig_0007_rfc4034,"RFC 4034 matched signal sig_0007: the required indicator rfc4034_core_record_present passed because rr_type=DS is in [DNSKEY, DS, RRSIG, NSEC]. Indicator rfc4034_dnskey_protocol_is_three did not match: rr_type=DS is not in [DNSKEY, CDNSKEY]. The observation on 2017-03-01 is 4383 days after RFC 4034's publication on 2005-03-01, so the timestamp is valid. Score 3.0 (low) = (3.0 required) x 1.0 medium specificity."
sig_0007,RFC 3110,RSA/SHA-1 SIGs and RSA KEYs in the Domain Name System (DNS),no_match,0.0,none,true,2017-03-01T00:00:00,2001-05-01T00:00:00,144.126.202.in-addr.arpa,apnic,,rfc3110_rsasha1_algorithm; rfc3110_rsasha1_on_key_or_signature,,,0.0,1.25,0.0,0.0,3.0,0.0,0.0,0.0,0.0,trace_sig_0007_rfc3110,"RFC 3110 does not explain signal sig_0007: the required indicator rfc3110_rsasha1_algorithm failed because algorithm=8 does not equal the expected value 5. The observation on 2017-03-01 is 5783 days after RFC 3110's publication on 2001-05-01, so the timestamp is valid. Score 0.0 (none): no required indicator matched, so there is nothing to score."
sig_0007,RFC 4035,Protocol Modifications for the DNS Security Extensions,non_queryable,0.0,none,true,2017-03-01T00:00:00,2005-03-01T00:00:00,144.126.202.in-addr.arpa,apnic,,,,dnssec_ok_flag,0.0,0.75,0.0,0.0,0.0,0.0,0.0,0.0,0.0,trace_sig_0007_rfc4035,"RFC 4035 could not be evaluated against signal sig_0007: every required indicator (rfc4035_dnssec_ok_negotiated) depends on fields the OpenINTEL corpus does not export, so no verdict is possible in either direction. The observation on 2017-03-01 is 4383 days after RFC 4035's publication on 2005-03-01, so the timestamp is valid. This is a corpus limitation, not a statement about the observation."
sig_0007,RFC 4509,Use of SHA-256 in DNSSEC Delegation Signer (DS) Resource Records,no_match,0.0,none,true,2017-03-01T00:00:00,2006-05-01T00:00:00,144.126.202.in-addr.arpa,apnic,,rfc4509_ds_sha256_digest,,,0.0,1.25,0.0,0.0,3.0,0.0,0.0,0.0,0.0,trace_sig_0007_rfc4509,"RFC 4509 does not explain signal sig_0007: the required indicator rfc4509_ds_sha256_digest failed because digest_type=1 does not equal the expected value 2. The observation on 2017-03-01 is 3957 days after RFC 4509's publication on 2006-05-01, so the timestamp is valid. Score 0.0 (none): no required indicator matched, so there is nothing to score."
sig_0007,RFC 5011,Automated Updates of DNS Security (DNSSEC) Trust Anchors,no_match,0.0,none,true,2017-03-01T00:00:00,2007-09-01T00:00:00,144.126.202.in-addr.arpa,apnic,,rfc5011_revoked_key_published,,flags,0.0,1.25,0.0,0.0,3.0,0.0,0.0,0.0,0.0,trace_sig_0007_rfc5011,"RFC 5011 does not explain signal sig_0007: the required indicator rfc5011_revoked_key_published failed because rr_type=DS does not equal the expected value DNSKEY. The observation on 2017-03-01 is 3469 days after RFC 5011's publication on 2007-09-01, so the timestamp is valid. Score 0.0 (none): no required indicator matched, so there is nothing to score."
sig_0007,RFC 5155,DNS Security (DNSSEC) Hashed Authenticated Denial of Existence,no_match,0.0,none,true,2017-03-01T00:00:00,2008-03-01T00:00:00,144.126.202.in-addr.arpa,apnic,,rfc5155_nsec3_hash_algorithm; rfc5155_nsec3_record_present,,,0.0,1.5,0.0,0.0,3.0,0.0,0.0,0.0,0.0,trace_sig_0007_rfc5155,"RFC 5155 does not explain signal sig_0007: the required indicator rfc5155_nsec3_record_present failed because rr_type=DS is not in [NSEC3, NSEC3PARAM]. The observation on 2017-03-01 is 3287 days after RFC 5155's publication on 2008-03-01, so the timestamp is valid. Score 0.0 (none): no required indicator matched, so there is nothing to score."
sig_0007,RFC 5933,Use of GOST Signature Algorithms in DNSKEY and RRSIG Resource Records for DNSSEC,no_match,0.0,none,true,2017-03-01T00:00:00,2010-07-01T00:00:00,144.126.202.in-addr.arpa,apnic,,rfc5933_ecc_gost_algorithm; rfc5933_gost_ds_digest,,,0.0,1.5,0.0,0.0,3.0,0.0,0.0,0.0,0.0,trace_sig_0007_rfc5933,"RFC 5933 does not explain signal sig_0007: the required indicator rfc5933_ecc_gost_algorithm failed because algorithm=8 does not equal the expected value 12. The observation on 2017-03-01 is 2435 days after RFC 5933's publication on 2010-07-01, so the timestamp is valid. Score 0.0 (none): no required indicator matched, so there is nothing to score."
sig_0007,RFC 6605,Elliptic Curve Digital Signature Algorithm (DSA) for DNSSEC,no_match,0.0,none,true,2017-03-01T00:00:00,2012-04-01T00:00:00,144.126.202.in-addr.arpa,apnic,,rfc6605_ecdsa_algorithm; rfc6605_ecdsa_on_key_or_signature,,,0.0,1.25,0.0,0.0,3.0,0.0,0.0,0.0,0.0,trace_sig_0007_rfc6605,"RFC 6605 does not explain signal sig_0007: the required indicator rfc6605_ecdsa_algorithm failed because algorithm=8 is not in [13, 14]. The observation on 2017-03-01 is 1795 days after RFC 6605's publication on 2012-04-01, so the timestamp is valid. Score 0.0 (none): no required indicator matched, so there is nothing to score."
sig_0007,RFC 6698,The DNS-Based Authentication of Named Entities (DANE) Transport Layer Security (TLS) Protocol: TLSA,no_match,0.0,none,true,2017-03-01T00:00:00,2012-08-01T00:00:00,144.126.202.in-addr.arpa,apnic,,rfc6698_tlsa_fields_well_formed; rfc6698_tlsa_record_present,,tlsa_matchtype; tlsa_usage,0.0,1.5,0.0,0.0,3.0,0.0,0.0,0.0,0.0,trace_sig_0007_rfc6698,"RFC 6698 does not explain signal sig_0007: the required indicator rfc6698_tlsa_record_present failed because rr_type=DS does not equal the expected value TLSA. The observation on 2017-03-01 is 1673 days after RFC 6698's publication on 2012-08-01, so the timestamp is valid. Score 0.0 (none): no required indicator matched, so there is nothing to score."
sig_0007,RFC 6781,"DNSSEC Operational Practices, Version 2",no_match,0.0,none,true,2017-03-01T00:00:00,2012-12-01T00:00:00,144.126.202.in-addr.arpa,apnic,,rfc6781_ksk_zsk_separation,,flags,0.0,0.75,0.0,0.0,3.0,0.0,0.0,0.0,0.0,trace_sig_0007_rfc6781,"RFC 6781 does not explain signal sig_0007: the required indicator rfc6781_ksk_zsk_separation failed because rr_type=DS does not equal the expected value DNSKEY. The observation on 2017-03-01 is 1551 days after RFC 6781's publication on 2012-12-01, so the timestamp is valid. Score 0.0 (none): no required indicator matched, so there is nothing to score."
sig_0007,RFC 6840,Clarifications and Implementation Notes for DNS Security (DNSSEC),non_queryable,0.0,none,true,2017-03-01T00:00:00,2013-02-01T00:00:00,144.126.202.in-addr.arpa,apnic,,,,name_algorithm_set_consistency,0.0,0.75,0.0,0.0,0.0,0.0,0.0,0.0,0.0,trace_sig_0007_rfc6840,"RFC 6840 could not be evaluated against signal sig_0007: every required indicator (rfc6840_mandatory_algorithm_rules) depends on fields the OpenINTEL corpus does not export, so no verdict is possible in either direction. The observation on 2017-03-01 is 1489 days after RFC 6840's publication on 2013-02-01, so the timestamp is valid. This is a corpus limitation, not a statement about the observation."
sig_0007,RFC 7344,Automating DNSSEC Delegation Trust Maintenance,no_match,0.0,none,true,2017-03-01T00:00:00,2014-09-01T00:00:00,144.126.202.in-addr.arpa,apnic,,rfc7344_cds_cdnskey_present; rfc7344_cds_publishes_digest,,,0.0,1.25,0.0,0.0,3.0,0.0,0.0,0.0,0.0,trace_sig_0007_rfc7344,"RFC 7344 does not explain signal sig_0007: the required indicator rfc7344_cds_cdnskey_present failed because rr_type=DS is not in [CDS, CDNSKEY]. The observation on 2017-03-01 is 912 days after RFC 7344's publication on 2014-09-01, so the timestamp is valid. Score 0.0 (none): no required indicator matched, so there is nothing to score."
sig_0007,RFC 7583,DNSSEC Key Rollover Timing Considerations,non_queryable,0.0,none,true,2017-03-01T00:00:00,2015-10-01T00:00:00,144.126.202.in-addr.arpa,apnic,,,,key_rollover_phase,0.0,0.75,0.0,0.0,0.0,0.0,0.0,0.0,0.0,trace_sig_0007_rfc7583,"RFC 7583 could not be evaluated against signal sig_0007: every required indicator (rfc7583_rollover_timing_observed) depends on fields the OpenINTEL corpus does not export, so no verdict is possible in either direction. The observation on 2017-03-01 is 517 days after RFC 7583's publication on 2015-10-01, so the timestamp is valid. This is a corpus limitation, not a statement about the observation."
sig_0007,RFC 7671,The DNS-Based Authentication of Named Entities (DANE) Protocol: Updates and Operational Guidance,no_match,0.0,none,true,2017-03-01T00:00:00,2015-10-01T00:00:00,144.126.202.in-addr.arpa,apnic,,rfc7671_dane_usage_preferred,,tlsa_usage,0.0,1.25,0.0,0.0,3.0,0.0,0.0,0.0,0.0,trace_sig_0007_rfc7671,"RFC 7671 does not explain signal sig_0007: the required indicator rfc7671_dane_usage_preferred failed because rr_type=DS does not equal the expected value TLSA. The observation on 2017-03-01 is 517 days after RFC 7671's publication on 2015-10-01, so the timestamp is valid. Score 0.0 (none): no required indicator matched, so there is nothing to score."
sig_0007,RFC 7672,SMTP Security via Opportunistic DNS-Based Authentication of Named Entities (DANE) Transport Layer Security (TLS),no_match,0.0,none,true,2017-03-01T00:00:00,2015-10-01T00:00:00,144.126.202.in-addr.arpa,apnic,,rfc7672_smtp_dane_tlsa,,domain,0.0,1.5,0.0,0.0,3.0,0.0,0.0,0.0,0.0,trace_sig_0007_rfc7672,"RFC 7672 does not explain signal sig_0007: the required indicator rfc7672_smtp_dane_tlsa failed because rr_type=DS does not equal the expected value TLSA. The observation on 2017-03-01 is 517 days after RFC 7672's publication on 2015-10-01, so the timestamp is valid. Score 0.0 (none): no required indicator matched, so there is nothing to score."
sig_0007,RFC 8078,Managing DS Records from the Parent via CDS/CDNSKEY,no_match,0.0,none,true,2017-03-01T00:00:00,2017-03-01T00:00:00,144.126.202.in-addr.arpa,apnic,,rfc8078_cds_cdnskey_algorithm_zero; rfc8078_delete_signal_digest_zero,,,0.0,1.5,0.0,0.0,3.0,0.0,0.0,0.0,0.0,trace_sig_0007_rfc8078,"RFC 8078 does not explain signal sig_0007: the required indicator rfc8078_cds_cdnskey_algorithm_zero failed because rr_type=DS is not in [CDS, CDNSKEY]. The observation on 2017-03-01 is 0 days after RFC 8078's publication on 2017-03-01, so the timestamp is valid. Score 0.0 (none): no required indicator matched, so there is nothing to score."
sig_0007,RFC 8080,Edwards-Curve Digital Security Algorithm (EdDSA) for DNSSEC,no_match,0.0,none,true,2017-03-01T00:00:00,2017-02-01T00:00:00,144.126.202.in-addr.arpa,apnic,,rfc8080_eddsa_algorithm; rfc8080_eddsa_on_key_or_signature,,,0.0,1.5,0.0,0.0,3.0,0.0,0.0,0.0,0.0,trace_sig_0007_rfc8080,"RFC 8080 does not explain signal sig_0007: the required indicator rfc8080_eddsa_algorithm failed because algorithm=8 is not in [15, 16]. The observation on 2017-03-01 is 28 days after RFC 8080's publication on 2017-02-01, so the timestamp is valid. Score 0.0 (none): no required indicator matched, so there is nothing to score."
sig_0007,RFC 8198,Aggressive Use of DNSSEC-Validated Cache,non_queryable,0.0,none,false,2017-03-01T00:00:00,2017-07-01T00:00:00,144.126.202.in-addr.arpa,apnic,,,,resolver_synthesised_nxdomain,0.0,1.0,0.0,0.0,0.0,0.0,0.0,0.0,0.0,trace_sig_0007_rfc8198,"RFC 8198 could not be evaluated against signal sig_0007: every required indicator (rfc8198_aggressive_nsec_use) depends on fields the OpenINTEL corpus does not export, so no verdict is possible in either direction. The observation on 2017-03-01 predates RFC 8198's publication on 2017-07-01 by 122 days. An observation cannot evidence adoption of an RFC that did not yet exist, so the score is forfeited. This is a corpus limitation, not a statement about the observation."
sig_0007,RFC 8624,Algorithm Implementation Requirements and Usage Guidance for DNSSEC,timestamp_invalid,0.0,none,false,2017-03-01T00:00:00,2019-06-01T00:00:00,144.126.202.in-addr.arpa,apnic,rfc8624_avoids_deprecated_algorithm,rfc8624_recommended_signing_algorithm,algorithm,rr_type; validator_algorithm_support,0.0,0.75,0.0,1.5,3.0,0.0,2.0,0.0,0.0,trace_sig_0007_rfc8624,"RFC 8624 cannot explain signal sig_0007: although algorithm=8 satisfy the optional indicator rfc8624_avoids_deprecated_algorithm, the observation on 2017-03-01 predates RFC 8624's publication on 2019-06-01 by 822 days. An observation cannot evidence adoption of an RFC that did not yet exist, so the score of 0.0 is forfeited and this is routed to the review queue. The withheld score derives from (0.0 required + 1.5 optional - 3.0 missing-required penalty - 2.0 ambiguity penalty) x 0.75 low specificity."
sig_0007,RFC 9077,NSEC and NSEC3: TTLs and Aggressive Use,no_match,0.0,none,false,2017-03-01T00:00:00,2021-07-01T00:00:00,144.126.202.in-addr.arpa,apnic,,rfc9077_nsec_ttl_bounded,,record_ttl,0.0,1.25,0.0,0.0,3.0,0.0,0.0,0.0,0.0,trace_sig_0007_rfc9077,"RFC 9077 does not explain signal sig_0007: the required indicator rfc9077_nsec_ttl_bounded failed because rr_type=DS is not in [NSEC, NSEC3]. The observation on 2017-03-01 predates RFC 9077's publication on 2021-07-01 by 1583 days. An observation cannot evidence adoption of an RFC that did not yet exist, so the score is forfeited. Score 0.0 (none): no required indicator matched, so there is nothing to score."
sig_0007,RFC 9276,Guidance for NSEC3 Parameter Settings,no_match,0.0,none,false,2017-03-01T00:00:00,2022-08-01T00:00:00,144.126.202.in-addr.arpa,apnic,,rfc9276_empty_nsec3_salt; rfc9276_zero_nsec3_iterations,,nsec3_iterations; nsec3_salt,0.0,1.5,0.0,0.0,3.0,0.0,0.0,0.0,0.0,trace_sig_0007_rfc9276,"RFC 9276 does not explain signal sig_0007: the required indicator rfc9276_zero_nsec3_iterations failed because rr_type=DS is not in [NSEC3, NSEC3PARAM]. The observation on 2017-03-01 predates RFC 9276's publication on 2022-08-01 by 1979 days. An observation cannot evidence adoption of an RFC that did not yet exist, so the score is forfeited. Score 0.0 (none): no required indicator matched, so there is nothing to score."
sig_0007,RFC 9364,DNS Security Extensions (DNSSEC),non_queryable,0.0,none,false,2017-03-01T00:00:00,2023-02-01T00:00:00,144.126.202.in-addr.arpa,apnic,,,,declared_standards_profile,0.0,0.75,0.0,0.0,0.0,0.0,0.0,0.0,0.0,trace_sig_0007_rfc9364,"RFC 9364 could not be evaluated against signal sig_0007: every required indicator (rfc9364_bcp_profile_declared) depends on fields the OpenINTEL corpus does not export, so no verdict is possible in either direction. The observation on 2017-03-01 predates RFC 9364's publication on 2023-02-01 by 2163 days. An observation cannot evidence adoption of an RFC that did not yet exist, so the score is forfeited. This is a corpus limitation, not a statement about the observation."
sig_0007,RFC 9558,Use of GOST 2012 Signature Algorithms in DNSKEY and RRSIG Resource Records for DNSSEC,no_match,0.0,none,false,2017-03-01T00:00:00,2024-04-01T00:00:00,144.126.202.in-addr.arpa,apnic,,rfc9558_gost2012_algorithm; rfc9558_gost2012_ds_digest,,,0.0,1.5,0.0,0.0,3.0,0.0,0.0,0.0,0.0,trace_sig_0007_rfc9558,"RFC 9558 does not explain signal sig_0007: the required indicator rfc9558_gost2012_algorithm failed because algorithm=8 does not equal the expected value 23. The observation on 2017-03-01 predates RFC 9558's publication on 2024-04-01 by 2588 days. An observation cannot evidence adoption of an RFC that did not yet exist, so the score is forfeited. Score 0.0 (none): no required indicator matched, so there is nothing to score."
sig_0007,RFC 9563,SM2 Digital Signature Algorithm for DNSSEC,no_match,0.0,none,false,2017-03-01T00:00:00,2024-12-01T00:00:00,144.126.202.in-addr.arpa,apnic,,rfc9563_sm2sm3_algorithm; rfc9563_sm3_ds_digest,,,0.0,1.5,0.0,0.0,3.0,0.0,0.0,0.0,0.0,trace_sig_0007_rfc9563,"RFC 9563 does not explain signal sig_0007: the required indicator rfc9563_sm2sm3_algorithm failed because algorithm=8 does not equal the expected value 17. The observation on 2017-03-01 predates RFC 9563's publication on 2024-12-01 by 2832 days. An observation cannot evidence adoption of an RFC that did not yet exist, so the score is forfeited. Score 0.0 (none): no required indicator matched, so there is nothing to score."
sig_0007,RFC 9615,Automatic DNSSEC Bootstrapping Using Authenticated Signals from the Zone's Operator,non_queryable,0.0,none,false,2017-03-01T00:00:00,2024-07-01T00:00:00,144.126.202.in-addr.arpa,apnic,,,,domain; rr_type,0.0,1.5,0.0,0.0,0.0,0.0,0.0,0.0,0.0,trace_sig_0007_rfc9615,"RFC 9615 could not be evaluated against signal sig_0007: every required indicator (rfc9615_bootstrap_signal_label) depends on fields the OpenINTEL corpus does not export, so no verdict is possible in either direction. The observation on 2017-03-01 predates RFC 9615's publication on 2024-07-01 by 2679 days. An observation cannot evidence adoption of an RFC that did not yet exist, so the score is forfeited. This is a corpus limitation, not a statement about the observation."
sig_0007,RFC 9904,DNSSEC Cryptographic Algorithm Recommendation Update Process,non_queryable,0.0,none,false,2017-03-01T00:00:00,2025-11-01T00:00:00,144.126.202.in-addr.arpa,apnic,,,,guidance_source_registry,0.0,0.75,0.0,0.0,0.0,0.0,0.0,0.0,0.0,trace_sig_0007_rfc9904,"RFC 9904 could not be evaluated against signal sig_0007: every required indicator (rfc9904_algorithm_guidance_process) depends on fields the OpenINTEL corpus does not export, so no verdict is possible in either direction. The observation on 2017-03-01 predates RFC 9904's publication on 2025-11-01 by 3167 days. An observation cannot evidence adoption of an RFC that did not yet exist, so the score is forfeited. This is a corpus limitation, not a statement about the observation."
sig_0007,RFC 9905,Deprecating the Use of SHA-1 in DNSSEC Signature Algorithms,no_match,0.0,none,false,2017-03-01T00:00:00,2025-11-01T00:00:00,144.126.202.in-addr.arpa,apnic,,rfc9905_deprecated_sha1_in_delegation; rfc9905_deprecated_sha1_signature_still_published,,,0.0,1.25,0.0,0.0,3.0,0.0,0.0,0.0,0.0,trace_sig_0007_rfc9905,"RFC 9905 does not explain signal sig_0007: the required indicator rfc9905_deprecated_sha1_signature_still_published failed because rr_type=DS is not in [DNSKEY, RRSIG, CDNSKEY]. The observation on 2017-03-01 predates RFC 9905's publication on 2025-11-01 by 3167 days. An observation cannot evidence adoption of an RFC that did not yet exist, so the score is forfeited. Score 0.0 (none): no required indicator matched, so there is nothing to score."
sig_0007,RFC 9906,Deprecate Usage of ECC-GOST within DNSSEC,no_match,0.0,none,false,2017-03-01T00:00:00,2025-11-01T00:00:00,144.126.202.in-addr.arpa,apnic,,rfc9906_deprecated_ecc_gost_still_published; rfc9906_deprecated_gost_digest_still_published,,,0.0,1.5,0.0,0.0,3.0,0.0,0.0,0.0,0.0,trace_sig_0007_rfc9906,"RFC 9906 does not explain signal sig_0007: the required indicator rfc9906_deprecated_ecc_gost_still_published failed because algorithm=8 does not equal the expected value 12. The observation on 2017-03-01 predates RFC 9906's publication on 2025-11-01 by 3167 days. An observation cannot evidence adoption of an RFC that did not yet exist, so the score is forfeited. Score 0.0 (none): no required indicator matched, so there is nothing to score."
sig_0008,RFC 6605,Elliptic Curve Digital Signature Algorithm (DSA) for DNSSEC,valid_match,13.125,very_high,true,2018-07-01T00:00:00,2012-04-01T00:00:00,98.201.122.in-addr.arpa,apnic,rfc6605_ecdsa_algorithm; rfc6605_ecdsa_on_key_or_signature,,algorithm; rr_type,,9.0,1.25,0.0,1.5,0.0,0.0,0.0,0.0,13.125,trace_sig_0008_rfc6605,"RFC 6605 matched signal sig_0008: the required indicator rfc6605_ecdsa_algorithm passed because algorithm=13 is in [13, 14]. Corroborating indicators also matched: rfc6605_ecdsa_on_key_or_signature. The observation on 2018-07-01 is 2282 days after RFC 6605's publication on 2012-04-01, so the timestamp is valid. Score 13.125 (very_high) = (9.0 required + 1.5 optional) x 1.25 high specificity."
sig_0008,RFC 4509,Use of SHA-256 in DNSSEC Delegation Signer (DS) Resource Records,valid_match,11.25,high,true,2018-07-01T00:00:00,2006-05-01T00:00:00,98.201.122.in-addr.arpa,apnic,rfc4509_ds_sha256_digest,,digest_type; rr_type,,9.0,1.25,0.0,0.0,0.0,0.0,0.0,0.0,11.25,trace_sig_0008_rfc4509,"RFC 4509 matched signal sig_0008: the required indicator rfc4509_ds_sha256_digest passed because rr_type=DS is in [DS, CDS] and digest_type=2 equals the expected value 2. The observation on 2018-07-01 is 4444 days after RFC 4509's publication on 2006-05-01, so the timestamp is valid. Score 11.25 (high) = (9.0 required) x 1.25 high specificity."
sig_0008,RFC 4033,DNS Security Introduction and Requirements (DNSSEC base: RFC 4033/4034/4035),valid_match,3.75,low,true,2018-07-01T00:00:00,2005-03-01T00:00:00,98.201.122.in-addr.arpa,apnic,rfc4033_base_dnssec_record_present; rfc4033_dnssec_algorithm_present,rfc4033_dnssec_ok_negotiated,algorithm; rr_type,dnssec_ok_flag,4.0,0.75,0.0,1.0,0.0,0.0,0.0,0.0,3.75,trace_sig_0008_rfc4033,"RFC 4033 matched signal sig_0008: the required indicator rfc4033_base_dnssec_record_present passed because rr_type=DS is in [DNSKEY, DS, RRSIG, NSEC]. Corroborating indicators also matched: rfc4033_dnssec_algorithm_present. Indicator rfc4033_dnssec_ok_negotiated did not match: field 'dnssec_ok_flag' is absent from this observation, so the condition 'dnssec_ok_flag must equal true' could not be satisfied (absence is not evidence). The observation on 2018-07-01 is 4870 days after RFC 4033's publication on 2005-03-01, so the timestamp is valid. Score 3.75 (low) = (4.0 required + 1.0 optional) x 0.75 low specificity."
sig_0008,RFC 4034,Resource Records for the DNS Security Extensions,valid_match,3.0,low,true,2018-07-01T00:00:00,2005-03-01T00:00:00,98.201.122.in-addr.arpa,apnic,rfc4034_core_record_present,rfc4034_dnskey_protocol_is_three; rfc4034_rrsig_type_covered_present,rr_type,dnskey_protocol; rrsig_type_covered,3.0,1.0,0.0,0.0,0.0,0.0,0.0,0.0,3.0,trace_sig_0008_rfc4034,"RFC 4034 matched signal sig_0008: the required indicator rfc4034_core_record_present passed because rr_type=DS is in [DNSKEY, DS, RRSIG, NSEC]. Indicator rfc4034_dnskey_protocol_is_three did not match: rr_type=DS is not in [DNSKEY, CDNSKEY]. The observation on 2018-07-01 is 4870 days after RFC 4034's publication on 2005-03-01, so the timestamp is valid. Score 3.0 (low) = (3.0 required) x 1.0 medium specificity."
sig_0008,RFC 3110,RSA/SHA-1 SIGs and RSA KEYs in the Domain Name System (DNS),no_match,0.0,none,true,2018-07-01T00:00:00,2001-05-01T00:00:00,98.201.122.in-addr.arpa,apnic,,rfc3110_rsasha1_algorithm; rfc3110_rsasha1_on_key_or_signature,,,0.0,1.25,0.0,0.0,3.0,0.0,0.0,0.0,0.0,trace_sig_0008_rfc3110,"RFC 3110 does not explain signal sig_0008: the required indicator rfc3110_rsasha1_algorithm failed because algorithm=13 does not equal the expected value 5. The observation on 2018-07-01 is 6270 days after RFC 3110's publication on 2001-05-01, so the timestamp is valid. Score 0.0 (none): no required indicator matched, so there is nothing to score."
sig_0008,RFC 4035,Protocol Modifications for the DNS Security Extensions,non_queryable,0.0,none,true,2018-07-01T00:00:00,2005-03-01T00:00:00,98.201.122.in-addr.arpa,apnic,,,,dnssec_ok_flag,0.0,0.75,0.0,0.0,0.0,0.0,0.0,0.0,0.0,trace_sig_0008_rfc4035,"RFC 4035 could not be evaluated against signal sig_0008: every required indicator (rfc4035_dnssec_ok_negotiated) depends on fields the OpenINTEL corpus does not export, so no verdict is possible in either direction. The observation on 2018-07-01 is 4870 days after RFC 4035's publication on 2005-03-01, so the timestamp is valid. This is a corpus limitation, not a statement about the observation."
sig_0008,RFC 5011,Automated Updates of DNS Security (DNSSEC) Trust Anchors,no_match,0.0,none,true,2018-07-01T00:00:00,2007-09-01T00:00:00,98.201.122.in-addr.arpa,apnic,,rfc5011_revoked_key_published,,flags,0.0,1.25,0.0,0.0,3.0,0.0,0.0,0.0,0.0,trace_sig_0008_rfc5011,"RFC 5011 does not explain signal sig_0008: the required indicator rfc5011_revoked_key_published failed because rr_type=DS does not equal the expected value DNSKEY. The observation on 2018-07-01 is 3956 days after RFC 5011's publication on 2007-09-01, so the timestamp is valid. Score 0.0 (none): no required indicator matched, so there is nothing to score."
sig_0008,RFC 5155,DNS Security (DNSSEC) Hashed Authenticated Denial of Existence,no_match,0.0,none,true,2018-07-01T00:00:00,2008-03-01T00:00:00,98.201.122.in-addr.arpa,apnic,,rfc5155_nsec3_hash_algorithm; rfc5155_nsec3_record_present,,,0.0,1.5,0.0,0.0,3.0,0.0,0.0,0.0,0.0,trace_sig_0008_rfc5155,"RFC 5155 does not explain signal sig_0008: the required indicator rfc5155_nsec3_record_present failed because rr_type=DS is not in [NSEC3, NSEC3PARAM]. The observation on 2018-07-01 is 3774 days after RFC 5155's publication on 2008-03-01, so the timestamp is valid. Score 0.0 (none): no required indicator matched, so there is nothing to score."
sig_0008,RFC 5702,Use of SHA-2 Algorithms with RSA in DNSKEY and RRSIG Resource Records for DNSSEC,no_match,0.0,none,true,2018-07-01T00:00:00,2009-10-01T00:00:00,98.201.122.in-addr.arpa,apnic,,rfc5702_rsa_sha2_algorithm; rfc5702_rsa_sha2_on_dnssec_record,,,0.0,1.25,0.0,0.0,3.0,0.0,0.0,0.0,0.0,trace_sig_0008_rfc5702,"RFC 5702 does not explain signal sig_0008: the required indicator rfc5702_rsa_sha2_algorithm failed because algorithm=13 is not in [8, 10]. The observation on 2018-07-01 is 3195 days after RFC 5702's publication on 2009-10-01, so the timestamp is valid. Score 0.0 (none): no required indicator matched, so there is nothing to score."
sig_0008,RFC 5933,Use of GOST Signature Algorithms in DNSKEY and RRSIG Resource Records for DNSSEC,no_match,0.0,none,true,2018-07-01T00:00:00,2010-07-01T00:00:00,98.201.122.in-addr.arpa,apnic,,rfc5933_ecc_gost_algorithm; rfc5933_gost_ds_digest,,,0.0,1.5,0.0,0.0,3.0,0.0,0.0,0.0,0.0,trace_sig_0008_rfc5933,"RFC 5933 does not explain signal sig_0008: the required indicator rfc5933_ecc_gost_algorithm failed because algorithm=13 does not equal the expected value 12. The observation on 2018-07-01 is 2922 days after RFC 5933's publication on 2010-07-01, so the timestamp is valid. Score 0.0 (none): no required indicator matched, so there is nothing to score."
sig_0008,RFC 6698,The DNS-Based Authentication of Named Entities (DANE) Transport Layer Security (TLS) Protocol: TLSA,no_match,0.0,none,true,2018-07-01T00:00:00,2012-08-01T00:00:00,98.201.122.in-addr.arpa,apnic,,rfc6698_tlsa_fields_well_formed; rfc6698_tlsa_record_present,,tlsa_matchtype; tlsa_usage,0.0,1.5,0.0,0.0,3.0,0.0,0.0,0.0,0.0,trace_sig_0008_rfc6698,"RFC 6698 does not explain signal sig_0008: the required indicator rfc6698_tlsa_record_present failed because rr_type=DS does not equal the expected value TLSA. The observation on 2018-07-01 is 2160 days after RFC 6698's publication on 2012-08-01, so the timestamp is valid. Score 0.0 (none): no required indicator matched, so there is nothing to score."
sig_0008,RFC 6781,"DNSSEC Operational Practices, Version 2",no_match,0.0,none,true,2018-07-01T00:00:00,2012-12-01T00:00:00,98.201.122.in-addr.arpa,apnic,,rfc6781_ksk_zsk_separation,,flags,0.0,0.75,0.0,0.0,3.0,0.0,0.0,0.0,0.0,trace_sig_0008_rfc6781,"RFC 6781 does not explain signal sig_0008: the required indicator rfc6781_ksk_zsk_separation failed because rr_type=DS does not equal the expected value DNSKEY. The observation on 2018-07-01 is 2038 days after RFC 6781's publication on 2012-12-01, so the timestamp is valid. Score 0.0 (none): no required indicator matched, so there is nothing to score."
sig_0008,RFC 6840,Clarifications and Implementation Notes for DNS Security (DNSSEC),non_queryable,0.0,none,true,2018-07-01T00:00:00,2013-02-01T00:00:00,98.201.122.in-addr.arpa,apnic,,,,name_algorithm_set_consistency,0.0,0.75,0.0,0.0,0.0,0.0,0.0,0.0,0.0,trace_sig_0008_rfc6840,"RFC 6840 could not be evaluated against signal sig_0008: every required indicator (rfc6840_mandatory_algorithm_rules) depends on fields the OpenINTEL corpus does not export, so no verdict is possible in either direction. The observation on 2018-07-01 is 1976 days after RFC 6840's publication on 2013-02-01, so the timestamp is valid. This is a corpus limitation, not a statement about the observation."
sig_0008,RFC 7344,Automating DNSSEC Delegation Trust Maintenance,no_match,0.0,none,true,2018-07-01T00:00:00,2014-09-01T00:00:00,98.201.122.in-addr.arpa,apnic,,rfc7344_cds_cdnskey_present; rfc7344_cds_publishes_digest,,,0.0,1.25,0.0,0.0,3.0,0.0,0.0,0.0,0.0,trace_sig_0008_rfc7344,"RFC 7344 does not explain signal sig_0008: the required indicator rfc7344_cds_cdnskey_present failed because rr_type=DS is not in [CDS, CDNSKEY]. The observation on 2018-07-01 is 1399 days after RFC 7344's publication on 2014-09-01, so the timestamp is valid. Score 0.0 (none): no required indicator matched, so there is nothing to score."
sig_0008,RFC 7583,DNSSEC Key Rollover Timing Considerations,non_queryable,0.0,none,true,2018-07-01T00:00:00,2015-10-01T00:00:00,98.201.122.in-addr.arpa,apnic,,,,key_rollover_phase,0.0,0.75,0.0,0.0,0.0,0.0,0.0,0.0,0.0,trace_sig_0008_rfc7583,"RFC 7583 could not be evaluated against signal sig_0008: every required indicator (rfc7583_rollover_timing_observed) depends on fields the OpenINTEL corpus does not export, so no verdict is possible in either direction. The observation on 2018-07-01 is 1004 days after RFC 7583's publication on 2015-10-01, so the timestamp is valid. This is a corpus limitation, not a statement about the observation."
sig_0008,RFC 7671,The DNS-Based Authentication of Named Entities (DANE) Protocol: Updates and Operational Guidance,no_match,0.0,none,true,2018-07-01T00:00:00,2015-10-01T00:00:00,98.201.122.in-addr.arpa,apnic,,rfc7671_dane_usage_preferred,,tlsa_usage,0.0,1.25,0.0,0.0,3.0,0.0,0.0,0.0,0.0,trace_sig_0008_rfc7671,"RFC 7671 does not explain signal sig_0008: the required indicator rfc7671_dane_usage_preferred failed because rr_type=DS does not equal the expected value TLSA. The observation on 2018-07-01 is 1004 days after RFC 7671's publication on 2015-10-01, so the timestamp is valid. Score 0.0 (none): no required indicator matched, so there is nothing to score."
sig_0008,RFC 7672,SMTP Security via Opportunistic DNS-Based Authentication of Named Entities (DANE) Transport Layer Security (TLS),no_match,0.0,none,true,2018-07-01T00:00:00,2015-10-01T00:00:00,98.201.122.in-addr.arpa,apnic,,rfc7672_smtp_dane_tlsa,,domain,0.0,1.5,0.0,0.0,3.0,0.0,0.0,0.0,0.0,trace_sig_0008_rfc7672,"RFC 7672 does not explain signal sig_0008: the required indicator rfc7672_smtp_dane_tlsa failed because rr_type=DS does not equal the expected value TLSA. The observation on 2018-07-01 is 1004 days after RFC 7672's publication on 2015-10-01, so the timestamp is valid. Score 0.0 (none): no required indicator matched, so there is nothing to score."
sig_0008,RFC 8078,Managing DS Records from the Parent via CDS/CDNSKEY,no_match,0.0,none,true,2018-07-01T00:00:00,2017-03-01T00:00:00,98.201.122.in-addr.arpa,apnic,,rfc8078_cds_cdnskey_algorithm_zero; rfc8078_delete_signal_digest_zero,,,0.0,1.5,0.0,0.0,3.0,0.0,0.0,0.0,0.0,trace_sig_0008_rfc8078,"RFC 8078 does not explain signal sig_0008: the required indicator rfc8078_cds_cdnskey_algorithm_zero failed because rr_type=DS is not in [CDS, CDNSKEY]. The observation on 2018-07-01 is 487 days after RFC 8078's publication on 2017-03-01, so the timestamp is valid. Score 0.0 (none): no required indicator matched, so there is nothing to score."
sig_0008,RFC 8080,Edwards-Curve Digital Security Algorithm (EdDSA) for DNSSEC,no_match,0.0,none,true,2018-07-01T00:00:00,2017-02-01T00:00:00,98.201.122.in-addr.arpa,apnic,,rfc8080_eddsa_algorithm; rfc8080_eddsa_on_key_or_signature,,,0.0,1.5,0.0,0.0,3.0,0.0,0.0,0.0,0.0,trace_sig_0008_rfc8080,"RFC 8080 does not explain signal sig_0008: the required indicator rfc8080_eddsa_algorithm failed because algorithm=13 is not in [15, 16]. The observation on 2018-07-01 is 515 days after RFC 8080's publication on 2017-02-01, so the timestamp is valid. Score 0.0 (none): no required indicator matched, so there is nothing to score."
sig_0008,RFC 8198,Aggressive Use of DNSSEC-Validated Cache,non_queryable,0.0,none,true,2018-07-01T00:00:00,2017-07-01T00:00:00,98.201.122.in-addr.arpa,apnic,,,,resolver_synthesised_nxdomain,0.0,1.0,0.0,0.0,0.0,0.0,0.0,0.0,0.0,trace_sig_0008_rfc8198,"RFC 8198 could not be evaluated against signal sig_0008: every required indicator (rfc8198_aggressive_nsec_use) depends on fields the OpenINTEL corpus does not export, so no verdict is possible in either direction. The observation on 2018-07-01 is 365 days after RFC 8198's publication on 2017-07-01, so the timestamp is valid. This is a corpus limitation, not a statement about the observation."
sig_0008,RFC 8624,Algorithm Implementation Requirements and Usage Guidance for DNSSEC,timestamp_invalid,0.0,none,false,2018-07-01T00:00:00,2019-06-01T00:00:00,98.201.122.in-addr.arpa,apnic,rfc8624_avoids_deprecated_algorithm; rfc8624_recommended_signing_algorithm,,algorithm,rr_type; validator_algorithm_support,5.0,0.75,0.0,1.5,0.0,0.0,2.0,3.375,0.0,trace_sig_0008_rfc8624,"RFC 8624 cannot explain signal sig_0008: although algorithm=13 satisfy the required indicator rfc8624_recommended_signing_algorithm, the observation on 2018-07-01 predates RFC 8624's publication on 2019-06-01 by 335 days. An observation cannot evidence adoption of an RFC that did not yet exist, so the score of 3.375 is forfeited and this is routed to the review queue. The withheld score derives from (5.0 required + 1.5 optional - 2.0 ambiguity penalty) x 0.75 low specificity."
sig_0008,RFC 9077,NSEC and NSEC3: TTLs and Aggressive Use,no_match,0.0,none,false,2018-07-01T00:00:00,2021-07-01T00:00:00,98.201.122.in-addr.arpa,apnic,,rfc9077_nsec_ttl_bounded,,record_ttl,0.0,1.25,0.0,0.0,3.0,0.0,0.0,0.0,0.0,trace_sig_0008_rfc9077,"RFC 9077 does not explain signal sig_0008: the required indicator rfc9077_nsec_ttl_bounded failed because rr_type=DS is not in [NSEC, NSEC3]. The observation on 2018-07-01 predates RFC 9077's publication on 2021-07-01 by 1096 days. An observation cannot evidence adoption of an RFC that did not yet exist, so the score is forfeited. Score 0.0 (none): no required indicator matched, so there is nothing to score."
sig_0008,RFC 9276,Guidance for NSEC3 Parameter Settings,no_match,0.0,none,false,2018-07-01T00:00:00,2022-08-01T00:00:00,98.201.122.in-addr.arpa,apnic,,rfc9276_empty_nsec3_salt; rfc9276_zero_nsec3_iterations,,nsec3_iterations; nsec3_salt,0.0,1.5,0.0,0.0,3.0,0.0,0.0,0.0,0.0,trace_sig_0008_rfc9276,"RFC 9276 does not explain signal sig_0008: the required indicator rfc9276_zero_nsec3_iterations failed because rr_type=DS is not in [NSEC3, NSEC3PARAM]. The observation on 2018-07-01 predates RFC 9276's publication on 2022-08-01 by 1492 days. An observation cannot evidence adoption of an RFC that did not yet exist, so the score is forfeited. Score 0.0 (none): no required indicator matched, so there is nothing to score."
sig_0008,RFC 9364,DNS Security Extensions (DNSSEC),non_queryable,0.0,none,false,2018-07-01T00:00:00,2023-02-01T00:00:00,98.201.122.in-addr.arpa,apnic,,,,declared_standards_profile,0.0,0.75,0.0,0.0,0.0,0.0,0.0,0.0,0.0,trace_sig_0008_rfc9364,"RFC 9364 could not be evaluated against signal sig_0008: every required indicator (rfc9364_bcp_profile_declared) depends on fields the OpenINTEL corpus does not export, so no verdict is possible in either direction. The observation on 2018-07-01 predates RFC 9364's publication on 2023-02-01 by 1676 days. An observation cannot evidence adoption of an RFC that did not yet exist, so the score is forfeited. This is a corpus limitation, not a statement about the observation."
sig_0008,RFC 9558,Use of GOST 2012 Signature Algorithms in DNSKEY and RRSIG Resource Records for DNSSEC,no_match,0.0,none,false,2018-07-01T00:00:00,2024-04-01T00:00:00,98.201.122.in-addr.arpa,apnic,,rfc9558_gost2012_algorithm; rfc9558_gost2012_ds_digest,,,0.0,1.5,0.0,0.0,3.0,0.0,0.0,0.0,0.0,trace_sig_0008_rfc9558,"RFC 9558 does not explain signal sig_0008: the required indicator rfc9558_gost2012_algorithm failed because algorithm=13 does not equal the expected value 23. The observation on 2018-07-01 predates RFC 9558's publication on 2024-04-01 by 2101 days. An observation cannot evidence adoption of an RFC that did not yet exist, so the score is forfeited. Score 0.0 (none): no required indicator matched, so there is nothing to score."
sig_0008,RFC 9563,SM2 Digital Signature Algorithm for DNSSEC,no_match,0.0,none,false,2018-07-01T00:00:00,2024-12-01T00:00:00,98.201.122.in-addr.arpa,apnic,,rfc9563_sm2sm3_algorithm; rfc9563_sm3_ds_digest,,,0.0,1.5,0.0,0.0,3.0,0.0,0.0,0.0,0.0,trace_sig_0008_rfc9563,"RFC 9563 does not explain signal sig_0008: the required indicator rfc9563_sm2sm3_algorithm failed because algorithm=13 does not equal the expected value 17. The observation on 2018-07-01 predates RFC 9563's publication on 2024-12-01 by 2345 days. An observation cannot evidence adoption of an RFC that did not yet exist, so the score is forfeited. Score 0.0 (none): no required indicator matched, so there is nothing to score."
sig_0008,RFC 9615,Automatic DNSSEC Bootstrapping Using Authenticated Signals from the Zone's Operator,non_queryable,0.0,none,false,2018-07-01T00:00:00,2024-07-01T00:00:00,98.201.122.in-addr.arpa,apnic,,,,domain; rr_type,0.0,1.5,0.0,0.0,0.0,0.0,0.0,0.0,0.0,trace_sig_0008_rfc9615,"RFC 9615 could not be evaluated against signal sig_0008: every required indicator (rfc9615_bootstrap_signal_label) depends on fields the OpenINTEL corpus does not export, so no verdict is possible in either direction. The observation on 2018-07-01 predates RFC 9615's publication on 2024-07-01 by 2192 days. An observation cannot evidence adoption of an RFC that did not yet exist, so the score is forfeited. This is a corpus limitation, not a statement about the observation."
sig_0008,RFC 9904,DNSSEC Cryptographic Algorithm Recommendation Update Process,non_queryable,0.0,none,false,2018-07-01T00:00:00,2025-11-01T00:00:00,98.201.122.in-addr.arpa,apnic,,,,guidance_source_registry,0.0,0.75,0.0,0.0,0.0,0.0,0.0,0.0,0.0,trace_sig_0008_rfc9904,"RFC 9904 could not be evaluated against signal sig_0008: every required indicator (rfc9904_algorithm_guidance_process) depends on fields the OpenINTEL corpus does not export, so no verdict is possible in either direction. The observation on 2018-07-01 predates RFC 9904's publication on 2025-11-01 by 2680 days. An observation cannot evidence adoption of an RFC that did not yet exist, so the score is forfeited. This is a corpus limitation, not a statement about the observation."
sig_0008,RFC 9905,Deprecating the Use of SHA-1 in DNSSEC Signature Algorithms,no_match,0.0,none,false,2018-07-01T00:00:00,2025-11-01T00:00:00,98.201.122.in-addr.arpa,apnic,,rfc9905_deprecated_sha1_in_delegation; rfc9905_deprecated_sha1_signature_still_published,,,0.0,1.25,0.0,0.0,3.0,0.0,0.0,0.0,0.0,trace_sig_0008_rfc9905,"RFC 9905 does not explain signal sig_0008: the required indicator rfc9905_deprecated_sha1_signature_still_published failed because rr_type=DS is not in [DNSKEY, RRSIG, CDNSKEY]. The observation on 2018-07-01 predates RFC 9905's publication on 2025-11-01 by 2680 days. An observation cannot evidence adoption of an RFC that did not yet exist, so the score is forfeited. Score 0.0 (none): no required indicator matched, so there is nothing to score."
sig_0008,RFC 9906,Deprecate Usage of ECC-GOST within DNSSEC,no_match,0.0,none,false,2018-07-01T00:00:00,2025-11-01T00:00:00,98.201.122.in-addr.arpa,apnic,,rfc9906_deprecated_ecc_gost_still_published; rfc9906_deprecated_gost_digest_still_published,,,0.0,1.5,0.0,0.0,3.0,0.0,0.0,0.0,0.0,trace_sig_0008_rfc9906,"RFC 9906 does not explain signal sig_0008: the required indicator rfc9906_deprecated_ecc_gost_still_published failed because algorithm=13 does not equal the expected value 12. The observation on 2018-07-01 predates RFC 9906's publication on 2025-11-01 by 2680 days. An observation cannot evidence adoption of an RFC that did not yet exist, so the score is forfeited. Score 0.0 (none): no required indicator matched, so there is nothing to score."
sig_0009,RFC 3110,RSA/SHA-1 SIGs and RSA KEYs in the Domain Name System (DNS),valid_match,11.25,high,true,2018-11-01T00:00:00,2001-05-01T00:00:00,11.6.199.in-addr.arpa,arin,rfc3110_rsasha1_algorithm,rfc3110_rsasha1_on_key_or_signature,algorithm,,9.0,1.25,0.0,0.0,0.0,0.0,0.0,0.0,11.25,trace_sig_0009_rfc3110,"RFC 3110 matched signal sig_0009: the required indicator rfc3110_rsasha1_algorithm passed because algorithm=5 equals the expected value 5. Indicator rfc3110_rsasha1_on_key_or_signature did not match: rr_type=DS is not in [DNSKEY, RRSIG, CDNSKEY]. The observation on 2018-11-01 is 6393 days after RFC 3110's publication on 2001-05-01, so the timestamp is valid. Score 11.25 (high) = (9.0 required) x 1.25 high specificity."
sig_0009,RFC 4509,Use of SHA-256 in DNSSEC Delegation Signer (DS) Resource Records,valid_match,11.25,high,true,2018-11-01T00:00:00,2006-05-01T00:00:00,11.6.199.in-addr.arpa,arin,rfc4509_ds_sha256_digest,,digest_type; rr_type,,9.0,1.25,0.0,0.0,0.0,0.0,0.0,0.0,11.25,trace_sig_0009_rfc4509,"RFC 4509 matched signal sig_0009: the required indicator rfc4509_ds_sha256_digest passed because rr_type=DS is in [DS, CDS] and digest_type=2 equals the expected value 2. The observation on 2018-11-01 is 4567 days after RFC 4509's publication on 2006-05-01, so the timestamp is valid. Score 11.25 (high) = (9.0 required) x 1.25 high specificity."
sig_0009,RFC 4033,DNS Security Introduction and Requirements (DNSSEC base: RFC 4033/4034/4035),valid_match,3.75,low,true,2018-11-01T00:00:00,2005-03-01T00:00:00,11.6.199.in-addr.arpa,arin,rfc4033_base_dnssec_record_present; rfc4033_dnssec_algorithm_present,rfc4033_dnssec_ok_negotiated,algorithm; rr_type,dnssec_ok_flag,4.0,0.75,0.0,1.0,0.0,0.0,0.0,0.0,3.75,trace_sig_0009_rfc4033,"RFC 4033 matched signal sig_0009: the required indicator rfc4033_base_dnssec_record_present passed because rr_type=DS is in [DNSKEY, DS, RRSIG, NSEC]. Corroborating indicators also matched: rfc4033_dnssec_algorithm_present. Indicator rfc4033_dnssec_ok_negotiated did not match: field 'dnssec_ok_flag' is absent from this observation, so the condition 'dnssec_ok_flag must equal true' could not be satisfied (absence is not evidence). The observation on 2018-11-01 is 4993 days after RFC 4033's publication on 2005-03-01, so the timestamp is valid. Score 3.75 (low) = (4.0 required + 1.0 optional) x 0.75 low specificity."
sig_0009,RFC 4034,Resource Records for the DNS Security Extensions,valid_match,3.0,low,true,2018-11-01T00:00:00,2005-03-01T00:00:00,11.6.199.in-addr.arpa,arin,rfc4034_core_record_present,rfc4034_dnskey_protocol_is_three; rfc4034_rrsig_type_covered_present,rr_type,dnskey_protocol; rrsig_type_covered,3.0,1.0,0.0,0.0,0.0,0.0,0.0,0.0,3.0,trace_sig_0009_rfc4034,"RFC 4034 matched signal sig_0009: the required indicator rfc4034_core_record_present passed because rr_type=DS is in [DNSKEY, DS, RRSIG, NSEC]. Indicator rfc4034_dnskey_protocol_is_three did not match: rr_type=DS is not in [DNSKEY, CDNSKEY]. The observation on 2018-11-01 is 4993 days after RFC 4034's publication on 2005-03-01, so the timestamp is valid. Score 3.0 (low) = (3.0 required) x 1.0 medium specificity."
sig_0009,RFC 4035,Protocol Modifications for the DNS Security Extensions,non_queryable,0.0,none,true,2018-11-01T00:00:00,2005-03-01T00:00:00,11.6.199.in-addr.arpa,arin,,,,dnssec_ok_flag,0.0,0.75,0.0,0.0,0.0,0.0,0.0,0.0,0.0,trace_sig_0009_rfc4035,"RFC 4035 could not be evaluated against signal sig_0009: every required indicator (rfc4035_dnssec_ok_negotiated) depends on fields the OpenINTEL corpus does not export, so no verdict is possible in either direction. The observation on 2018-11-01 is 4993 days after RFC 4035's publication on 2005-03-01, so the timestamp is valid. This is a corpus limitation, not a statement about the observation."
sig_0009,RFC 5011,Automated Updates of DNS Security (DNSSEC) Trust Anchors,no_match,0.0,none,true,2018-11-01T00:00:00,2007-09-01T00:00:00,11.6.199.in-addr.arpa,arin,,rfc5011_revoked_key_published,,flags,0.0,1.25,0.0,0.0,3.0,0.0,0.0,0.0,0.0,trace_sig_0009_rfc5011,"RFC 5011 does not explain signal sig_0009: the required indicator rfc5011_revoked_key_published failed because rr_type=DS does not equal the expected value DNSKEY. The observation on 2018-11-01 is 4079 days after RFC 5011's publication on 2007-09-01, so the timestamp is valid. Score 0.0 (none): no required indicator matched, so there is nothing to score."
sig_0009,RFC 5155,DNS Security (DNSSEC) Hashed Authenticated Denial of Existence,no_match,0.0,none,true,2018-11-01T00:00:00,2008-03-01T00:00:00,11.6.199.in-addr.arpa,arin,,rfc5155_nsec3_hash_algorithm; rfc5155_nsec3_record_present,,,0.0,1.5,0.0,0.0,3.0,0.0,0.0,0.0,0.0,trace_sig_0009_rfc5155,"RFC 5155 does not explain signal sig_0009: the required indicator rfc5155_nsec3_record_present failed because rr_type=DS is not in [NSEC3, NSEC3PARAM]. The observation on 2018-11-01 is 3897 days after RFC 5155's publication on 2008-03-01, so the timestamp is valid. Score 0.0 (none): no required indicator matched, so there is nothing to score."
sig_0009,RFC 5702,Use of SHA-2 Algorithms with RSA in DNSKEY and RRSIG Resource Records for DNSSEC,no_match,0.0,none,true,2018-11-01T00:00:00,2009-10-01T00:00:00,11.6.199.in-addr.arpa,arin,,rfc5702_rsa_sha2_algorithm; rfc5702_rsa_sha2_on_dnssec_record,,,0.0,1.25,0.0,0.0,3.0,0.0,0.0,0.0,0.0,trace_sig_0009_rfc5702,"RFC 5702 does not explain signal sig_0009: the required indicator rfc5702_rsa_sha2_algorithm failed because algorithm=5 is not in [8, 10]. The observation on 2018-11-01 is 3318 days after RFC 5702's publication on 2009-10-01, so the timestamp is valid. Score 0.0 (none): no required indicator matched, so there is nothing to score."
sig_0009,RFC 5933,Use of GOST Signature Algorithms in DNSKEY and RRSIG Resource Records for DNSSEC,no_match,0.0,none,true,2018-11-01T00:00:00,2010-07-01T00:00:00,11.6.199.in-addr.arpa,arin,,rfc5933_ecc_gost_algorithm; rfc5933_gost_ds_digest,,,0.0,1.5,0.0,0.0,3.0,0.0,0.0,0.0,0.0,trace_sig_0009_rfc5933,"RFC 5933 does not explain signal sig_0009: the required indicator rfc5933_ecc_gost_algorithm failed because algorithm=5 does not equal the expected value 12. The observation on 2018-11-01 is 3045 days after RFC 5933's publication on 2010-07-01, so the timestamp is valid. Score 0.0 (none): no required indicator matched, so there is nothing to score."
sig_0009,RFC 6605,Elliptic Curve Digital Signature Algorithm (DSA) for DNSSEC,no_match,0.0,none,true,2018-11-01T00:00:00,2012-04-01T00:00:00,11.6.199.in-addr.arpa,arin,,rfc6605_ecdsa_algorithm; rfc6605_ecdsa_on_key_or_signature,,,0.0,1.25,0.0,0.0,3.0,0.0,0.0,0.0,0.0,trace_sig_0009_rfc6605,"RFC 6605 does not explain signal sig_0009: the required indicator rfc6605_ecdsa_algorithm failed because algorithm=5 is not in [13, 14]. The observation on 2018-11-01 is 2405 days after RFC 6605's publication on 2012-04-01, so the timestamp is valid. Score 0.0 (none): no required indicator matched, so there is nothing to score."
sig_0009,RFC 6698,The DNS-Based Authentication of Named Entities (DANE) Transport Layer Security (TLS) Protocol: TLSA,no_match,0.0,none,true,2018-11-01T00:00:00,2012-08-01T00:00:00,11.6.199.in-addr.arpa,arin,,rfc6698_tlsa_fields_well_formed; rfc6698_tlsa_record_present,,tlsa_matchtype; tlsa_usage,0.0,1.5,0.0,0.0,3.0,0.0,0.0,0.0,0.0,trace_sig_0009_rfc6698,"RFC 6698 does not explain signal sig_0009: the required indicator rfc6698_tlsa_record_present failed because rr_type=DS does not equal the expected value TLSA. The observation on 2018-11-01 is 2283 days after RFC 6698's publication on 2012-08-01, so the timestamp is valid. Score 0.0 (none): no required indicator matched, so there is nothing to score."
sig_0009,RFC 6781,"DNSSEC Operational Practices, Version 2",no_match,0.0,none,true,2018-11-01T00:00:00,2012-12-01T00:00:00,11.6.199.in-addr.arpa,arin,,rfc6781_ksk_zsk_separation,,flags,0.0,0.75,0.0,0.0,3.0,0.0,0.0,0.0,0.0,trace_sig_0009_rfc6781,"RFC 6781 does not explain signal sig_0009: the required indicator rfc6781_ksk_zsk_separation failed because rr_type=DS does not equal the expected value DNSKEY. The observation on 2018-11-01 is 2161 days after RFC 6781's publication on 2012-12-01, so the timestamp is valid. Score 0.0 (none): no required indicator matched, so there is nothing to score."
sig_0009,RFC 6840,Clarifications and Implementation Notes for DNS Security (DNSSEC),non_queryable,0.0,none,true,2018-11-01T00:00:00,2013-02-01T00:00:00,11.6.199.in-addr.arpa,arin,,,,name_algorithm_set_consistency,0.0,0.75,0.0,0.0,0.0,0.0,0.0,0.0,0.0,trace_sig_0009_rfc6840,"RFC 6840 could not be evaluated against signal sig_0009: every required indicator (rfc6840_mandatory_algorithm_rules) depends on fields the OpenINTEL corpus does not export, so no verdict is possible in either direction. The observation on 2018-11-01 is 2099 days after RFC 6840's publication on 2013-02-01, so the timestamp is valid. This is a corpus limitation, not a statement about the observation."
sig_0009,RFC 7344,Automating DNSSEC Delegation Trust Maintenance,no_match,0.0,none,true,2018-11-01T00:00:00,2014-09-01T00:00:00,11.6.199.in-addr.arpa,arin,,rfc7344_cds_cdnskey_present; rfc7344_cds_publishes_digest,,,0.0,1.25,0.0,0.0,3.0,0.0,0.0,0.0,0.0,trace_sig_0009_rfc7344,"RFC 7344 does not explain signal sig_0009: the required indicator rfc7344_cds_cdnskey_present failed because rr_type=DS is not in [CDS, CDNSKEY]. The observation on 2018-11-01 is 1522 days after RFC 7344's publication on 2014-09-01, so the timestamp is valid. Score 0.0 (none): no required indicator matched, so there is nothing to score."
sig_0009,RFC 7583,DNSSEC Key Rollover Timing Considerations,non_queryable,0.0,none,true,2018-11-01T00:00:00,2015-10-01T00:00:00,11.6.199.in-addr.arpa,arin,,,,key_rollover_phase,0.0,0.75,0.0,0.0,0.0,0.0,0.0,0.0,0.0,trace_sig_0009_rfc7583,"RFC 7583 could not be evaluated against signal sig_0009: every required indicator (rfc7583_rollover_timing_observed) depends on fields the OpenINTEL corpus does not export, so no verdict is possible in either direction. The observation on 2018-11-01 is 1127 days after RFC 7583's publication on 2015-10-01, so the timestamp is valid. This is a corpus limitation, not a statement about the observation."
sig_0009,RFC 7671,The DNS-Based Authentication of Named Entities (DANE) Protocol: Updates and Operational Guidance,no_match,0.0,none,true,2018-11-01T00:00:00,2015-10-01T00:00:00,11.6.199.in-addr.arpa,arin,,rfc7671_dane_usage_preferred,,tlsa_usage,0.0,1.25,0.0,0.0,3.0,0.0,0.0,0.0,0.0,trace_sig_0009_rfc7671,"RFC 7671 does not explain signal sig_0009: the required indicator rfc7671_dane_usage_preferred failed because rr_type=DS does not equal the expected value TLSA. The observation on 2018-11-01 is 1127 days after RFC 7671's publication on 2015-10-01, so the timestamp is valid. Score 0.0 (none): no required indicator matched, so there is nothing to score."
sig_0009,RFC 7672,SMTP Security via Opportunistic DNS-Based Authentication of Named Entities (DANE) Transport Layer Security (TLS),no_match,0.0,none,true,2018-11-01T00:00:00,2015-10-01T00:00:00,11.6.199.in-addr.arpa,arin,,rfc7672_smtp_dane_tlsa,,domain,0.0,1.5,0.0,0.0,3.0,0.0,0.0,0.0,0.0,trace_sig_0009_rfc7672,"RFC 7672 does not explain signal sig_0009: the required indicator rfc7672_smtp_dane_tlsa failed because rr_type=DS does not equal the expected value TLSA. The observation on 2018-11-01 is 1127 days after RFC 7672's publication on 2015-10-01, so the timestamp is valid. Score 0.0 (none): no required indicator matched, so there is nothing to score."
sig_0009,RFC 8078,Managing DS Records from the Parent via CDS/CDNSKEY,no_match,0.0,none,true,2018-11-01T00:00:00,2017-03-01T00:00:00,11.6.199.in-addr.arpa,arin,,rfc8078_cds_cdnskey_algorithm_zero; rfc8078_delete_signal_digest_zero,,,0.0,1.5,0.0,0.0,3.0,0.0,0.0,0.0,0.0,trace_sig_0009_rfc8078,"RFC 8078 does not explain signal sig_0009: the required indicator rfc8078_cds_cdnskey_algorithm_zero failed because rr_type=DS is not in [CDS, CDNSKEY]. The observation on 2018-11-01 is 610 days after RFC 8078's publication on 2017-03-01, so the timestamp is valid. Score 0.0 (none): no required indicator matched, so there is nothing to score."
sig_0009,RFC 8080,Edwards-Curve Digital Security Algorithm (EdDSA) for DNSSEC,no_match,0.0,none,true,2018-11-01T00:00:00,2017-02-01T00:00:00,11.6.199.in-addr.arpa,arin,,rfc8080_eddsa_algorithm; rfc8080_eddsa_on_key_or_signature,,,0.0,1.5,0.0,0.0,3.0,0.0,0.0,0.0,0.0,trace_sig_0009_rfc8080,"RFC 8080 does not explain signal sig_0009: the required indicator rfc8080_eddsa_algorithm failed because algorithm=5 is not in [15, 16]. The observation on 2018-11-01 is 638 days after RFC 8080's publication on 2017-02-01, so the timestamp is valid. Score 0.0 (none): no required indicator matched, so there is nothing to score."
sig_0009,RFC 8198,Aggressive Use of DNSSEC-Validated Cache,non_queryable,0.0,none,true,2018-11-01T00:00:00,2017-07-01T00:00:00,11.6.199.in-addr.arpa,arin,,,,resolver_synthesised_nxdomain,0.0,1.0,0.0,0.0,0.0,0.0,0.0,0.0,0.0,trace_sig_0009_rfc8198,"RFC 8198 could not be evaluated against signal sig_0009: every required indicator (rfc8198_aggressive_nsec_use) depends on fields the OpenINTEL corpus does not export, so no verdict is possible in either direction. The observation on 2018-11-01 is 488 days after RFC 8198's publication on 2017-07-01, so the timestamp is valid. This is a corpus limitation, not a statement about the observation."
sig_0009,RFC 8624,Algorithm Implementation Requirements and Usage Guidance for DNSSEC,timestamp_invalid,0.0,none,false,2018-11-01T00:00:00,2019-06-01T00:00:00,11.6.199.in-addr.arpa,arin,rfc8624_avoids_deprecated_algorithm,rfc8624_recommended_signing_algorithm,algorithm,rr_type; validator_algorithm_support,0.0,0.75,0.0,1.5,3.0,0.0,2.0,0.0,0.0,trace_sig_0009_rfc8624,"RFC 8624 cannot explain signal sig_0009: although algorithm=5 satisfy the optional indicator rfc8624_avoids_deprecated_algorithm, the observation on 2018-11-01 predates RFC 8624's publication on 2019-06-01 by 212 days. An observation cannot evidence adoption of an RFC that did not yet exist, so the score of 0.0 is forfeited and this is routed to the review queue. The withheld score derives from (0.0 required + 1.5 optional - 3.0 missing-required penalty - 2.0 ambiguity penalty) x 0.75 low specificity."
sig_0009,RFC 9077,NSEC and NSEC3: TTLs and Aggressive Use,no_match,0.0,none,false,2018-11-01T00:00:00,2021-07-01T00:00:00,11.6.199.in-addr.arpa,arin,,rfc9077_nsec_ttl_bounded,,record_ttl,0.0,1.25,0.0,0.0,3.0,0.0,0.0,0.0,0.0,trace_sig_0009_rfc9077,"RFC 9077 does not explain signal sig_0009: the required indicator rfc9077_nsec_ttl_bounded failed because rr_type=DS is not in [NSEC, NSEC3]. The observation on 2018-11-01 predates RFC 9077's publication on 2021-07-01 by 973 days. An observation cannot evidence adoption of an RFC that did not yet exist, so the score is forfeited. Score 0.0 (none): no required indicator matched, so there is nothing to score."
sig_0009,RFC 9276,Guidance for NSEC3 Parameter Settings,no_match,0.0,none,false,2018-11-01T00:00:00,2022-08-01T00:00:00,11.6.199.in-addr.arpa,arin,,rfc9276_empty_nsec3_salt; rfc9276_zero_nsec3_iterations,,nsec3_iterations; nsec3_salt,0.0,1.5,0.0,0.0,3.0,0.0,0.0,0.0,0.0,trace_sig_0009_rfc9276,"RFC 9276 does not explain signal sig_0009: the required indicator rfc9276_zero_nsec3_iterations failed because rr_type=DS is not in [NSEC3, NSEC3PARAM]. The observation on 2018-11-01 predates RFC 9276's publication on 2022-08-01 by 1369 days. An observation cannot evidence adoption of an RFC that did not yet exist, so the score is forfeited. Score 0.0 (none): no required indicator matched, so there is nothing to score."
sig_0009,RFC 9364,DNS Security Extensions (DNSSEC),non_queryable,0.0,none,false,2018-11-01T00:00:00,2023-02-01T00:00:00,11.6.199.in-addr.arpa,arin,,,,declared_standards_profile,0.0,0.75,0.0,0.0,0.0,0.0,0.0,0.0,0.0,trace_sig_0009_rfc9364,"RFC 9364 could not be evaluated against signal sig_0009: every required indicator (rfc9364_bcp_profile_declared) depends on fields the OpenINTEL corpus does not export, so no verdict is possible in either direction. The observation on 2018-11-01 predates RFC 9364's publication on 2023-02-01 by 1553 days. An observation cannot evidence adoption of an RFC that did not yet exist, so the score is forfeited. This is a corpus limitation, not a statement about the observation."
sig_0009,RFC 9558,Use of GOST 2012 Signature Algorithms in DNSKEY and RRSIG Resource Records for DNSSEC,no_match,0.0,none,false,2018-11-01T00:00:00,2024-04-01T00:00:00,11.6.199.in-addr.arpa,arin,,rfc9558_gost2012_algorithm; rfc9558_gost2012_ds_digest,,,0.0,1.5,0.0,0.0,3.0,0.0,0.0,0.0,0.0,trace_sig_0009_rfc9558,"RFC 9558 does not explain signal sig_0009: the required indicator rfc9558_gost2012_algorithm failed because algorithm=5 does not equal the expected value 23. The observation on 2018-11-01 predates RFC 9558's publication on 2024-04-01 by 1978 days. An observation cannot evidence adoption of an RFC that did not yet exist, so the score is forfeited. Score 0.0 (none): no required indicator matched, so there is nothing to score."
sig_0009,RFC 9563,SM2 Digital Signature Algorithm for DNSSEC,no_match,0.0,none,false,2018-11-01T00:00:00,2024-12-01T00:00:00,11.6.199.in-addr.arpa,arin,,rfc9563_sm2sm3_algorithm; rfc9563_sm3_ds_digest,,,0.0,1.5,0.0,0.0,3.0,0.0,0.0,0.0,0.0,trace_sig_0009_rfc9563,"RFC 9563 does not explain signal sig_0009: the required indicator rfc9563_sm2sm3_algorithm failed because algorithm=5 does not equal the expected value 17. The observation on 2018-11-01 predates RFC 9563's publication on 2024-12-01 by 2222 days. An observation cannot evidence adoption of an RFC that did not yet exist, so the score is forfeited. Score 0.0 (none): no required indicator matched, so there is nothing to score."
sig_0009,RFC 9615,Automatic DNSSEC Bootstrapping Using Authenticated Signals from the Zone's Operator,non_queryable,0.0,none,false,2018-11-01T00:00:00,2024-07-01T00:00:00,11.6.199.in-addr.arpa,arin,,,,domain; rr_type,0.0,1.5,0.0,0.0,0.0,0.0,0.0,0.0,0.0,trace_sig_0009_rfc9615,"RFC 9615 could not be evaluated against signal sig_0009: every required indicator (rfc9615_bootstrap_signal_label) depends on fields the OpenINTEL corpus does not export, so no verdict is possible in either direction. The observation on 2018-11-01 predates RFC 9615's publication on 2024-07-01 by 2069 days. An observation cannot evidence adoption of an RFC that did not yet exist, so the score is forfeited. This is a corpus limitation, not a statement about the observation."
sig_0009,RFC 9904,DNSSEC Cryptographic Algorithm Recommendation Update Process,non_queryable,0.0,none,false,2018-11-01T00:00:00,2025-11-01T00:00:00,11.6.199.in-addr.arpa,arin,,,,guidance_source_registry,0.0,0.75,0.0,0.0,0.0,0.0,0.0,0.0,0.0,trace_sig_0009_rfc9904,"RFC 9904 could not be evaluated against signal sig_0009: every required indicator (rfc9904_algorithm_guidance_process) depends on fields the OpenINTEL corpus does not export, so no verdict is possible in either direction. The observation on 2018-11-01 predates RFC 9904's publication on 2025-11-01 by 2557 days. An observation cannot evidence adoption of an RFC that did not yet exist, so the score is forfeited. This is a corpus limitation, not a statement about the observation."
sig_0009,RFC 9905,Deprecating the Use of SHA-1 in DNSSEC Signature Algorithms,timestamp_invalid,0.0,none,false,2018-11-01T00:00:00,2025-11-01T00:00:00,11.6.199.in-addr.arpa,arin,rfc9905_deprecated_sha1_in_delegation,rfc9905_deprecated_sha1_signature_still_published,algorithm; rr_type,,0.0,1.25,0.0,2.0,3.0,0.0,0.0,0.0,0.0,trace_sig_0009_rfc9905,"RFC 9905 cannot explain signal sig_0009: although rr_type=DS and algorithm=5 satisfy the optional indicator rfc9905_deprecated_sha1_in_delegation, the observation on 2018-11-01 predates RFC 9905's publication on 2025-11-01 by 2557 days. An observation cannot evidence adoption of an RFC that did not yet exist, so the score of 0.0 is forfeited and this is routed to the review queue. The withheld score derives from (0.0 required + 2.0 optional - 3.0 missing-required penalty) x 1.25 high specificity."
sig_0009,RFC 9906,Deprecate Usage of ECC-GOST within DNSSEC,no_match,0.0,none,false,2018-11-01T00:00:00,2025-11-01T00:00:00,11.6.199.in-addr.arpa,arin,,rfc9906_deprecated_ecc_gost_still_published; rfc9906_deprecated_gost_digest_still_published,,,0.0,1.5,0.0,0.0,3.0,0.0,0.0,0.0,0.0,trace_sig_0009_rfc9906,"RFC 9906 does not explain signal sig_0009: the required indicator rfc9906_deprecated_ecc_gost_still_published failed because algorithm=5 does not equal the expected value 12. The observation on 2018-11-01 predates RFC 9906's publication on 2025-11-01 by 2557 days. An observation cannot evidence adoption of an RFC that did not yet exist, so the score is forfeited. Score 0.0 (none): no required indicator matched, so there is nothing to score."
sig_0010,RFC 5702,Use of SHA-2 Algorithms with RSA in DNSKEY and RRSIG Resource Records for DNSSEC,valid_match,13.125,very_high,true,2019-09-01T00:00:00,2009-10-01T00:00:00,118.219.in-addr.arpa,apnic,rfc5702_rsa_sha2_algorithm; rfc5702_rsa_sha2_on_dnssec_record,,algorithm; rr_type,,9.0,1.25,0.0,1.5,0.0,0.0,0.0,0.0,13.125,trace_sig_0010_rfc5702,"RFC 5702 matched signal sig_0010: the required indicator rfc5702_rsa_sha2_algorithm passed because algorithm=8 is in [8, 10]. Corroborating indicators also matched: rfc5702_rsa_sha2_on_dnssec_record. The observation on 2019-09-01 is 3622 days after RFC 5702's publication on 2009-10-01, so the timestamp is valid. Score 13.125 (very_high) = (9.0 required + 1.5 optional) x 1.25 high specificity."
sig_0010,RFC 4033,DNS Security Introduction and Requirements (DNSSEC base: RFC 4033/4034/4035),valid_match,3.75,low,true,2019-09-01T00:00:00,2005-03-01T00:00:00,118.219.in-addr.arpa,apnic,rfc4033_base_dnssec_record_present; rfc4033_dnssec_algorithm_present,rfc4033_dnssec_ok_negotiated,algorithm; rr_type,dnssec_ok_flag,4.0,0.75,0.0,1.0,0.0,0.0,0.0,0.0,3.75,trace_sig_0010_rfc4033,"RFC 4033 matched signal sig_0010: the required indicator rfc4033_base_dnssec_record_present passed because rr_type=DS is in [DNSKEY, DS, RRSIG, NSEC]. Corroborating indicators also matched: rfc4033_dnssec_algorithm_present. Indicator rfc4033_dnssec_ok_negotiated did not match: field 'dnssec_ok_flag' is absent from this observation, so the condition 'dnssec_ok_flag must equal true' could not be satisfied (absence is not evidence). The observation on 2019-09-01 is 5297 days after RFC 4033's publication on 2005-03-01, so the timestamp is valid. Score 3.75 (low) = (4.0 required + 1.0 optional) x 0.75 low specificity."
sig_0010,RFC 4034,Resource Records for the DNS Security Extensions,valid_match,3.0,low,true,2019-09-01T00:00:00,2005-03-01T00:00:00,118.219.in-addr.arpa,apnic,rfc4034_core_record_present,rfc4034_dnskey_protocol_is_three; rfc4034_rrsig_type_covered_present,rr_type,dnskey_protocol; rrsig_type_covered,3.0,1.0,0.0,0.0,0.0,0.0,0.0,0.0,3.0,trace_sig_0010_rfc4034,"RFC 4034 matched signal sig_0010: the required indicator rfc4034_core_record_present passed because rr_type=DS is in [DNSKEY, DS, RRSIG, NSEC]. Indicator rfc4034_dnskey_protocol_is_three did not match: rr_type=DS is not in [DNSKEY, CDNSKEY]. The observation on 2019-09-01 is 5297 days after RFC 4034's publication on 2005-03-01, so the timestamp is valid. Score 3.0 (low) = (3.0 required) x 1.0 medium specificity."
sig_0010,RFC 3110,RSA/SHA-1 SIGs and RSA KEYs in the Domain Name System (DNS),no_match,0.0,none,true,2019-09-01T00:00:00,2001-05-01T00:00:00,118.219.in-addr.arpa,apnic,,rfc3110_rsasha1_algorithm; rfc3110_rsasha1_on_key_or_signature,,,0.0,1.25,0.0,0.0,3.0,0.0,0.0,0.0,0.0,trace_sig_0010_rfc3110,"RFC 3110 does not explain signal sig_0010: the required indicator rfc3110_rsasha1_algorithm failed because algorithm=8 does not equal the expected value 5. The observation on 2019-09-01 is 6697 days after RFC 3110's publication on 2001-05-01, so the timestamp is valid. Score 0.0 (none): no required indicator matched, so there is nothing to score."
sig_0010,RFC 4035,Protocol Modifications for the DNS Security Extensions,non_queryable,0.0,none,true,2019-09-01T00:00:00,2005-03-01T00:00:00,118.219.in-addr.arpa,apnic,,,,dnssec_ok_flag,0.0,0.75,0.0,0.0,0.0,0.0,0.0,0.0,0.0,trace_sig_0010_rfc4035,"RFC 4035 could not be evaluated against signal sig_0010: every required indicator (rfc4035_dnssec_ok_negotiated) depends on fields the OpenINTEL corpus does not export, so no verdict is possible in either direction. The observation on 2019-09-01 is 5297 days after RFC 4035's publication on 2005-03-01, so the timestamp is valid. This is a corpus limitation, not a statement about the observation."
sig_0010,RFC 4509,Use of SHA-256 in DNSSEC Delegation Signer (DS) Resource Records,no_match,0.0,none,true,2019-09-01T00:00:00,2006-05-01T00:00:00,118.219.in-addr.arpa,apnic,,rfc4509_ds_sha256_digest,,,0.0,1.25,0.0,0.0,3.0,0.0,0.0,0.0,0.0,trace_sig_0010_rfc4509,"RFC 4509 does not explain signal sig_0010: the required indicator rfc4509_ds_sha256_digest failed because digest_type=1 does not equal the expected value 2. The observation on 2019-09-01 is 4871 days after RFC 4509's publication on 2006-05-01, so the timestamp is valid. Score 0.0 (none): no required indicator matched, so there is nothing to score."
sig_0010,RFC 5011,Automated Updates of DNS Security (DNSSEC) Trust Anchors,no_match,0.0,none,true,2019-09-01T00:00:00,2007-09-01T00:00:00,118.219.in-addr.arpa,apnic,,rfc5011_revoked_key_published,,flags,0.0,1.25,0.0,0.0,3.0,0.0,0.0,0.0,0.0,trace_sig_0010_rfc5011,"RFC 5011 does not explain signal sig_0010: the required indicator rfc5011_revoked_key_published failed because rr_type=DS does not equal the expected value DNSKEY. The observation on 2019-09-01 is 4383 days after RFC 5011's publication on 2007-09-01, so the timestamp is valid. Score 0.0 (none): no required indicator matched, so there is nothing to score."
sig_0010,RFC 5155,DNS Security (DNSSEC) Hashed Authenticated Denial of Existence,no_match,0.0,none,true,2019-09-01T00:00:00,2008-03-01T00:00:00,118.219.in-addr.arpa,apnic,,rfc5155_nsec3_hash_algorithm; rfc5155_nsec3_record_present,,,0.0,1.5,0.0,0.0,3.0,0.0,0.0,0.0,0.0,trace_sig_0010_rfc5155,"RFC 5155 does not explain signal sig_0010: the required indicator rfc5155_nsec3_record_present failed because rr_type=DS is not in [NSEC3, NSEC3PARAM]. The observation on 2019-09-01 is 4201 days after RFC 5155's publication on 2008-03-01, so the timestamp is valid. Score 0.0 (none): no required indicator matched, so there is nothing to score."
sig_0010,RFC 5933,Use of GOST Signature Algorithms in DNSKEY and RRSIG Resource Records for DNSSEC,no_match,0.0,none,true,2019-09-01T00:00:00,2010-07-01T00:00:00,118.219.in-addr.arpa,apnic,,rfc5933_ecc_gost_algorithm; rfc5933_gost_ds_digest,,,0.0,1.5,0.0,0.0,3.0,0.0,0.0,0.0,0.0,trace_sig_0010_rfc5933,"RFC 5933 does not explain signal sig_0010: the required indicator rfc5933_ecc_gost_algorithm failed because algorithm=8 does not equal the expected value 12. The observation on 2019-09-01 is 3349 days after RFC 5933's publication on 2010-07-01, so the timestamp is valid. Score 0.0 (none): no required indicator matched, so there is nothing to score."
sig_0010,RFC 6605,Elliptic Curve Digital Signature Algorithm (DSA) for DNSSEC,no_match,0.0,none,true,2019-09-01T00:00:00,2012-04-01T00:00:00,118.219.in-addr.arpa,apnic,,rfc6605_ecdsa_algorithm; rfc6605_ecdsa_on_key_or_signature,,,0.0,1.25,0.0,0.0,3.0,0.0,0.0,0.0,0.0,trace_sig_0010_rfc6605,"RFC 6605 does not explain signal sig_0010: the required indicator rfc6605_ecdsa_algorithm failed because algorithm=8 is not in [13, 14]. The observation on 2019-09-01 is 2709 days after RFC 6605's publication on 2012-04-01, so the timestamp is valid. Score 0.0 (none): no required indicator matched, so there is nothing to score."
sig_0010,RFC 6698,The DNS-Based Authentication of Named Entities (DANE) Transport Layer Security (TLS) Protocol: TLSA,no_match,0.0,none,true,2019-09-01T00:00:00,2012-08-01T00:00:00,118.219.in-addr.arpa,apnic,,rfc6698_tlsa_fields_well_formed; rfc6698_tlsa_record_present,,tlsa_matchtype; tlsa_usage,0.0,1.5,0.0,0.0,3.0,0.0,0.0,0.0,0.0,trace_sig_0010_rfc6698,"RFC 6698 does not explain signal sig_0010: the required indicator rfc6698_tlsa_record_present failed because rr_type=DS does not equal the expected value TLSA. The observation on 2019-09-01 is 2587 days after RFC 6698's publication on 2012-08-01, so the timestamp is valid. Score 0.0 (none): no required indicator matched, so there is nothing to score."
sig_0010,RFC 6781,"DNSSEC Operational Practices, Version 2",no_match,0.0,none,true,2019-09-01T00:00:00,2012-12-01T00:00:00,118.219.in-addr.arpa,apnic,,rfc6781_ksk_zsk_separation,,flags,0.0,0.75,0.0,0.0,3.0,0.0,0.0,0.0,0.0,trace_sig_0010_rfc6781,"RFC 6781 does not explain signal sig_0010: the required indicator rfc6781_ksk_zsk_separation failed because rr_type=DS does not equal the expected value DNSKEY. The observation on 2019-09-01 is 2465 days after RFC 6781's publication on 2012-12-01, so the timestamp is valid. Score 0.0 (none): no required indicator matched, so there is nothing to score."
sig_0010,RFC 6840,Clarifications and Implementation Notes for DNS Security (DNSSEC),non_queryable,0.0,none,true,2019-09-01T00:00:00,2013-02-01T00:00:00,118.219.in-addr.arpa,apnic,,,,name_algorithm_set_consistency,0.0,0.75,0.0,0.0,0.0,0.0,0.0,0.0,0.0,trace_sig_0010_rfc6840,"RFC 6840 could not be evaluated against signal sig_0010: every required indicator (rfc6840_mandatory_algorithm_rules) depends on fields the OpenINTEL corpus does not export, so no verdict is possible in either direction. The observation on 2019-09-01 is 2403 days after RFC 6840's publication on 2013-02-01, so the timestamp is valid. This is a corpus limitation, not a statement about the observation."
sig_0010,RFC 7344,Automating DNSSEC Delegation Trust Maintenance,no_match,0.0,none,true,2019-09-01T00:00:00,2014-09-01T00:00:00,118.219.in-addr.arpa,apnic,,rfc7344_cds_cdnskey_present; rfc7344_cds_publishes_digest,,,0.0,1.25,0.0,0.0,3.0,0.0,0.0,0.0,0.0,trace_sig_0010_rfc7344,"RFC 7344 does not explain signal sig_0010: the required indicator rfc7344_cds_cdnskey_present failed because rr_type=DS is not in [CDS, CDNSKEY]. The observation on 2019-09-01 is 1826 days after RFC 7344's publication on 2014-09-01, so the timestamp is valid. Score 0.0 (none): no required indicator matched, so there is nothing to score."
sig_0010,RFC 7583,DNSSEC Key Rollover Timing Considerations,non_queryable,0.0,none,true,2019-09-01T00:00:00,2015-10-01T00:00:00,118.219.in-addr.arpa,apnic,,,,key_rollover_phase,0.0,0.75,0.0,0.0,0.0,0.0,0.0,0.0,0.0,trace_sig_0010_rfc7583,"RFC 7583 could not be evaluated against signal sig_0010: every required indicator (rfc7583_rollover_timing_observed) depends on fields the OpenINTEL corpus does not export, so no verdict is possible in either direction. The observation on 2019-09-01 is 1431 days after RFC 7583's publication on 2015-10-01, so the timestamp is valid. This is a corpus limitation, not a statement about the observation."
sig_0010,RFC 7671,The DNS-Based Authentication of Named Entities (DANE) Protocol: Updates and Operational Guidance,no_match,0.0,none,true,2019-09-01T00:00:00,2015-10-01T00:00:00,118.219.in-addr.arpa,apnic,,rfc7671_dane_usage_preferred,,tlsa_usage,0.0,1.25,0.0,0.0,3.0,0.0,0.0,0.0,0.0,trace_sig_0010_rfc7671,"RFC 7671 does not explain signal sig_0010: the required indicator rfc7671_dane_usage_preferred failed because rr_type=DS does not equal the expected value TLSA. The observation on 2019-09-01 is 1431 days after RFC 7671's publication on 2015-10-01, so the timestamp is valid. Score 0.0 (none): no required indicator matched, so there is nothing to score."
sig_0010,RFC 7672,SMTP Security via Opportunistic DNS-Based Authentication of Named Entities (DANE) Transport Layer Security (TLS),no_match,0.0,none,true,2019-09-01T00:00:00,2015-10-01T00:00:00,118.219.in-addr.arpa,apnic,,rfc7672_smtp_dane_tlsa,,domain,0.0,1.5,0.0,0.0,3.0,0.0,0.0,0.0,0.0,trace_sig_0010_rfc7672,"RFC 7672 does not explain signal sig_0010: the required indicator rfc7672_smtp_dane_tlsa failed because rr_type=DS does not equal the expected value TLSA. The observation on 2019-09-01 is 1431 days after RFC 7672's publication on 2015-10-01, so the timestamp is valid. Score 0.0 (none): no required indicator matched, so there is nothing to score."
sig_0010,RFC 8078,Managing DS Records from the Parent via CDS/CDNSKEY,no_match,0.0,none,true,2019-09-01T00:00:00,2017-03-01T00:00:00,118.219.in-addr.arpa,apnic,,rfc8078_cds_cdnskey_algorithm_zero; rfc8078_delete_signal_digest_zero,,,0.0,1.5,0.0,0.0,3.0,0.0,0.0,0.0,0.0,trace_sig_0010_rfc8078,"RFC 8078 does not explain signal sig_0010: the required indicator rfc8078_cds_cdnskey_algorithm_zero failed because rr_type=DS is not in [CDS, CDNSKEY]. The observation on 2019-09-01 is 914 days after RFC 8078's publication on 2017-03-01, so the timestamp is valid. Score 0.0 (none): no required indicator matched, so there is nothing to score."
sig_0010,RFC 8080,Edwards-Curve Digital Security Algorithm (EdDSA) for DNSSEC,no_match,0.0,none,true,2019-09-01T00:00:00,2017-02-01T00:00:00,118.219.in-addr.arpa,apnic,,rfc8080_eddsa_algorithm; rfc8080_eddsa_on_key_or_signature,,,0.0,1.5,0.0,0.0,3.0,0.0,0.0,0.0,0.0,trace_sig_0010_rfc8080,"RFC 8080 does not explain signal sig_0010: the required indicator rfc8080_eddsa_algorithm failed because algorithm=8 is not in [15, 16]. The observation on 2019-09-01 is 942 days after RFC 8080's publication on 2017-02-01, so the timestamp is valid. Score 0.0 (none): no required indicator matched, so there is nothing to score."
sig_0010,RFC 8198,Aggressive Use of DNSSEC-Validated Cache,non_queryable,0.0,none,true,2019-09-01T00:00:00,2017-07-01T00:00:00,118.219.in-addr.arpa,apnic,,,,resolver_synthesised_nxdomain,0.0,1.0,0.0,0.0,0.0,0.0,0.0,0.0,0.0,trace_sig_0010_rfc8198,"RFC 8198 could not be evaluated against signal sig_0010: every required indicator (rfc8198_aggressive_nsec_use) depends on fields the OpenINTEL corpus does not export, so no verdict is possible in either direction. The observation on 2019-09-01 is 792 days after RFC 8198's publication on 2017-07-01, so the timestamp is valid. This is a corpus limitation, not a statement about the observation."
sig_0010,RFC 8624,Algorithm Implementation Requirements and Usage Guidance for DNSSEC,partial_match,0.0,none,true,2019-09-01T00:00:00,2019-06-01T00:00:00,118.219.in-addr.arpa,apnic,rfc8624_avoids_deprecated_algorithm,rfc8624_recommended_signing_algorithm,algorithm,rr_type; validator_algorithm_support,0.0,0.75,0.0,1.5,3.0,0.0,2.0,0.0,0.0,trace_sig_0010_rfc8624,"RFC 8624 partially matches signal sig_0010: the optional indicator rfc8624_avoids_deprecated_algorithm passed because algorithm is present (observed 8) and algorithm=8 differs from 1 as required. The required indicator rfc8624_recommended_signing_algorithm was not satisfied: algorithm=8 is not in [13, 15]. The observation on 2019-09-01 is 92 days after RFC 8624's publication on 2019-06-01, so the timestamp is valid. Score 0.0 (none): the penalties leave a raw total of -3.5, which is clamped to 0 before the 0.75 low specificity multiplier."
sig_0010,RFC 9077,NSEC and NSEC3: TTLs and Aggressive Use,no_match,0.0,none,false,2019-09-01T00:00:00,2021-07-01T00:00:00,118.219.in-addr.arpa,apnic,,rfc9077_nsec_ttl_bounded,,record_ttl,0.0,1.25,0.0,0.0,3.0,0.0,0.0,0.0,0.0,trace_sig_0010_rfc9077,"RFC 9077 does not explain signal sig_0010: the required indicator rfc9077_nsec_ttl_bounded failed because rr_type=DS is not in [NSEC, NSEC3]. The observation on 2019-09-01 predates RFC 9077's publication on 2021-07-01 by 669 days. An observation cannot evidence adoption of an RFC that did not yet exist, so the score is forfeited. Score 0.0 (none): no required indicator matched, so there is nothing to score."
sig_0010,RFC 9276,Guidance for NSEC3 Parameter Settings,no_match,0.0,none,false,2019-09-01T00:00:00,2022-08-01T00:00:00,118.219.in-addr.arpa,apnic,,rfc9276_empty_nsec3_salt; rfc9276_zero_nsec3_iterations,,nsec3_iterations; nsec3_salt,0.0,1.5,0.0,0.0,3.0,0.0,0.0,0.0,0.0,trace_sig_0010_rfc9276,"RFC 9276 does not explain signal sig_0010: the required indicator rfc9276_zero_nsec3_iterations failed because rr_type=DS is not in [NSEC3, NSEC3PARAM]. The observation on 2019-09-01 predates RFC 9276's publication on 2022-08-01 by 1065 days. An observation cannot evidence adoption of an RFC that did not yet exist, so the score is forfeited. Score 0.0 (none): no required indicator matched, so there is nothing to score."
sig_0010,RFC 9364,DNS Security Extensions (DNSSEC),non_queryable,0.0,none,false,2019-09-01T00:00:00,2023-02-01T00:00:00,118.219.in-addr.arpa,apnic,,,,declared_standards_profile,0.0,0.75,0.0,0.0,0.0,0.0,0.0,0.0,0.0,trace_sig_0010_rfc9364,"RFC 9364 could not be evaluated against signal sig_0010: every required indicator (rfc9364_bcp_profile_declared) depends on fields the OpenINTEL corpus does not export, so no verdict is possible in either direction. The observation on 2019-09-01 predates RFC 9364's publication on 2023-02-01 by 1249 days. An observation cannot evidence adoption of an RFC that did not yet exist, so the score is forfeited. This is a corpus limitation, not a statement about the observation."
sig_0010,RFC 9558,Use of GOST 2012 Signature Algorithms in DNSKEY and RRSIG Resource Records for DNSSEC,no_match,0.0,none,false,2019-09-01T00:00:00,2024-04-01T00:00:00,118.219.in-addr.arpa,apnic,,rfc9558_gost2012_algorithm; rfc9558_gost2012_ds_digest,,,0.0,1.5,0.0,0.0,3.0,0.0,0.0,0.0,0.0,trace_sig_0010_rfc9558,"RFC 9558 does not explain signal sig_0010: the required indicator rfc9558_gost2012_algorithm failed because algorithm=8 does not equal the expected value 23. The observation on 2019-09-01 predates RFC 9558's publication on 2024-04-01 by 1674 days. An observation cannot evidence adoption of an RFC that did not yet exist, so the score is forfeited. Score 0.0 (none): no required indicator matched, so there is nothing to score."
sig_0010,RFC 9563,SM2 Digital Signature Algorithm for DNSSEC,no_match,0.0,none,false,2019-09-01T00:00:00,2024-12-01T00:00:00,118.219.in-addr.arpa,apnic,,rfc9563_sm2sm3_algorithm; rfc9563_sm3_ds_digest,,,0.0,1.5,0.0,0.0,3.0,0.0,0.0,0.0,0.0,trace_sig_0010_rfc9563,"RFC 9563 does not explain signal sig_0010: the required indicator rfc9563_sm2sm3_algorithm failed because algorithm=8 does not equal the expected value 17. The observation on 2019-09-01 predates RFC 9563's publication on 2024-12-01 by 1918 days. An observation cannot evidence adoption of an RFC that did not yet exist, so the score is forfeited. Score 0.0 (none): no required indicator matched, so there is nothing to score."
sig_0010,RFC 9615,Automatic DNSSEC Bootstrapping Using Authenticated Signals from the Zone's Operator,non_queryable,0.0,none,false,2019-09-01T00:00:00,2024-07-01T00:00:00,118.219.in-addr.arpa,apnic,,,,domain; rr_type,0.0,1.5,0.0,0.0,0.0,0.0,0.0,0.0,0.0,trace_sig_0010_rfc9615,"RFC 9615 could not be evaluated against signal sig_0010: every required indicator (rfc9615_bootstrap_signal_label) depends on fields the OpenINTEL corpus does not export, so no verdict is possible in either direction. The observation on 2019-09-01 predates RFC 9615's publication on 2024-07-01 by 1765 days. An observation cannot evidence adoption of an RFC that did not yet exist, so the score is forfeited. This is a corpus limitation, not a statement about the observation."
sig_0010,RFC 9904,DNSSEC Cryptographic Algorithm Recommendation Update Process,non_queryable,0.0,none,false,2019-09-01T00:00:00,2025-11-01T00:00:00,118.219.in-addr.arpa,apnic,,,,guidance_source_registry,0.0,0.75,0.0,0.0,0.0,0.0,0.0,0.0,0.0,trace_sig_0010_rfc9904,"RFC 9904 could not be evaluated against signal sig_0010: every required indicator (rfc9904_algorithm_guidance_process) depends on fields the OpenINTEL corpus does not export, so no verdict is possible in either direction. The observation on 2019-09-01 predates RFC 9904's publication on 2025-11-01 by 2253 days. An observation cannot evidence adoption of an RFC that did not yet exist, so the score is forfeited. This is a corpus limitation, not a statement about the observation."
sig_0010,RFC 9905,Deprecating the Use of SHA-1 in DNSSEC Signature Algorithms,no_match,0.0,none,false,2019-09-01T00:00:00,2025-11-01T00:00:00,118.219.in-addr.arpa,apnic,,rfc9905_deprecated_sha1_in_delegation; rfc9905_deprecated_sha1_signature_still_published,,,0.0,1.25,0.0,0.0,3.0,0.0,0.0,0.0,0.0,trace_sig_0010_rfc9905,"RFC 9905 does not explain signal sig_0010: the required indicator rfc9905_deprecated_sha1_signature_still_published failed because rr_type=DS is not in [DNSKEY, RRSIG, CDNSKEY]. The observation on 2019-09-01 predates RFC 9905's publication on 2025-11-01 by 2253 days. An observation cannot evidence adoption of an RFC that did not yet exist, so the score is forfeited. Score 0.0 (none): no required indicator matched, so there is nothing to score."
sig_0010,RFC 9906,Deprecate Usage of ECC-GOST within DNSSEC,no_match,0.0,none,false,2019-09-01T00:00:00,2025-11-01T00:00:00,118.219.in-addr.arpa,apnic,,rfc9906_deprecated_ecc_gost_still_published; rfc9906_deprecated_gost_digest_still_published,,,0.0,1.5,0.0,0.0,3.0,0.0,0.0,0.0,0.0,trace_sig_0010_rfc9906,"RFC 9906 does not explain signal sig_0010: the required indicator rfc9906_deprecated_ecc_gost_still_published failed because algorithm=8 does not equal the expected value 12. The observation on 2019-09-01 predates RFC 9906's publication on 2025-11-01 by 2253 days. An observation cannot evidence adoption of an RFC that did not yet exist, so the score is forfeited. Score 0.0 (none): no required indicator matched, so there is nothing to score."
sig_0011,RFC 6605,Elliptic Curve Digital Signature Algorithm (DSA) for DNSSEC,valid_match,13.125,very_high,true,2019-12-01T00:00:00,2012-04-01T00:00:00,97.201.122.in-addr.arpa,apnic,rfc6605_ecdsa_algorithm; rfc6605_ecdsa_on_key_or_signature,,algorithm; rr_type,,9.0,1.25,0.0,1.5,0.0,0.0,0.0,0.0,13.125,trace_sig_0011_rfc6605,"RFC 6605 matched signal sig_0011: the required indicator rfc6605_ecdsa_algorithm passed because algorithm=13 is in [13, 14]. Corroborating indicators also matched: rfc6605_ecdsa_on_key_or_signature. The observation on 2019-12-01 is 2800 days after RFC 6605's publication on 2012-04-01, so the timestamp is valid. Score 13.125 (very_high) = (9.0 required + 1.5 optional) x 1.25 high specificity."
sig_0011,RFC 4033,DNS Security Introduction and Requirements (DNSSEC base: RFC 4033/4034/4035),valid_match,3.75,low,true,2019-12-01T00:00:00,2005-03-01T00:00:00,97.201.122.in-addr.arpa,apnic,rfc4033_base_dnssec_record_present; rfc4033_dnssec_algorithm_present,rfc4033_dnssec_ok_negotiated,algorithm; rr_type,dnssec_ok_flag,4.0,0.75,0.0,1.0,0.0,0.0,0.0,0.0,3.75,trace_sig_0011_rfc4033,"RFC 4033 matched signal sig_0011: the required indicator rfc4033_base_dnssec_record_present passed because rr_type=DS is in [DNSKEY, DS, RRSIG, NSEC]. Corroborating indicators also matched: rfc4033_dnssec_algorithm_present. Indicator rfc4033_dnssec_ok_negotiated did not match: field 'dnssec_ok_flag' is absent from this observation, so the condition 'dnssec_ok_flag must equal true' could not be satisfied (absence is not evidence). The observation on 2019-12-01 is 5388 days after RFC 4033's publication on 2005-03-01, so the timestamp is valid. Score 3.75 (low) = (4.0 required + 1.0 optional) x 0.75 low specificity."
sig_0011,RFC 8624,Algorithm Implementation Requirements and Usage Guidance for DNSSEC,ambiguous,3.375,low,true,2019-12-01T00:00:00,2019-06-01T00:00:00,97.201.122.in-addr.arpa,apnic,rfc8624_avoids_deprecated_algorithm; rfc8624_recommended_signing_algorithm,,algorithm,rr_type; validator_algorithm_support,5.0,0.75,0.0,1.5,0.0,0.0,2.0,0.0,3.375,trace_sig_0011_rfc8624,"RFC 8624 is an ambiguous match for signal sig_0011: the required indicator rfc8624_recommended_signing_algorithm passed because algorithm=13 is in [13, 15]. Corroborating indicators also matched: rfc8624_avoids_deprecated_algorithm. The checklist flags rfc8624_avoids_deprecated_algorithm, rfc8624_recommended_signing_algorithm ambiguous: the same observation is equally explained by other RFCs, so the match is penalized and sent to the review queue rather than reported as adoption. The observation on 2019-12-01 is 183 days after RFC 8624's publication on 2019-06-01, so the timestamp is valid. Score 3.375 (low) = (5.0 required + 1.5 optional - 2.0 ambiguity penalty) x 0.75 low specificity."
sig_0011,RFC 4034,Resource Records for the DNS Security Extensions,valid_match,3.0,low,true,2019-12-01T00:00:00,2005-03-01T00:00:00,97.201.122.in-addr.arpa,apnic,rfc4034_core_record_present,rfc4034_dnskey_protocol_is_three; rfc4034_rrsig_type_covered_present,rr_type,dnskey_protocol; rrsig_type_covered,3.0,1.0,0.0,0.0,0.0,0.0,0.0,0.0,3.0,trace_sig_0011_rfc4034,"RFC 4034 matched signal sig_0011: the required indicator rfc4034_core_record_present passed because rr_type=DS is in [DNSKEY, DS, RRSIG, NSEC]. Indicator rfc4034_dnskey_protocol_is_three did not match: rr_type=DS is not in [DNSKEY, CDNSKEY]. The observation on 2019-12-01 is 5388 days after RFC 4034's publication on 2005-03-01, so the timestamp is valid. Score 3.0 (low) = (3.0 required) x 1.0 medium specificity."
sig_0011,RFC 3110,RSA/SHA-1 SIGs and RSA KEYs in the Domain Name System (DNS),no_match,0.0,none,true,2019-12-01T00:00:00,2001-05-01T00:00:00,97.201.122.in-addr.arpa,apnic,,rfc3110_rsasha1_algorithm; rfc3110_rsasha1_on_key_or_signature,,,0.0,1.25,0.0,0.0,3.0,0.0,0.0,0.0,0.0,trace_sig_0011_rfc3110,"RFC 3110 does not explain signal sig_0011: the required indicator rfc3110_rsasha1_algorithm failed because algorithm=13 does not equal the expected value 5. The observation on 2019-12-01 is 6788 days after RFC 3110's publication on 2001-05-01, so the timestamp is valid. Score 0.0 (none): no required indicator matched, so there is nothing to score."
sig_0011,RFC 4035,Protocol Modifications for the DNS Security Extensions,non_queryable,0.0,none,true,2019-12-01T00:00:00,2005-03-01T00:00:00,97.201.122.in-addr.arpa,apnic,,,,dnssec_ok_flag,0.0,0.75,0.0,0.0,0.0,0.0,0.0,0.0,0.0,trace_sig_0011_rfc4035,"RFC 4035 could not be evaluated against signal sig_0011: every required indicator (rfc4035_dnssec_ok_negotiated) depends on fields the OpenINTEL corpus does not export, so no verdict is possible in either direction. The observation on 2019-12-01 is 5388 days after RFC 4035's publication on 2005-03-01, so the timestamp is valid. This is a corpus limitation, not a statement about the observation."
sig_0011,RFC 4509,Use of SHA-256 in DNSSEC Delegation Signer (DS) Resource Records,no_match,0.0,none,true,2019-12-01T00:00:00,2006-05-01T00:00:00,97.201.122.in-addr.arpa,apnic,,rfc4509_ds_sha256_digest,,,0.0,1.25,0.0,0.0,3.0,0.0,0.0,0.0,0.0,trace_sig_0011_rfc4509,"RFC 4509 does not explain signal sig_0011: the required indicator rfc4509_ds_sha256_digest failed because digest_type=3 does not equal the expected value 2. The observation on 2019-12-01 is 4962 days after RFC 4509's publication on 2006-05-01, so the timestamp is valid. Score 0.0 (none): no required indicator matched, so there is nothing to score."
sig_0011,RFC 5011,Automated Updates of DNS Security (DNSSEC) Trust Anchors,no_match,0.0,none,true,2019-12-01T00:00:00,2007-09-01T00:00:00,97.201.122.in-addr.arpa,apnic,,rfc5011_revoked_key_published,,flags,0.0,1.25,0.0,0.0,3.0,0.0,0.0,0.0,0.0,trace_sig_0011_rfc5011,"RFC 5011 does not explain signal sig_0011: the required indicator rfc5011_revoked_key_published failed because rr_type=DS does not equal the expected value DNSKEY. The observation on 2019-12-01 is 4474 days after RFC 5011's publication on 2007-09-01, so the timestamp is valid. Score 0.0 (none): no required indicator matched, so there is nothing to score."
sig_0011,RFC 5155,DNS Security (DNSSEC) Hashed Authenticated Denial of Existence,no_match,0.0,none,true,2019-12-01T00:00:00,2008-03-01T00:00:00,97.201.122.in-addr.arpa,apnic,,rfc5155_nsec3_hash_algorithm; rfc5155_nsec3_record_present,,,0.0,1.5,0.0,0.0,3.0,0.0,0.0,0.0,0.0,trace_sig_0011_rfc5155,"RFC 5155 does not explain signal sig_0011: the required indicator rfc5155_nsec3_record_present failed because rr_type=DS is not in [NSEC3, NSEC3PARAM]. The observation on 2019-12-01 is 4292 days after RFC 5155's publication on 2008-03-01, so the timestamp is valid. Score 0.0 (none): no required indicator matched, so there is nothing to score."
sig_0011,RFC 5702,Use of SHA-2 Algorithms with RSA in DNSKEY and RRSIG Resource Records for DNSSEC,no_match,0.0,none,true,2019-12-01T00:00:00,2009-10-01T00:00:00,97.201.122.in-addr.arpa,apnic,,rfc5702_rsa_sha2_algorithm; rfc5702_rsa_sha2_on_dnssec_record,,,0.0,1.25,0.0,0.0,3.0,0.0,0.0,0.0,0.0,trace_sig_0011_rfc5702,"RFC 5702 does not explain signal sig_0011: the required indicator rfc5702_rsa_sha2_algorithm failed because algorithm=13 is not in [8, 10]. The observation on 2019-12-01 is 3713 days after RFC 5702's publication on 2009-10-01, so the timestamp is valid. Score 0.0 (none): no required indicator matched, so there is nothing to score."
sig_0011,RFC 5933,Use of GOST Signature Algorithms in DNSKEY and RRSIG Resource Records for DNSSEC,partial_match,0.0,none,true,2019-12-01T00:00:00,2010-07-01T00:00:00,97.201.122.in-addr.arpa,apnic,rfc5933_gost_ds_digest,rfc5933_ecc_gost_algorithm,digest_type; rr_type,,0.0,1.5,0.0,2.0,3.0,0.0,0.0,0.0,0.0,trace_sig_0011_rfc5933,"RFC 5933 partially matches signal sig_0011: the optional indicator rfc5933_gost_ds_digest passed because rr_type=DS is in [DS, CDS] and digest_type=3 equals the expected value 3. The required indicator rfc5933_ecc_gost_algorithm was not satisfied: algorithm=13 does not equal the expected value 12. The observation on 2019-12-01 is 3440 days after RFC 5933's publication on 2010-07-01, so the timestamp is valid. Score 0.0 (none): the penalties leave a raw total of -1.0, which is clamped to 0 before the 1.5 very_high specificity multiplier."
sig_0011,RFC 6698,The DNS-Based Authentication of Named Entities (DANE) Transport Layer Security (TLS) Protocol: TLSA,no_match,0.0,none,true,2019-12-01T00:00:00,2012-08-01T00:00:00,97.201.122.in-addr.arpa,apnic,,rfc6698_tlsa_fields_well_formed; rfc6698_tlsa_record_present,,tlsa_matchtype; tlsa_usage,0.0,1.5,0.0,0.0,3.0,0.0,0.0,0.0,0.0,trace_sig_0011_rfc6698,"RFC 6698 does not explain signal sig_0011: the required indicator rfc6698_tlsa_record_present failed because rr_type=DS does not equal the expected value TLSA. The observation on 2019-12-01 is 2678 days after RFC 6698's publication on 2012-08-01, so the timestamp is valid. Score 0.0 (none): no required indicator matched, so there is nothing to score."
sig_0011,RFC 6781,"DNSSEC Operational Practices, Version 2",no_match,0.0,none,true,2019-12-01T00:00:00,2012-12-01T00:00:00,97.201.122.in-addr.arpa,apnic,,rfc6781_ksk_zsk_separation,,flags,0.0,0.75,0.0,0.0,3.0,0.0,0.0,0.0,0.0,trace_sig_0011_rfc6781,"RFC 6781 does not explain signal sig_0011: the required indicator rfc6781_ksk_zsk_separation failed because rr_type=DS does not equal the expected value DNSKEY. The observation on 2019-12-01 is 2556 days after RFC 6781's publication on 2012-12-01, so the timestamp is valid. Score 0.0 (none): no required indicator matched, so there is nothing to score."
sig_0011,RFC 6840,Clarifications and Implementation Notes for DNS Security (DNSSEC),non_queryable,0.0,none,true,2019-12-01T00:00:00,2013-02-01T00:00:00,97.201.122.in-addr.arpa,apnic,,,,name_algorithm_set_consistency,0.0,0.75,0.0,0.0,0.0,0.0,0.0,0.0,0.0,trace_sig_0011_rfc6840,"RFC 6840 could not be evaluated against signal sig_0011: every required indicator (rfc6840_mandatory_algorithm_rules) depends on fields the OpenINTEL corpus does not export, so no verdict is possible in either direction. The observation on 2019-12-01 is 2494 days after RFC 6840's publication on 2013-02-01, so the timestamp is valid. This is a corpus limitation, not a statement about the observation."
sig_0011,RFC 7344,Automating DNSSEC Delegation Trust Maintenance,no_match,0.0,none,true,2019-12-01T00:00:00,2014-09-01T00:00:00,97.201.122.in-addr.arpa,apnic,,rfc7344_cds_cdnskey_present; rfc7344_cds_publishes_digest,,,0.0,1.25,0.0,0.0,3.0,0.0,0.0,0.0,0.0,trace_sig_0011_rfc7344,"RFC 7344 does not explain signal sig_0011: the required indicator rfc7344_cds_cdnskey_present failed because rr_type=DS is not in [CDS, CDNSKEY]. The observation on 2019-12-01 is 1917 days after RFC 7344's publication on 2014-09-01, so the timestamp is valid. Score 0.0 (none): no required indicator matched, so there is nothing to score."
sig_0011,RFC 7583,DNSSEC Key Rollover Timing Considerations,non_queryable,0.0,none,true,2019-12-01T00:00:00,2015-10-01T00:00:00,97.201.122.in-addr.arpa,apnic,,,,key_rollover_phase,0.0,0.75,0.0,0.0,0.0,0.0,0.0,0.0,0.0,trace_sig_0011_rfc7583,"RFC 7583 could not be evaluated against signal sig_0011: every required indicator (rfc7583_rollover_timing_observed) depends on fields the OpenINTEL corpus does not export, so no verdict is possible in either direction. The observation on 2019-12-01 is 1522 days after RFC 7583's publication on 2015-10-01, so the timestamp is valid. This is a corpus limitation, not a statement about the observation."
sig_0011,RFC 7671,The DNS-Based Authentication of Named Entities (DANE) Protocol: Updates and Operational Guidance,no_match,0.0,none,true,2019-12-01T00:00:00,2015-10-01T00:00:00,97.201.122.in-addr.arpa,apnic,,rfc7671_dane_usage_preferred,,tlsa_usage,0.0,1.25,0.0,0.0,3.0,0.0,0.0,0.0,0.0,trace_sig_0011_rfc7671,"RFC 7671 does not explain signal sig_0011: the required indicator rfc7671_dane_usage_preferred failed because rr_type=DS does not equal the expected value TLSA. The observation on 2019-12-01 is 1522 days after RFC 7671's publication on 2015-10-01, so the timestamp is valid. Score 0.0 (none): no required indicator matched, so there is nothing to score."
sig_0011,RFC 7672,SMTP Security via Opportunistic DNS-Based Authentication of Named Entities (DANE) Transport Layer Security (TLS),no_match,0.0,none,true,2019-12-01T00:00:00,2015-10-01T00:00:00,97.201.122.in-addr.arpa,apnic,,rfc7672_smtp_dane_tlsa,,domain,0.0,1.5,0.0,0.0,3.0,0.0,0.0,0.0,0.0,trace_sig_0011_rfc7672,"RFC 7672 does not explain signal sig_0011: the required indicator rfc7672_smtp_dane_tlsa failed because rr_type=DS does not equal the expected value TLSA. The observation on 2019-12-01 is 1522 days after RFC 7672's publication on 2015-10-01, so the timestamp is valid. Score 0.0 (none): no required indicator matched, so there is nothing to score."
sig_0011,RFC 8078,Managing DS Records from the Parent via CDS/CDNSKEY,no_match,0.0,none,true,2019-12-01T00:00:00,2017-03-01T00:00:00,97.201.122.in-addr.arpa,apnic,,rfc8078_cds_cdnskey_algorithm_zero; rfc8078_delete_signal_digest_zero,,,0.0,1.5,0.0,0.0,3.0,0.0,0.0,0.0,0.0,trace_sig_0011_rfc8078,"RFC 8078 does not explain signal sig_0011: the required indicator rfc8078_cds_cdnskey_algorithm_zero failed because rr_type=DS is not in [CDS, CDNSKEY]. The observation on 2019-12-01 is 1005 days after RFC 8078's publication on 2017-03-01, so the timestamp is valid. Score 0.0 (none): no required indicator matched, so there is nothing to score."
sig_0011,RFC 8080,Edwards-Curve Digital Security Algorithm (EdDSA) for DNSSEC,no_match,0.0,none,true,2019-12-01T00:00:00,2017-02-01T00:00:00,97.201.122.in-addr.arpa,apnic,,rfc8080_eddsa_algorithm; rfc8080_eddsa_on_key_or_signature,,,0.0,1.5,0.0,0.0,3.0,0.0,0.0,0.0,0.0,trace_sig_0011_rfc8080,"RFC 8080 does not explain signal sig_0011: the required indicator rfc8080_eddsa_algorithm failed because algorithm=13 is not in [15, 16]. The observation on 2019-12-01 is 1033 days after RFC 8080's publication on 2017-02-01, so the timestamp is valid. Score 0.0 (none): no required indicator matched, so there is nothing to score."
sig_0011,RFC 8198,Aggressive Use of DNSSEC-Validated Cache,non_queryable,0.0,none,true,2019-12-01T00:00:00,2017-07-01T00:00:00,97.201.122.in-addr.arpa,apnic,,,,resolver_synthesised_nxdomain,0.0,1.0,0.0,0.0,0.0,0.0,0.0,0.0,0.0,trace_sig_0011_rfc8198,"RFC 8198 could not be evaluated against signal sig_0011: every required indicator (rfc8198_aggressive_nsec_use) depends on fields the OpenINTEL corpus does not export, so no verdict is possible in either direction. The observation on 2019-12-01 is 883 days after RFC 8198's publication on 2017-07-01, so the timestamp is valid. This is a corpus limitation, not a statement about the observation."
sig_0011,RFC 9077,NSEC and NSEC3: TTLs and Aggressive Use,no_match,0.0,none,false,2019-12-01T00:00:00,2021-07-01T00:00:00,97.201.122.in-addr.arpa,apnic,,rfc9077_nsec_ttl_bounded,,record_ttl,0.0,1.25,0.0,0.0,3.0,0.0,0.0,0.0,0.0,trace_sig_0011_rfc9077,"RFC 9077 does not explain signal sig_0011: the required indicator rfc9077_nsec_ttl_bounded failed because rr_type=DS is not in [NSEC, NSEC3]. The observation on 2019-12-01 predates RFC 9077's publication on 2021-07-01 by 578 days. An observation cannot evidence adoption of an RFC that did not yet exist, so the score is forfeited. Score 0.0 (none): no required indicator matched, so there is nothing to score."
sig_0011,RFC 9276,Guidance for NSEC3 Parameter Settings,no_match,0.0,none,false,2019-12-01T00:00:00,2022-08-01T00:00:00,97.201.122.in-addr.arpa,apnic,,rfc9276_empty_nsec3_salt; rfc9276_zero_nsec3_iterations,,nsec3_iterations; nsec3_salt,0.0,1.5,0.0,0.0,3.0,0.0,0.0,0.0,0.0,trace_sig_0011_rfc9276,"RFC 9276 does not explain signal sig_0011: the required indicator rfc9276_zero_nsec3_iterations failed because rr_type=DS is not in [NSEC3, NSEC3PARAM]. The observation on 2019-12-01 predates RFC 9276's publication on 2022-08-01 by 974 days. An observation cannot evidence adoption of an RFC that did not yet exist, so the score is forfeited. Score 0.0 (none): no required indicator matched, so there is nothing to score."
sig_0011,RFC 9364,DNS Security Extensions (DNSSEC),non_queryable,0.0,none,false,2019-12-01T00:00:00,2023-02-01T00:00:00,97.201.122.in-addr.arpa,apnic,,,,declared_standards_profile,0.0,0.75,0.0,0.0,0.0,0.0,0.0,0.0,0.0,trace_sig_0011_rfc9364,"RFC 9364 could not be evaluated against signal sig_0011: every required indicator (rfc9364_bcp_profile_declared) depends on fields the OpenINTEL corpus does not export, so no verdict is possible in either direction. The observation on 2019-12-01 predates RFC 9364's publication on 2023-02-01 by 1158 days. An observation cannot evidence adoption of an RFC that did not yet exist, so the score is forfeited. This is a corpus limitation, not a statement about the observation."
sig_0011,RFC 9558,Use of GOST 2012 Signature Algorithms in DNSKEY and RRSIG Resource Records for DNSSEC,no_match,0.0,none,false,2019-12-01T00:00:00,2024-04-01T00:00:00,97.201.122.in-addr.arpa,apnic,,rfc9558_gost2012_algorithm; rfc9558_gost2012_ds_digest,,,0.0,1.5,0.0,0.0,3.0,0.0,0.0,0.0,0.0,trace_sig_0011_rfc9558,"RFC 9558 does not explain signal sig_0011: the required indicator rfc9558_gost2012_algorithm failed because algorithm=13 does not equal the expected value 23. The observation on 2019-12-01 predates RFC 9558's publication on 2024-04-01 by 1583 days. An observation cannot evidence adoption of an RFC that did not yet exist, so the score is forfeited. Score 0.0 (none): no required indicator matched, so there is nothing to score."
sig_0011,RFC 9563,SM2 Digital Signature Algorithm for DNSSEC,no_match,0.0,none,false,2019-12-01T00:00:00,2024-12-01T00:00:00,97.201.122.in-addr.arpa,apnic,,rfc9563_sm2sm3_algorithm; rfc9563_sm3_ds_digest,,,0.0,1.5,0.0,0.0,3.0,0.0,0.0,0.0,0.0,trace_sig_0011_rfc9563,"RFC 9563 does not explain signal sig_0011: the required indicator rfc9563_sm2sm3_algorithm failed because algorithm=13 does not equal the expected value 17. The observation on 2019-12-01 predates RFC 9563's publication on 2024-12-01 by 1827 days. An observation cannot evidence adoption of an RFC that did not yet exist, so the score is forfeited. Score 0.0 (none): no required indicator matched, so there is nothing to score."
sig_0011,RFC 9615,Automatic DNSSEC Bootstrapping Using Authenticated Signals from the Zone's Operator,non_queryable,0.0,none,false,2019-12-01T00:00:00,2024-07-01T00:00:00,97.201.122.in-addr.arpa,apnic,,,,domain; rr_type,0.0,1.5,0.0,0.0,0.0,0.0,0.0,0.0,0.0,trace_sig_0011_rfc9615,"RFC 9615 could not be evaluated against signal sig_0011: every required indicator (rfc9615_bootstrap_signal_label) depends on fields the OpenINTEL corpus does not export, so no verdict is possible in either direction. The observation on 2019-12-01 predates RFC 9615's publication on 2024-07-01 by 1674 days. An observation cannot evidence adoption of an RFC that did not yet exist, so the score is forfeited. This is a corpus limitation, not a statement about the observation."
sig_0011,RFC 9904,DNSSEC Cryptographic Algorithm Recommendation Update Process,non_queryable,0.0,none,false,2019-12-01T00:00:00,2025-11-01T00:00:00,97.201.122.in-addr.arpa,apnic,,,,guidance_source_registry,0.0,0.75,0.0,0.0,0.0,0.0,0.0,0.0,0.0,trace_sig_0011_rfc9904,"RFC 9904 could not be evaluated against signal sig_0011: every required indicator (rfc9904_algorithm_guidance_process) depends on fields the OpenINTEL corpus does not export, so no verdict is possible in either direction. The observation on 2019-12-01 predates RFC 9904's publication on 2025-11-01 by 2162 days. An observation cannot evidence adoption of an RFC that did not yet exist, so the score is forfeited. This is a corpus limitation, not a statement about the observation."
sig_0011,RFC 9905,Deprecating the Use of SHA-1 in DNSSEC Signature Algorithms,no_match,0.0,none,false,2019-12-01T00:00:00,2025-11-01T00:00:00,97.201.122.in-addr.arpa,apnic,,rfc9905_deprecated_sha1_in_delegation; rfc9905_deprecated_sha1_signature_still_published,,,0.0,1.25,0.0,0.0,3.0,0.0,0.0,0.0,0.0,trace_sig_0011_rfc9905,"RFC 9905 does not explain signal sig_0011: the required indicator rfc9905_deprecated_sha1_signature_still_published failed because rr_type=DS is not in [DNSKEY, RRSIG, CDNSKEY]. The observation on 2019-12-01 predates RFC 9905's publication on 2025-11-01 by 2162 days. An observation cannot evidence adoption of an RFC that did not yet exist, so the score is forfeited. Score 0.0 (none): no required indicator matched, so there is nothing to score."
sig_0011,RFC 9906,Deprecate Usage of ECC-GOST within DNSSEC,timestamp_invalid,0.0,none,false,2019-12-01T00:00:00,2025-11-01T00:00:00,97.201.122.in-addr.arpa,apnic,rfc9906_deprecated_gost_digest_still_published,rfc9906_deprecated_ecc_gost_still_published,digest_type; rr_type,,0.0,1.5,0.0,2.0,3.0,0.0,0.0,0.0,0.0,trace_sig_0011_rfc9906,"RFC 9906 cannot explain signal sig_0011: although rr_type=DS and digest_type=3 satisfy the optional indicator rfc9906_deprecated_gost_digest_still_published, the observation on 2019-12-01 predates RFC 9906's publication on 2025-11-01 by 2162 days. An observation cannot evidence adoption of an RFC that did not yet exist, so the score of 0.0 is forfeited and this is routed to the review queue. The withheld score derives from (0.0 required + 2.0 optional - 3.0 missing-required penalty) x 1.5 very_high specificity."
sig_0012,RFC 6605,Elliptic Curve Digital Signature Algorithm (DSA) for DNSSEC,valid_match,13.125,very_high,true,2020-04-01T00:00:00,2012-04-01T00:00:00,70.119.199.in-addr.arpa,arin,rfc6605_ecdsa_algorithm; rfc6605_ecdsa_on_key_or_signature,,algorithm; rr_type,,9.0,1.25,0.0,1.5,0.0,0.0,0.0,0.0,13.125,trace_sig_0012_rfc6605,"RFC 6605 matched signal sig_0012: the required indicator rfc6605_ecdsa_algorithm passed because algorithm=13 is in [13, 14]. Corroborating indicators also matched: rfc6605_ecdsa_on_key_or_signature. The observation on 2020-04-01 is 2922 days after RFC 6605's publication on 2012-04-01, so the timestamp is valid. Score 13.125 (very_high) = (9.0 required + 1.5 optional) x 1.25 high specificity."
sig_0012,RFC 4509,Use of SHA-256 in DNSSEC Delegation Signer (DS) Resource Records,valid_match,11.25,high,true,2020-04-01T00:00:00,2006-05-01T00:00:00,70.119.199.in-addr.arpa,arin,rfc4509_ds_sha256_digest,,digest_type; rr_type,,9.0,1.25,0.0,0.0,0.0,0.0,0.0,0.0,11.25,trace_sig_0012_rfc4509,"RFC 4509 matched signal sig_0012: the required indicator rfc4509_ds_sha256_digest passed because rr_type=DS is in [DS, CDS] and digest_type=2 equals the expected value 2. The observation on 2020-04-01 is 5084 days after RFC 4509's publication on 2006-05-01, so the timestamp is valid. Score 11.25 (high) = (9.0 required) x 1.25 high specificity."
sig_0012,RFC 4033,DNS Security Introduction and Requirements (DNSSEC base: RFC 4033/4034/4035),valid_match,3.75,low,true,2020-04-01T00:00:00,2005-03-01T00:00:00,70.119.199.in-addr.arpa,arin,rfc4033_base_dnssec_record_present; rfc4033_dnssec_algorithm_present,rfc4033_dnssec_ok_negotiated,algorithm; rr_type,dnssec_ok_flag,4.0,0.75,0.0,1.0,0.0,0.0,0.0,0.0,3.75,trace_sig_0012_rfc4033,"RFC 4033 matched signal sig_0012: the required indicator rfc4033_base_dnssec_record_present passed because rr_type=DS is in [DNSKEY, DS, RRSIG, NSEC]. Corroborating indicators also matched: rfc4033_dnssec_algorithm_present. Indicator rfc4033_dnssec_ok_negotiated did not match: field 'dnssec_ok_flag' is absent from this observation, so the condition 'dnssec_ok_flag must equal true' could not be satisfied (absence is not evidence). The observation on 2020-04-01 is 5510 days after RFC 4033's publication on 2005-03-01, so the timestamp is valid. Score 3.75 (low) = (4.0 required + 1.0 optional) x 0.75 low specificity."
sig_0012,RFC 8624,Algorithm Implementation Requirements and Usage Guidance for DNSSEC,ambiguous,3.375,low,true,2020-04-01T00:00:00,2019-06-01T00:00:00,70.119.199.in-addr.arpa,arin,rfc8624_avoids_deprecated_algorithm; rfc8624_recommended_signing_algorithm,,algorithm,rr_type; validator_algorithm_support,5.0,0.75,0.0,1.5,0.0,0.0,2.0,0.0,3.375,trace_sig_0012_rfc8624,"RFC 8624 is an ambiguous match for signal sig_0012: the required indicator rfc8624_recommended_signing_algorithm passed because algorithm=13 is in [13, 15]. Corroborating indicators also matched: rfc8624_avoids_deprecated_algorithm. The checklist flags rfc8624_avoids_deprecated_algorithm, rfc8624_recommended_signing_algorithm ambiguous: the same observation is equally explained by other RFCs, so the match is penalized and sent to the review queue rather than reported as adoption. The observation on 2020-04-01 is 305 days after RFC 8624's publication on 2019-06-01, so the timestamp is valid. Score 3.375 (low) = (5.0 required + 1.5 optional - 2.0 ambiguity penalty) x 0.75 low specificity."
sig_0012,RFC 4034,Resource Records for the DNS Security Extensions,valid_match,3.0,low,true,2020-04-01T00:00:00,2005-03-01T00:00:00,70.119.199.in-addr.arpa,arin,rfc4034_core_record_present,rfc4034_dnskey_protocol_is_three; rfc4034_rrsig_type_covered_present,rr_type,dnskey_protocol; rrsig_type_covered,3.0,1.0,0.0,0.0,0.0,0.0,0.0,0.0,3.0,trace_sig_0012_rfc4034,"RFC 4034 matched signal sig_0012: the required indicator rfc4034_core_record_present passed because rr_type=DS is in [DNSKEY, DS, RRSIG, NSEC]. Indicator rfc4034_dnskey_protocol_is_three did not match: rr_type=DS is not in [DNSKEY, CDNSKEY]. The observation on 2020-04-01 is 5510 days after RFC 4034's publication on 2005-03-01, so the timestamp is valid. Score 3.0 (low) = (3.0 required) x 1.0 medium specificity."
sig_0012,RFC 3110,RSA/SHA-1 SIGs and RSA KEYs in the Domain Name System (DNS),no_match,0.0,none,true,2020-04-01T00:00:00,2001-05-01T00:00:00,70.119.199.in-addr.arpa,arin,,rfc3110_rsasha1_algorithm; rfc3110_rsasha1_on_key_or_signature,,,0.0,1.25,0.0,0.0,3.0,0.0,0.0,0.0,0.0,trace_sig_0012_rfc3110,"RFC 3110 does not explain signal sig_0012: the required indicator rfc3110_rsasha1_algorithm failed because algorithm=13 does not equal the expected value 5. The observation on 2020-04-01 is 6910 days after RFC 3110's publication on 2001-05-01, so the timestamp is valid. Score 0.0 (none): no required indicator matched, so there is nothing to score."
sig_0012,RFC 4035,Protocol Modifications for the DNS Security Extensions,non_queryable,0.0,none,true,2020-04-01T00:00:00,2005-03-01T00:00:00,70.119.199.in-addr.arpa,arin,,,,dnssec_ok_flag,0.0,0.75,0.0,0.0,0.0,0.0,0.0,0.0,0.0,trace_sig_0012_rfc4035,"RFC 4035 could not be evaluated against signal sig_0012: every required indicator (rfc4035_dnssec_ok_negotiated) depends on fields the OpenINTEL corpus does not export, so no verdict is possible in either direction. The observation on 2020-04-01 is 5510 days after RFC 4035's publication on 2005-03-01, so the timestamp is valid. This is a corpus limitation, not a statement about the observation."
sig_0012,RFC 5011,Automated Updates of DNS Security (DNSSEC) Trust Anchors,no_match,0.0,none,true,2020-04-01T00:00:00,2007-09-01T00:00:00,70.119.199.in-addr.arpa,arin,,rfc5011_revoked_key_published,,flags,0.0,1.25,0.0,0.0,3.0,0.0,0.0,0.0,0.0,trace_sig_0012_rfc5011,"RFC 5011 does not explain signal sig_0012: the required indicator rfc5011_revoked_key_published failed because rr_type=DS does not equal the expected value DNSKEY. The observation on 2020-04-01 is 4596 days after RFC 5011's publication on 2007-09-01, so the timestamp is valid. Score 0.0 (none): no required indicator matched, so there is nothing to score."
sig_0012,RFC 5155,DNS Security (DNSSEC) Hashed Authenticated Denial of Existence,no_match,0.0,none,true,2020-04-01T00:00:00,2008-03-01T00:00:00,70.119.199.in-addr.arpa,arin,,rfc5155_nsec3_hash_algorithm; rfc5155_nsec3_record_present,,,0.0,1.5,0.0,0.0,3.0,0.0,0.0,0.0,0.0,trace_sig_0012_rfc5155,"RFC 5155 does not explain signal sig_0012: the required indicator rfc5155_nsec3_record_present failed because rr_type=DS is not in [NSEC3, NSEC3PARAM]. The observation on 2020-04-01 is 4414 days after RFC 5155's publication on 2008-03-01, so the timestamp is valid. Score 0.0 (none): no required indicator matched, so there is nothing to score."
sig_0012,RFC 5702,Use of SHA-2 Algorithms with RSA in DNSKEY and RRSIG Resource Records for DNSSEC,no_match,0.0,none,true,2020-04-01T00:00:00,2009-10-01T00:00:00,70.119.199.in-addr.arpa,arin,,rfc5702_rsa_sha2_algorithm; rfc5702_rsa_sha2_on_dnssec_record,,,0.0,1.25,0.0,0.0,3.0,0.0,0.0,0.0,0.0,trace_sig_0012_rfc5702,"RFC 5702 does not explain signal sig_0012: the required indicator rfc5702_rsa_sha2_algorithm failed because algorithm=13 is not in [8, 10]. The observation on 2020-04-01 is 3835 days after RFC 5702's publication on 2009-10-01, so the timestamp is valid. Score 0.0 (none): no required indicator matched, so there is nothing to score."
sig_0012,RFC 5933,Use of GOST Signature Algorithms in DNSKEY and RRSIG Resource Records for DNSSEC,no_match,0.0,none,true,2020-04-01T00:00:00,2010-07-01T00:00:00,70.119.199.in-addr.arpa,arin,,rfc5933_ecc_gost_algorithm; rfc5933_gost_ds_digest,,,0.0,1.5,0.0,0.0,3.0,0.0,0.0,0.0,0.0,trace_sig_0012_rfc5933,"RFC 5933 does not explain signal sig_0012: the required indicator rfc5933_ecc_gost_algorithm failed because algorithm=13 does not equal the expected value 12. The observation on 2020-04-01 is 3562 days after RFC 5933's publication on 2010-07-01, so the timestamp is valid. Score 0.0 (none): no required indicator matched, so there is nothing to score."
sig_0012,RFC 6698,The DNS-Based Authentication of Named Entities (DANE) Transport Layer Security (TLS) Protocol: TLSA,no_match,0.0,none,true,2020-04-01T00:00:00,2012-08-01T00:00:00,70.119.199.in-addr.arpa,arin,,rfc6698_tlsa_fields_well_formed; rfc6698_tlsa_record_present,,tlsa_matchtype; tlsa_usage,0.0,1.5,0.0,0.0,3.0,0.0,0.0,0.0,0.0,trace_sig_0012_rfc6698,"RFC 6698 does not explain signal sig_0012: the required indicator rfc6698_tlsa_record_present failed because rr_type=DS does not equal the expected value TLSA. The observation on 2020-04-01 is 2800 days after RFC 6698's publication on 2012-08-01, so the timestamp is valid. Score 0.0 (none): no required indicator matched, so there is nothing to score."
sig_0012,RFC 6781,"DNSSEC Operational Practices, Version 2",no_match,0.0,none,true,2020-04-01T00:00:00,2012-12-01T00:00:00,70.119.199.in-addr.arpa,arin,,rfc6781_ksk_zsk_separation,,flags,0.0,0.75,0.0,0.0,3.0,0.0,0.0,0.0,0.0,trace_sig_0012_rfc6781,"RFC 6781 does not explain signal sig_0012: the required indicator rfc6781_ksk_zsk_separation failed because rr_type=DS does not equal the expected value DNSKEY. The observation on 2020-04-01 is 2678 days after RFC 6781's publication on 2012-12-01, so the timestamp is valid. Score 0.0 (none): no required indicator matched, so there is nothing to score."
sig_0012,RFC 6840,Clarifications and Implementation Notes for DNS Security (DNSSEC),non_queryable,0.0,none,true,2020-04-01T00:00:00,2013-02-01T00:00:00,70.119.199.in-addr.arpa,arin,,,,name_algorithm_set_consistency,0.0,0.75,0.0,0.0,0.0,0.0,0.0,0.0,0.0,trace_sig_0012_rfc6840,"RFC 6840 could not be evaluated against signal sig_0012: every required indicator (rfc6840_mandatory_algorithm_rules) depends on fields the OpenINTEL corpus does not export, so no verdict is possible in either direction. The observation on 2020-04-01 is 2616 days after RFC 6840's publication on 2013-02-01, so the timestamp is valid. This is a corpus limitation, not a statement about the observation."
sig_0012,RFC 7344,Automating DNSSEC Delegation Trust Maintenance,no_match,0.0,none,true,2020-04-01T00:00:00,2014-09-01T00:00:00,70.119.199.in-addr.arpa,arin,,rfc7344_cds_cdnskey_present; rfc7344_cds_publishes_digest,,,0.0,1.25,0.0,0.0,3.0,0.0,0.0,0.0,0.0,trace_sig_0012_rfc7344,"RFC 7344 does not explain signal sig_0012: the required indicator rfc7344_cds_cdnskey_present failed because rr_type=DS is not in [CDS, CDNSKEY]. The observation on 2020-04-01 is 2039 days after RFC 7344's publication on 2014-09-01, so the timestamp is valid. Score 0.0 (none): no required indicator matched, so there is nothing to score."
sig_0012,RFC 7583,DNSSEC Key Rollover Timing Considerations,non_queryable,0.0,none,true,2020-04-01T00:00:00,2015-10-01T00:00:00,70.119.199.in-addr.arpa,arin,,,,key_rollover_phase,0.0,0.75,0.0,0.0,0.0,0.0,0.0,0.0,0.0,trace_sig_0012_rfc7583,"RFC 7583 could not be evaluated against signal sig_0012: every required indicator (rfc7583_rollover_timing_observed) depends on fields the OpenINTEL corpus does not export, so no verdict is possible in either direction. The observation on 2020-04-01 is 1644 days after RFC 7583's publication on 2015-10-01, so the timestamp is valid. This is a corpus limitation, not a statement about the observation."
sig_0012,RFC 7671,The DNS-Based Authentication of Named Entities (DANE) Protocol: Updates and Operational Guidance,no_match,0.0,none,true,2020-04-01T00:00:00,2015-10-01T00:00:00,70.119.199.in-addr.arpa,arin,,rfc7671_dane_usage_preferred,,tlsa_usage,0.0,1.25,0.0,0.0,3.0,0.0,0.0,0.0,0.0,trace_sig_0012_rfc7671,"RFC 7671 does not explain signal sig_0012: the required indicator rfc7671_dane_usage_preferred failed because rr_type=DS does not equal the expected value TLSA. The observation on 2020-04-01 is 1644 days after RFC 7671's publication on 2015-10-01, so the timestamp is valid. Score 0.0 (none): no required indicator matched, so there is nothing to score."
sig_0012,RFC 7672,SMTP Security via Opportunistic DNS-Based Authentication of Named Entities (DANE) Transport Layer Security (TLS),no_match,0.0,none,true,2020-04-01T00:00:00,2015-10-01T00:00:00,70.119.199.in-addr.arpa,arin,,rfc7672_smtp_dane_tlsa,,domain,0.0,1.5,0.0,0.0,3.0,0.0,0.0,0.0,0.0,trace_sig_0012_rfc7672,"RFC 7672 does not explain signal sig_0012: the required indicator rfc7672_smtp_dane_tlsa failed because rr_type=DS does not equal the expected value TLSA. The observation on 2020-04-01 is 1644 days after RFC 7672's publication on 2015-10-01, so the timestamp is valid. Score 0.0 (none): no required indicator matched, so there is nothing to score."
sig_0012,RFC 8078,Managing DS Records from the Parent via CDS/CDNSKEY,no_match,0.0,none,true,2020-04-01T00:00:00,2017-03-01T00:00:00,70.119.199.in-addr.arpa,arin,,rfc8078_cds_cdnskey_algorithm_zero; rfc8078_delete_signal_digest_zero,,,0.0,1.5,0.0,0.0,3.0,0.0,0.0,0.0,0.0,trace_sig_0012_rfc8078,"RFC 8078 does not explain signal sig_0012: the required indicator rfc8078_cds_cdnskey_algorithm_zero failed because rr_type=DS is not in [CDS, CDNSKEY]. The observation on 2020-04-01 is 1127 days after RFC 8078's publication on 2017-03-01, so the timestamp is valid. Score 0.0 (none): no required indicator matched, so there is nothing to score."
sig_0012,RFC 8080,Edwards-Curve Digital Security Algorithm (EdDSA) for DNSSEC,no_match,0.0,none,true,2020-04-01T00:00:00,2017-02-01T00:00:00,70.119.199.in-addr.arpa,arin,,rfc8080_eddsa_algorithm; rfc8080_eddsa_on_key_or_signature,,,0.0,1.5,0.0,0.0,3.0,0.0,0.0,0.0,0.0,trace_sig_0012_rfc8080,"RFC 8080 does not explain signal sig_0012: the required indicator rfc8080_eddsa_algorithm failed because algorithm=13 is not in [15, 16]. The observation on 2020-04-01 is 1155 days after RFC 8080's publication on 2017-02-01, so the timestamp is valid. Score 0.0 (none): no required indicator matched, so there is nothing to score."
sig_0012,RFC 8198,Aggressive Use of DNSSEC-Validated Cache,non_queryable,0.0,none,true,2020-04-01T00:00:00,2017-07-01T00:00:00,70.119.199.in-addr.arpa,arin,,,,resolver_synthesised_nxdomain,0.0,1.0,0.0,0.0,0.0,0.0,0.0,0.0,0.0,trace_sig_0012_rfc8198,"RFC 8198 could not be evaluated against signal sig_0012: every required indicator (rfc8198_aggressive_nsec_use) depends on fields the OpenINTEL corpus does not export, so no verdict is possible in either direction. The observation on 2020-04-01 is 1005 days after RFC 8198's publication on 2017-07-01, so the timestamp is valid. This is a corpus limitation, not a statement about the observation."
sig_0012,RFC 9077,NSEC and NSEC3: TTLs and Aggressive Use,no_match,0.0,none,false,2020-04-01T00:00:00,2021-07-01T00:00:00,70.119.199.in-addr.arpa,arin,,rfc9077_nsec_ttl_bounded,,record_ttl,0.0,1.25,0.0,0.0,3.0,0.0,0.0,0.0,0.0,trace_sig_0012_rfc9077,"RFC 9077 does not explain signal sig_0012: the required indicator rfc9077_nsec_ttl_bounded failed because rr_type=DS is not in [NSEC, NSEC3]. The observation on 2020-04-01 predates RFC 9077's publication on 2021-07-01 by 456 days. An observation cannot evidence adoption of an RFC that did not yet exist, so the score is forfeited. Score 0.0 (none): no required indicator matched, so there is nothing to score."
sig_0012,RFC 9276,Guidance for NSEC3 Parameter Settings,no_match,0.0,none,false,2020-04-01T00:00:00,2022-08-01T00:00:00,70.119.199.in-addr.arpa,arin,,rfc9276_empty_nsec3_salt; rfc9276_zero_nsec3_iterations,,nsec3_iterations; nsec3_salt,0.0,1.5,0.0,0.0,3.0,0.0,0.0,0.0,0.0,trace_sig_0012_rfc9276,"RFC 9276 does not explain signal sig_0012: the required indicator rfc9276_zero_nsec3_iterations failed because rr_type=DS is not in [NSEC3, NSEC3PARAM]. The observation on 2020-04-01 predates RFC 9276's publication on 2022-08-01 by 852 days. An observation cannot evidence adoption of an RFC that did not yet exist, so the score is forfeited. Score 0.0 (none): no required indicator matched, so there is nothing to score."
sig_0012,RFC 9364,DNS Security Extensions (DNSSEC),non_queryable,0.0,none,false,2020-04-01T00:00:00,2023-02-01T00:00:00,70.119.199.in-addr.arpa,arin,,,,declared_standards_profile,0.0,0.75,0.0,0.0,0.0,0.0,0.0,0.0,0.0,trace_sig_0012_rfc9364,"RFC 9364 could not be evaluated against signal sig_0012: every required indicator (rfc9364_bcp_profile_declared) depends on fields the OpenINTEL corpus does not export, so no verdict is possible in either direction. The observation on 2020-04-01 predates RFC 9364's publication on 2023-02-01 by 1036 days. An observation cannot evidence adoption of an RFC that did not yet exist, so the score is forfeited. This is a corpus limitation, not a statement about the observation."
sig_0012,RFC 9558,Use of GOST 2012 Signature Algorithms in DNSKEY and RRSIG Resource Records for DNSSEC,no_match,0.0,none,false,2020-04-01T00:00:00,2024-04-01T00:00:00,70.119.199.in-addr.arpa,arin,,rfc9558_gost2012_algorithm; rfc9558_gost2012_ds_digest,,,0.0,1.5,0.0,0.0,3.0,0.0,0.0,0.0,0.0,trace_sig_0012_rfc9558,"RFC 9558 does not explain signal sig_0012: the required indicator rfc9558_gost2012_algorithm failed because algorithm=13 does not equal the expected value 23. The observation on 2020-04-01 predates RFC 9558's publication on 2024-04-01 by 1461 days. An observation cannot evidence adoption of an RFC that did not yet exist, so the score is forfeited. Score 0.0 (none): no required indicator matched, so there is nothing to score."
sig_0012,RFC 9563,SM2 Digital Signature Algorithm for DNSSEC,no_match,0.0,none,false,2020-04-01T00:00:00,2024-12-01T00:00:00,70.119.199.in-addr.arpa,arin,,rfc9563_sm2sm3_algorithm; rfc9563_sm3_ds_digest,,,0.0,1.5,0.0,0.0,3.0,0.0,0.0,0.0,0.0,trace_sig_0012_rfc9563,"RFC 9563 does not explain signal sig_0012: the required indicator rfc9563_sm2sm3_algorithm failed because algorithm=13 does not equal the expected value 17. The observation on 2020-04-01 predates RFC 9563's publication on 2024-12-01 by 1705 days. An observation cannot evidence adoption of an RFC that did not yet exist, so the score is forfeited. Score 0.0 (none): no required indicator matched, so there is nothing to score."
sig_0012,RFC 9615,Automatic DNSSEC Bootstrapping Using Authenticated Signals from the Zone's Operator,non_queryable,0.0,none,false,2020-04-01T00:00:00,2024-07-01T00:00:00,70.119.199.in-addr.arpa,arin,,,,domain; rr_type,0.0,1.5,0.0,0.0,0.0,0.0,0.0,0.0,0.0,trace_sig_0012_rfc9615,"RFC 9615 could not be evaluated against signal sig_0012: every required indicator (rfc9615_bootstrap_signal_label) depends on fields the OpenINTEL corpus does not export, so no verdict is possible in either direction. The observation on 2020-04-01 predates RFC 9615's publication on 2024-07-01 by 1552 days. An observation cannot evidence adoption of an RFC that did not yet exist, so the score is forfeited. This is a corpus limitation, not a statement about the observation."
sig_0012,RFC 9904,DNSSEC Cryptographic Algorithm Recommendation Update Process,non_queryable,0.0,none,false,2020-04-01T00:00:00,2025-11-01T00:00:00,70.119.199.in-addr.arpa,arin,,,,guidance_source_registry,0.0,0.75,0.0,0.0,0.0,0.0,0.0,0.0,0.0,trace_sig_0012_rfc9904,"RFC 9904 could not be evaluated against signal sig_0012: every required indicator (rfc9904_algorithm_guidance_process) depends on fields the OpenINTEL corpus does not export, so no verdict is possible in either direction. The observation on 2020-04-01 predates RFC 9904's publication on 2025-11-01 by 2040 days. An observation cannot evidence adoption of an RFC that did not yet exist, so the score is forfeited. This is a corpus limitation, not a statement about the observation."
sig_0012,RFC 9905,Deprecating the Use of SHA-1 in DNSSEC Signature Algorithms,no_match,0.0,none,false,2020-04-01T00:00:00,2025-11-01T00:00:00,70.119.199.in-addr.arpa,arin,,rfc9905_deprecated_sha1_in_delegation; rfc9905_deprecated_sha1_signature_still_published,,,0.0,1.25,0.0,0.0,3.0,0.0,0.0,0.0,0.0,trace_sig_0012_rfc9905,"RFC 9905 does not explain signal sig_0012: the required indicator rfc9905_deprecated_sha1_signature_still_published failed because rr_type=DS is not in [DNSKEY, RRSIG, CDNSKEY]. The observation on 2020-04-01 predates RFC 9905's publication on 2025-11-01 by 2040 days. An observation cannot evidence adoption of an RFC that did not yet exist, so the score is forfeited. Score 0.0 (none): no required indicator matched, so there is nothing to score."
sig_0012,RFC 9906,Deprecate Usage of ECC-GOST within DNSSEC,no_match,0.0,none,false,2020-04-01T00:00:00,2025-11-01T00:00:00,70.119.199.in-addr.arpa,arin,,rfc9906_deprecated_ecc_gost_still_published; rfc9906_deprecated_gost_digest_still_published,,,0.0,1.5,0.0,0.0,3.0,0.0,0.0,0.0,0.0,trace_sig_0012_rfc9906,"RFC 9906 does not explain signal sig_0012: the required indicator rfc9906_deprecated_ecc_gost_still_published failed because algorithm=13 does not equal the expected value 12. The observation on 2020-04-01 predates RFC 9906's publication on 2025-11-01 by 2040 days. An observation cannot evidence adoption of an RFC that did not yet exist, so the score is forfeited. Score 0.0 (none): no required indicator matched, so there is nothing to score."
sig_0013,RFC 5702,Use of SHA-2 Algorithms with RSA in DNSKEY and RRSIG Resource Records for DNSSEC,valid_match,13.125,very_high,true,2020-05-01T00:00:00,2009-10-01T00:00:00,35.116.in-addr.arpa,apnic,rfc5702_rsa_sha2_algorithm; rfc5702_rsa_sha2_on_dnssec_record,,algorithm; rr_type,,9.0,1.25,0.0,1.5,0.0,0.0,0.0,0.0,13.125,trace_sig_0013_rfc5702,"RFC 5702 matched signal sig_0013: the required indicator rfc5702_rsa_sha2_algorithm passed because algorithm=8 is in [8, 10]. Corroborating indicators also matched: rfc5702_rsa_sha2_on_dnssec_record. The observation on 2020-05-01 is 3865 days after RFC 5702's publication on 2009-10-01, so the timestamp is valid. Score 13.125 (very_high) = (9.0 required + 1.5 optional) x 1.25 high specificity."
sig_0013,RFC 4033,DNS Security Introduction and Requirements (DNSSEC base: RFC 4033/4034/4035),valid_match,3.75,low,true,2020-05-01T00:00:00,2005-03-01T00:00:00,35.116.in-addr.arpa,apnic,rfc4033_base_dnssec_record_present; rfc4033_dnssec_algorithm_present,rfc4033_dnssec_ok_negotiated,algorithm; rr_type,dnssec_ok_flag,4.0,0.75,0.0,1.0,0.0,0.0,0.0,0.0,3.75,trace_sig_0013_rfc4033,"RFC 4033 matched signal sig_0013: the required indicator rfc4033_base_dnssec_record_present passed because rr_type=DS is in [DNSKEY, DS, RRSIG, NSEC]. Corroborating indicators also matched: rfc4033_dnssec_algorithm_present. Indicator rfc4033_dnssec_ok_negotiated did not match: field 'dnssec_ok_flag' is absent from this observation, so the condition 'dnssec_ok_flag must equal true' could not be satisfied (absence is not evidence). The observation on 2020-05-01 is 5540 days after RFC 4033's publication on 2005-03-01, so the timestamp is valid. Score 3.75 (low) = (4.0 required + 1.0 optional) x 0.75 low specificity."
sig_0013,RFC 4034,Resource Records for the DNS Security Extensions,valid_match,3.0,low,true,2020-05-01T00:00:00,2005-03-01T00:00:00,35.116.in-addr.arpa,apnic,rfc4034_core_record_present,rfc4034_dnskey_protocol_is_three; rfc4034_rrsig_type_covered_present,rr_type,dnskey_protocol; rrsig_type_covered,3.0,1.0,0.0,0.0,0.0,0.0,0.0,0.0,3.0,trace_sig_0013_rfc4034,"RFC 4034 matched signal sig_0013: the required indicator rfc4034_core_record_present passed because rr_type=DS is in [DNSKEY, DS, RRSIG, NSEC]. Indicator rfc4034_dnskey_protocol_is_three did not match: rr_type=DS is not in [DNSKEY, CDNSKEY]. The observation on 2020-05-01 is 5540 days after RFC 4034's publication on 2005-03-01, so the timestamp is valid. Score 3.0 (low) = (3.0 required) x 1.0 medium specificity."
sig_0013,RFC 3110,RSA/SHA-1 SIGs and RSA KEYs in the Domain Name System (DNS),no_match,0.0,none,true,2020-05-01T00:00:00,2001-05-01T00:00:00,35.116.in-addr.arpa,apnic,,rfc3110_rsasha1_algorithm; rfc3110_rsasha1_on_key_or_signature,,,0.0,1.25,0.0,0.0,3.0,0.0,0.0,0.0,0.0,trace_sig_0013_rfc3110,"RFC 3110 does not explain signal sig_0013: the required indicator rfc3110_rsasha1_algorithm failed because algorithm=8 does not equal the expected value 5. The observation on 2020-05-01 is 6940 days after RFC 3110's publication on 2001-05-01, so the timestamp is valid. Score 0.0 (none): no required indicator matched, so there is nothing to score."
sig_0013,RFC 4035,Protocol Modifications for the DNS Security Extensions,non_queryable,0.0,none,true,2020-05-01T00:00:00,2005-03-01T00:00:00,35.116.in-addr.arpa,apnic,,,,dnssec_ok_flag,0.0,0.75,0.0,0.0,0.0,0.0,0.0,0.0,0.0,trace_sig_0013_rfc4035,"RFC 4035 could not be evaluated against signal sig_0013: every required indicator (rfc4035_dnssec_ok_negotiated) depends on fields the OpenINTEL corpus does not export, so no verdict is possible in either direction. The observation on 2020-05-01 is 5540 days after RFC 4035's publication on 2005-03-01, so the timestamp is valid. This is a corpus limitation, not a statement about the observation."
sig_0013,RFC 4509,Use of SHA-256 in DNSSEC Delegation Signer (DS) Resource Records,no_match,0.0,none,true,2020-05-01T00:00:00,2006-05-01T00:00:00,35.116.in-addr.arpa,apnic,,rfc4509_ds_sha256_digest,,,0.0,1.25,0.0,0.0,3.0,0.0,0.0,0.0,0.0,trace_sig_0013_rfc4509,"RFC 4509 does not explain signal sig_0013: the required indicator rfc4509_ds_sha256_digest failed because digest_type=1 does not equal the expected value 2. The observation on 2020-05-01 is 5114 days after RFC 4509's publication on 2006-05-01, so the timestamp is valid. Score 0.0 (none): no required indicator matched, so there is nothing to score."
sig_0013,RFC 5011,Automated Updates of DNS Security (DNSSEC) Trust Anchors,no_match,0.0,none,true,2020-05-01T00:00:00,2007-09-01T00:00:00,35.116.in-addr.arpa,apnic,,rfc5011_revoked_key_published,,flags,0.0,1.25,0.0,0.0,3.0,0.0,0.0,0.0,0.0,trace_sig_0013_rfc5011,"RFC 5011 does not explain signal sig_0013: the required indicator rfc5011_revoked_key_published failed because rr_type=DS does not equal the expected value DNSKEY. The observation on 2020-05-01 is 4626 days after RFC 5011's publication on 2007-09-01, so the timestamp is valid. Score 0.0 (none): no required indicator matched, so there is nothing to score."
sig_0013,RFC 5155,DNS Security (DNSSEC) Hashed Authenticated Denial of Existence,no_match,0.0,none,true,2020-05-01T00:00:00,2008-03-01T00:00:00,35.116.in-addr.arpa,apnic,,rfc5155_nsec3_hash_algorithm; rfc5155_nsec3_record_present,,,0.0,1.5,0.0,0.0,3.0,0.0,0.0,0.0,0.0,trace_sig_0013_rfc5155,"RFC 5155 does not explain signal sig_0013: the required indicator rfc5155_nsec3_record_present failed because rr_type=DS is not in [NSEC3, NSEC3PARAM]. The observation on 2020-05-01 is 4444 days after RFC 5155's publication on 2008-03-01, so the timestamp is valid. Score 0.0 (none): no required indicator matched, so there is nothing to score."
sig_0013,RFC 5933,Use of GOST Signature Algorithms in DNSKEY and RRSIG Resource Records for DNSSEC,no_match,0.0,none,true,2020-05-01T00:00:00,2010-07-01T00:00:00,35.116.in-addr.arpa,apnic,,rfc5933_ecc_gost_algorithm; rfc5933_gost_ds_digest,,,0.0,1.5,0.0,0.0,3.0,0.0,0.0,0.0,0.0,trace_sig_0013_rfc5933,"RFC 5933 does not explain signal sig_0013: the required indicator rfc5933_ecc_gost_algorithm failed because algorithm=8 does not equal the expected value 12. The observation on 2020-05-01 is 3592 days after RFC 5933's publication on 2010-07-01, so the timestamp is valid. Score 0.0 (none): no required indicator matched, so there is nothing to score."
sig_0013,RFC 6605,Elliptic Curve Digital Signature Algorithm (DSA) for DNSSEC,no_match,0.0,none,true,2020-05-01T00:00:00,2012-04-01T00:00:00,35.116.in-addr.arpa,apnic,,rfc6605_ecdsa_algorithm; rfc6605_ecdsa_on_key_or_signature,,,0.0,1.25,0.0,0.0,3.0,0.0,0.0,0.0,0.0,trace_sig_0013_rfc6605,"RFC 6605 does not explain signal sig_0013: the required indicator rfc6605_ecdsa_algorithm failed because algorithm=8 is not in [13, 14]. The observation on 2020-05-01 is 2952 days after RFC 6605's publication on 2012-04-01, so the timestamp is valid. Score 0.0 (none): no required indicator matched, so there is nothing to score."
sig_0013,RFC 6698,The DNS-Based Authentication of Named Entities (DANE) Transport Layer Security (TLS) Protocol: TLSA,no_match,0.0,none,true,2020-05-01T00:00:00,2012-08-01T00:00:00,35.116.in-addr.arpa,apnic,,rfc6698_tlsa_fields_well_formed; rfc6698_tlsa_record_present,,tlsa_matchtype; tlsa_usage,0.0,1.5,0.0,0.0,3.0,0.0,0.0,0.0,0.0,trace_sig_0013_rfc6698,"RFC 6698 does not explain signal sig_0013: the required indicator rfc6698_tlsa_record_present failed because rr_type=DS does not equal the expected value TLSA. The observation on 2020-05-01 is 2830 days after RFC 6698's publication on 2012-08-01, so the timestamp is valid. Score 0.0 (none): no required indicator matched, so there is nothing to score."
sig_0013,RFC 6781,"DNSSEC Operational Practices, Version 2",no_match,0.0,none,true,2020-05-01T00:00:00,2012-12-01T00:00:00,35.116.in-addr.arpa,apnic,,rfc6781_ksk_zsk_separation,,flags,0.0,0.75,0.0,0.0,3.0,0.0,0.0,0.0,0.0,trace_sig_0013_rfc6781,"RFC 6781 does not explain signal sig_0013: the required indicator rfc6781_ksk_zsk_separation failed because rr_type=DS does not equal the expected value DNSKEY. The observation on 2020-05-01 is 2708 days after RFC 6781's publication on 2012-12-01, so the timestamp is valid. Score 0.0 (none): no required indicator matched, so there is nothing to score."
sig_0013,RFC 6840,Clarifications and Implementation Notes for DNS Security (DNSSEC),non_queryable,0.0,none,true,2020-05-01T00:00:00,2013-02-01T00:00:00,35.116.in-addr.arpa,apnic,,,,name_algorithm_set_consistency,0.0,0.75,0.0,0.0,0.0,0.0,0.0,0.0,0.0,trace_sig_0013_rfc6840,"RFC 6840 could not be evaluated against signal sig_0013: every required indicator (rfc6840_mandatory_algorithm_rules) depends on fields the OpenINTEL corpus does not export, so no verdict is possible in either direction. The observation on 2020-05-01 is 2646 days after RFC 6840's publication on 2013-02-01, so the timestamp is valid. This is a corpus limitation, not a statement about the observation."
sig_0013,RFC 7344,Automating DNSSEC Delegation Trust Maintenance,no_match,0.0,none,true,2020-05-01T00:00:00,2014-09-01T00:00:00,35.116.in-addr.arpa,apnic,,rfc7344_cds_cdnskey_present; rfc7344_cds_publishes_digest,,,0.0,1.25,0.0,0.0,3.0,0.0,0.0,0.0,0.0,trace_sig_0013_rfc7344,"RFC 7344 does not explain signal sig_0013: the required indicator rfc7344_cds_cdnskey_present failed because rr_type=DS is not in [CDS, CDNSKEY]. The observation on 2020-05-01 is 2069 days after RFC 7344's publication on 2014-09-01, so the timestamp is valid. Score 0.0 (none): no required indicator matched, so there is nothing to score."
sig_0013,RFC 7583,DNSSEC Key Rollover Timing Considerations,non_queryable,0.0,none,true,2020-05-01T00:00:00,2015-10-01T00:00:00,35.116.in-addr.arpa,apnic,,,,key_rollover_phase,0.0,0.75,0.0,0.0,0.0,0.0,0.0,0.0,0.0,trace_sig_0013_rfc7583,"RFC 7583 could not be evaluated against signal sig_0013: every required indicator (rfc7583_rollover_timing_observed) depends on fields the OpenINTEL corpus does not export, so no verdict is possible in either direction. The observation on 2020-05-01 is 1674 days after RFC 7583's publication on 2015-10-01, so the timestamp is valid. This is a corpus limitation, not a statement about the observation."
sig_0013,RFC 7671,The DNS-Based Authentication of Named Entities (DANE) Protocol: Updates and Operational Guidance,no_match,0.0,none,true,2020-05-01T00:00:00,2015-10-01T00:00:00,35.116.in-addr.arpa,apnic,,rfc7671_dane_usage_preferred,,tlsa_usage,0.0,1.25,0.0,0.0,3.0,0.0,0.0,0.0,0.0,trace_sig_0013_rfc7671,"RFC 7671 does not explain signal sig_0013: the required indicator rfc7671_dane_usage_preferred failed because rr_type=DS does not equal the expected value TLSA. The observation on 2020-05-01 is 1674 days after RFC 7671's publication on 2015-10-01, so the timestamp is valid. Score 0.0 (none): no required indicator matched, so there is nothing to score."
sig_0013,RFC 7672,SMTP Security via Opportunistic DNS-Based Authentication of Named Entities (DANE) Transport Layer Security (TLS),no_match,0.0,none,true,2020-05-01T00:00:00,2015-10-01T00:00:00,35.116.in-addr.arpa,apnic,,rfc7672_smtp_dane_tlsa,,domain,0.0,1.5,0.0,0.0,3.0,0.0,0.0,0.0,0.0,trace_sig_0013_rfc7672,"RFC 7672 does not explain signal sig_0013: the required indicator rfc7672_smtp_dane_tlsa failed because rr_type=DS does not equal the expected value TLSA. The observation on 2020-05-01 is 1674 days after RFC 7672's publication on 2015-10-01, so the timestamp is valid. Score 0.0 (none): no required indicator matched, so there is nothing to score."
sig_0013,RFC 8078,Managing DS Records from the Parent via CDS/CDNSKEY,no_match,0.0,none,true,2020-05-01T00:00:00,2017-03-01T00:00:00,35.116.in-addr.arpa,apnic,,rfc8078_cds_cdnskey_algorithm_zero; rfc8078_delete_signal_digest_zero,,,0.0,1.5,0.0,0.0,3.0,0.0,0.0,0.0,0.0,trace_sig_0013_rfc8078,"RFC 8078 does not explain signal sig_0013: the required indicator rfc8078_cds_cdnskey_algorithm_zero failed because rr_type=DS is not in [CDS, CDNSKEY]. The observation on 2020-05-01 is 1157 days after RFC 8078's publication on 2017-03-01, so the timestamp is valid. Score 0.0 (none): no required indicator matched, so there is nothing to score."
sig_0013,RFC 8080,Edwards-Curve Digital Security Algorithm (EdDSA) for DNSSEC,no_match,0.0,none,true,2020-05-01T00:00:00,2017-02-01T00:00:00,35.116.in-addr.arpa,apnic,,rfc8080_eddsa_algorithm; rfc8080_eddsa_on_key_or_signature,,,0.0,1.5,0.0,0.0,3.0,0.0,0.0,0.0,0.0,trace_sig_0013_rfc8080,"RFC 8080 does not explain signal sig_0013: the required indicator rfc8080_eddsa_algorithm failed because algorithm=8 is not in [15, 16]. The observation on 2020-05-01 is 1185 days after RFC 8080's publication on 2017-02-01, so the timestamp is valid. Score 0.0 (none): no required indicator matched, so there is nothing to score."
sig_0013,RFC 8198,Aggressive Use of DNSSEC-Validated Cache,non_queryable,0.0,none,true,2020-05-01T00:00:00,2017-07-01T00:00:00,35.116.in-addr.arpa,apnic,,,,resolver_synthesised_nxdomain,0.0,1.0,0.0,0.0,0.0,0.0,0.0,0.0,0.0,trace_sig_0013_rfc8198,"RFC 8198 could not be evaluated against signal sig_0013: every required indicator (rfc8198_aggressive_nsec_use) depends on fields the OpenINTEL corpus does not export, so no verdict is possible in either direction. The observation on 2020-05-01 is 1035 days after RFC 8198's publication on 2017-07-01, so the timestamp is valid. This is a corpus limitation, not a statement about the observation."
sig_0013,RFC 8624,Algorithm Implementation Requirements and Usage Guidance for DNSSEC,partial_match,0.0,none,true,2020-05-01T00:00:00,2019-06-01T00:00:00,35.116.in-addr.arpa,apnic,rfc8624_avoids_deprecated_algorithm,rfc8624_recommended_signing_algorithm,algorithm,rr_type; validator_algorithm_support,0.0,0.75,0.0,1.5,3.0,0.0,2.0,0.0,0.0,trace_sig_0013_rfc8624,"RFC 8624 partially matches signal sig_0013: the optional indicator rfc8624_avoids_deprecated_algorithm passed because algorithm is present (observed 8) and algorithm=8 differs from 1 as required. The required indicator rfc8624_recommended_signing_algorithm was not satisfied: algorithm=8 is not in [13, 15]. The observation on 2020-05-01 is 335 days after RFC 8624's publication on 2019-06-01, so the timestamp is valid. Score 0.0 (none): the penalties leave a raw total of -3.5, which is clamped to 0 before the 0.75 low specificity multiplier."
sig_0013,RFC 9077,NSEC and NSEC3: TTLs and Aggressive Use,no_match,0.0,none,false,2020-05-01T00:00:00,2021-07-01T00:00:00,35.116.in-addr.arpa,apnic,,rfc9077_nsec_ttl_bounded,,record_ttl,0.0,1.25,0.0,0.0,3.0,0.0,0.0,0.0,0.0,trace_sig_0013_rfc9077,"RFC 9077 does not explain signal sig_0013: the required indicator rfc9077_nsec_ttl_bounded failed because rr_type=DS is not in [NSEC, NSEC3]. The observation on 2020-05-01 predates RFC 9077's publication on 2021-07-01 by 426 days. An observation cannot evidence adoption of an RFC that did not yet exist, so the score is forfeited. Score 0.0 (none): no required indicator matched, so there is nothing to score."
sig_0013,RFC 9276,Guidance for NSEC3 Parameter Settings,no_match,0.0,none,false,2020-05-01T00:00:00,2022-08-01T00:00:00,35.116.in-addr.arpa,apnic,,rfc9276_empty_nsec3_salt; rfc9276_zero_nsec3_iterations,,nsec3_iterations; nsec3_salt,0.0,1.5,0.0,0.0,3.0,0.0,0.0,0.0,0.0,trace_sig_0013_rfc9276,"RFC 9276 does not explain signal sig_0013: the required indicator rfc9276_zero_nsec3_iterations failed because rr_type=DS is not in [NSEC3, NSEC3PARAM]. The observation on 2020-05-01 predates RFC 9276's publication on 2022-08-01 by 822 days. An observation cannot evidence adoption of an RFC that did not yet exist, so the score is forfeited. Score 0.0 (none): no required indicator matched, so there is nothing to score."
sig_0013,RFC 9364,DNS Security Extensions (DNSSEC),non_queryable,0.0,none,false,2020-05-01T00:00:00,2023-02-01T00:00:00,35.116.in-addr.arpa,apnic,,,,declared_standards_profile,0.0,0.75,0.0,0.0,0.0,0.0,0.0,0.0,0.0,trace_sig_0013_rfc9364,"RFC 9364 could not be evaluated against signal sig_0013: every required indicator (rfc9364_bcp_profile_declared) depends on fields the OpenINTEL corpus does not export, so no verdict is possible in either direction. The observation on 2020-05-01 predates RFC 9364's publication on 2023-02-01 by 1006 days. An observation cannot evidence adoption of an RFC that did not yet exist, so the score is forfeited. This is a corpus limitation, not a statement about the observation."
sig_0013,RFC 9558,Use of GOST 2012 Signature Algorithms in DNSKEY and RRSIG Resource Records for DNSSEC,no_match,0.0,none,false,2020-05-01T00:00:00,2024-04-01T00:00:00,35.116.in-addr.arpa,apnic,,rfc9558_gost2012_algorithm; rfc9558_gost2012_ds_digest,,,0.0,1.5,0.0,0.0,3.0,0.0,0.0,0.0,0.0,trace_sig_0013_rfc9558,"RFC 9558 does not explain signal sig_0013: the required indicator rfc9558_gost2012_algorithm failed because algorithm=8 does not equal the expected value 23. The observation on 2020-05-01 predates RFC 9558's publication on 2024-04-01 by 1431 days. An observation cannot evidence adoption of an RFC that did not yet exist, so the score is forfeited. Score 0.0 (none): no required indicator matched, so there is nothing to score."
sig_0013,RFC 9563,SM2 Digital Signature Algorithm for DNSSEC,no_match,0.0,none,false,2020-05-01T00:00:00,2024-12-01T00:00:00,35.116.in-addr.arpa,apnic,,rfc9563_sm2sm3_algorithm; rfc9563_sm3_ds_digest,,,0.0,1.5,0.0,0.0,3.0,0.0,0.0,0.0,0.0,trace_sig_0013_rfc9563,"RFC 9563 does not explain signal sig_0013: the required indicator rfc9563_sm2sm3_algorithm failed because algorithm=8 does not equal the expected value 17. The observation on 2020-05-01 predates RFC 9563's publication on 2024-12-01 by 1675 days. An observation cannot evidence adoption of an RFC that did not yet exist, so the score is forfeited. Score 0.0 (none): no required indicator matched, so there is nothing to score."
sig_0013,RFC 9615,Automatic DNSSEC Bootstrapping Using Authenticated Signals from the Zone's Operator,non_queryable,0.0,none,false,2020-05-01T00:00:00,2024-07-01T00:00:00,35.116.in-addr.arpa,apnic,,,,domain; rr_type,0.0,1.5,0.0,0.0,0.0,0.0,0.0,0.0,0.0,trace_sig_0013_rfc9615,"RFC 9615 could not be evaluated against signal sig_0013: every required indicator (rfc9615_bootstrap_signal_label) depends on fields the OpenINTEL corpus does not export, so no verdict is possible in either direction. The observation on 2020-05-01 predates RFC 9615's publication on 2024-07-01 by 1522 days. An observation cannot evidence adoption of an RFC that did not yet exist, so the score is forfeited. This is a corpus limitation, not a statement about the observation."
sig_0013,RFC 9904,DNSSEC Cryptographic Algorithm Recommendation Update Process,non_queryable,0.0,none,false,2020-05-01T00:00:00,2025-11-01T00:00:00,35.116.in-addr.arpa,apnic,,,,guidance_source_registry,0.0,0.75,0.0,0.0,0.0,0.0,0.0,0.0,0.0,trace_sig_0013_rfc9904,"RFC 9904 could not be evaluated against signal sig_0013: every required indicator (rfc9904_algorithm_guidance_process) depends on fields the OpenINTEL corpus does not export, so no verdict is possible in either direction. The observation on 2020-05-01 predates RFC 9904's publication on 2025-11-01 by 2010 days. An observation cannot evidence adoption of an RFC that did not yet exist, so the score is forfeited. This is a corpus limitation, not a statement about the observation."
sig_0013,RFC 9905,Deprecating the Use of SHA-1 in DNSSEC Signature Algorithms,no_match,0.0,none,false,2020-05-01T00:00:00,2025-11-01T00:00:00,35.116.in-addr.arpa,apnic,,rfc9905_deprecated_sha1_in_delegation; rfc9905_deprecated_sha1_signature_still_published,,,0.0,1.25,0.0,0.0,3.0,0.0,0.0,0.0,0.0,trace_sig_0013_rfc9905,"RFC 9905 does not explain signal sig_0013: the required indicator rfc9905_deprecated_sha1_signature_still_published failed because rr_type=DS is not in [DNSKEY, RRSIG, CDNSKEY]. The observation on 2020-05-01 predates RFC 9905's publication on 2025-11-01 by 2010 days. An observation cannot evidence adoption of an RFC that did not yet exist, so the score is forfeited. Score 0.0 (none): no required indicator matched, so there is nothing to score."
sig_0013,RFC 9906,Deprecate Usage of ECC-GOST within DNSSEC,no_match,0.0,none,false,2020-05-01T00:00:00,2025-11-01T00:00:00,35.116.in-addr.arpa,apnic,,rfc9906_deprecated_ecc_gost_still_published; rfc9906_deprecated_gost_digest_still_published,,,0.0,1.5,0.0,0.0,3.0,0.0,0.0,0.0,0.0,trace_sig_0013_rfc9906,"RFC 9906 does not explain signal sig_0013: the required indicator rfc9906_deprecated_ecc_gost_still_published failed because algorithm=8 does not equal the expected value 12. The observation on 2020-05-01 predates RFC 9906's publication on 2025-11-01 by 2010 days. An observation cannot evidence adoption of an RFC that did not yet exist, so the score is forfeited. Score 0.0 (none): no required indicator matched, so there is nothing to score."
sig_0014,RFC 6605,Elliptic Curve Digital Signature Algorithm (DSA) for DNSSEC,valid_match,13.125,very_high,true,2020-11-01T00:00:00,2012-04-01T00:00:00,72.252.23.in-addr.arpa,ripe,rfc6605_ecdsa_algorithm; rfc6605_ecdsa_on_key_or_signature,,algorithm; rr_type,,9.0,1.25,0.0,1.5,0.0,0.0,0.0,0.0,13.125,trace_sig_0014_rfc6605,"RFC 6605 matched signal sig_0014: the required indicator rfc6605_ecdsa_algorithm passed because algorithm=13 is in [13, 14]. Corroborating indicators also matched: rfc6605_ecdsa_on_key_or_signature. The observation on 2020-11-01 is 3136 days after RFC 6605's publication on 2012-04-01, so the timestamp is valid. Score 13.125 (very_high) = (9.0 required + 1.5 optional) x 1.25 high specificity."
sig_0014,RFC 4033,DNS Security Introduction and Requirements (DNSSEC base: RFC 4033/4034/4035),valid_match,3.75,low,true,2020-11-01T00:00:00,2005-03-01T00:00:00,72.252.23.in-addr.arpa,ripe,rfc4033_base_dnssec_record_present; rfc4033_dnssec_algorithm_present,rfc4033_dnssec_ok_negotiated,algorithm; rr_type,dnssec_ok_flag,4.0,0.75,0.0,1.0,0.0,0.0,0.0,0.0,3.75,trace_sig_0014_rfc4033,"RFC 4033 matched signal sig_0014: the required indicator rfc4033_base_dnssec_record_present passed because rr_type=DS is in [DNSKEY, DS, RRSIG, NSEC]. Corroborating indicators also matched: rfc4033_dnssec_algorithm_present. Indicator rfc4033_dnssec_ok_negotiated did not match: field 'dnssec_ok_flag' is absent from this observation, so the condition 'dnssec_ok_flag must equal true' could not be satisfied (absence is not evidence). The observation on 2020-11-01 is 5724 days after RFC 4033's publication on 2005-03-01, so the timestamp is valid. Score 3.75 (low) = (4.0 required + 1.0 optional) x 0.75 low specificity."
sig_0014,RFC 8624,Algorithm Implementation Requirements and Usage Guidance for DNSSEC,ambiguous,3.375,low,true,2020-11-01T00:00:00,2019-06-01T00:00:00,72.252.23.in-addr.arpa,ripe,rfc8624_avoids_deprecated_algorithm; rfc8624_recommended_signing_algorithm,,algorithm,rr_type; validator_algorithm_support,5.0,0.75,0.0,1.5,0.0,0.0,2.0,0.0,3.375,trace_sig_0014_rfc8624,"RFC 8624 is an ambiguous match for signal sig_0014: the required indicator rfc8624_recommended_signing_algorithm passed because algorithm=13 is in [13, 15]. Corroborating indicators also matched: rfc8624_avoids_deprecated_algorithm. The checklist flags rfc8624_avoids_deprecated_algorithm, rfc8624_recommended_signing_algorithm ambiguous: the same observation is equally explained by other RFCs, so the match is penalized and sent to the review queue rather than reported as adoption. The observation on 2020-11-01 is 519 days after RFC 8624's publication on 2019-06-01, so the timestamp is valid. Score 3.375 (low) = (5.0 required + 1.5 optional - 2.0 ambiguity penalty) x 0.75 low specificity."
sig_0014,RFC 4034,Resource Records for the DNS Security Extensions,valid_match,3.0,low,true,2020-11-01T00:00:00,2005-03-01T00:00:00,72.252.23.in-addr.arpa,ripe,rfc4034_core_record_present,rfc4034_dnskey_protocol_is_three; rfc4034_rrsig_type_covered_present,rr_type,dnskey_protocol; rrsig_type_covered,3.0,1.0,0.0,0.0,0.0,0.0,0.0,0.0,3.0,trace_sig_0014_rfc4034,"RFC 4034 matched signal sig_0014: the required indicator rfc4034_core_record_present passed because rr_type=DS is in [DNSKEY, DS, RRSIG, NSEC]. Indicator rfc4034_dnskey_protocol_is_three did not match: rr_type=DS is not in [DNSKEY, CDNSKEY]. The observation on 2020-11-01 is 5724 days after RFC 4034's publication on 2005-03-01, so the timestamp is valid. Score 3.0 (low) = (3.0 required) x 1.0 medium specificity."
sig_0014,RFC 3110,RSA/SHA-1 SIGs and RSA KEYs in the Domain Name System (DNS),no_match,0.0,none,true,2020-11-01T00:00:00,2001-05-01T00:00:00,72.252.23.in-addr.arpa,ripe,,rfc3110_rsasha1_algorithm; rfc3110_rsasha1_on_key_or_signature,,,0.0,1.25,0.0,0.0,3.0,0.0,0.0,0.0,0.0,trace_sig_0014_rfc3110,"RFC 3110 does not explain signal sig_0014: the required indicator rfc3110_rsasha1_algorithm failed because algorithm=13 does not equal the expected value 5. The observation on 2020-11-01 is 7124 days after RFC 3110's publication on 2001-05-01, so the timestamp is valid. Score 0.0 (none): no required indicator matched, so there is nothing to score."
sig_0014,RFC 4035,Protocol Modifications for the DNS Security Extensions,non_queryable,0.0,none,true,2020-11-01T00:00:00,2005-03-01T00:00:00,72.252.23.in-addr.arpa,ripe,,,,dnssec_ok_flag,0.0,0.75,0.0,0.0,0.0,0.0,0.0,0.0,0.0,trace_sig_0014_rfc4035,"RFC 4035 could not be evaluated against signal sig_0014: every required indicator (rfc4035_dnssec_ok_negotiated) depends on fields the OpenINTEL corpus does not export, so no verdict is possible in either direction. The observation on 2020-11-01 is 5724 days after RFC 4035's publication on 2005-03-01, so the timestamp is valid. This is a corpus limitation, not a statement about the observation."
sig_0014,RFC 4509,Use of SHA-256 in DNSSEC Delegation Signer (DS) Resource Records,no_match,0.0,none,true,2020-11-01T00:00:00,2006-05-01T00:00:00,72.252.23.in-addr.arpa,ripe,,rfc4509_ds_sha256_digest,,,0.0,1.25,0.0,0.0,3.0,0.0,0.0,0.0,0.0,trace_sig_0014_rfc4509,"RFC 4509 does not explain signal sig_0014: the required indicator rfc4509_ds_sha256_digest failed because digest_type=4 does not equal the expected value 2. The observation on 2020-11-01 is 5298 days after RFC 4509's publication on 2006-05-01, so the timestamp is valid. Score 0.0 (none): no required indicator matched, so there is nothing to score."
sig_0014,RFC 5011,Automated Updates of DNS Security (DNSSEC) Trust Anchors,no_match,0.0,none,true,2020-11-01T00:00:00,2007-09-01T00:00:00,72.252.23.in-addr.arpa,ripe,,rfc5011_revoked_key_published,,flags,0.0,1.25,0.0,0.0,3.0,0.0,0.0,0.0,0.0,trace_sig_0014_rfc5011,"RFC 5011 does not explain signal sig_0014: the required indicator rfc5011_revoked_key_published failed because rr_type=DS does not equal the expected value DNSKEY. The observation on 2020-11-01 is 4810 days after RFC 5011's publication on 2007-09-01, so the timestamp is valid. Score 0.0 (none): no required indicator matched, so there is nothing to score."
sig_0014,RFC 5155,DNS Security (DNSSEC) Hashed Authenticated Denial of Existence,no_match,0.0,none,true,2020-11-01T00:00:00,2008-03-01T00:00:00,72.252.23.in-addr.arpa,ripe,,rfc5155_nsec3_hash_algorithm; rfc5155_nsec3_record_present,,,0.0,1.5,0.0,0.0,3.0,0.0,0.0,0.0,0.0,trace_sig_0014_rfc5155,"RFC 5155 does not explain signal sig_0014: the required indicator rfc5155_nsec3_record_present failed because rr_type=DS is not in [NSEC3, NSEC3PARAM]. The observation on 2020-11-01 is 4628 days after RFC 5155's publication on 2008-03-01, so the timestamp is valid. Score 0.0 (none): no required indicator matched, so there is nothing to score."
sig_0014,RFC 5702,Use of SHA-2 Algorithms with RSA in DNSKEY and RRSIG Resource Records for DNSSEC,no_match,0.0,none,true,2020-11-01T00:00:00,2009-10-01T00:00:00,72.252.23.in-addr.arpa,ripe,,rfc5702_rsa_sha2_algorithm; rfc5702_rsa_sha2_on_dnssec_record,,,0.0,1.25,0.0,0.0,3.0,0.0,0.0,0.0,0.0,trace_sig_0014_rfc5702,"RFC 5702 does not explain signal sig_0014: the required indicator rfc5702_rsa_sha2_algorithm failed because algorithm=13 is not in [8, 10]. The observation on 2020-11-01 is 4049 days after RFC 5702's publication on 2009-10-01, so the timestamp is valid. Score 0.0 (none): no required indicator matched, so there is nothing to score."
sig_0014,RFC 5933,Use of GOST Signature Algorithms in DNSKEY and RRSIG Resource Records for DNSSEC,no_match,0.0,none,true,2020-11-01T00:00:00,2010-07-01T00:00:00,72.252.23.in-addr.arpa,ripe,,rfc5933_ecc_gost_algorithm; rfc5933_gost_ds_digest,,,0.0,1.5,0.0,0.0,3.0,0.0,0.0,0.0,0.0,trace_sig_0014_rfc5933,"RFC 5933 does not explain signal sig_0014: the required indicator rfc5933_ecc_gost_algorithm failed because algorithm=13 does not equal the expected value 12. The observation on 2020-11-01 is 3776 days after RFC 5933's publication on 2010-07-01, so the timestamp is valid. Score 0.0 (none): no required indicator matched, so there is nothing to score."
sig_0014,RFC 6698,The DNS-Based Authentication of Named Entities (DANE) Transport Layer Security (TLS) Protocol: TLSA,no_match,0.0,none,true,2020-11-01T00:00:00,2012-08-01T00:00:00,72.252.23.in-addr.arpa,ripe,,rfc6698_tlsa_fields_well_formed; rfc6698_tlsa_record_present,,tlsa_matchtype; tlsa_usage,0.0,1.5,0.0,0.0,3.0,0.0,0.0,0.0,0.0,trace_sig_0014_rfc6698,"RFC 6698 does not explain signal sig_0014: the required indicator rfc6698_tlsa_record_present failed because rr_type=DS does not equal the expected value TLSA. The observation on 2020-11-01 is 3014 days after RFC 6698's publication on 2012-08-01, so the timestamp is valid. Score 0.0 (none): no required indicator matched, so there is nothing to score."
sig_0014,RFC 6781,"DNSSEC Operational Practices, Version 2",no_match,0.0,none,true,2020-11-01T00:00:00,2012-12-01T00:00:00,72.252.23.in-addr.arpa,ripe,,rfc6781_ksk_zsk_separation,,flags,0.0,0.75,0.0,0.0,3.0,0.0,0.0,0.0,0.0,trace_sig_0014_rfc6781,"RFC 6781 does not explain signal sig_0014: the required indicator rfc6781_ksk_zsk_separation failed because rr_type=DS does not equal the expected value DNSKEY. The observation on 2020-11-01 is 2892 days after RFC 6781's publication on 2012-12-01, so the timestamp is valid. Score 0.0 (none): no required indicator matched, so there is nothing to score."
sig_0014,RFC 6840,Clarifications and Implementation Notes for DNS Security (DNSSEC),non_queryable,0.0,none,true,2020-11-01T00:00:00,2013-02-01T00:00:00,72.252.23.in-addr.arpa,ripe,,,,name_algorithm_set_consistency,0.0,0.75,0.0,0.0,0.0,0.0,0.0,0.0,0.0,trace_sig_0014_rfc6840,"RFC 6840 could not be evaluated against signal sig_0014: every required indicator (rfc6840_mandatory_algorithm_rules) depends on fields the OpenINTEL corpus does not export, so no verdict is possible in either direction. The observation on 2020-11-01 is 2830 days after RFC 6840's publication on 2013-02-01, so the timestamp is valid. This is a corpus limitation, not a statement about the observation."
sig_0014,RFC 7344,Automating DNSSEC Delegation Trust Maintenance,no_match,0.0,none,true,2020-11-01T00:00:00,2014-09-01T00:00:00,72.252.23.in-addr.arpa,ripe,,rfc7344_cds_cdnskey_present; rfc7344_cds_publishes_digest,,,0.0,1.25,0.0,0.0,3.0,0.0,0.0,0.0,0.0,trace_sig_0014_rfc7344,"RFC 7344 does not explain signal sig_0014: the required indicator rfc7344_cds_cdnskey_present failed because rr_type=DS is not in [CDS, CDNSKEY]. The observation on 2020-11-01 is 2253 days after RFC 7344's publication on 2014-09-01, so the timestamp is valid. Score 0.0 (none): no required indicator matched, so there is nothing to score."
sig_0014,RFC 7583,DNSSEC Key Rollover Timing Considerations,non_queryable,0.0,none,true,2020-11-01T00:00:00,2015-10-01T00:00:00,72.252.23.in-addr.arpa,ripe,,,,key_rollover_phase,0.0,0.75,0.0,0.0,0.0,0.0,0.0,0.0,0.0,trace_sig_0014_rfc7583,"RFC 7583 could not be evaluated against signal sig_0014: every required indicator (rfc7583_rollover_timing_observed) depends on fields the OpenINTEL corpus does not export, so no verdict is possible in either direction. The observation on 2020-11-01 is 1858 days after RFC 7583's publication on 2015-10-01, so the timestamp is valid. This is a corpus limitation, not a statement about the observation."
sig_0014,RFC 7671,The DNS-Based Authentication of Named Entities (DANE) Protocol: Updates and Operational Guidance,no_match,0.0,none,true,2020-11-01T00:00:00,2015-10-01T00:00:00,72.252.23.in-addr.arpa,ripe,,rfc7671_dane_usage_preferred,,tlsa_usage,0.0,1.25,0.0,0.0,3.0,0.0,0.0,0.0,0.0,trace_sig_0014_rfc7671,"RFC 7671 does not explain signal sig_0014: the required indicator rfc7671_dane_usage_preferred failed because rr_type=DS does not equal the expected value TLSA. The observation on 2020-11-01 is 1858 days after RFC 7671's publication on 2015-10-01, so the timestamp is valid. Score 0.0 (none): no required indicator matched, so there is nothing to score."
sig_0014,RFC 7672,SMTP Security via Opportunistic DNS-Based Authentication of Named Entities (DANE) Transport Layer Security (TLS),no_match,0.0,none,true,2020-11-01T00:00:00,2015-10-01T00:00:00,72.252.23.in-addr.arpa,ripe,,rfc7672_smtp_dane_tlsa,,domain,0.0,1.5,0.0,0.0,3.0,0.0,0.0,0.0,0.0,trace_sig_0014_rfc7672,"RFC 7672 does not explain signal sig_0014: the required indicator rfc7672_smtp_dane_tlsa failed because rr_type=DS does not equal the expected value TLSA. The observation on 2020-11-01 is 1858 days after RFC 7672's publication on 2015-10-01, so the timestamp is valid. Score 0.0 (none): no required indicator matched, so there is nothing to score."
sig_0014,RFC 8078,Managing DS Records from the Parent via CDS/CDNSKEY,no_match,0.0,none,true,2020-11-01T00:00:00,2017-03-01T00:00:00,72.252.23.in-addr.arpa,ripe,,rfc8078_cds_cdnskey_algorithm_zero; rfc8078_delete_signal_digest_zero,,,0.0,1.5,0.0,0.0,3.0,0.0,0.0,0.0,0.0,trace_sig_0014_rfc8078,"RFC 8078 does not explain signal sig_0014: the required indicator rfc8078_cds_cdnskey_algorithm_zero failed because rr_type=DS is not in [CDS, CDNSKEY]. The observation on 2020-11-01 is 1341 days after RFC 8078's publication on 2017-03-01, so the timestamp is valid. Score 0.0 (none): no required indicator matched, so there is nothing to score."
sig_0014,RFC 8080,Edwards-Curve Digital Security Algorithm (EdDSA) for DNSSEC,no_match,0.0,none,true,2020-11-01T00:00:00,2017-02-01T00:00:00,72.252.23.in-addr.arpa,ripe,,rfc8080_eddsa_algorithm; rfc8080_eddsa_on_key_or_signature,,,0.0,1.5,0.0,0.0,3.0,0.0,0.0,0.0,0.0,trace_sig_0014_rfc8080,"RFC 8080 does not explain signal sig_0014: the required indicator rfc8080_eddsa_algorithm failed because algorithm=13 is not in [15, 16]. The observation on 2020-11-01 is 1369 days after RFC 8080's publication on 2017-02-01, so the timestamp is valid. Score 0.0 (none): no required indicator matched, so there is nothing to score."
sig_0014,RFC 8198,Aggressive Use of DNSSEC-Validated Cache,non_queryable,0.0,none,true,2020-11-01T00:00:00,2017-07-01T00:00:00,72.252.23.in-addr.arpa,ripe,,,,resolver_synthesised_nxdomain,0.0,1.0,0.0,0.0,0.0,0.0,0.0,0.0,0.0,trace_sig_0014_rfc8198,"RFC 8198 could not be evaluated against signal sig_0014: every required indicator (rfc8198_aggressive_nsec_use) depends on fields the OpenINTEL corpus does not export, so no verdict is possible in either direction. The observation on 2020-11-01 is 1219 days after RFC 8198's publication on 2017-07-01, so the timestamp is valid. This is a corpus limitation, not a statement about the observation."
sig_0014,RFC 9077,NSEC and NSEC3: TTLs and Aggressive Use,no_match,0.0,none,false,2020-11-01T00:00:00,2021-07-01T00:00:00,72.252.23.in-addr.arpa,ripe,,rfc9077_nsec_ttl_bounded,,record_ttl,0.0,1.25,0.0,0.0,3.0,0.0,0.0,0.0,0.0,trace_sig_0014_rfc9077,"RFC 9077 does not explain signal sig_0014: the required indicator rfc9077_nsec_ttl_bounded failed because rr_type=DS is not in [NSEC, NSEC3]. The observation on 2020-11-01 predates RFC 9077's publication on 2021-07-01 by 242 days. An observation cannot evidence adoption of an RFC that did not yet exist, so the score is forfeited. Score 0.0 (none): no required indicator matched, so there is nothing to score."
sig_0014,RFC 9276,Guidance for NSEC3 Parameter Settings,no_match,0.0,none,false,2020-11-01T00:00:00,2022-08-01T00:00:00,72.252.23.in-addr.arpa,ripe,,rfc9276_empty_nsec3_salt; rfc9276_zero_nsec3_iterations,,nsec3_iterations; nsec3_salt,0.0,1.5,0.0,0.0,3.0,0.0,0.0,0.0,0.0,trace_sig_0014_rfc9276,"RFC 9276 does not explain signal sig_0014: the required indicator rfc9276_zero_nsec3_iterations failed because rr_type=DS is not in [NSEC3, NSEC3PARAM]. The observation on 2020-11-01 predates RFC 9276's publication on 2022-08-01 by 638 days. An observation cannot evidence adoption of an RFC that did not yet exist, so the score is forfeited. Score 0.0 (none): no required indicator matched, so there is nothing to score."
sig_0014,RFC 9364,DNS Security Extensions (DNSSEC),non_queryable,0.0,none,false,2020-11-01T00:00:00,2023-02-01T00:00:00,72.252.23.in-addr.arpa,ripe,,,,declared_standards_profile,0.0,0.75,0.0,0.0,0.0,0.0,0.0,0.0,0.0,trace_sig_0014_rfc9364,"RFC 9364 could not be evaluated against signal sig_0014: every required indicator (rfc9364_bcp_profile_declared) depends on fields the OpenINTEL corpus does not export, so no verdict is possible in either direction. The observation on 2020-11-01 predates RFC 9364's publication on 2023-02-01 by 822 days. An observation cannot evidence adoption of an RFC that did not yet exist, so the score is forfeited. This is a corpus limitation, not a statement about the observation."
sig_0014,RFC 9558,Use of GOST 2012 Signature Algorithms in DNSKEY and RRSIG Resource Records for DNSSEC,no_match,0.0,none,false,2020-11-01T00:00:00,2024-04-01T00:00:00,72.252.23.in-addr.arpa,ripe,,rfc9558_gost2012_algorithm; rfc9558_gost2012_ds_digest,,,0.0,1.5,0.0,0.0,3.0,0.0,0.0,0.0,0.0,trace_sig_0014_rfc9558,"RFC 9558 does not explain signal sig_0014: the required indicator rfc9558_gost2012_algorithm failed because algorithm=13 does not equal the expected value 23. The observation on 2020-11-01 predates RFC 9558's publication on 2024-04-01 by 1247 days. An observation cannot evidence adoption of an RFC that did not yet exist, so the score is forfeited. Score 0.0 (none): no required indicator matched, so there is nothing to score."
sig_0014,RFC 9563,SM2 Digital Signature Algorithm for DNSSEC,no_match,0.0,none,false,2020-11-01T00:00:00,2024-12-01T00:00:00,72.252.23.in-addr.arpa,ripe,,rfc9563_sm2sm3_algorithm; rfc9563_sm3_ds_digest,,,0.0,1.5,0.0,0.0,3.0,0.0,0.0,0.0,0.0,trace_sig_0014_rfc9563,"RFC 9563 does not explain signal sig_0014: the required indicator rfc9563_sm2sm3_algorithm failed because algorithm=13 does not equal the expected value 17. The observation on 2020-11-01 predates RFC 9563's publication on 2024-12-01 by 1491 days. An observation cannot evidence adoption of an RFC that did not yet exist, so the score is forfeited. Score 0.0 (none): no required indicator matched, so there is nothing to score."
sig_0014,RFC 9615,Automatic DNSSEC Bootstrapping Using Authenticated Signals from the Zone's Operator,non_queryable,0.0,none,false,2020-11-01T00:00:00,2024-07-01T00:00:00,72.252.23.in-addr.arpa,ripe,,,,domain; rr_type,0.0,1.5,0.0,0.0,0.0,0.0,0.0,0.0,0.0,trace_sig_0014_rfc9615,"RFC 9615 could not be evaluated against signal sig_0014: every required indicator (rfc9615_bootstrap_signal_label) depends on fields the OpenINTEL corpus does not export, so no verdict is possible in either direction. The observation on 2020-11-01 predates RFC 9615's publication on 2024-07-01 by 1338 days. An observation cannot evidence adoption of an RFC that did not yet exist, so the score is forfeited. This is a corpus limitation, not a statement about the observation."
sig_0014,RFC 9904,DNSSEC Cryptographic Algorithm Recommendation Update Process,non_queryable,0.0,none,false,2020-11-01T00:00:00,2025-11-01T00:00:00,72.252.23.in-addr.arpa,ripe,,,,guidance_source_registry,0.0,0.75,0.0,0.0,0.0,0.0,0.0,0.0,0.0,trace_sig_0014_rfc9904,"RFC 9904 could not be evaluated against signal sig_0014: every required indicator (rfc9904_algorithm_guidance_process) depends on fields the OpenINTEL corpus does not export, so no verdict is possible in either direction. The observation on 2020-11-01 predates RFC 9904's publication on 2025-11-01 by 1826 days. An observation cannot evidence adoption of an RFC that did not yet exist, so the score is forfeited. This is a corpus limitation, not a statement about the observation."
sig_0014,RFC 9905,Deprecating the Use of SHA-1 in DNSSEC Signature Algorithms,no_match,0.0,none,false,2020-11-01T00:00:00,2025-11-01T00:00:00,72.252.23.in-addr.arpa,ripe,,rfc9905_deprecated_sha1_in_delegation; rfc9905_deprecated_sha1_signature_still_published,,,0.0,1.25,0.0,0.0,3.0,0.0,0.0,0.0,0.0,trace_sig_0014_rfc9905,"RFC 9905 does not explain signal sig_0014: the required indicator rfc9905_deprecated_sha1_signature_still_published failed because rr_type=DS is not in [DNSKEY, RRSIG, CDNSKEY]. The observation on 2020-11-01 predates RFC 9905's publication on 2025-11-01 by 1826 days. An observation cannot evidence adoption of an RFC that did not yet exist, so the score is forfeited. Score 0.0 (none): no required indicator matched, so there is nothing to score."
sig_0014,RFC 9906,Deprecate Usage of ECC-GOST within DNSSEC,no_match,0.0,none,false,2020-11-01T00:00:00,2025-11-01T00:00:00,72.252.23.in-addr.arpa,ripe,,rfc9906_deprecated_ecc_gost_still_published; rfc9906_deprecated_gost_digest_still_published,,,0.0,1.5,0.0,0.0,3.0,0.0,0.0,0.0,0.0,trace_sig_0014_rfc9906,"RFC 9906 does not explain signal sig_0014: the required indicator rfc9906_deprecated_ecc_gost_still_published failed because algorithm=13 does not equal the expected value 12. The observation on 2020-11-01 predates RFC 9906's publication on 2025-11-01 by 1826 days. An observation cannot evidence adoption of an RFC that did not yet exist, so the score is forfeited. Score 0.0 (none): no required indicator matched, so there is nothing to score."
sig_0015,RFC 6605,Elliptic Curve Digital Signature Algorithm (DSA) for DNSSEC,valid_match,13.125,very_high,true,2021-02-01T00:00:00,2012-04-01T00:00:00,94.111.27.in-addr.arpa,apnic,rfc6605_ecdsa_algorithm; rfc6605_ecdsa_on_key_or_signature,,algorithm; rr_type,,9.0,1.25,0.0,1.5,0.0,0.0,0.0,0.0,13.125,trace_sig_0015_rfc6605,"RFC 6605 matched signal sig_0015: the required indicator rfc6605_ecdsa_algorithm passed because algorithm=13 is in [13, 14]. Corroborating indicators also matched: rfc6605_ecdsa_on_key_or_signature. The observation on 2021-02-01 is 3228 days after RFC 6605's publication on 2012-04-01, so the timestamp is valid. Score 13.125 (very_high) = (9.0 required + 1.5 optional) x 1.25 high specificity."
sig_0015,RFC 4033,DNS Security Introduction and Requirements (DNSSEC base: RFC 4033/4034/4035),valid_match,3.75,low,true,2021-02-01T00:00:00,2005-03-01T00:00:00,94.111.27.in-addr.arpa,apnic,rfc4033_base_dnssec_record_present; rfc4033_dnssec_algorithm_present,rfc4033_dnssec_ok_negotiated,algorithm; rr_type,dnssec_ok_flag,4.0,0.75,0.0,1.0,0.0,0.0,0.0,0.0,3.75,trace_sig_0015_rfc4033,"RFC 4033 matched signal sig_0015: the required indicator rfc4033_base_dnssec_record_present passed because rr_type=DS is in [DNSKEY, DS, RRSIG, NSEC]. Corroborating indicators also matched: rfc4033_dnssec_algorithm_present. Indicator rfc4033_dnssec_ok_negotiated did not match: field 'dnssec_ok_flag' is absent from this observation, so the condition 'dnssec_ok_flag must equal true' could not be satisfied (absence is not evidence). The observation on 2021-02-01 is 5816 days after RFC 4033's publication on 2005-03-01, so the timestamp is valid. Score 3.75 (low) = (4.0 required + 1.0 optional) x 0.75 low specificity."
sig_0015,RFC 8624,Algorithm Implementation Requirements and Usage Guidance for DNSSEC,ambiguous,3.375,low,true,2021-02-01T00:00:00,2019-06-01T00:00:00,94.111.27.in-addr.arpa,apnic,rfc8624_avoids_deprecated_algorithm; rfc8624_recommended_signing_algorithm,,algorithm,rr_type; validator_algorithm_support,5.0,0.75,0.0,1.5,0.0,0.0,2.0,0.0,3.375,trace_sig_0015_rfc8624,"RFC 8624 is an ambiguous match for signal sig_0015: the required indicator rfc8624_recommended_signing_algorithm passed because algorithm=13 is in [13, 15]. Corroborating indicators also matched: rfc8624_avoids_deprecated_algorithm. The checklist flags rfc8624_avoids_deprecated_algorithm, rfc8624_recommended_signing_algorithm ambiguous: the same observation is equally explained by other RFCs, so the match is penalized and sent to the review queue rather than reported as adoption. The observation on 2021-02-01 is 611 days after RFC 8624's publication on 2019-06-01, so the timestamp is valid. Score 3.375 (low) = (5.0 required + 1.5 optional - 2.0 ambiguity penalty) x 0.75 low specificity."
sig_0015,RFC 4034,Resource Records for the DNS Security Extensions,valid_match,3.0,low,true,2021-02-01T00:00:00,2005-03-01T00:00:00,94.111.27.in-addr.arpa,apnic,rfc4034_core_record_present,rfc4034_dnskey_protocol_is_three; rfc4034_rrsig_type_covered_present,rr_type,dnskey_protocol; rrsig_type_covered,3.0,1.0,0.0,0.0,0.0,0.0,0.0,0.0,3.0,trace_sig_0015_rfc4034,"RFC 4034 matched signal sig_0015: the required indicator rfc4034_core_record_present passed because rr_type=DS is in [DNSKEY, DS, RRSIG, NSEC]. Indicator rfc4034_dnskey_protocol_is_three did not match: rr_type=DS is not in [DNSKEY, CDNSKEY]. The observation on 2021-02-01 is 5816 days after RFC 4034's publication on 2005-03-01, so the timestamp is valid. Score 3.0 (low) = (3.0 required) x 1.0 medium specificity."
sig_0015,RFC 3110,RSA/SHA-1 SIGs and RSA KEYs in the Domain Name System (DNS),no_match,0.0,none,true,2021-02-01T00:00:00,2001-05-01T00:00:00,94.111.27.in-addr.arpa,apnic,,rfc3110_rsasha1_algorithm; rfc3110_rsasha1_on_key_or_signature,,,0.0,1.25,0.0,0.0,3.0,0.0,0.0,0.0,0.0,trace_sig_0015_rfc3110,"RFC 3110 does not explain signal sig_0015: the required indicator rfc3110_rsasha1_algorithm failed because algorithm=13 does not equal the expected value 5. The observation on 2021-02-01 is 7216 days after RFC 3110's publication on 2001-05-01, so the timestamp is valid. Score 0.0 (none): no required indicator matched, so there is nothing to score."
sig_0015,RFC 4035,Protocol Modifications for the DNS Security Extensions,non_queryable,0.0,none,true,2021-02-01T00:00:00,2005-03-01T00:00:00,94.111.27.in-addr.arpa,apnic,,,,dnssec_ok_flag,0.0,0.75,0.0,0.0,0.0,0.0,0.0,0.0,0.0,trace_sig_0015_rfc4035,"RFC 4035 could not be evaluated against signal sig_0015: every required indicator (rfc4035_dnssec_ok_negotiated) depends on fields the OpenINTEL corpus does not export, so no verdict is possible in either direction. The observation on 2021-02-01 is 5816 days after RFC 4035's publication on 2005-03-01, so the timestamp is valid. This is a corpus limitation, not a statement about the observation."
sig_0015,RFC 4509,Use of SHA-256 in DNSSEC Delegation Signer (DS) Resource Records,no_match,0.0,none,true,2021-02-01T00:00:00,2006-05-01T00:00:00,94.111.27.in-addr.arpa,apnic,,rfc4509_ds_sha256_digest,,,0.0,1.25,0.0,0.0,3.0,0.0,0.0,0.0,0.0,trace_sig_0015_rfc4509,"RFC 4509 does not explain signal sig_0015: the required indicator rfc4509_ds_sha256_digest failed because digest_type=4 does not equal the expected value 2. The observation on 2021-02-01 is 5390 days after RFC 4509's publication on 2006-05-01, so the timestamp is valid. Score 0.0 (none): no required indicator matched, so there is nothing to score."
sig_0015,RFC 5011,Automated Updates of DNS Security (DNSSEC) Trust Anchors,no_match,0.0,none,true,2021-02-01T00:00:00,2007-09-01T00:00:00,94.111.27.in-addr.arpa,apnic,,rfc5011_revoked_key_published,,flags,0.0,1.25,0.0,0.0,3.0,0.0,0.0,0.0,0.0,trace_sig_0015_rfc5011,"RFC 5011 does not explain signal sig_0015: the required indicator rfc5011_revoked_key_published failed because rr_type=DS does not equal the expected value DNSKEY. The observation on 2021-02-01 is 4902 days after RFC 5011's publication on 2007-09-01, so the timestamp is valid. Score 0.0 (none): no required indicator matched, so there is nothing to score."
sig_0015,RFC 5155,DNS Security (DNSSEC) Hashed Authenticated Denial of Existence,no_match,0.0,none,true,2021-02-01T00:00:00,2008-03-01T00:00:00,94.111.27.in-addr.arpa,apnic,,rfc5155_nsec3_hash_algorithm; rfc5155_nsec3_record_present,,,0.0,1.5,0.0,0.0,3.0,0.0,0.0,0.0,0.0,trace_sig_0015_rfc5155,"RFC 5155 does not explain signal sig_0015: the required indicator rfc5155_nsec3_record_present failed because rr_type=DS is not in [NSEC3, NSEC3PARAM]. The observation on 2021-02-01 is 4720 days after RFC 5155's publication on 2008-03-01, so the timestamp is valid. Score 0.0 (none): no required indicator matched, so there is nothing to score."
sig_0015,RFC 5702,Use of SHA-2 Algorithms with RSA in DNSKEY and RRSIG Resource Records for DNSSEC,no_match,0.0,none,true,2021-02-01T00:00:00,2009-10-01T00:00:00,94.111.27.in-addr.arpa,apnic,,rfc5702_rsa_sha2_algorithm; rfc5702_rsa_sha2_on_dnssec_record,,,0.0,1.25,0.0,0.0,3.0,0.0,0.0,0.0,0.0,trace_sig_0015_rfc5702,"RFC 5702 does not explain signal sig_0015: the required indicator rfc5702_rsa_sha2_algorithm failed because algorithm=13 is not in [8, 10]. The observation on 2021-02-01 is 4141 days after RFC 5702's publication on 2009-10-01, so the timestamp is valid. Score 0.0 (none): no required indicator matched, so there is nothing to score."
sig_0015,RFC 5933,Use of GOST Signature Algorithms in DNSKEY and RRSIG Resource Records for DNSSEC,no_match,0.0,none,true,2021-02-01T00:00:00,2010-07-01T00:00:00,94.111.27.in-addr.arpa,apnic,,rfc5933_ecc_gost_algorithm; rfc5933_gost_ds_digest,,,0.0,1.5,0.0,0.0,3.0,0.0,0.0,0.0,0.0,trace_sig_0015_rfc5933,"RFC 5933 does not explain signal sig_0015: the required indicator rfc5933_ecc_gost_algorithm failed because algorithm=13 does not equal the expected value 12. The observation on 2021-02-01 is 3868 days after RFC 5933's publication on 2010-07-01, so the timestamp is valid. Score 0.0 (none): no required indicator matched, so there is nothing to score."
sig_0015,RFC 6698,The DNS-Based Authentication of Named Entities (DANE) Transport Layer Security (TLS) Protocol: TLSA,no_match,0.0,none,true,2021-02-01T00:00:00,2012-08-01T00:00:00,94.111.27.in-addr.arpa,apnic,,rfc6698_tlsa_fields_well_formed; rfc6698_tlsa_record_present,,tlsa_matchtype; tlsa_usage,0.0,1.5,0.0,0.0,3.0,0.0,0.0,0.0,0.0,trace_sig_0015_rfc6698,"RFC 6698 does not explain signal sig_0015: the required indicator rfc6698_tlsa_record_present failed because rr_type=DS does not equal the expected value TLSA. The observation on 2021-02-01 is 3106 days after RFC 6698's publication on 2012-08-01, so the timestamp is valid. Score 0.0 (none): no required indicator matched, so there is nothing to score."
sig_0015,RFC 6781,"DNSSEC Operational Practices, Version 2",no_match,0.0,none,true,2021-02-01T00:00:00,2012-12-01T00:00:00,94.111.27.in-addr.arpa,apnic,,rfc6781_ksk_zsk_separation,,flags,0.0,0.75,0.0,0.0,3.0,0.0,0.0,0.0,0.0,trace_sig_0015_rfc6781,"RFC 6781 does not explain signal sig_0015: the required indicator rfc6781_ksk_zsk_separation failed because rr_type=DS does not equal the expected value DNSKEY. The observation on 2021-02-01 is 2984 days after RFC 6781's publication on 2012-12-01, so the timestamp is valid. Score 0.0 (none): no required indicator matched, so there is nothing to score."
sig_0015,RFC 6840,Clarifications and Implementation Notes for DNS Security (DNSSEC),non_queryable,0.0,none,true,2021-02-01T00:00:00,2013-02-01T00:00:00,94.111.27.in-addr.arpa,apnic,,,,name_algorithm_set_consistency,0.0,0.75,0.0,0.0,0.0,0.0,0.0,0.0,0.0,trace_sig_0015_rfc6840,"RFC 6840 could not be evaluated against signal sig_0015: every required indicator (rfc6840_mandatory_algorithm_rules) depends on fields the OpenINTEL corpus does not export, so no verdict is possible in either direction. The observation on 2021-02-01 is 2922 days after RFC 6840's publication on 2013-02-01, so the timestamp is valid. This is a corpus limitation, not a statement about the observation."
sig_0015,RFC 7344,Automating DNSSEC Delegation Trust Maintenance,no_match,0.0,none,true,2021-02-01T00:00:00,2014-09-01T00:00:00,94.111.27.in-addr.arpa,apnic,,rfc7344_cds_cdnskey_present; rfc7344_cds_publishes_digest,,,0.0,1.25,0.0,0.0,3.0,0.0,0.0,0.0,0.0,trace_sig_0015_rfc7344,"RFC 7344 does not explain signal sig_0015: the required indicator rfc7344_cds_cdnskey_present failed because rr_type=DS is not in [CDS, CDNSKEY]. The observation on 2021-02-01 is 2345 days after RFC 7344's publication on 2014-09-01, so the timestamp is valid. Score 0.0 (none): no required indicator matched, so there is nothing to score."
sig_0015,RFC 7583,DNSSEC Key Rollover Timing Considerations,non_queryable,0.0,none,true,2021-02-01T00:00:00,2015-10-01T00:00:00,94.111.27.in-addr.arpa,apnic,,,,key_rollover_phase,0.0,0.75,0.0,0.0,0.0,0.0,0.0,0.0,0.0,trace_sig_0015_rfc7583,"RFC 7583 could not be evaluated against signal sig_0015: every required indicator (rfc7583_rollover_timing_observed) depends on fields the OpenINTEL corpus does not export, so no verdict is possible in either direction. The observation on 2021-02-01 is 1950 days after RFC 7583's publication on 2015-10-01, so the timestamp is valid. This is a corpus limitation, not a statement about the observation."
sig_0015,RFC 7671,The DNS-Based Authentication of Named Entities (DANE) Protocol: Updates and Operational Guidance,no_match,0.0,none,true,2021-02-01T00:00:00,2015-10-01T00:00:00,94.111.27.in-addr.arpa,apnic,,rfc7671_dane_usage_preferred,,tlsa_usage,0.0,1.25,0.0,0.0,3.0,0.0,0.0,0.0,0.0,trace_sig_0015_rfc7671,"RFC 7671 does not explain signal sig_0015: the required indicator rfc7671_dane_usage_preferred failed because rr_type=DS does not equal the expected value TLSA. The observation on 2021-02-01 is 1950 days after RFC 7671's publication on 2015-10-01, so the timestamp is valid. Score 0.0 (none): no required indicator matched, so there is nothing to score."
sig_0015,RFC 7672,SMTP Security via Opportunistic DNS-Based Authentication of Named Entities (DANE) Transport Layer Security (TLS),no_match,0.0,none,true,2021-02-01T00:00:00,2015-10-01T00:00:00,94.111.27.in-addr.arpa,apnic,,rfc7672_smtp_dane_tlsa,,domain,0.0,1.5,0.0,0.0,3.0,0.0,0.0,0.0,0.0,trace_sig_0015_rfc7672,"RFC 7672 does not explain signal sig_0015: the required indicator rfc7672_smtp_dane_tlsa failed because rr_type=DS does not equal the expected value TLSA. The observation on 2021-02-01 is 1950 days after RFC 7672's publication on 2015-10-01, so the timestamp is valid. Score 0.0 (none): no required indicator matched, so there is nothing to score."
sig_0015,RFC 8078,Managing DS Records from the Parent via CDS/CDNSKEY,no_match,0.0,none,true,2021-02-01T00:00:00,2017-03-01T00:00:00,94.111.27.in-addr.arpa,apnic,,rfc8078_cds_cdnskey_algorithm_zero; rfc8078_delete_signal_digest_zero,,,0.0,1.5,0.0,0.0,3.0,0.0,0.0,0.0,0.0,trace_sig_0015_rfc8078,"RFC 8078 does not explain signal sig_0015: the required indicator rfc8078_cds_cdnskey_algorithm_zero failed because rr_type=DS is not in [CDS, CDNSKEY]. The observation on 2021-02-01 is 1433 days after RFC 8078's publication on 2017-03-01, so the timestamp is valid. Score 0.0 (none): no required indicator matched, so there is nothing to score."
sig_0015,RFC 8080,Edwards-Curve Digital Security Algorithm (EdDSA) for DNSSEC,no_match,0.0,none,true,2021-02-01T00:00:00,2017-02-01T00:00:00,94.111.27.in-addr.arpa,apnic,,rfc8080_eddsa_algorithm; rfc8080_eddsa_on_key_or_signature,,,0.0,1.5,0.0,0.0,3.0,0.0,0.0,0.0,0.0,trace_sig_0015_rfc8080,"RFC 8080 does not explain signal sig_0015: the required indicator rfc8080_eddsa_algorithm failed because algorithm=13 is not in [15, 16]. The observation on 2021-02-01 is 1461 days after RFC 8080's publication on 2017-02-01, so the timestamp is valid. Score 0.0 (none): no required indicator matched, so there is nothing to score."
sig_0015,RFC 8198,Aggressive Use of DNSSEC-Validated Cache,non_queryable,0.0,none,true,2021-02-01T00:00:00,2017-07-01T00:00:00,94.111.27.in-addr.arpa,apnic,,,,resolver_synthesised_nxdomain,0.0,1.0,0.0,0.0,0.0,0.0,0.0,0.0,0.0,trace_sig_0015_rfc8198,"RFC 8198 could not be evaluated against signal sig_0015: every required indicator (rfc8198_aggressive_nsec_use) depends on fields the OpenINTEL corpus does not export, so no verdict is possible in either direction. The observation on 2021-02-01 is 1311 days after RFC 8198's publication on 2017-07-01, so the timestamp is valid. This is a corpus limitation, not a statement about the observation."
sig_0015,RFC 9077,NSEC and NSEC3: TTLs and Aggressive Use,no_match,0.0,none,false,2021-02-01T00:00:00,2021-07-01T00:00:00,94.111.27.in-addr.arpa,apnic,,rfc9077_nsec_ttl_bounded,,record_ttl,0.0,1.25,0.0,0.0,3.0,0.0,0.0,0.0,0.0,trace_sig_0015_rfc9077,"RFC 9077 does not explain signal sig_0015: the required indicator rfc9077_nsec_ttl_bounded failed because rr_type=DS is not in [NSEC, NSEC3]. The observation on 2021-02-01 predates RFC 9077's publication on 2021-07-01 by 150 days. An observation cannot evidence adoption of an RFC that did not yet exist, so the score is forfeited. Score 0.0 (none): no required indicator matched, so there is nothing to score."
sig_0015,RFC 9276,Guidance for NSEC3 Parameter Settings,no_match,0.0,none,false,2021-02-01T00:00:00,2022-08-01T00:00:00,94.111.27.in-addr.arpa,apnic,,rfc9276_empty_nsec3_salt; rfc9276_zero_nsec3_iterations,,nsec3_iterations; nsec3_salt,0.0,1.5,0.0,0.0,3.0,0.0,0.0,0.0,0.0,trace_sig_0015_rfc9276,"RFC 9276 does not explain signal sig_0015: the required indicator rfc9276_zero_nsec3_iterations failed because rr_type=DS is not in [NSEC3, NSEC3PARAM]. The observation on 2021-02-01 predates RFC 9276's publication on 2022-08-01 by 546 days. An observation cannot evidence adoption of an RFC that did not yet exist, so the score is forfeited. Score 0.0 (none): no required indicator matched, so there is nothing to score."
sig_0015,RFC 9364,DNS Security Extensions (DNSSEC),non_queryable,0.0,none,false,2021-02-01T00:00:00,2023-02-01T00:00:00,94.111.27.in-addr.arpa,apnic,,,,declared_standards_profile,0.0,0.75,0.0,0.0,0.0,0.0,0.0,0.0,0.0,trace_sig_0015_rfc9364,"RFC 9364 could not be evaluated against signal sig_0015: every required indicator (rfc9364_bcp_profile_declared) depends on fields the OpenINTEL corpus does not export, so no verdict is possible in either direction. The observation on 2021-02-01 predates RFC 9364's publication on 2023-02-01 by 730 days. An observation cannot evidence adoption of an RFC that did not yet exist, so the score is forfeited. This is a corpus limitation, not a statement about the observation."
sig_0015,RFC 9558,Use of GOST 2012 Signature Algorithms in DNSKEY and RRSIG Resource Records for DNSSEC,no_match,0.0,none,false,2021-02-01T00:00:00,2024-04-01T00:00:00,94.111.27.in-addr.arpa,apnic,,rfc9558_gost2012_algorithm; rfc9558_gost2012_ds_digest,,,0.0,1.5,0.0,0.0,3.0,0.0,0.0,0.0,0.0,trace_sig_0015_rfc9558,"RFC 9558 does not explain signal sig_0015: the required indicator rfc9558_gost2012_algorithm failed because algorithm=13 does not equal the expected value 23. The observation on 2021-02-01 predates RFC 9558's publication on 2024-04-01 by 1155 days. An observation cannot evidence adoption of an RFC that did not yet exist, so the score is forfeited. Score 0.0 (none): no required indicator matched, so there is nothing to score."
sig_0015,RFC 9563,SM2 Digital Signature Algorithm for DNSSEC,no_match,0.0,none,false,2021-02-01T00:00:00,2024-12-01T00:00:00,94.111.27.in-addr.arpa,apnic,,rfc9563_sm2sm3_algorithm; rfc9563_sm3_ds_digest,,,0.0,1.5,0.0,0.0,3.0,0.0,0.0,0.0,0.0,trace_sig_0015_rfc9563,"RFC 9563 does not explain signal sig_0015: the required indicator rfc9563_sm2sm3_algorithm failed because algorithm=13 does not equal the expected value 17. The observation on 2021-02-01 predates RFC 9563's publication on 2024-12-01 by 1399 days. An observation cannot evidence adoption of an RFC that did not yet exist, so the score is forfeited. Score 0.0 (none): no required indicator matched, so there is nothing to score."
sig_0015,RFC 9615,Automatic DNSSEC Bootstrapping Using Authenticated Signals from the Zone's Operator,non_queryable,0.0,none,false,2021-02-01T00:00:00,2024-07-01T00:00:00,94.111.27.in-addr.arpa,apnic,,,,domain; rr_type,0.0,1.5,0.0,0.0,0.0,0.0,0.0,0.0,0.0,trace_sig_0015_rfc9615,"RFC 9615 could not be evaluated against signal sig_0015: every required indicator (rfc9615_bootstrap_signal_label) depends on fields the OpenINTEL corpus does not export, so no verdict is possible in either direction. The observation on 2021-02-01 predates RFC 9615's publication on 2024-07-01 by 1246 days. An observation cannot evidence adoption of an RFC that did not yet exist, so the score is forfeited. This is a corpus limitation, not a statement about the observation."
sig_0015,RFC 9904,DNSSEC Cryptographic Algorithm Recommendation Update Process,non_queryable,0.0,none,false,2021-02-01T00:00:00,2025-11-01T00:00:00,94.111.27.in-addr.arpa,apnic,,,,guidance_source_registry,0.0,0.75,0.0,0.0,0.0,0.0,0.0,0.0,0.0,trace_sig_0015_rfc9904,"RFC 9904 could not be evaluated against signal sig_0015: every required indicator (rfc9904_algorithm_guidance_process) depends on fields the OpenINTEL corpus does not export, so no verdict is possible in either direction. The observation on 2021-02-01 predates RFC 9904's publication on 2025-11-01 by 1734 days. An observation cannot evidence adoption of an RFC that did not yet exist, so the score is forfeited. This is a corpus limitation, not a statement about the observation."
sig_0015,RFC 9905,Deprecating the Use of SHA-1 in DNSSEC Signature Algorithms,no_match,0.0,none,false,2021-02-01T00:00:00,2025-11-01T00:00:00,94.111.27.in-addr.arpa,apnic,,rfc9905_deprecated_sha1_in_delegation; rfc9905_deprecated_sha1_signature_still_published,,,0.0,1.25,0.0,0.0,3.0,0.0,0.0,0.0,0.0,trace_sig_0015_rfc9905,"RFC 9905 does not explain signal sig_0015: the required indicator rfc9905_deprecated_sha1_signature_still_published failed because rr_type=DS is not in [DNSKEY, RRSIG, CDNSKEY]. The observation on 2021-02-01 predates RFC 9905's publication on 2025-11-01 by 1734 days. An observation cannot evidence adoption of an RFC that did not yet exist, so the score is forfeited. Score 0.0 (none): no required indicator matched, so there is nothing to score."
sig_0015,RFC 9906,Deprecate Usage of ECC-GOST within DNSSEC,no_match,0.0,none,false,2021-02-01T00:00:00,2025-11-01T00:00:00,94.111.27.in-addr.arpa,apnic,,rfc9906_deprecated_ecc_gost_still_published; rfc9906_deprecated_gost_digest_still_published,,,0.0,1.5,0.0,0.0,3.0,0.0,0.0,0.0,0.0,trace_sig_0015_rfc9906,"RFC 9906 does not explain signal sig_0015: the required indicator rfc9906_deprecated_ecc_gost_still_published failed because algorithm=13 does not equal the expected value 12. The observation on 2021-02-01 predates RFC 9906's publication on 2025-11-01 by 1734 days. An observation cannot evidence adoption of an RFC that did not yet exist, so the score is forfeited. Score 0.0 (none): no required indicator matched, so there is nothing to score."
sig_0016,RFC 6605,Elliptic Curve Digital Signature Algorithm (DSA) for DNSSEC,valid_match,13.125,very_high,true,2022-05-01T00:00:00,2012-04-01T00:00:00,94.201.122.in-addr.arpa,apnic,rfc6605_ecdsa_algorithm; rfc6605_ecdsa_on_key_or_signature,,algorithm; rr_type,,9.0,1.25,0.0,1.5,0.0,0.0,0.0,0.0,13.125,trace_sig_0016_rfc6605,"RFC 6605 matched signal sig_0016: the required indicator rfc6605_ecdsa_algorithm passed because algorithm=13 is in [13, 14]. Corroborating indicators also matched: rfc6605_ecdsa_on_key_or_signature. The observation on 2022-05-01 is 3682 days after RFC 6605's publication on 2012-04-01, so the timestamp is valid. Score 13.125 (very_high) = (9.0 required + 1.5 optional) x 1.25 high specificity."
sig_0016,RFC 4033,DNS Security Introduction and Requirements (DNSSEC base: RFC 4033/4034/4035),valid_match,3.75,low,true,2022-05-01T00:00:00,2005-03-01T00:00:00,94.201.122.in-addr.arpa,apnic,rfc4033_base_dnssec_record_present; rfc4033_dnssec_algorithm_present,rfc4033_dnssec_ok_negotiated,algorithm; rr_type,dnssec_ok_flag,4.0,0.75,0.0,1.0,0.0,0.0,0.0,0.0,3.75,trace_sig_0016_rfc4033,"RFC 4033 matched signal sig_0016: the required indicator rfc4033_base_dnssec_record_present passed because rr_type=DS is in [DNSKEY, DS, RRSIG, NSEC]. Corroborating indicators also matched: rfc4033_dnssec_algorithm_present. Indicator rfc4033_dnssec_ok_negotiated did not match: field 'dnssec_ok_flag' is absent from this observation, so the condition 'dnssec_ok_flag must equal true' could not be satisfied (absence is not evidence). The observation on 2022-05-01 is 6270 days after RFC 4033's publication on 2005-03-01, so the timestamp is valid. Score 3.75 (low) = (4.0 required + 1.0 optional) x 0.75 low specificity."
sig_0016,RFC 8624,Algorithm Implementation Requirements and Usage Guidance for DNSSEC,ambiguous,3.375,low,true,2022-05-01T00:00:00,2019-06-01T00:00:00,94.201.122.in-addr.arpa,apnic,rfc8624_avoids_deprecated_algorithm; rfc8624_recommended_signing_algorithm,,algorithm,rr_type; validator_algorithm_support,5.0,0.75,0.0,1.5,0.0,0.0,2.0,0.0,3.375,trace_sig_0016_rfc8624,"RFC 8624 is an ambiguous match for signal sig_0016: the required indicator rfc8624_recommended_signing_algorithm passed because algorithm=13 is in [13, 15]. Corroborating indicators also matched: rfc8624_avoids_deprecated_algorithm. The checklist flags rfc8624_avoids_deprecated_algorithm, rfc8624_recommended_signing_algorithm ambiguous: the same observation is equally explained by other RFCs, so the match is penalized and sent to the review queue rather than reported as adoption. The observation on 2022-05-01 is 1065 days after RFC 8624's publication on 2019-06-01, so the timestamp is valid. Score 3.375 (low) = (5.0 required + 1.5 optional - 2.0 ambiguity penalty) x 0.75 low specificity."
sig_0016,RFC 4034,Resource Records for the DNS Security Extensions,valid_match,3.0,low,true,2022-05-01T00:00:00,2005-03-01T00:00:00,94.201.122.in-addr.arpa,apnic,rfc4034_core_record_present,rfc4034_dnskey_protocol_is_three; rfc4034_rrsig_type_covered_present,rr_type,dnskey_protocol; rrsig_type_covered,3.0,1.0,0.0,0.0,0.0,0.0,0.0,0.0,3.0,trace_sig_0016_rfc4034,"RFC 4034 matched signal sig_0016: the required indicator rfc4034_core_record_present passed because rr_type=DS is in [DNSKEY, DS, RRSIG, NSEC]. Indicator rfc4034_dnskey_protocol_is_three did not match: rr_type=DS is not in [DNSKEY, CDNSKEY]. The observation on 2022-05-01 is 6270 days after RFC 4034's publication on 2005-03-01, so the timestamp is valid. Score 3.0 (low) = (3.0 required) x 1.0 medium specificity."
sig_0016,RFC 3110,RSA/SHA-1 SIGs and RSA KEYs in the Domain Name System (DNS),no_match,0.0,none,true,2022-05-01T00:00:00,2001-05-01T00:00:00,94.201.122.in-addr.arpa,apnic,,rfc3110_rsasha1_algorithm; rfc3110_rsasha1_on_key_or_signature,,,0.0,1.25,0.0,0.0,3.0,0.0,0.0,0.0,0.0,trace_sig_0016_rfc3110,"RFC 3110 does not explain signal sig_0016: the required indicator rfc3110_rsasha1_algorithm failed because algorithm=13 does not equal the expected value 5. The observation on 2022-05-01 is 7670 days after RFC 3110's publication on 2001-05-01, so the timestamp is valid. Score 0.0 (none): no required indicator matched, so there is nothing to score."
sig_0016,RFC 4035,Protocol Modifications for the DNS Security Extensions,non_queryable,0.0,none,true,2022-05-01T00:00:00,2005-03-01T00:00:00,94.201.122.in-addr.arpa,apnic,,,,dnssec_ok_flag,0.0,0.75,0.0,0.0,0.0,0.0,0.0,0.0,0.0,trace_sig_0016_rfc4035,"RFC 4035 could not be evaluated against signal sig_0016: every required indicator (rfc4035_dnssec_ok_negotiated) depends on fields the OpenINTEL corpus does not export, so no verdict is possible in either direction. The observation on 2022-05-01 is 6270 days after RFC 4035's publication on 2005-03-01, so the timestamp is valid. This is a corpus limitation, not a statement about the observation."
sig_0016,RFC 4509,Use of SHA-256 in DNSSEC Delegation Signer (DS) Resource Records,no_match,0.0,none,true,2022-05-01T00:00:00,2006-05-01T00:00:00,94.201.122.in-addr.arpa,apnic,,rfc4509_ds_sha256_digest,,,0.0,1.25,0.0,0.0,3.0,0.0,0.0,0.0,0.0,trace_sig_0016_rfc4509,"RFC 4509 does not explain signal sig_0016: the required indicator rfc4509_ds_sha256_digest failed because digest_type=3 does not equal the expected value 2. The observation on 2022-05-01 is 5844 days after RFC 4509's publication on 2006-05-01, so the timestamp is valid. Score 0.0 (none): no required indicator matched, so there is nothing to score."
sig_0016,RFC 5011,Automated Updates of DNS Security (DNSSEC) Trust Anchors,no_match,0.0,none,true,2022-05-01T00:00:00,2007-09-01T00:00:00,94.201.122.in-addr.arpa,apnic,,rfc5011_revoked_key_published,,flags,0.0,1.25,0.0,0.0,3.0,0.0,0.0,0.0,0.0,trace_sig_0016_rfc5011,"RFC 5011 does not explain signal sig_0016: the required indicator rfc5011_revoked_key_published failed because rr_type=DS does not equal the expected value DNSKEY. The observation on 2022-05-01 is 5356 days after RFC 5011's publication on 2007-09-01, so the timestamp is valid. Score 0.0 (none): no required indicator matched, so there is nothing to score."
sig_0016,RFC 5155,DNS Security (DNSSEC) Hashed Authenticated Denial of Existence,no_match,0.0,none,true,2022-05-01T00:00:00,2008-03-01T00:00:00,94.201.122.in-addr.arpa,apnic,,rfc5155_nsec3_hash_algorithm; rfc5155_nsec3_record_present,,,0.0,1.5,0.0,0.0,3.0,0.0,0.0,0.0,0.0,trace_sig_0016_rfc5155,"RFC 5155 does not explain signal sig_0016: the required indicator rfc5155_nsec3_record_present failed because rr_type=DS is not in [NSEC3, NSEC3PARAM]. The observation on 2022-05-01 is 5174 days after RFC 5155's publication on 2008-03-01, so the timestamp is valid. Score 0.0 (none): no required indicator matched, so there is nothing to score."
sig_0016,RFC 5702,Use of SHA-2 Algorithms with RSA in DNSKEY and RRSIG Resource Records for DNSSEC,no_match,0.0,none,true,2022-05-01T00:00:00,2009-10-01T00:00:00,94.201.122.in-addr.arpa,apnic,,rfc5702_rsa_sha2_algorithm; rfc5702_rsa_sha2_on_dnssec_record,,,0.0,1.25,0.0,0.0,3.0,0.0,0.0,0.0,0.0,trace_sig_0016_rfc5702,"RFC 5702 does not explain signal sig_0016: the required indicator rfc5702_rsa_sha2_algorithm failed because algorithm=13 is not in [8, 10]. The observation on 2022-05-01 is 4595 days after RFC 5702's publication on 2009-10-01, so the timestamp is valid. Score 0.0 (none): no required indicator matched, so there is nothing to score."
sig_0016,RFC 5933,Use of GOST Signature Algorithms in DNSKEY and RRSIG Resource Records for DNSSEC,partial_match,0.0,none,true,2022-05-01T00:00:00,2010-07-01T00:00:00,94.201.122.in-addr.arpa,apnic,rfc5933_gost_ds_digest,rfc5933_ecc_gost_algorithm,digest_type; rr_type,,0.0,1.5,0.0,2.0,3.0,0.0,0.0,0.0,0.0,trace_sig_0016_rfc5933,"RFC 5933 partially matches signal sig_0016: the optional indicator rfc5933_gost_ds_digest passed because rr_type=DS is in [DS, CDS] and digest_type=3 equals the expected value 3. The required indicator rfc5933_ecc_gost_algorithm was not satisfied: algorithm=13 does not equal the expected value 12. The observation on 2022-05-01 is 4322 days after RFC 5933's publication on 2010-07-01, so the timestamp is valid. Score 0.0 (none): the penalties leave a raw total of -1.0, which is clamped to 0 before the 1.5 very_high specificity multiplier."
sig_0016,RFC 6698,The DNS-Based Authentication of Named Entities (DANE) Transport Layer Security (TLS) Protocol: TLSA,no_match,0.0,none,true,2022-05-01T00:00:00,2012-08-01T00:00:00,94.201.122.in-addr.arpa,apnic,,rfc6698_tlsa_fields_well_formed; rfc6698_tlsa_record_present,,tlsa_matchtype; tlsa_usage,0.0,1.5,0.0,0.0,3.0,0.0,0.0,0.0,0.0,trace_sig_0016_rfc6698,"RFC 6698 does not explain signal sig_0016: the required indicator rfc6698_tlsa_record_present failed because rr_type=DS does not equal the expected value TLSA. The observation on 2022-05-01 is 3560 days after RFC 6698's publication on 2012-08-01, so the timestamp is valid. Score 0.0 (none): no required indicator matched, so there is nothing to score."
sig_0016,RFC 6781,"DNSSEC Operational Practices, Version 2",no_match,0.0,none,true,2022-05-01T00:00:00,2012-12-01T00:00:00,94.201.122.in-addr.arpa,apnic,,rfc6781_ksk_zsk_separation,,flags,0.0,0.75,0.0,0.0,3.0,0.0,0.0,0.0,0.0,trace_sig_0016_rfc6781,"RFC 6781 does not explain signal sig_0016: the required indicator rfc6781_ksk_zsk_separation failed because rr_type=DS does not equal the expected value DNSKEY. The observation on 2022-05-01 is 3438 days after RFC 6781's publication on 2012-12-01, so the timestamp is valid. Score 0.0 (none): no required indicator matched, so there is nothing to score."
sig_0016,RFC 6840,Clarifications and Implementation Notes for DNS Security (DNSSEC),non_queryable,0.0,none,true,2022-05-01T00:00:00,2013-02-01T00:00:00,94.201.122.in-addr.arpa,apnic,,,,name_algorithm_set_consistency,0.0,0.75,0.0,0.0,0.0,0.0,0.0,0.0,0.0,trace_sig_0016_rfc6840,"RFC 6840 could not be evaluated against signal sig_0016: every required indicator (rfc6840_mandatory_algorithm_rules) depends on fields the OpenINTEL corpus does not export, so no verdict is possible in either direction. The observation on 2022-05-01 is 3376 days after RFC 6840's publication on 2013-02-01, so the timestamp is valid. This is a corpus limitation, not a statement about the observation."
sig_0016,RFC 7344,Automating DNSSEC Delegation Trust Maintenance,no_match,0.0,none,true,2022-05-01T00:00:00,2014-09-01T00:00:00,94.201.122.in-addr.arpa,apnic,,rfc7344_cds_cdnskey_present; rfc7344_cds_publishes_digest,,,0.0,1.25,0.0,0.0,3.0,0.0,0.0,0.0,0.0,trace_sig_0016_rfc7344,"RFC 7344 does not explain signal sig_0016: the required indicator rfc7344_cds_cdnskey_present failed because rr_type=DS is not in [CDS, CDNSKEY]. The observation on 2022-05-01 is 2799 days after RFC 7344's publication on 2014-09-01, so the timestamp is valid. Score 0.0 (none): no required indicator matched, so there is nothing to score."
sig_0016,RFC 7583,DNSSEC Key Rollover Timing Considerations,non_queryable,0.0,none,true,2022-05-01T00:00:00,2015-10-01T00:00:00,94.201.122.in-addr.arpa,apnic,,,,key_rollover_phase,0.0,0.75,0.0,0.0,0.0,0.0,0.0,0.0,0.0,trace_sig_0016_rfc7583,"RFC 7583 could not be evaluated against signal sig_0016: every required indicator (rfc7583_rollover_timing_observed) depends on fields the OpenINTEL corpus does not export, so no verdict is possible in either direction. The observation on 2022-05-01 is 2404 days after RFC 7583's publication on 2015-10-01, so the timestamp is valid. This is a corpus limitation, not a statement about the observation."
sig_0016,RFC 7671,The DNS-Based Authentication of Named Entities (DANE) Protocol: Updates and Operational Guidance,no_match,0.0,none,true,2022-05-01T00:00:00,2015-10-01T00:00:00,94.201.122.in-addr.arpa,apnic,,rfc7671_dane_usage_preferred,,tlsa_usage,0.0,1.25,0.0,0.0,3.0,0.0,0.0,0.0,0.0,trace_sig_0016_rfc7671,"RFC 7671 does not explain signal sig_0016: the required indicator rfc7671_dane_usage_preferred failed because rr_type=DS does not equal the expected value TLSA. The observation on 2022-05-01 is 2404 days after RFC 7671's publication on 2015-10-01, so the timestamp is valid. Score 0.0 (none): no required indicator matched, so there is nothing to score."
sig_0016,RFC 7672,SMTP Security via Opportunistic DNS-Based Authentication of Named Entities (DANE) Transport Layer Security (TLS),no_match,0.0,none,true,2022-05-01T00:00:00,2015-10-01T00:00:00,94.201.122.in-addr.arpa,apnic,,rfc7672_smtp_dane_tlsa,,domain,0.0,1.5,0.0,0.0,3.0,0.0,0.0,0.0,0.0,trace_sig_0016_rfc7672,"RFC 7672 does not explain signal sig_0016: the required indicator rfc7672_smtp_dane_tlsa failed because rr_type=DS does not equal the expected value TLSA. The observation on 2022-05-01 is 2404 days after RFC 7672's publication on 2015-10-01, so the timestamp is valid. Score 0.0 (none): no required indicator matched, so there is nothing to score."
sig_0016,RFC 8078,Managing DS Records from the Parent via CDS/CDNSKEY,no_match,0.0,none,true,2022-05-01T00:00:00,2017-03-01T00:00:00,94.201.122.in-addr.arpa,apnic,,rfc8078_cds_cdnskey_algorithm_zero; rfc8078_delete_signal_digest_zero,,,0.0,1.5,0.0,0.0,3.0,0.0,0.0,0.0,0.0,trace_sig_0016_rfc8078,"RFC 8078 does not explain signal sig_0016: the required indicator rfc8078_cds_cdnskey_algorithm_zero failed because rr_type=DS is not in [CDS, CDNSKEY]. The observation on 2022-05-01 is 1887 days after RFC 8078's publication on 2017-03-01, so the timestamp is valid. Score 0.0 (none): no required indicator matched, so there is nothing to score."
sig_0016,RFC 8080,Edwards-Curve Digital Security Algorithm (EdDSA) for DNSSEC,no_match,0.0,none,true,2022-05-01T00:00:00,2017-02-01T00:00:00,94.201.122.in-addr.arpa,apnic,,rfc8080_eddsa_algorithm; rfc8080_eddsa_on_key_or_signature,,,0.0,1.5,0.0,0.0,3.0,0.0,0.0,0.0,0.0,trace_sig_0016_rfc8080,"RFC 8080 does not explain signal sig_0016: the required indicator rfc8080_eddsa_algorithm failed because algorithm=13 is not in [15, 16]. The observation on 2022-05-01 is 1915 days after RFC 8080's publication on 2017-02-01, so the timestamp is valid. Score 0.0 (none): no required indicator matched, so there is nothing to score."
sig_0016,RFC 8198,Aggressive Use of DNSSEC-Validated Cache,non_queryable,0.0,none,true,2022-05-01T00:00:00,2017-07-01T00:00:00,94.201.122.in-addr.arpa,apnic,,,,resolver_synthesised_nxdomain,0.0,1.0,0.0,0.0,0.0,0.0,0.0,0.0,0.0,trace_sig_0016_rfc8198,"RFC 8198 could not be evaluated against signal sig_0016: every required indicator (rfc8198_aggressive_nsec_use) depends on fields the OpenINTEL corpus does not export, so no verdict is possible in either direction. The observation on 2022-05-01 is 1765 days after RFC 8198's publication on 2017-07-01, so the timestamp is valid. This is a corpus limitation, not a statement about the observation."
sig_0016,RFC 9077,NSEC and NSEC3: TTLs and Aggressive Use,no_match,0.0,none,true,2022-05-01T00:00:00,2021-07-01T00:00:00,94.201.122.in-addr.arpa,apnic,,rfc9077_nsec_ttl_bounded,,record_ttl,0.0,1.25,0.0,0.0,3.0,0.0,0.0,0.0,0.0,trace_sig_0016_rfc9077,"RFC 9077 does not explain signal sig_0016: the required indicator rfc9077_nsec_ttl_bounded failed because rr_type=DS is not in [NSEC, NSEC3]. The observation on 2022-05-01 is 304 days after RFC 9077's publication on 2021-07-01, so the timestamp is valid. Score 0.0 (none): no required indicator matched, so there is nothing to score."
sig_0016,RFC 9276,Guidance for NSEC3 Parameter Settings,no_match,0.0,none,false,2022-05-01T00:00:00,2022-08-01T00:00:00,94.201.122.in-addr.arpa,apnic,,rfc9276_empty_nsec3_salt; rfc9276_zero_nsec3_iterations,,nsec3_iterations; nsec3_salt,0.0,1.5,0.0,0.0,3.0,0.0,0.0,0.0,0.0,trace_sig_0016_rfc9276,"RFC 9276 does not explain signal sig_0016: the required indicator rfc9276_zero_nsec3_iterations failed because rr_type=DS is not in [NSEC3, NSEC3PARAM]. The observation on 2022-05-01 predates RFC 9276's publication on 2022-08-01 by 92 days. An observation cannot evidence adoption of an RFC that did not yet exist, so the score is forfeited. Score 0.0 (none): no required indicator matched, so there is nothing to score."
sig_0016,RFC 9364,DNS Security Extensions (DNSSEC),non_queryable,0.0,none,false,2022-05-01T00:00:00,2023-02-01T00:00:00,94.201.122.in-addr.arpa,apnic,,,,declared_standards_profile,0.0,0.75,0.0,0.0,0.0,0.0,0.0,0.0,0.0,trace_sig_0016_rfc9364,"RFC 9364 could not be evaluated against signal sig_0016: every required indicator (rfc9364_bcp_profile_declared) depends on fields the OpenINTEL corpus does not export, so no verdict is possible in either direction. The observation on 2022-05-01 predates RFC 9364's publication on 2023-02-01 by 276 days. An observation cannot evidence adoption of an RFC that did not yet exist, so the score is forfeited. This is a corpus limitation, not a statement about the observation."
sig_0016,RFC 9558,Use of GOST 2012 Signature Algorithms in DNSKEY and RRSIG Resource Records for DNSSEC,no_match,0.0,none,false,2022-05-01T00:00:00,2024-04-01T00:00:00,94.201.122.in-addr.arpa,apnic,,rfc9558_gost2012_algorithm; rfc9558_gost2012_ds_digest,,,0.0,1.5,0.0,0.0,3.0,0.0,0.0,0.0,0.0,trace_sig_0016_rfc9558,"RFC 9558 does not explain signal sig_0016: the required indicator rfc9558_gost2012_algorithm failed because algorithm=13 does not equal the expected value 23. The observation on 2022-05-01 predates RFC 9558's publication on 2024-04-01 by 701 days. An observation cannot evidence adoption of an RFC that did not yet exist, so the score is forfeited. Score 0.0 (none): no required indicator matched, so there is nothing to score."
sig_0016,RFC 9563,SM2 Digital Signature Algorithm for DNSSEC,no_match,0.0,none,false,2022-05-01T00:00:00,2024-12-01T00:00:00,94.201.122.in-addr.arpa,apnic,,rfc9563_sm2sm3_algorithm; rfc9563_sm3_ds_digest,,,0.0,1.5,0.0,0.0,3.0,0.0,0.0,0.0,0.0,trace_sig_0016_rfc9563,"RFC 9563 does not explain signal sig_0016: the required indicator rfc9563_sm2sm3_algorithm failed because algorithm=13 does not equal the expected value 17. The observation on 2022-05-01 predates RFC 9563's publication on 2024-12-01 by 945 days. An observation cannot evidence adoption of an RFC that did not yet exist, so the score is forfeited. Score 0.0 (none): no required indicator matched, so there is nothing to score."
sig_0016,RFC 9615,Automatic DNSSEC Bootstrapping Using Authenticated Signals from the Zone's Operator,non_queryable,0.0,none,false,2022-05-01T00:00:00,2024-07-01T00:00:00,94.201.122.in-addr.arpa,apnic,,,,domain; rr_type,0.0,1.5,0.0,0.0,0.0,0.0,0.0,0.0,0.0,trace_sig_0016_rfc9615,"RFC 9615 could not be evaluated against signal sig_0016: every required indicator (rfc9615_bootstrap_signal_label) depends on fields the OpenINTEL corpus does not export, so no verdict is possible in either direction. The observation on 2022-05-01 predates RFC 9615's publication on 2024-07-01 by 792 days. An observation cannot evidence adoption of an RFC that did not yet exist, so the score is forfeited. This is a corpus limitation, not a statement about the observation."
sig_0016,RFC 9904,DNSSEC Cryptographic Algorithm Recommendation Update Process,non_queryable,0.0,none,false,2022-05-01T00:00:00,2025-11-01T00:00:00,94.201.122.in-addr.arpa,apnic,,,,guidance_source_registry,0.0,0.75,0.0,0.0,0.0,0.0,0.0,0.0,0.0,trace_sig_0016_rfc9904,"RFC 9904 could not be evaluated against signal sig_0016: every required indicator (rfc9904_algorithm_guidance_process) depends on fields the OpenINTEL corpus does not export, so no verdict is possible in either direction. The observation on 2022-05-01 predates RFC 9904's publication on 2025-11-01 by 1280 days. An observation cannot evidence adoption of an RFC that did not yet exist, so the score is forfeited. This is a corpus limitation, not a statement about the observation."
sig_0016,RFC 9905,Deprecating the Use of SHA-1 in DNSSEC Signature Algorithms,no_match,0.0,none,false,2022-05-01T00:00:00,2025-11-01T00:00:00,94.201.122.in-addr.arpa,apnic,,rfc9905_deprecated_sha1_in_delegation; rfc9905_deprecated_sha1_signature_still_published,,,0.0,1.25,0.0,0.0,3.0,0.0,0.0,0.0,0.0,trace_sig_0016_rfc9905,"RFC 9905 does not explain signal sig_0016: the required indicator rfc9905_deprecated_sha1_signature_still_published failed because rr_type=DS is not in [DNSKEY, RRSIG, CDNSKEY]. The observation on 2022-05-01 predates RFC 9905's publication on 2025-11-01 by 1280 days. An observation cannot evidence adoption of an RFC that did not yet exist, so the score is forfeited. Score 0.0 (none): no required indicator matched, so there is nothing to score."
sig_0016,RFC 9906,Deprecate Usage of ECC-GOST within DNSSEC,timestamp_invalid,0.0,none,false,2022-05-01T00:00:00,2025-11-01T00:00:00,94.201.122.in-addr.arpa,apnic,rfc9906_deprecated_gost_digest_still_published,rfc9906_deprecated_ecc_gost_still_published,digest_type; rr_type,,0.0,1.5,0.0,2.0,3.0,0.0,0.0,0.0,0.0,trace_sig_0016_rfc9906,"RFC 9906 cannot explain signal sig_0016: although rr_type=DS and digest_type=3 satisfy the optional indicator rfc9906_deprecated_gost_digest_still_published, the observation on 2022-05-01 predates RFC 9906's publication on 2025-11-01 by 1280 days. An observation cannot evidence adoption of an RFC that did not yet exist, so the score of 0.0 is forfeited and this is routed to the review queue. The withheld score derives from (0.0 required + 2.0 optional - 3.0 missing-required penalty) x 1.5 very_high specificity."
sig_0017,RFC 6605,Elliptic Curve Digital Signature Algorithm (DSA) for DNSSEC,valid_match,13.125,very_high,true,2022-06-01T00:00:00,2012-04-01T00:00:00,165.89.45.in-addr.arpa,ripe,rfc6605_ecdsa_algorithm; rfc6605_ecdsa_on_key_or_signature,,algorithm; rr_type,,9.0,1.25,0.0,1.5,0.0,0.0,0.0,0.0,13.125,trace_sig_0017_rfc6605,"RFC 6605 matched signal sig_0017: the required indicator rfc6605_ecdsa_algorithm passed because algorithm=14 is in [13, 14]. Corroborating indicators also matched: rfc6605_ecdsa_on_key_or_signature. The observation on 2022-06-01 is 3713 days after RFC 6605's publication on 2012-04-01, so the timestamp is valid. Score 13.125 (very_high) = (9.0 required + 1.5 optional) x 1.25 high specificity."
sig_0017,RFC 4033,DNS Security Introduction and Requirements (DNSSEC base: RFC 4033/4034/4035),valid_match,3.75,low,true,2022-06-01T00:00:00,2005-03-01T00:00:00,165.89.45.in-addr.arpa,ripe,rfc4033_base_dnssec_record_present; rfc4033_dnssec_algorithm_present,rfc4033_dnssec_ok_negotiated,algorithm; rr_type,dnssec_ok_flag,4.0,0.75,0.0,1.0,0.0,0.0,0.0,0.0,3.75,trace_sig_0017_rfc4033,"RFC 4033 matched signal sig_0017: the required indicator rfc4033_base_dnssec_record_present passed because rr_type=DS is in [DNSKEY, DS, RRSIG, NSEC]. Corroborating indicators also matched: rfc4033_dnssec_algorithm_present. Indicator rfc4033_dnssec_ok_negotiated did not match: field 'dnssec_ok_flag' is absent from this observation, so the condition 'dnssec_ok_flag must equal true' could not be satisfied (absence is not evidence). The observation on 2022-06-01 is 6301 days after RFC 4033's publication on 2005-03-01, so the timestamp is valid. Score 3.75 (low) = (4.0 required + 1.0 optional) x 0.75 low specificity."
sig_0017,RFC 4034,Resource Records for the DNS Security Extensions,valid_match,3.0,low,true,2022-06-01T00:00:00,2005-03-01T00:00:00,165.89.45.in-addr.arpa,ripe,rfc4034_core_record_present,rfc4034_dnskey_protocol_is_three; rfc4034_rrsig_type_covered_present,rr_type,dnskey_protocol; rrsig_type_covered,3.0,1.0,0.0,0.0,0.0,0.0,0.0,0.0,3.0,trace_sig_0017_rfc4034,"RFC 4034 matched signal sig_0017: the required indicator rfc4034_core_record_present passed because rr_type=DS is in [DNSKEY, DS, RRSIG, NSEC]. Indicator rfc4034_dnskey_protocol_is_three did not match: rr_type=DS is not in [DNSKEY, CDNSKEY]. The observation on 2022-06-01 is 6301 days after RFC 4034's publication on 2005-03-01, so the timestamp is valid. Score 3.0 (low) = (3.0 required) x 1.0 medium specificity."
sig_0017,RFC 3110,RSA/SHA-1 SIGs and RSA KEYs in the Domain Name System (DNS),no_match,0.0,none,true,2022-06-01T00:00:00,2001-05-01T00:00:00,165.89.45.in-addr.arpa,ripe,,rfc3110_rsasha1_algorithm; rfc3110_rsasha1_on_key_or_signature,,,0.0,1.25,0.0,0.0,3.0,0.0,0.0,0.0,0.0,trace_sig_0017_rfc3110,"RFC 3110 does not explain signal sig_0017: the required indicator rfc3110_rsasha1_algorithm failed because algorithm=14 does not equal the expected value 5. The observation on 2022-06-01 is 7701 days after RFC 3110's publication on 2001-05-01, so the timestamp is valid. Score 0.0 (none): no required indicator matched, so there is nothing to score."
sig_0017,RFC 4035,Protocol Modifications for the DNS Security Extensions,non_queryable,0.0,none,true,2022-06-01T00:00:00,2005-03-01T00:00:00,165.89.45.in-addr.arpa,ripe,,,,dnssec_ok_flag,0.0,0.75,0.0,0.0,0.0,0.0,0.0,0.0,0.0,trace_sig_0017_rfc4035,"RFC 4035 could not be evaluated against signal sig_0017: every required indicator (rfc4035_dnssec_ok_negotiated) depends on fields the OpenINTEL corpus does not export, so no verdict is possible in either direction. The observation on 2022-06-01 is 6301 days after RFC 4035's publication on 2005-03-01, so the timestamp is valid. This is a corpus limitation, not a statement about the observation."
sig_0017,RFC 4509,Use of SHA-256 in DNSSEC Delegation Signer (DS) Resource Records,no_match,0.0,none,true,2022-06-01T00:00:00,2006-05-01T00:00:00,165.89.45.in-addr.arpa,ripe,,rfc4509_ds_sha256_digest,,,0.0,1.25,0.0,0.0,3.0,0.0,0.0,0.0,0.0,trace_sig_0017_rfc4509,"RFC 4509 does not explain signal sig_0017: the required indicator rfc4509_ds_sha256_digest failed because digest_type=1 does not equal the expected value 2. The observation on 2022-06-01 is 5875 days after RFC 4509's publication on 2006-05-01, so the timestamp is valid. Score 0.0 (none): no required indicator matched, so there is nothing to score."
sig_0017,RFC 5011,Automated Updates of DNS Security (DNSSEC) Trust Anchors,no_match,0.0,none,true,2022-06-01T00:00:00,2007-09-01T00:00:00,165.89.45.in-addr.arpa,ripe,,rfc5011_revoked_key_published,,flags,0.0,1.25,0.0,0.0,3.0,0.0,0.0,0.0,0.0,trace_sig_0017_rfc5011,"RFC 5011 does not explain signal sig_0017: the required indicator rfc5011_revoked_key_published failed because rr_type=DS does not equal the expected value DNSKEY. The observation on 2022-06-01 is 5387 days after RFC 5011's publication on 2007-09-01, so the timestamp is valid. Score 0.0 (none): no required indicator matched, so there is nothing to score."
sig_0017,RFC 5155,DNS Security (DNSSEC) Hashed Authenticated Denial of Existence,no_match,0.0,none,true,2022-06-01T00:00:00,2008-03-01T00:00:00,165.89.45.in-addr.arpa,ripe,,rfc5155_nsec3_hash_algorithm; rfc5155_nsec3_record_present,,,0.0,1.5,0.0,0.0,3.0,0.0,0.0,0.0,0.0,trace_sig_0017_rfc5155,"RFC 5155 does not explain signal sig_0017: the required indicator rfc5155_nsec3_record_present failed because rr_type=DS is not in [NSEC3, NSEC3PARAM]. The observation on 2022-06-01 is 5205 days after RFC 5155's publication on 2008-03-01, so the timestamp is valid. Score 0.0 (none): no required indicator matched, so there is nothing to score."
sig_0017,RFC 5702,Use of SHA-2 Algorithms with RSA in DNSKEY and RRSIG Resource Records for DNSSEC,no_match,0.0,none,true,2022-06-01T00:00:00,2009-10-01T00:00:00,165.89.45.in-addr.arpa,ripe,,rfc5702_rsa_sha2_algorithm; rfc5702_rsa_sha2_on_dnssec_record,,,0.0,1.25,0.0,0.0,3.0,0.0,0.0,0.0,0.0,trace_sig_0017_rfc5702,"RFC 5702 does not explain signal sig_0017: the required indicator rfc5702_rsa_sha2_algorithm failed because algorithm=14 is not in [8, 10]. The observation on 2022-06-01 is 4626 days after RFC 5702's publication on 2009-10-01, so the timestamp is valid. Score 0.0 (none): no required indicator matched, so there is nothing to score."
sig_0017,RFC 5933,Use of GOST Signature Algorithms in DNSKEY and RRSIG Resource Records for DNSSEC,no_match,0.0,none,true,2022-06-01T00:00:00,2010-07-01T00:00:00,165.89.45.in-addr.arpa,ripe,,rfc5933_ecc_gost_algorithm; rfc5933_gost_ds_digest,,,0.0,1.5,0.0,0.0,3.0,0.0,0.0,0.0,0.0,trace_sig_0017_rfc5933,"RFC 5933 does not explain signal sig_0017: the required indicator rfc5933_ecc_gost_algorithm failed because algorithm=14 does not equal the expected value 12. The observation on 2022-06-01 is 4353 days after RFC 5933's publication on 2010-07-01, so the timestamp is valid. Score 0.0 (none): no required indicator matched, so there is nothing to score."
sig_0017,RFC 6698,The DNS-Based Authentication of Named Entities (DANE) Transport Layer Security (TLS) Protocol: TLSA,no_match,0.0,none,true,2022-06-01T00:00:00,2012-08-01T00:00:00,165.89.45.in-addr.arpa,ripe,,rfc6698_tlsa_fields_well_formed; rfc6698_tlsa_record_present,,tlsa_matchtype; tlsa_usage,0.0,1.5,0.0,0.0,3.0,0.0,0.0,0.0,0.0,trace_sig_0017_rfc6698,"RFC 6698 does not explain signal sig_0017: the required indicator rfc6698_tlsa_record_present failed because rr_type=DS does not equal the expected value TLSA. The observation on 2022-06-01 is 3591 days after RFC 6698's publication on 2012-08-01, so the timestamp is valid. Score 0.0 (none): no required indicator matched, so there is nothing to score."
sig_0017,RFC 6781,"DNSSEC Operational Practices, Version 2",no_match,0.0,none,true,2022-06-01T00:00:00,2012-12-01T00:00:00,165.89.45.in-addr.arpa,ripe,,rfc6781_ksk_zsk_separation,,flags,0.0,0.75,0.0,0.0,3.0,0.0,0.0,0.0,0.0,trace_sig_0017_rfc6781,"RFC 6781 does not explain signal sig_0017: the required indicator rfc6781_ksk_zsk_separation failed because rr_type=DS does not equal the expected value DNSKEY. The observation on 2022-06-01 is 3469 days after RFC 6781's publication on 2012-12-01, so the timestamp is valid. Score 0.0 (none): no required indicator matched, so there is nothing to score."
sig_0017,RFC 6840,Clarifications and Implementation Notes for DNS Security (DNSSEC),non_queryable,0.0,none,true,2022-06-01T00:00:00,2013-02-01T00:00:00,165.89.45.in-addr.arpa,ripe,,,,name_algorithm_set_consistency,0.0,0.75,0.0,0.0,0.0,0.0,0.0,0.0,0.0,trace_sig_0017_rfc6840,"RFC 6840 could not be evaluated against signal sig_0017: every required indicator (rfc6840_mandatory_algorithm_rules) depends on fields the OpenINTEL corpus does not export, so no verdict is possible in either direction. The observation on 2022-06-01 is 3407 days after RFC 6840's publication on 2013-02-01, so the timestamp is valid. This is a corpus limitation, not a statement about the observation."
sig_0017,RFC 7344,Automating DNSSEC Delegation Trust Maintenance,no_match,0.0,none,true,2022-06-01T00:00:00,2014-09-01T00:00:00,165.89.45.in-addr.arpa,ripe,,rfc7344_cds_cdnskey_present; rfc7344_cds_publishes_digest,,,0.0,1.25,0.0,0.0,3.0,0.0,0.0,0.0,0.0,trace_sig_0017_rfc7344,"RFC 7344 does not explain signal sig_0017: the required indicator rfc7344_cds_cdnskey_present failed because rr_type=DS is not in [CDS, CDNSKEY]. The observation on 2022-06-01 is 2830 days after RFC 7344's publication on 2014-09-01, so the timestamp is valid. Score 0.0 (none): no required indicator matched, so there is nothing to score."
sig_0017,RFC 7583,DNSSEC Key Rollover Timing Considerations,non_queryable,0.0,none,true,2022-06-01T00:00:00,2015-10-01T00:00:00,165.89.45.in-addr.arpa,ripe,,,,key_rollover_phase,0.0,0.75,0.0,0.0,0.0,0.0,0.0,0.0,0.0,trace_sig_0017_rfc7583,"RFC 7583 could not be evaluated against signal sig_0017: every required indicator (rfc7583_rollover_timing_observed) depends on fields the OpenINTEL corpus does not export, so no verdict is possible in either direction. The observation on 2022-06-01 is 2435 days after RFC 7583's publication on 2015-10-01, so the timestamp is valid. This is a corpus limitation, not a statement about the observation."
sig_0017,RFC 7671,The DNS-Based Authentication of Named Entities (DANE) Protocol: Updates and Operational Guidance,no_match,0.0,none,true,2022-06-01T00:00:00,2015-10-01T00:00:00,165.89.45.in-addr.arpa,ripe,,rfc7671_dane_usage_preferred,,tlsa_usage,0.0,1.25,0.0,0.0,3.0,0.0,0.0,0.0,0.0,trace_sig_0017_rfc7671,"RFC 7671 does not explain signal sig_0017: the required indicator rfc7671_dane_usage_preferred failed because rr_type=DS does not equal the expected value TLSA. The observation on 2022-06-01 is 2435 days after RFC 7671's publication on 2015-10-01, so the timestamp is valid. Score 0.0 (none): no required indicator matched, so there is nothing to score."
sig_0017,RFC 7672,SMTP Security via Opportunistic DNS-Based Authentication of Named Entities (DANE) Transport Layer Security (TLS),no_match,0.0,none,true,2022-06-01T00:00:00,2015-10-01T00:00:00,165.89.45.in-addr.arpa,ripe,,rfc7672_smtp_dane_tlsa,,domain,0.0,1.5,0.0,0.0,3.0,0.0,0.0,0.0,0.0,trace_sig_0017_rfc7672,"RFC 7672 does not explain signal sig_0017: the required indicator rfc7672_smtp_dane_tlsa failed because rr_type=DS does not equal the expected value TLSA. The observation on 2022-06-01 is 2435 days after RFC 7672's publication on 2015-10-01, so the timestamp is valid. Score 0.0 (none): no required indicator matched, so there is nothing to score."
sig_0017,RFC 8078,Managing DS Records from the Parent via CDS/CDNSKEY,no_match,0.0,none,true,2022-06-01T00:00:00,2017-03-01T00:00:00,165.89.45.in-addr.arpa,ripe,,rfc8078_cds_cdnskey_algorithm_zero; rfc8078_delete_signal_digest_zero,,,0.0,1.5,0.0,0.0,3.0,0.0,0.0,0.0,0.0,trace_sig_0017_rfc8078,"RFC 8078 does not explain signal sig_0017: the required indicator rfc8078_cds_cdnskey_algorithm_zero failed because rr_type=DS is not in [CDS, CDNSKEY]. The observation on 2022-06-01 is 1918 days after RFC 8078's publication on 2017-03-01, so the timestamp is valid. Score 0.0 (none): no required indicator matched, so there is nothing to score."
sig_0017,RFC 8080,Edwards-Curve Digital Security Algorithm (EdDSA) for DNSSEC,no_match,0.0,none,true,2022-06-01T00:00:00,2017-02-01T00:00:00,165.89.45.in-addr.arpa,ripe,,rfc8080_eddsa_algorithm; rfc8080_eddsa_on_key_or_signature,,,0.0,1.5,0.0,0.0,3.0,0.0,0.0,0.0,0.0,trace_sig_0017_rfc8080,"RFC 8080 does not explain signal sig_0017: the required indicator rfc8080_eddsa_algorithm failed because algorithm=14 is not in [15, 16]. The observation on 2022-06-01 is 1946 days after RFC 8080's publication on 2017-02-01, so the timestamp is valid. Score 0.0 (none): no required indicator matched, so there is nothing to score."
sig_0017,RFC 8198,Aggressive Use of DNSSEC-Validated Cache,non_queryable,0.0,none,true,2022-06-01T00:00:00,2017-07-01T00:00:00,165.89.45.in-addr.arpa,ripe,,,,resolver_synthesised_nxdomain,0.0,1.0,0.0,0.0,0.0,0.0,0.0,0.0,0.0,trace_sig_0017_rfc8198,"RFC 8198 could not be evaluated against signal sig_0017: every required indicator (rfc8198_aggressive_nsec_use) depends on fields the OpenINTEL corpus does not export, so no verdict is possible in either direction. The observation on 2022-06-01 is 1796 days after RFC 8198's publication on 2017-07-01, so the timestamp is valid. This is a corpus limitation, not a statement about the observation."
sig_0017,RFC 8624,Algorithm Implementation Requirements and Usage Guidance for DNSSEC,partial_match,0.0,none,true,2022-06-01T00:00:00,2019-06-01T00:00:00,165.89.45.in-addr.arpa,ripe,rfc8624_avoids_deprecated_algorithm,rfc8624_recommended_signing_algorithm,algorithm,rr_type; validator_algorithm_support,0.0,0.75,0.0,1.5,3.0,0.0,2.0,0.0,0.0,trace_sig_0017_rfc8624,"RFC 8624 partially matches signal sig_0017: the optional indicator rfc8624_avoids_deprecated_algorithm passed because algorithm is present (observed 14) and algorithm=14 differs from 1 as required. The required indicator rfc8624_recommended_signing_algorithm was not satisfied: algorithm=14 is not in [13, 15]. The observation on 2022-06-01 is 1096 days after RFC 8624's publication on 2019-06-01, so the timestamp is valid. Score 0.0 (none): the penalties leave a raw total of -3.5, which is clamped to 0 before the 0.75 low specificity multiplier."
sig_0017,RFC 9077,NSEC and NSEC3: TTLs and Aggressive Use,no_match,0.0,none,true,2022-06-01T00:00:00,2021-07-01T00:00:00,165.89.45.in-addr.arpa,ripe,,rfc9077_nsec_ttl_bounded,,record_ttl,0.0,1.25,0.0,0.0,3.0,0.0,0.0,0.0,0.0,trace_sig_0017_rfc9077,"RFC 9077 does not explain signal sig_0017: the required indicator rfc9077_nsec_ttl_bounded failed because rr_type=DS is not in [NSEC, NSEC3]. The observation on 2022-06-01 is 335 days after RFC 9077's publication on 2021-07-01, so the timestamp is valid. Score 0.0 (none): no required indicator matched, so there is nothing to score."
sig_0017,RFC 9276,Guidance for NSEC3 Parameter Settings,no_match,0.0,none,false,2022-06-01T00:00:00,2022-08-01T00:00:00,165.89.45.in-addr.arpa,ripe,,rfc9276_empty_nsec3_salt; rfc9276_zero_nsec3_iterations,,nsec3_iterations; nsec3_salt,0.0,1.5,0.0,0.0,3.0,0.0,0.0,0.0,0.0,trace_sig_0017_rfc9276,"RFC 9276 does not explain signal sig_0017: the required indicator rfc9276_zero_nsec3_iterations failed because rr_type=DS is not in [NSEC3, NSEC3PARAM]. The observation on 2022-06-01 predates RFC 9276's publication on 2022-08-01 by 61 days. An observation cannot evidence adoption of an RFC that did not yet exist, so the score is forfeited. Score 0.0 (none): no required indicator matched, so there is nothing to score."
sig_0017,RFC 9364,DNS Security Extensions (DNSSEC),non_queryable,0.0,none,false,2022-06-01T00:00:00,2023-02-01T00:00:00,165.89.45.in-addr.arpa,ripe,,,,declared_standards_profile,0.0,0.75,0.0,0.0,0.0,0.0,0.0,0.0,0.0,trace_sig_0017_rfc9364,"RFC 9364 could not be evaluated against signal sig_0017: every required indicator (rfc9364_bcp_profile_declared) depends on fields the OpenINTEL corpus does not export, so no verdict is possible in either direction. The observation on 2022-06-01 predates RFC 9364's publication on 2023-02-01 by 245 days. An observation cannot evidence adoption of an RFC that did not yet exist, so the score is forfeited. This is a corpus limitation, not a statement about the observation."
sig_0017,RFC 9558,Use of GOST 2012 Signature Algorithms in DNSKEY and RRSIG Resource Records for DNSSEC,no_match,0.0,none,false,2022-06-01T00:00:00,2024-04-01T00:00:00,165.89.45.in-addr.arpa,ripe,,rfc9558_gost2012_algorithm; rfc9558_gost2012_ds_digest,,,0.0,1.5,0.0,0.0,3.0,0.0,0.0,0.0,0.0,trace_sig_0017_rfc9558,"RFC 9558 does not explain signal sig_0017: the required indicator rfc9558_gost2012_algorithm failed because algorithm=14 does not equal the expected value 23. The observation on 2022-06-01 predates RFC 9558's publication on 2024-04-01 by 670 days. An observation cannot evidence adoption of an RFC that did not yet exist, so the score is forfeited. Score 0.0 (none): no required indicator matched, so there is nothing to score."
sig_0017,RFC 9563,SM2 Digital Signature Algorithm for DNSSEC,no_match,0.0,none,false,2022-06-01T00:00:00,2024-12-01T00:00:00,165.89.45.in-addr.arpa,ripe,,rfc9563_sm2sm3_algorithm; rfc9563_sm3_ds_digest,,,0.0,1.5,0.0,0.0,3.0,0.0,0.0,0.0,0.0,trace_sig_0017_rfc9563,"RFC 9563 does not explain signal sig_0017: the required indicator rfc9563_sm2sm3_algorithm failed because algorithm=14 does not equal the expected value 17. The observation on 2022-06-01 predates RFC 9563's publication on 2024-12-01 by 914 days. An observation cannot evidence adoption of an RFC that did not yet exist, so the score is forfeited. Score 0.0 (none): no required indicator matched, so there is nothing to score."
sig_0017,RFC 9615,Automatic DNSSEC Bootstrapping Using Authenticated Signals from the Zone's Operator,non_queryable,0.0,none,false,2022-06-01T00:00:00,2024-07-01T00:00:00,165.89.45.in-addr.arpa,ripe,,,,domain; rr_type,0.0,1.5,0.0,0.0,0.0,0.0,0.0,0.0,0.0,trace_sig_0017_rfc9615,"RFC 9615 could not be evaluated against signal sig_0017: every required indicator (rfc9615_bootstrap_signal_label) depends on fields the OpenINTEL corpus does not export, so no verdict is possible in either direction. The observation on 2022-06-01 predates RFC 9615's publication on 2024-07-01 by 761 days. An observation cannot evidence adoption of an RFC that did not yet exist, so the score is forfeited. This is a corpus limitation, not a statement about the observation."
sig_0017,RFC 9904,DNSSEC Cryptographic Algorithm Recommendation Update Process,non_queryable,0.0,none,false,2022-06-01T00:00:00,2025-11-01T00:00:00,165.89.45.in-addr.arpa,ripe,,,,guidance_source_registry,0.0,0.75,0.0,0.0,0.0,0.0,0.0,0.0,0.0,trace_sig_0017_rfc9904,"RFC 9904 could not be evaluated against signal sig_0017: every required indicator (rfc9904_algorithm_guidance_process) depends on fields the OpenINTEL corpus does not export, so no verdict is possible in either direction. The observation on 2022-06-01 predates RFC 9904's publication on 2025-11-01 by 1249 days. An observation cannot evidence adoption of an RFC that did not yet exist, so the score is forfeited. This is a corpus limitation, not a statement about the observation."
sig_0017,RFC 9905,Deprecating the Use of SHA-1 in DNSSEC Signature Algorithms,no_match,0.0,none,false,2022-06-01T00:00:00,2025-11-01T00:00:00,165.89.45.in-addr.arpa,ripe,,rfc9905_deprecated_sha1_in_delegation; rfc9905_deprecated_sha1_signature_still_published,,,0.0,1.25,0.0,0.0,3.0,0.0,0.0,0.0,0.0,trace_sig_0017_rfc9905,"RFC 9905 does not explain signal sig_0017: the required indicator rfc9905_deprecated_sha1_signature_still_published failed because rr_type=DS is not in [DNSKEY, RRSIG, CDNSKEY]. The observation on 2022-06-01 predates RFC 9905's publication on 2025-11-01 by 1249 days. An observation cannot evidence adoption of an RFC that did not yet exist, so the score is forfeited. Score 0.0 (none): no required indicator matched, so there is nothing to score."
sig_0017,RFC 9906,Deprecate Usage of ECC-GOST within DNSSEC,no_match,0.0,none,false,2022-06-01T00:00:00,2025-11-01T00:00:00,165.89.45.in-addr.arpa,ripe,,rfc9906_deprecated_ecc_gost_still_published; rfc9906_deprecated_gost_digest_still_published,,,0.0,1.5,0.0,0.0,3.0,0.0,0.0,0.0,0.0,trace_sig_0017_rfc9906,"RFC 9906 does not explain signal sig_0017: the required indicator rfc9906_deprecated_ecc_gost_still_published failed because algorithm=14 does not equal the expected value 12. The observation on 2022-06-01 predates RFC 9906's publication on 2025-11-01 by 1249 days. An observation cannot evidence adoption of an RFC that did not yet exist, so the score is forfeited. Score 0.0 (none): no required indicator matched, so there is nothing to score."
sig_0018,RFC 6605,Elliptic Curve Digital Signature Algorithm (DSA) for DNSSEC,valid_match,13.125,very_high,true,2022-11-01T00:00:00,2012-04-01T00:00:00,77.201.122.in-addr.arpa,apnic,rfc6605_ecdsa_algorithm; rfc6605_ecdsa_on_key_or_signature,,algorithm; rr_type,,9.0,1.25,0.0,1.5,0.0,0.0,0.0,0.0,13.125,trace_sig_0018_rfc6605,"RFC 6605 matched signal sig_0018: the required indicator rfc6605_ecdsa_algorithm passed because algorithm=13 is in [13, 14]. Corroborating indicators also matched: rfc6605_ecdsa_on_key_or_signature. The observation on 2022-11-01 is 3866 days after RFC 6605's publication on 2012-04-01, so the timestamp is valid. Score 13.125 (very_high) = (9.0 required + 1.5 optional) x 1.25 high specificity."
sig_0018,RFC 4033,DNS Security Introduction and Requirements (DNSSEC base: RFC 4033/4034/4035),valid_match,3.75,low,true,2022-11-01T00:00:00,2005-03-01T00:00:00,77.201.122.in-addr.arpa,apnic,rfc4033_base_dnssec_record_present; rfc4033_dnssec_algorithm_present,rfc4033_dnssec_ok_negotiated,algorithm; rr_type,dnssec_ok_flag,4.0,0.75,0.0,1.0,0.0,0.0,0.0,0.0,3.75,trace_sig_0018_rfc4033,"RFC 4033 matched signal sig_0018: the required indicator rfc4033_base_dnssec_record_present passed because rr_type=DS is in [DNSKEY, DS, RRSIG, NSEC]. Corroborating indicators also matched: rfc4033_dnssec_algorithm_present. Indicator rfc4033_dnssec_ok_negotiated did not match: field 'dnssec_ok_flag' is absent from this observation, so the condition 'dnssec_ok_flag must equal true' could not be satisfied (absence is not evidence). The observation on 2022-11-01 is 6454 days after RFC 4033's publication on 2005-03-01, so the timestamp is valid. Score 3.75 (low) = (4.0 required + 1.0 optional) x 0.75 low specificity."
sig_0018,RFC 8624,Algorithm Implementation Requirements and Usage Guidance for DNSSEC,ambiguous,3.375,low,true,2022-11-01T00:00:00,2019-06-01T00:00:00,77.201.122.in-addr.arpa,apnic,rfc8624_avoids_deprecated_algorithm; rfc8624_recommended_signing_algorithm,,algorithm,rr_type; validator_algorithm_support,5.0,0.75,0.0,1.5,0.0,0.0,2.0,0.0,3.375,trace_sig_0018_rfc8624,"RFC 8624 is an ambiguous match for signal sig_0018: the required indicator rfc8624_recommended_signing_algorithm passed because algorithm=13 is in [13, 15]. Corroborating indicators also matched: rfc8624_avoids_deprecated_algorithm. The checklist flags rfc8624_avoids_deprecated_algorithm, rfc8624_recommended_signing_algorithm ambiguous: the same observation is equally explained by other RFCs, so the match is penalized and sent to the review queue rather than reported as adoption. The observation on 2022-11-01 is 1249 days after RFC 8624's publication on 2019-06-01, so the timestamp is valid. Score 3.375 (low) = (5.0 required + 1.5 optional - 2.0 ambiguity penalty) x 0.75 low specificity."
sig_0018,RFC 4034,Resource Records for the DNS Security Extensions,valid_match,3.0,low,true,2022-11-01T00:00:00,2005-03-01T00:00:00,77.201.122.in-addr.arpa,apnic,rfc4034_core_record_present,rfc4034_dnskey_protocol_is_three; rfc4034_rrsig_type_covered_present,rr_type,dnskey_protocol; rrsig_type_covered,3.0,1.0,0.0,0.0,0.0,0.0,0.0,0.0,3.0,trace_sig_0018_rfc4034,"RFC 4034 matched signal sig_0018: the required indicator rfc4034_core_record_present passed because rr_type=DS is in [DNSKEY, DS, RRSIG, NSEC]. Indicator rfc4034_dnskey_protocol_is_three did not match: rr_type=DS is not in [DNSKEY, CDNSKEY]. The observation on 2022-11-01 is 6454 days after RFC 4034's publication on 2005-03-01, so the timestamp is valid. Score 3.0 (low) = (3.0 required) x 1.0 medium specificity."
sig_0018,RFC 3110,RSA/SHA-1 SIGs and RSA KEYs in the Domain Name System (DNS),no_match,0.0,none,true,2022-11-01T00:00:00,2001-05-01T00:00:00,77.201.122.in-addr.arpa,apnic,,rfc3110_rsasha1_algorithm; rfc3110_rsasha1_on_key_or_signature,,,0.0,1.25,0.0,0.0,3.0,0.0,0.0,0.0,0.0,trace_sig_0018_rfc3110,"RFC 3110 does not explain signal sig_0018: the required indicator rfc3110_rsasha1_algorithm failed because algorithm=13 does not equal the expected value 5. The observation on 2022-11-01 is 7854 days after RFC 3110's publication on 2001-05-01, so the timestamp is valid. Score 0.0 (none): no required indicator matched, so there is nothing to score."
sig_0018,RFC 4035,Protocol Modifications for the DNS Security Extensions,non_queryable,0.0,none,true,2022-11-01T00:00:00,2005-03-01T00:00:00,77.201.122.in-addr.arpa,apnic,,,,dnssec_ok_flag,0.0,0.75,0.0,0.0,0.0,0.0,0.0,0.0,0.0,trace_sig_0018_rfc4035,"RFC 4035 could not be evaluated against signal sig_0018: every required indicator (rfc4035_dnssec_ok_negotiated) depends on fields the OpenINTEL corpus does not export, so no verdict is possible in either direction. The observation on 2022-11-01 is 6454 days after RFC 4035's publication on 2005-03-01, so the timestamp is valid. This is a corpus limitation, not a statement about the observation."
sig_0018,RFC 4509,Use of SHA-256 in DNSSEC Delegation Signer (DS) Resource Records,no_match,0.0,none,true,2022-11-01T00:00:00,2006-05-01T00:00:00,77.201.122.in-addr.arpa,apnic,,rfc4509_ds_sha256_digest,,,0.0,1.25,0.0,0.0,3.0,0.0,0.0,0.0,0.0,trace_sig_0018_rfc4509,"RFC 4509 does not explain signal sig_0018: the required indicator rfc4509_ds_sha256_digest failed because digest_type=3 does not equal the expected value 2. The observation on 2022-11-01 is 6028 days after RFC 4509's publication on 2006-05-01, so the timestamp is valid. Score 0.0 (none): no required indicator matched, so there is nothing to score."
sig_0018,RFC 5011,Automated Updates of DNS Security (DNSSEC) Trust Anchors,no_match,0.0,none,true,2022-11-01T00:00:00,2007-09-01T00:00:00,77.201.122.in-addr.arpa,apnic,,rfc5011_revoked_key_published,,flags,0.0,1.25,0.0,0.0,3.0,0.0,0.0,0.0,0.0,trace_sig_0018_rfc5011,"RFC 5011 does not explain signal sig_0018: the required indicator rfc5011_revoked_key_published failed because rr_type=DS does not equal the expected value DNSKEY. The observation on 2022-11-01 is 5540 days after RFC 5011's publication on 2007-09-01, so the timestamp is valid. Score 0.0 (none): no required indicator matched, so there is nothing to score."
sig_0018,RFC 5155,DNS Security (DNSSEC) Hashed Authenticated Denial of Existence,no_match,0.0,none,true,2022-11-01T00:00:00,2008-03-01T00:00:00,77.201.122.in-addr.arpa,apnic,,rfc5155_nsec3_hash_algorithm; rfc5155_nsec3_record_present,,,0.0,1.5,0.0,0.0,3.0,0.0,0.0,0.0,0.0,trace_sig_0018_rfc5155,"RFC 5155 does not explain signal sig_0018: the required indicator rfc5155_nsec3_record_present failed because rr_type=DS is not in [NSEC3, NSEC3PARAM]. The observation on 2022-11-01 is 5358 days after RFC 5155's publication on 2008-03-01, so the timestamp is valid. Score 0.0 (none): no required indicator matched, so there is nothing to score."
sig_0018,RFC 5702,Use of SHA-2 Algorithms with RSA in DNSKEY and RRSIG Resource Records for DNSSEC,no_match,0.0,none,true,2022-11-01T00:00:00,2009-10-01T00:00:00,77.201.122.in-addr.arpa,apnic,,rfc5702_rsa_sha2_algorithm; rfc5702_rsa_sha2_on_dnssec_record,,,0.0,1.25,0.0,0.0,3.0,0.0,0.0,0.0,0.0,trace_sig_0018_rfc5702,"RFC 5702 does not explain signal sig_0018: the required indicator rfc5702_rsa_sha2_algorithm failed because algorithm=13 is not in [8, 10]. The observation on 2022-11-01 is 4779 days after RFC 5702's publication on 2009-10-01, so the timestamp is valid. Score 0.0 (none): no required indicator matched, so there is nothing to score."
sig_0018,RFC 5933,Use of GOST Signature Algorithms in DNSKEY and RRSIG Resource Records for DNSSEC,partial_match,0.0,none,true,2022-11-01T00:00:00,2010-07-01T00:00:00,77.201.122.in-addr.arpa,apnic,rfc5933_gost_ds_digest,rfc5933_ecc_gost_algorithm,digest_type; rr_type,,0.0,1.5,0.0,2.0,3.0,0.0,0.0,0.0,0.0,trace_sig_0018_rfc5933,"RFC 5933 partially matches signal sig_0018: the optional indicator rfc5933_gost_ds_digest passed because rr_type=DS is in [DS, CDS] and digest_type=3 equals the expected value 3. The required indicator rfc5933_ecc_gost_algorithm was not satisfied: algorithm=13 does not equal the expected value 12. The observation on 2022-11-01 is 4506 days after RFC 5933's publication on 2010-07-01, so the timestamp is valid. Score 0.0 (none): the penalties leave a raw total of -1.0, which is clamped to 0 before the 1.5 very_high specificity multiplier."
sig_0018,RFC 6698,The DNS-Based Authentication of Named Entities (DANE) Transport Layer Security (TLS) Protocol: TLSA,no_match,0.0,none,true,2022-11-01T00:00:00,2012-08-01T00:00:00,77.201.122.in-addr.arpa,apnic,,rfc6698_tlsa_fields_well_formed; rfc6698_tlsa_record_present,,tlsa_matchtype; tlsa_usage,0.0,1.5,0.0,0.0,3.0,0.0,0.0,0.0,0.0,trace_sig_0018_rfc6698,"RFC 6698 does not explain signal sig_0018: the required indicator rfc6698_tlsa_record_present failed because rr_type=DS does not equal the expected value TLSA. The observation on 2022-11-01 is 3744 days after RFC 6698's publication on 2012-08-01, so the timestamp is valid. Score 0.0 (none): no required indicator matched, so there is nothing to score."
sig_0018,RFC 6781,"DNSSEC Operational Practices, Version 2",no_match,0.0,none,true,2022-11-01T00:00:00,2012-12-01T00:00:00,77.201.122.in-addr.arpa,apnic,,rfc6781_ksk_zsk_separation,,flags,0.0,0.75,0.0,0.0,3.0,0.0,0.0,0.0,0.0,trace_sig_0018_rfc6781,"RFC 6781 does not explain signal sig_0018: the required indicator rfc6781_ksk_zsk_separation failed because rr_type=DS does not equal the expected value DNSKEY. The observation on 2022-11-01 is 3622 days after RFC 6781's publication on 2012-12-01, so the timestamp is valid. Score 0.0 (none): no required indicator matched, so there is nothing to score."
sig_0018,RFC 6840,Clarifications and Implementation Notes for DNS Security (DNSSEC),non_queryable,0.0,none,true,2022-11-01T00:00:00,2013-02-01T00:00:00,77.201.122.in-addr.arpa,apnic,,,,name_algorithm_set_consistency,0.0,0.75,0.0,0.0,0.0,0.0,0.0,0.0,0.0,trace_sig_0018_rfc6840,"RFC 6840 could not be evaluated against signal sig_0018: every required indicator (rfc6840_mandatory_algorithm_rules) depends on fields the OpenINTEL corpus does not export, so no verdict is possible in either direction. The observation on 2022-11-01 is 3560 days after RFC 6840's publication on 2013-02-01, so the timestamp is valid. This is a corpus limitation, not a statement about the observation."
sig_0018,RFC 7344,Automating DNSSEC Delegation Trust Maintenance,no_match,0.0,none,true,2022-11-01T00:00:00,2014-09-01T00:00:00,77.201.122.in-addr.arpa,apnic,,rfc7344_cds_cdnskey_present; rfc7344_cds_publishes_digest,,,0.0,1.25,0.0,0.0,3.0,0.0,0.0,0.0,0.0,trace_sig_0018_rfc7344,"RFC 7344 does not explain signal sig_0018: the required indicator rfc7344_cds_cdnskey_present failed because rr_type=DS is not in [CDS, CDNSKEY]. The observation on 2022-11-01 is 2983 days after RFC 7344's publication on 2014-09-01, so the timestamp is valid. Score 0.0 (none): no required indicator matched, so there is nothing to score."
sig_0018,RFC 7583,DNSSEC Key Rollover Timing Considerations,non_queryable,0.0,none,true,2022-11-01T00:00:00,2015-10-01T00:00:00,77.201.122.in-addr.arpa,apnic,,,,key_rollover_phase,0.0,0.75,0.0,0.0,0.0,0.0,0.0,0.0,0.0,trace_sig_0018_rfc7583,"RFC 7583 could not be evaluated against signal sig_0018: every required indicator (rfc7583_rollover_timing_observed) depends on fields the OpenINTEL corpus does not export, so no verdict is possible in either direction. The observation on 2022-11-01 is 2588 days after RFC 7583's publication on 2015-10-01, so the timestamp is valid. This is a corpus limitation, not a statement about the observation."
sig_0018,RFC 7671,The DNS-Based Authentication of Named Entities (DANE) Protocol: Updates and Operational Guidance,no_match,0.0,none,true,2022-11-01T00:00:00,2015-10-01T00:00:00,77.201.122.in-addr.arpa,apnic,,rfc7671_dane_usage_preferred,,tlsa_usage,0.0,1.25,0.0,0.0,3.0,0.0,0.0,0.0,0.0,trace_sig_0018_rfc7671,"RFC 7671 does not explain signal sig_0018: the required indicator rfc7671_dane_usage_preferred failed because rr_type=DS does not equal the expected value TLSA. The observation on 2022-11-01 is 2588 days after RFC 7671's publication on 2015-10-01, so the timestamp is valid. Score 0.0 (none): no required indicator matched, so there is nothing to score."
sig_0018,RFC 7672,SMTP Security via Opportunistic DNS-Based Authentication of Named Entities (DANE) Transport Layer Security (TLS),no_match,0.0,none,true,2022-11-01T00:00:00,2015-10-01T00:00:00,77.201.122.in-addr.arpa,apnic,,rfc7672_smtp_dane_tlsa,,domain,0.0,1.5,0.0,0.0,3.0,0.0,0.0,0.0,0.0,trace_sig_0018_rfc7672,"RFC 7672 does not explain signal sig_0018: the required indicator rfc7672_smtp_dane_tlsa failed because rr_type=DS does not equal the expected value TLSA. The observation on 2022-11-01 is 2588 days after RFC 7672's publication on 2015-10-01, so the timestamp is valid. Score 0.0 (none): no required indicator matched, so there is nothing to score."
sig_0018,RFC 8078,Managing DS Records from the Parent via CDS/CDNSKEY,no_match,0.0,none,true,2022-11-01T00:00:00,2017-03-01T00:00:00,77.201.122.in-addr.arpa,apnic,,rfc8078_cds_cdnskey_algorithm_zero; rfc8078_delete_signal_digest_zero,,,0.0,1.5,0.0,0.0,3.0,0.0,0.0,0.0,0.0,trace_sig_0018_rfc8078,"RFC 8078 does not explain signal sig_0018: the required indicator rfc8078_cds_cdnskey_algorithm_zero failed because rr_type=DS is not in [CDS, CDNSKEY]. The observation on 2022-11-01 is 2071 days after RFC 8078's publication on 2017-03-01, so the timestamp is valid. Score 0.0 (none): no required indicator matched, so there is nothing to score."
sig_0018,RFC 8080,Edwards-Curve Digital Security Algorithm (EdDSA) for DNSSEC,no_match,0.0,none,true,2022-11-01T00:00:00,2017-02-01T00:00:00,77.201.122.in-addr.arpa,apnic,,rfc8080_eddsa_algorithm; rfc8080_eddsa_on_key_or_signature,,,0.0,1.5,0.0,0.0,3.0,0.0,0.0,0.0,0.0,trace_sig_0018_rfc8080,"RFC 8080 does not explain signal sig_0018: the required indicator rfc8080_eddsa_algorithm failed because algorithm=13 is not in [15, 16]. The observation on 2022-11-01 is 2099 days after RFC 8080's publication on 2017-02-01, so the timestamp is valid. Score 0.0 (none): no required indicator matched, so there is nothing to score."
sig_0018,RFC 8198,Aggressive Use of DNSSEC-Validated Cache,non_queryable,0.0,none,true,2022-11-01T00:00:00,2017-07-01T00:00:00,77.201.122.in-addr.arpa,apnic,,,,resolver_synthesised_nxdomain,0.0,1.0,0.0,0.0,0.0,0.0,0.0,0.0,0.0,trace_sig_0018_rfc8198,"RFC 8198 could not be evaluated against signal sig_0018: every required indicator (rfc8198_aggressive_nsec_use) depends on fields the OpenINTEL corpus does not export, so no verdict is possible in either direction. The observation on 2022-11-01 is 1949 days after RFC 8198's publication on 2017-07-01, so the timestamp is valid. This is a corpus limitation, not a statement about the observation."
sig_0018,RFC 9077,NSEC and NSEC3: TTLs and Aggressive Use,no_match,0.0,none,true,2022-11-01T00:00:00,2021-07-01T00:00:00,77.201.122.in-addr.arpa,apnic,,rfc9077_nsec_ttl_bounded,,record_ttl,0.0,1.25,0.0,0.0,3.0,0.0,0.0,0.0,0.0,trace_sig_0018_rfc9077,"RFC 9077 does not explain signal sig_0018: the required indicator rfc9077_nsec_ttl_bounded failed because rr_type=DS is not in [NSEC, NSEC3]. The observation on 2022-11-01 is 488 days after RFC 9077's publication on 2021-07-01, so the timestamp is valid. Score 0.0 (none): no required indicator matched, so there is nothing to score."
sig_0018,RFC 9276,Guidance for NSEC3 Parameter Settings,no_match,0.0,none,true,2022-11-01T00:00:00,2022-08-01T00:00:00,77.201.122.in-addr.arpa,apnic,,rfc9276_empty_nsec3_salt; rfc9276_zero_nsec3_iterations,,nsec3_iterations; nsec3_salt,0.0,1.5,0.0,0.0,3.0,0.0,0.0,0.0,0.0,trace_sig_0018_rfc9276,"RFC 9276 does not explain signal sig_0018: the required indicator rfc9276_zero_nsec3_iterations failed because rr_type=DS is not in [NSEC3, NSEC3PARAM]. The observation on 2022-11-01 is 92 days after RFC 9276's publication on 2022-08-01, so the timestamp is valid. Score 0.0 (none): no required indicator matched, so there is nothing to score."
sig_0018,RFC 9364,DNS Security Extensions (DNSSEC),non_queryable,0.0,none,false,2022-11-01T00:00:00,2023-02-01T00:00:00,77.201.122.in-addr.arpa,apnic,,,,declared_standards_profile,0.0,0.75,0.0,0.0,0.0,0.0,0.0,0.0,0.0,trace_sig_0018_rfc9364,"RFC 9364 could not be evaluated against signal sig_0018: every required indicator (rfc9364_bcp_profile_declared) depends on fields the OpenINTEL corpus does not export, so no verdict is possible in either direction. The observation on 2022-11-01 predates RFC 9364's publication on 2023-02-01 by 92 days. An observation cannot evidence adoption of an RFC that did not yet exist, so the score is forfeited. This is a corpus limitation, not a statement about the observation."
sig_0018,RFC 9558,Use of GOST 2012 Signature Algorithms in DNSKEY and RRSIG Resource Records for DNSSEC,no_match,0.0,none,false,2022-11-01T00:00:00,2024-04-01T00:00:00,77.201.122.in-addr.arpa,apnic,,rfc9558_gost2012_algorithm; rfc9558_gost2012_ds_digest,,,0.0,1.5,0.0,0.0,3.0,0.0,0.0,0.0,0.0,trace_sig_0018_rfc9558,"RFC 9558 does not explain signal sig_0018: the required indicator rfc9558_gost2012_algorithm failed because algorithm=13 does not equal the expected value 23. The observation on 2022-11-01 predates RFC 9558's publication on 2024-04-01 by 517 days. An observation cannot evidence adoption of an RFC that did not yet exist, so the score is forfeited. Score 0.0 (none): no required indicator matched, so there is nothing to score."
sig_0018,RFC 9563,SM2 Digital Signature Algorithm for DNSSEC,no_match,0.0,none,false,2022-11-01T00:00:00,2024-12-01T00:00:00,77.201.122.in-addr.arpa,apnic,,rfc9563_sm2sm3_algorithm; rfc9563_sm3_ds_digest,,,0.0,1.5,0.0,0.0,3.0,0.0,0.0,0.0,0.0,trace_sig_0018_rfc9563,"RFC 9563 does not explain signal sig_0018: the required indicator rfc9563_sm2sm3_algorithm failed because algorithm=13 does not equal the expected value 17. The observation on 2022-11-01 predates RFC 9563's publication on 2024-12-01 by 761 days. An observation cannot evidence adoption of an RFC that did not yet exist, so the score is forfeited. Score 0.0 (none): no required indicator matched, so there is nothing to score."
sig_0018,RFC 9615,Automatic DNSSEC Bootstrapping Using Authenticated Signals from the Zone's Operator,non_queryable,0.0,none,false,2022-11-01T00:00:00,2024-07-01T00:00:00,77.201.122.in-addr.arpa,apnic,,,,domain; rr_type,0.0,1.5,0.0,0.0,0.0,0.0,0.0,0.0,0.0,trace_sig_0018_rfc9615,"RFC 9615 could not be evaluated against signal sig_0018: every required indicator (rfc9615_bootstrap_signal_label) depends on fields the OpenINTEL corpus does not export, so no verdict is possible in either direction. The observation on 2022-11-01 predates RFC 9615's publication on 2024-07-01 by 608 days. An observation cannot evidence adoption of an RFC that did not yet exist, so the score is forfeited. This is a corpus limitation, not a statement about the observation."
sig_0018,RFC 9904,DNSSEC Cryptographic Algorithm Recommendation Update Process,non_queryable,0.0,none,false,2022-11-01T00:00:00,2025-11-01T00:00:00,77.201.122.in-addr.arpa,apnic,,,,guidance_source_registry,0.0,0.75,0.0,0.0,0.0,0.0,0.0,0.0,0.0,trace_sig_0018_rfc9904,"RFC 9904 could not be evaluated against signal sig_0018: every required indicator (rfc9904_algorithm_guidance_process) depends on fields the OpenINTEL corpus does not export, so no verdict is possible in either direction. The observation on 2022-11-01 predates RFC 9904's publication on 2025-11-01 by 1096 days. An observation cannot evidence adoption of an RFC that did not yet exist, so the score is forfeited. This is a corpus limitation, not a statement about the observation."
sig_0018,RFC 9905,Deprecating the Use of SHA-1 in DNSSEC Signature Algorithms,no_match,0.0,none,false,2022-11-01T00:00:00,2025-11-01T00:00:00,77.201.122.in-addr.arpa,apnic,,rfc9905_deprecated_sha1_in_delegation; rfc9905_deprecated_sha1_signature_still_published,,,0.0,1.25,0.0,0.0,3.0,0.0,0.0,0.0,0.0,trace_sig_0018_rfc9905,"RFC 9905 does not explain signal sig_0018: the required indicator rfc9905_deprecated_sha1_signature_still_published failed because rr_type=DS is not in [DNSKEY, RRSIG, CDNSKEY]. The observation on 2022-11-01 predates RFC 9905's publication on 2025-11-01 by 1096 days. An observation cannot evidence adoption of an RFC that did not yet exist, so the score is forfeited. Score 0.0 (none): no required indicator matched, so there is nothing to score."
sig_0018,RFC 9906,Deprecate Usage of ECC-GOST within DNSSEC,timestamp_invalid,0.0,none,false,2022-11-01T00:00:00,2025-11-01T00:00:00,77.201.122.in-addr.arpa,apnic,rfc9906_deprecated_gost_digest_still_published,rfc9906_deprecated_ecc_gost_still_published,digest_type; rr_type,,0.0,1.5,0.0,2.0,3.0,0.0,0.0,0.0,0.0,trace_sig_0018_rfc9906,"RFC 9906 cannot explain signal sig_0018: although rr_type=DS and digest_type=3 satisfy the optional indicator rfc9906_deprecated_gost_digest_still_published, the observation on 2022-11-01 predates RFC 9906's publication on 2025-11-01 by 1096 days. An observation cannot evidence adoption of an RFC that did not yet exist, so the score of 0.0 is forfeited and this is routed to the review queue. The withheld score derives from (0.0 required + 2.0 optional - 3.0 missing-required penalty) x 1.5 very_high specificity."
sig_0019,RFC 8080,Edwards-Curve Digital Security Algorithm (EdDSA) for DNSSEC,valid_match,17.25,very_high,true,2023-05-01T00:00:00,2017-02-01T00:00:00,248.97.98.in-addr.arpa,arin,rfc8080_eddsa_algorithm; rfc8080_eddsa_on_key_or_signature,,algorithm; rr_type,,10.0,1.5,0.0,1.5,0.0,0.0,0.0,0.0,17.25,trace_sig_0019_rfc8080,"RFC 8080 matched signal sig_0019: the required indicator rfc8080_eddsa_algorithm passed because algorithm=15 is in [15, 16]. Corroborating indicators also matched: rfc8080_eddsa_on_key_or_signature. The observation on 2023-05-01 is 2280 days after RFC 8080's publication on 2017-02-01, so the timestamp is valid. Score 17.25 (very_high) = (10.0 required + 1.5 optional) x 1.5 very_high specificity."
sig_0019,RFC 4509,Use of SHA-256 in DNSSEC Delegation Signer (DS) Resource Records,valid_match,11.25,high,true,2023-05-01T00:00:00,2006-05-01T00:00:00,248.97.98.in-addr.arpa,arin,rfc4509_ds_sha256_digest,,digest_type; rr_type,,9.0,1.25,0.0,0.0,0.0,0.0,0.0,0.0,11.25,trace_sig_0019_rfc4509,"RFC 4509 matched signal sig_0019: the required indicator rfc4509_ds_sha256_digest passed because rr_type=DS is in [DS, CDS] and digest_type=2 equals the expected value 2. The observation on 2023-05-01 is 6209 days after RFC 4509's publication on 2006-05-01, so the timestamp is valid. Score 11.25 (high) = (9.0 required) x 1.25 high specificity."
sig_0019,RFC 4033,DNS Security Introduction and Requirements (DNSSEC base: RFC 4033/4034/4035),valid_match,3.75,low,true,2023-05-01T00:00:00,2005-03-01T00:00:00,248.97.98.in-addr.arpa,arin,rfc4033_base_dnssec_record_present; rfc4033_dnssec_algorithm_present,rfc4033_dnssec_ok_negotiated,algorithm; rr_type,dnssec_ok_flag,4.0,0.75,0.0,1.0,0.0,0.0,0.0,0.0,3.75,trace_sig_0019_rfc4033,"RFC 4033 matched signal sig_0019: the required indicator rfc4033_base_dnssec_record_present passed because rr_type=DS is in [DNSKEY, DS, RRSIG, NSEC]. Corroborating indicators also matched: rfc4033_dnssec_algorithm_present. Indicator rfc4033_dnssec_ok_negotiated did not match: field 'dnssec_ok_flag' is absent from this observation, so the condition 'dnssec_ok_flag must equal true' could not be satisfied (absence is not evidence). The observation on 2023-05-01 is 6635 days after RFC 4033's publication on 2005-03-01, so the timestamp is valid. Score 3.75 (low) = (4.0 required + 1.0 optional) x 0.75 low specificity."
sig_0019,RFC 8624,Algorithm Implementation Requirements and Usage Guidance for DNSSEC,ambiguous,3.375,low,true,2023-05-01T00:00:00,2019-06-01T00:00:00,248.97.98.in-addr.arpa,arin,rfc8624_avoids_deprecated_algorithm; rfc8624_recommended_signing_algorithm,,algorithm,rr_type; validator_algorithm_support,5.0,0.75,0.0,1.5,0.0,0.0,2.0,0.0,3.375,trace_sig_0019_rfc8624,"RFC 8624 is an ambiguous match for signal sig_0019: the required indicator rfc8624_recommended_signing_algorithm passed because algorithm=15 is in [13, 15]. Corroborating indicators also matched: rfc8624_avoids_deprecated_algorithm. The checklist flags rfc8624_avoids_deprecated_algorithm, rfc8624_recommended_signing_algorithm ambiguous: the same observation is equally explained by other RFCs, so the match is penalized and sent to the review queue rather than reported as adoption. The observation on 2023-05-01 is 1430 days after RFC 8624's publication on 2019-06-01, so the timestamp is valid. Score 3.375 (low) = (5.0 required + 1.5 optional - 2.0 ambiguity penalty) x 0.75 low specificity."
sig_0019,RFC 4034,Resource Records for the DNS Security Extensions,valid_match,3.0,low,true,2023-05-01T00:00:00,2005-03-01T00:00:00,248.97.98.in-addr.arpa,arin,rfc4034_core_record_present,rfc4034_dnskey_protocol_is_three; rfc4034_rrsig_type_covered_present,rr_type,dnskey_protocol; rrsig_type_covered,3.0,1.0,0.0,0.0,0.0,0.0,0.0,0.0,3.0,trace_sig_0019_rfc4034,"RFC 4034 matched signal sig_0019: the required indicator rfc4034_core_record_present passed because rr_type=DS is in [DNSKEY, DS, RRSIG, NSEC]. Indicator rfc4034_dnskey_protocol_is_three did not match: rr_type=DS is not in [DNSKEY, CDNSKEY]. The observation on 2023-05-01 is 6635 days after RFC 4034's publication on 2005-03-01, so the timestamp is valid. Score 3.0 (low) = (3.0 required) x 1.0 medium specificity."
sig_0019,RFC 3110,RSA/SHA-1 SIGs and RSA KEYs in the Domain Name System (DNS),no_match,0.0,none,true,2023-05-01T00:00:00,2001-05-01T00:00:00,248.97.98.in-addr.arpa,arin,,rfc3110_rsasha1_algorithm; rfc3110_rsasha1_on_key_or_signature,,,0.0,1.25,0.0,0.0,3.0,0.0,0.0,0.0,0.0,trace_sig_0019_rfc3110,"RFC 3110 does not explain signal sig_0019: the required indicator rfc3110_rsasha1_algorithm failed because algorithm=15 does not equal the expected value 5. The observation on 2023-05-01 is 8035 days after RFC 3110's publication on 2001-05-01, so the timestamp is valid. Score 0.0 (none): no required indicator matched, so there is nothing to score."
sig_0019,RFC 4035,Protocol Modifications for the DNS Security Extensions,non_queryable,0.0,none,true,2023-05-01T00:00:00,2005-03-01T00:00:00,248.97.98.in-addr.arpa,arin,,,,dnssec_ok_flag,0.0,0.75,0.0,0.0,0.0,0.0,0.0,0.0,0.0,trace_sig_0019_rfc4035,"RFC 4035 could not be evaluated against signal sig_0019: every required indicator (rfc4035_dnssec_ok_negotiated) depends on fields the OpenINTEL corpus does not export, so no verdict is possible in either direction. The observation on 2023-05-01 is 6635 days after RFC 4035's publication on 2005-03-01, so the timestamp is valid. This is a corpus limitation, not a statement about the observation."
sig_0019,RFC 5011,Automated Updates of DNS Security (DNSSEC) Trust Anchors,no_match,0.0,none,true,2023-05-01T00:00:00,2007-09-01T00:00:00,248.97.98.in-addr.arpa,arin,,rfc5011_revoked_key_published,,flags,0.0,1.25,0.0,0.0,3.0,0.0,0.0,0.0,0.0,trace_sig_0019_rfc5011,"RFC 5011 does not explain signal sig_0019: the required indicator rfc5011_revoked_key_published failed because rr_type=DS does not equal the expected value DNSKEY. The observation on 2023-05-01 is 5721 days after RFC 5011's publication on 2007-09-01, so the timestamp is valid. Score 0.0 (none): no required indicator matched, so there is nothing to score."
sig_0019,RFC 5155,DNS Security (DNSSEC) Hashed Authenticated Denial of Existence,no_match,0.0,none,true,2023-05-01T00:00:00,2008-03-01T00:00:00,248.97.98.in-addr.arpa,arin,,rfc5155_nsec3_hash_algorithm; rfc5155_nsec3_record_present,,,0.0,1.5,0.0,0.0,3.0,0.0,0.0,0.0,0.0,trace_sig_0019_rfc5155,"RFC 5155 does not explain signal sig_0019: the required indicator rfc5155_nsec3_record_present failed because rr_type=DS is not in [NSEC3, NSEC3PARAM]. The observation on 2023-05-01 is 5539 days after RFC 5155's publication on 2008-03-01, so the timestamp is valid. Score 0.0 (none): no required indicator matched, so there is nothing to score."
sig_0019,RFC 5702,Use of SHA-2 Algorithms with RSA in DNSKEY and RRSIG Resource Records for DNSSEC,no_match,0.0,none,true,2023-05-01T00:00:00,2009-10-01T00:00:00,248.97.98.in-addr.arpa,arin,,rfc5702_rsa_sha2_algorithm; rfc5702_rsa_sha2_on_dnssec_record,,,0.0,1.25,0.0,0.0,3.0,0.0,0.0,0.0,0.0,trace_sig_0019_rfc5702,"RFC 5702 does not explain signal sig_0019: the required indicator rfc5702_rsa_sha2_algorithm failed because algorithm=15 is not in [8, 10]. The observation on 2023-05-01 is 4960 days after RFC 5702's publication on 2009-10-01, so the timestamp is valid. Score 0.0 (none): no required indicator matched, so there is nothing to score."
sig_0019,RFC 5933,Use of GOST Signature Algorithms in DNSKEY and RRSIG Resource Records for DNSSEC,no_match,0.0,none,true,2023-05-01T00:00:00,2010-07-01T00:00:00,248.97.98.in-addr.arpa,arin,,rfc5933_ecc_gost_algorithm; rfc5933_gost_ds_digest,,,0.0,1.5,0.0,0.0,3.0,0.0,0.0,0.0,0.0,trace_sig_0019_rfc5933,"RFC 5933 does not explain signal sig_0019: the required indicator rfc5933_ecc_gost_algorithm failed because algorithm=15 does not equal the expected value 12. The observation on 2023-05-01 is 4687 days after RFC 5933's publication on 2010-07-01, so the timestamp is valid. Score 0.0 (none): no required indicator matched, so there is nothing to score."
sig_0019,RFC 6605,Elliptic Curve Digital Signature Algorithm (DSA) for DNSSEC,no_match,0.0,none,true,2023-05-01T00:00:00,2012-04-01T00:00:00,248.97.98.in-addr.arpa,arin,,rfc6605_ecdsa_algorithm; rfc6605_ecdsa_on_key_or_signature,,,0.0,1.25,0.0,0.0,3.0,0.0,0.0,0.0,0.0,trace_sig_0019_rfc6605,"RFC 6605 does not explain signal sig_0019: the required indicator rfc6605_ecdsa_algorithm failed because algorithm=15 is not in [13, 14]. The observation on 2023-05-01 is 4047 days after RFC 6605's publication on 2012-04-01, so the timestamp is valid. Score 0.0 (none): no required indicator matched, so there is nothing to score."
sig_0019,RFC 6698,The DNS-Based Authentication of Named Entities (DANE) Transport Layer Security (TLS) Protocol: TLSA,no_match,0.0,none,true,2023-05-01T00:00:00,2012-08-01T00:00:00,248.97.98.in-addr.arpa,arin,,rfc6698_tlsa_fields_well_formed; rfc6698_tlsa_record_present,,tlsa_matchtype; tlsa_usage,0.0,1.5,0.0,0.0,3.0,0.0,0.0,0.0,0.0,trace_sig_0019_rfc6698,"RFC 6698 does not explain signal sig_0019: the required indicator rfc6698_tlsa_record_present failed because rr_type=DS does not equal the expected value TLSA. The observation on 2023-05-01 is 3925 days after RFC 6698's publication on 2012-08-01, so the timestamp is valid. Score 0.0 (none): no required indicator matched, so there is nothing to score."
sig_0019,RFC 6781,"DNSSEC Operational Practices, Version 2",no_match,0.0,none,true,2023-05-01T00:00:00,2012-12-01T00:00:00,248.97.98.in-addr.arpa,arin,,rfc6781_ksk_zsk_separation,,flags,0.0,0.75,0.0,0.0,3.0,0.0,0.0,0.0,0.0,trace_sig_0019_rfc6781,"RFC 6781 does not explain signal sig_0019: the required indicator rfc6781_ksk_zsk_separation failed because rr_type=DS does not equal the expected value DNSKEY. The observation on 2023-05-01 is 3803 days after RFC 6781's publication on 2012-12-01, so the timestamp is valid. Score 0.0 (none): no required indicator matched, so there is nothing to score."
sig_0019,RFC 6840,Clarifications and Implementation Notes for DNS Security (DNSSEC),non_queryable,0.0,none,true,2023-05-01T00:00:00,2013-02-01T00:00:00,248.97.98.in-addr.arpa,arin,,,,name_algorithm_set_consistency,0.0,0.75,0.0,0.0,0.0,0.0,0.0,0.0,0.0,trace_sig_0019_rfc6840,"RFC 6840 could not be evaluated against signal sig_0019: every required indicator (rfc6840_mandatory_algorithm_rules) depends on fields the OpenINTEL corpus does not export, so no verdict is possible in either direction. The observation on 2023-05-01 is 3741 days after RFC 6840's publication on 2013-02-01, so the timestamp is valid. This is a corpus limitation, not a statement about the observation."
sig_0019,RFC 7344,Automating DNSSEC Delegation Trust Maintenance,no_match,0.0,none,true,2023-05-01T00:00:00,2014-09-01T00:00:00,248.97.98.in-addr.arpa,arin,,rfc7344_cds_cdnskey_present; rfc7344_cds_publishes_digest,,,0.0,1.25,0.0,0.0,3.0,0.0,0.0,0.0,0.0,trace_sig_0019_rfc7344,"RFC 7344 does not explain signal sig_0019: the required indicator rfc7344_cds_cdnskey_present failed because rr_type=DS is not in [CDS, CDNSKEY]. The observation on 2023-05-01 is 3164 days after RFC 7344's publication on 2014-09-01, so the timestamp is valid. Score 0.0 (none): no required indicator matched, so there is nothing to score."
sig_0019,RFC 7583,DNSSEC Key Rollover Timing Considerations,non_queryable,0.0,none,true,2023-05-01T00:00:00,2015-10-01T00:00:00,248.97.98.in-addr.arpa,arin,,,,key_rollover_phase,0.0,0.75,0.0,0.0,0.0,0.0,0.0,0.0,0.0,trace_sig_0019_rfc7583,"RFC 7583 could not be evaluated against signal sig_0019: every required indicator (rfc7583_rollover_timing_observed) depends on fields the OpenINTEL corpus does not export, so no verdict is possible in either direction. The observation on 2023-05-01 is 2769 days after RFC 7583's publication on 2015-10-01, so the timestamp is valid. This is a corpus limitation, not a statement about the observation."
sig_0019,RFC 7671,The DNS-Based Authentication of Named Entities (DANE) Protocol: Updates and Operational Guidance,no_match,0.0,none,true,2023-05-01T00:00:00,2015-10-01T00:00:00,248.97.98.in-addr.arpa,arin,,rfc7671_dane_usage_preferred,,tlsa_usage,0.0,1.25,0.0,0.0,3.0,0.0,0.0,0.0,0.0,trace_sig_0019_rfc7671,"RFC 7671 does not explain signal sig_0019: the required indicator rfc7671_dane_usage_preferred failed because rr_type=DS does not equal the expected value TLSA. The observation on 2023-05-01 is 2769 days after RFC 7671's publication on 2015-10-01, so the timestamp is valid. Score 0.0 (none): no required indicator matched, so there is nothing to score."
sig_0019,RFC 7672,SMTP Security via Opportunistic DNS-Based Authentication of Named Entities (DANE) Transport Layer Security (TLS),no_match,0.0,none,true,2023-05-01T00:00:00,2015-10-01T00:00:00,248.97.98.in-addr.arpa,arin,,rfc7672_smtp_dane_tlsa,,domain,0.0,1.5,0.0,0.0,3.0,0.0,0.0,0.0,0.0,trace_sig_0019_rfc7672,"RFC 7672 does not explain signal sig_0019: the required indicator rfc7672_smtp_dane_tlsa failed because rr_type=DS does not equal the expected value TLSA. The observation on 2023-05-01 is 2769 days after RFC 7672's publication on 2015-10-01, so the timestamp is valid. Score 0.0 (none): no required indicator matched, so there is nothing to score."
sig_0019,RFC 8078,Managing DS Records from the Parent via CDS/CDNSKEY,no_match,0.0,none,true,2023-05-01T00:00:00,2017-03-01T00:00:00,248.97.98.in-addr.arpa,arin,,rfc8078_cds_cdnskey_algorithm_zero; rfc8078_delete_signal_digest_zero,,,0.0,1.5,0.0,0.0,3.0,0.0,0.0,0.0,0.0,trace_sig_0019_rfc8078,"RFC 8078 does not explain signal sig_0019: the required indicator rfc8078_cds_cdnskey_algorithm_zero failed because rr_type=DS is not in [CDS, CDNSKEY]. The observation on 2023-05-01 is 2252 days after RFC 8078's publication on 2017-03-01, so the timestamp is valid. Score 0.0 (none): no required indicator matched, so there is nothing to score."
sig_0019,RFC 8198,Aggressive Use of DNSSEC-Validated Cache,non_queryable,0.0,none,true,2023-05-01T00:00:00,2017-07-01T00:00:00,248.97.98.in-addr.arpa,arin,,,,resolver_synthesised_nxdomain,0.0,1.0,0.0,0.0,0.0,0.0,0.0,0.0,0.0,trace_sig_0019_rfc8198,"RFC 8198 could not be evaluated against signal sig_0019: every required indicator (rfc8198_aggressive_nsec_use) depends on fields the OpenINTEL corpus does not export, so no verdict is possible in either direction. The observation on 2023-05-01 is 2130 days after RFC 8198's publication on 2017-07-01, so the timestamp is valid. This is a corpus limitation, not a statement about the observation."
sig_0019,RFC 9077,NSEC and NSEC3: TTLs and Aggressive Use,no_match,0.0,none,true,2023-05-01T00:00:00,2021-07-01T00:00:00,248.97.98.in-addr.arpa,arin,,rfc9077_nsec_ttl_bounded,,record_ttl,0.0,1.25,0.0,0.0,3.0,0.0,0.0,0.0,0.0,trace_sig_0019_rfc9077,"RFC 9077 does not explain signal sig_0019: the required indicator rfc9077_nsec_ttl_bounded failed because rr_type=DS is not in [NSEC, NSEC3]. The observation on 2023-05-01 is 669 days after RFC 9077's publication on 2021-07-01, so the timestamp is valid. Score 0.0 (none): no required indicator matched, so there is nothing to score."
sig_0019,RFC 9276,Guidance for NSEC3 Parameter Settings,no_match,0.0,none,true,2023-05-01T00:00:00,2022-08-01T00:00:00,248.97.98.in-addr.arpa,arin,,rfc9276_empty_nsec3_salt; rfc9276_zero_nsec3_iterations,,nsec3_iterations; nsec3_salt,0.0,1.5,0.0,0.0,3.0,0.0,0.0,0.0,0.0,trace_sig_0019_rfc9276,"RFC 9276 does not explain signal sig_0019: the required indicator rfc9276_zero_nsec3_iterations failed because rr_type=DS is not in [NSEC3, NSEC3PARAM]. The observation on 2023-05-01 is 273 days after RFC 9276's publication on 2022-08-01, so the timestamp is valid. Score 0.0 (none): no required indicator matched, so there is nothing to score."
sig_0019,RFC 9364,DNS Security Extensions (DNSSEC),non_queryable,0.0,none,true,2023-05-01T00:00:00,2023-02-01T00:00:00,248.97.98.in-addr.arpa,arin,,,,declared_standards_profile,0.0,0.75,0.0,0.0,0.0,0.0,0.0,0.0,0.0,trace_sig_0019_rfc9364,"RFC 9364 could not be evaluated against signal sig_0019: every required indicator (rfc9364_bcp_profile_declared) depends on fields the OpenINTEL corpus does not export, so no verdict is possible in either direction. The observation on 2023-05-01 is 89 days after RFC 9364's publication on 2023-02-01, so the timestamp is valid. This is a corpus limitation, not a statement about the observation."
sig_0019,RFC 9558,Use of GOST 2012 Signature Algorithms in DNSKEY and RRSIG Resource Records for DNSSEC,no_match,0.0,none,false,2023-05-01T00:00:00,2024-04-01T00:00:00,248.97.98.in-addr.arpa,arin,,rfc9558_gost2012_algorithm; rfc9558_gost2012_ds_digest,,,0.0,1.5,0.0,0.0,3.0,0.0,0.0,0.0,0.0,trace_sig_0019_rfc9558,"RFC 9558 does not explain signal sig_0019: the required indicator rfc9558_gost2012_algorithm failed because algorithm=15 does not equal the expected value 23. The observation on 2023-05-01 predates RFC 9558's publication on 2024-04-01 by 336 days. An observation cannot evidence adoption of an RFC that did not yet exist, so the score is forfeited. Score 0.0 (none): no required indicator matched, so there is nothing to score."
sig_0019,RFC 9563,SM2 Digital Signature Algorithm for DNSSEC,no_match,0.0,none,false,2023-05-01T00:00:00,2024-12-01T00:00:00,248.97.98.in-addr.arpa,arin,,rfc9563_sm2sm3_algorithm; rfc9563_sm3_ds_digest,,,0.0,1.5,0.0,0.0,3.0,0.0,0.0,0.0,0.0,trace_sig_0019_rfc9563,"RFC 9563 does not explain signal sig_0019: the required indicator rfc9563_sm2sm3_algorithm failed because algorithm=15 does not equal the expected value 17. The observation on 2023-05-01 predates RFC 9563's publication on 2024-12-01 by 580 days. An observation cannot evidence adoption of an RFC that did not yet exist, so the score is forfeited. Score 0.0 (none): no required indicator matched, so there is nothing to score."
sig_0019,RFC 9615,Automatic DNSSEC Bootstrapping Using Authenticated Signals from the Zone's Operator,non_queryable,0.0,none,false,2023-05-01T00:00:00,2024-07-01T00:00:00,248.97.98.in-addr.arpa,arin,,,,domain; rr_type,0.0,1.5,0.0,0.0,0.0,0.0,0.0,0.0,0.0,trace_sig_0019_rfc9615,"RFC 9615 could not be evaluated against signal sig_0019: every required indicator (rfc9615_bootstrap_signal_label) depends on fields the OpenINTEL corpus does not export, so no verdict is possible in either direction. The observation on 2023-05-01 predates RFC 9615's publication on 2024-07-01 by 427 days. An observation cannot evidence adoption of an RFC that did not yet exist, so the score is forfeited. This is a corpus limitation, not a statement about the observation."
sig_0019,RFC 9904,DNSSEC Cryptographic Algorithm Recommendation Update Process,non_queryable,0.0,none,false,2023-05-01T00:00:00,2025-11-01T00:00:00,248.97.98.in-addr.arpa,arin,,,,guidance_source_registry,0.0,0.75,0.0,0.0,0.0,0.0,0.0,0.0,0.0,trace_sig_0019_rfc9904,"RFC 9904 could not be evaluated against signal sig_0019: every required indicator (rfc9904_algorithm_guidance_process) depends on fields the OpenINTEL corpus does not export, so no verdict is possible in either direction. The observation on 2023-05-01 predates RFC 9904's publication on 2025-11-01 by 915 days. An observation cannot evidence adoption of an RFC that did not yet exist, so the score is forfeited. This is a corpus limitation, not a statement about the observation."
sig_0019,RFC 9905,Deprecating the Use of SHA-1 in DNSSEC Signature Algorithms,no_match,0.0,none,false,2023-05-01T00:00:00,2025-11-01T00:00:00,248.97.98.in-addr.arpa,arin,,rfc9905_deprecated_sha1_in_delegation; rfc9905_deprecated_sha1_signature_still_published,,,0.0,1.25,0.0,0.0,3.0,0.0,0.0,0.0,0.0,trace_sig_0019_rfc9905,"RFC 9905 does not explain signal sig_0019: the required indicator rfc9905_deprecated_sha1_signature_still_published failed because rr_type=DS is not in [DNSKEY, RRSIG, CDNSKEY]. The observation on 2023-05-01 predates RFC 9905's publication on 2025-11-01 by 915 days. An observation cannot evidence adoption of an RFC that did not yet exist, so the score is forfeited. Score 0.0 (none): no required indicator matched, so there is nothing to score."
sig_0019,RFC 9906,Deprecate Usage of ECC-GOST within DNSSEC,no_match,0.0,none,false,2023-05-01T00:00:00,2025-11-01T00:00:00,248.97.98.in-addr.arpa,arin,,rfc9906_deprecated_ecc_gost_still_published; rfc9906_deprecated_gost_digest_still_published,,,0.0,1.5,0.0,0.0,3.0,0.0,0.0,0.0,0.0,trace_sig_0019_rfc9906,"RFC 9906 does not explain signal sig_0019: the required indicator rfc9906_deprecated_ecc_gost_still_published failed because algorithm=15 does not equal the expected value 12. The observation on 2023-05-01 predates RFC 9906's publication on 2025-11-01 by 915 days. An observation cannot evidence adoption of an RFC that did not yet exist, so the score is forfeited. Score 0.0 (none): no required indicator matched, so there is nothing to score."
sig_0020,RFC 6605,Elliptic Curve Digital Signature Algorithm (DSA) for DNSSEC,valid_match,13.125,very_high,true,2023-06-01T00:00:00,2012-04-01T00:00:00,122.201.122.in-addr.arpa,apnic,rfc6605_ecdsa_algorithm; rfc6605_ecdsa_on_key_or_signature,,algorithm; rr_type,,9.0,1.25,0.0,1.5,0.0,0.0,0.0,0.0,13.125,trace_sig_0020_rfc6605,"RFC 6605 matched signal sig_0020: the required indicator rfc6605_ecdsa_algorithm passed because algorithm=13 is in [13, 14]. Corroborating indicators also matched: rfc6605_ecdsa_on_key_or_signature. The observation on 2023-06-01 is 4078 days after RFC 6605's publication on 2012-04-01, so the timestamp is valid. Score 13.125 (very_high) = (9.0 required + 1.5 optional) x 1.25 high specificity."
sig_0020,RFC 4033,DNS Security Introduction and Requirements (DNSSEC base: RFC 4033/4034/4035),valid_match,3.75,low,true,2023-06-01T00:00:00,2005-03-01T00:00:00,122.201.122.in-addr.arpa,apnic,rfc4033_base_dnssec_record_present; rfc4033_dnssec_algorithm_present,rfc4033_dnssec_ok_negotiated,algorithm; rr_type,dnssec_ok_flag,4.0,0.75,0.0,1.0,0.0,0.0,0.0,0.0,3.75,trace_sig_0020_rfc4033,"RFC 4033 matched signal sig_0020: the required indicator rfc4033_base_dnssec_record_present passed because rr_type=DS is in [DNSKEY, DS, RRSIG, NSEC]. Corroborating indicators also matched: rfc4033_dnssec_algorithm_present. Indicator rfc4033_dnssec_ok_negotiated did not match: field 'dnssec_ok_flag' is absent from this observation, so the condition 'dnssec_ok_flag must equal true' could not be satisfied (absence is not evidence). The observation on 2023-06-01 is 6666 days after RFC 4033's publication on 2005-03-01, so the timestamp is valid. Score 3.75 (low) = (4.0 required + 1.0 optional) x 0.75 low specificity."
sig_0020,RFC 8624,Algorithm Implementation Requirements and Usage Guidance for DNSSEC,ambiguous,3.375,low,true,2023-06-01T00:00:00,2019-06-01T00:00:00,122.201.122.in-addr.arpa,apnic,rfc8624_avoids_deprecated_algorithm; rfc8624_recommended_signing_algorithm,,algorithm,rr_type; validator_algorithm_support,5.0,0.75,0.0,1.5,0.0,0.0,2.0,0.0,3.375,trace_sig_0020_rfc8624,"RFC 8624 is an ambiguous match for signal sig_0020: the required indicator rfc8624_recommended_signing_algorithm passed because algorithm=13 is in [13, 15]. Corroborating indicators also matched: rfc8624_avoids_deprecated_algorithm. The checklist flags rfc8624_avoids_deprecated_algorithm, rfc8624_recommended_signing_algorithm ambiguous: the same observation is equally explained by other RFCs, so the match is penalized and sent to the review queue rather than reported as adoption. The observation on 2023-06-01 is 1461 days after RFC 8624's publication on 2019-06-01, so the timestamp is valid. Score 3.375 (low) = (5.0 required + 1.5 optional - 2.0 ambiguity penalty) x 0.75 low specificity."
sig_0020,RFC 4034,Resource Records for the DNS Security Extensions,valid_match,3.0,low,true,2023-06-01T00:00:00,2005-03-01T00:00:00,122.201.122.in-addr.arpa,apnic,rfc4034_core_record_present,rfc4034_dnskey_protocol_is_three; rfc4034_rrsig_type_covered_present,rr_type,dnskey_protocol; rrsig_type_covered,3.0,1.0,0.0,0.0,0.0,0.0,0.0,0.0,3.0,trace_sig_0020_rfc4034,"RFC 4034 matched signal sig_0020: the required indicator rfc4034_core_record_present passed because rr_type=DS is in [DNSKEY, DS, RRSIG, NSEC]. Indicator rfc4034_dnskey_protocol_is_three did not match: rr_type=DS is not in [DNSKEY, CDNSKEY]. The observation on 2023-06-01 is 6666 days after RFC 4034's publication on 2005-03-01, so the timestamp is valid. Score 3.0 (low) = (3.0 required) x 1.0 medium specificity."
sig_0020,RFC 3110,RSA/SHA-1 SIGs and RSA KEYs in the Domain Name System (DNS),no_match,0.0,none,true,2023-06-01T00:00:00,2001-05-01T00:00:00,122.201.122.in-addr.arpa,apnic,,rfc3110_rsasha1_algorithm; rfc3110_rsasha1_on_key_or_signature,,,0.0,1.25,0.0,0.0,3.0,0.0,0.0,0.0,0.0,trace_sig_0020_rfc3110,"RFC 3110 does not explain signal sig_0020: the required indicator rfc3110_rsasha1_algorithm failed because algorithm=13 does not equal the expected value 5. The observation on 2023-06-01 is 8066 days after RFC 3110's publication on 2001-05-01, so the timestamp is valid. Score 0.0 (none): no required indicator matched, so there is nothing to score."
sig_0020,RFC 4035,Protocol Modifications for the DNS Security Extensions,non_queryable,0.0,none,true,2023-06-01T00:00:00,2005-03-01T00:00:00,122.201.122.in-addr.arpa,apnic,,,,dnssec_ok_flag,0.0,0.75,0.0,0.0,0.0,0.0,0.0,0.0,0.0,trace_sig_0020_rfc4035,"RFC 4035 could not be evaluated against signal sig_0020: every required indicator (rfc4035_dnssec_ok_negotiated) depends on fields the OpenINTEL corpus does not export, so no verdict is possible in either direction. The observation on 2023-06-01 is 6666 days after RFC 4035's publication on 2005-03-01, so the timestamp is valid. This is a corpus limitation, not a statement about the observation."
sig_0020,RFC 4509,Use of SHA-256 in DNSSEC Delegation Signer (DS) Resource Records,no_match,0.0,none,true,2023-06-01T00:00:00,2006-05-01T00:00:00,122.201.122.in-addr.arpa,apnic,,rfc4509_ds_sha256_digest,,,0.0,1.25,0.0,0.0,3.0,0.0,0.0,0.0,0.0,trace_sig_0020_rfc4509,"RFC 4509 does not explain signal sig_0020: the required indicator rfc4509_ds_sha256_digest failed because digest_type=3 does not equal the expected value 2. The observation on 2023-06-01 is 6240 days after RFC 4509's publication on 2006-05-01, so the timestamp is valid. Score 0.0 (none): no required indicator matched, so there is nothing to score."
sig_0020,RFC 5011,Automated Updates of DNS Security (DNSSEC) Trust Anchors,no_match,0.0,none,true,2023-06-01T00:00:00,2007-09-01T00:00:00,122.201.122.in-addr.arpa,apnic,,rfc5011_revoked_key_published,,flags,0.0,1.25,0.0,0.0,3.0,0.0,0.0,0.0,0.0,trace_sig_0020_rfc5011,"RFC 5011 does not explain signal sig_0020: the required indicator rfc5011_revoked_key_published failed because rr_type=DS does not equal the expected value DNSKEY. The observation on 2023-06-01 is 5752 days after RFC 5011's publication on 2007-09-01, so the timestamp is valid. Score 0.0 (none): no required indicator matched, so there is nothing to score."
sig_0020,RFC 5155,DNS Security (DNSSEC) Hashed Authenticated Denial of Existence,no_match,0.0,none,true,2023-06-01T00:00:00,2008-03-01T00:00:00,122.201.122.in-addr.arpa,apnic,,rfc5155_nsec3_hash_algorithm; rfc5155_nsec3_record_present,,,0.0,1.5,0.0,0.0,3.0,0.0,0.0,0.0,0.0,trace_sig_0020_rfc5155,"RFC 5155 does not explain signal sig_0020: the required indicator rfc5155_nsec3_record_present failed because rr_type=DS is not in [NSEC3, NSEC3PARAM]. The observation on 2023-06-01 is 5570 days after RFC 5155's publication on 2008-03-01, so the timestamp is valid. Score 0.0 (none): no required indicator matched, so there is nothing to score."
sig_0020,RFC 5702,Use of SHA-2 Algorithms with RSA in DNSKEY and RRSIG Resource Records for DNSSEC,no_match,0.0,none,true,2023-06-01T00:00:00,2009-10-01T00:00:00,122.201.122.in-addr.arpa,apnic,,rfc5702_rsa_sha2_algorithm; rfc5702_rsa_sha2_on_dnssec_record,,,0.0,1.25,0.0,0.0,3.0,0.0,0.0,0.0,0.0,trace_sig_0020_rfc5702,"RFC 5702 does not explain signal sig_0020: the required indicator rfc5702_rsa_sha2_algorithm failed because algorithm=13 is not in [8, 10]. The observation on 2023-06-01 is 4991 days after RFC 5702's publication on 2009-10-01, so the timestamp is valid. Score 0.0 (none): no required indicator matched, so there is nothing to score."
sig_0020,RFC 5933,Use of GOST Signature Algorithms in DNSKEY and RRSIG Resource Records for DNSSEC,partial_match,0.0,none,true,2023-06-01T00:00:00,2010-07-01T00:00:00,122.201.122.in-addr.arpa,apnic,rfc5933_gost_ds_digest,rfc5933_ecc_gost_algorithm,digest_type; rr_type,,0.0,1.5,0.0,2.0,3.0,0.0,0.0,0.0,0.0,trace_sig_0020_rfc5933,"RFC 5933 partially matches signal sig_0020: the optional indicator rfc5933_gost_ds_digest passed because rr_type=DS is in [DS, CDS] and digest_type=3 equals the expected value 3. The required indicator rfc5933_ecc_gost_algorithm was not satisfied: algorithm=13 does not equal the expected value 12. The observation on 2023-06-01 is 4718 days after RFC 5933's publication on 2010-07-01, so the timestamp is valid. Score 0.0 (none): the penalties leave a raw total of -1.0, which is clamped to 0 before the 1.5 very_high specificity multiplier."
sig_0020,RFC 6698,The DNS-Based Authentication of Named Entities (DANE) Transport Layer Security (TLS) Protocol: TLSA,no_match,0.0,none,true,2023-06-01T00:00:00,2012-08-01T00:00:00,122.201.122.in-addr.arpa,apnic,,rfc6698_tlsa_fields_well_formed; rfc6698_tlsa_record_present,,tlsa_matchtype; tlsa_usage,0.0,1.5,0.0,0.0,3.0,0.0,0.0,0.0,0.0,trace_sig_0020_rfc6698,"RFC 6698 does not explain signal sig_0020: the required indicator rfc6698_tlsa_record_present failed because rr_type=DS does not equal the expected value TLSA. The observation on 2023-06-01 is 3956 days after RFC 6698's publication on 2012-08-01, so the timestamp is valid. Score 0.0 (none): no required indicator matched, so there is nothing to score."
sig_0020,RFC 6781,"DNSSEC Operational Practices, Version 2",no_match,0.0,none,true,2023-06-01T00:00:00,2012-12-01T00:00:00,122.201.122.in-addr.arpa,apnic,,rfc6781_ksk_zsk_separation,,flags,0.0,0.75,0.0,0.0,3.0,0.0,0.0,0.0,0.0,trace_sig_0020_rfc6781,"RFC 6781 does not explain signal sig_0020: the required indicator rfc6781_ksk_zsk_separation failed because rr_type=DS does not equal the expected value DNSKEY. The observation on 2023-06-01 is 3834 days after RFC 6781's publication on 2012-12-01, so the timestamp is valid. Score 0.0 (none): no required indicator matched, so there is nothing to score."
sig_0020,RFC 6840,Clarifications and Implementation Notes for DNS Security (DNSSEC),non_queryable,0.0,none,true,2023-06-01T00:00:00,2013-02-01T00:00:00,122.201.122.in-addr.arpa,apnic,,,,name_algorithm_set_consistency,0.0,0.75,0.0,0.0,0.0,0.0,0.0,0.0,0.0,trace_sig_0020_rfc6840,"RFC 6840 could not be evaluated against signal sig_0020: every required indicator (rfc6840_mandatory_algorithm_rules) depends on fields the OpenINTEL corpus does not export, so no verdict is possible in either direction. The observation on 2023-06-01 is 3772 days after RFC 6840's publication on 2013-02-01, so the timestamp is valid. This is a corpus limitation, not a statement about the observation."
sig_0020,RFC 7344,Automating DNSSEC Delegation Trust Maintenance,no_match,0.0,none,true,2023-06-01T00:00:00,2014-09-01T00:00:00,122.201.122.in-addr.arpa,apnic,,rfc7344_cds_cdnskey_present; rfc7344_cds_publishes_digest,,,0.0,1.25,0.0,0.0,3.0,0.0,0.0,0.0,0.0,trace_sig_0020_rfc7344,"RFC 7344 does not explain signal sig_0020: the required indicator rfc7344_cds_cdnskey_present failed because rr_type=DS is not in [CDS, CDNSKEY]. The observation on 2023-06-01 is 3195 days after RFC 7344's publication on 2014-09-01, so the timestamp is valid. Score 0.0 (none): no required indicator matched, so there is nothing to score."
sig_0020,RFC 7583,DNSSEC Key Rollover Timing Considerations,non_queryable,0.0,none,true,2023-06-01T00:00:00,2015-10-01T00:00:00,122.201.122.in-addr.arpa,apnic,,,,key_rollover_phase,0.0,0.75,0.0,0.0,0.0,0.0,0.0,0.0,0.0,trace_sig_0020_rfc7583,"RFC 7583 could not be evaluated against signal sig_0020: every required indicator (rfc7583_rollover_timing_observed) depends on fields the OpenINTEL corpus does not export, so no verdict is possible in either direction. The observation on 2023-06-01 is 2800 days after RFC 7583's publication on 2015-10-01, so the timestamp is valid. This is a corpus limitation, not a statement about the observation."
sig_0020,RFC 7671,The DNS-Based Authentication of Named Entities (DANE) Protocol: Updates and Operational Guidance,no_match,0.0,none,true,2023-06-01T00:00:00,2015-10-01T00:00:00,122.201.122.in-addr.arpa,apnic,,rfc7671_dane_usage_preferred,,tlsa_usage,0.0,1.25,0.0,0.0,3.0,0.0,0.0,0.0,0.0,trace_sig_0020_rfc7671,"RFC 7671 does not explain signal sig_0020: the required indicator rfc7671_dane_usage_preferred failed because rr_type=DS does not equal the expected value TLSA. The observation on 2023-06-01 is 2800 days after RFC 7671's publication on 2015-10-01, so the timestamp is valid. Score 0.0 (none): no required indicator matched, so there is nothing to score."
sig_0020,RFC 7672,SMTP Security via Opportunistic DNS-Based Authentication of Named Entities (DANE) Transport Layer Security (TLS),no_match,0.0,none,true,2023-06-01T00:00:00,2015-10-01T00:00:00,122.201.122.in-addr.arpa,apnic,,rfc7672_smtp_dane_tlsa,,domain,0.0,1.5,0.0,0.0,3.0,0.0,0.0,0.0,0.0,trace_sig_0020_rfc7672,"RFC 7672 does not explain signal sig_0020: the required indicator rfc7672_smtp_dane_tlsa failed because rr_type=DS does not equal the expected value TLSA. The observation on 2023-06-01 is 2800 days after RFC 7672's publication on 2015-10-01, so the timestamp is valid. Score 0.0 (none): no required indicator matched, so there is nothing to score."
sig_0020,RFC 8078,Managing DS Records from the Parent via CDS/CDNSKEY,no_match,0.0,none,true,2023-06-01T00:00:00,2017-03-01T00:00:00,122.201.122.in-addr.arpa,apnic,,rfc8078_cds_cdnskey_algorithm_zero; rfc8078_delete_signal_digest_zero,,,0.0,1.5,0.0,0.0,3.0,0.0,0.0,0.0,0.0,trace_sig_0020_rfc8078,"RFC 8078 does not explain signal sig_0020: the required indicator rfc8078_cds_cdnskey_algorithm_zero failed because rr_type=DS is not in [CDS, CDNSKEY]. The observation on 2023-06-01 is 2283 days after RFC 8078's publication on 2017-03-01, so the timestamp is valid. Score 0.0 (none): no required indicator matched, so there is nothing to score."
sig_0020,RFC 8080,Edwards-Curve Digital Security Algorithm (EdDSA) for DNSSEC,no_match,0.0,none,true,2023-06-01T00:00:00,2017-02-01T00:00:00,122.201.122.in-addr.arpa,apnic,,rfc8080_eddsa_algorithm; rfc8080_eddsa_on_key_or_signature,,,0.0,1.5,0.0,0.0,3.0,0.0,0.0,0.0,0.0,trace_sig_0020_rfc8080,"RFC 8080 does not explain signal sig_0020: the required indicator rfc8080_eddsa_algorithm failed because algorithm=13 is not in [15, 16]. The observation on 2023-06-01 is 2311 days after RFC 8080's publication on 2017-02-01, so the timestamp is valid. Score 0.0 (none): no required indicator matched, so there is nothing to score."
sig_0020,RFC 8198,Aggressive Use of DNSSEC-Validated Cache,non_queryable,0.0,none,true,2023-06-01T00:00:00,2017-07-01T00:00:00,122.201.122.in-addr.arpa,apnic,,,,resolver_synthesised_nxdomain,0.0,1.0,0.0,0.0,0.0,0.0,0.0,0.0,0.0,trace_sig_0020_rfc8198,"RFC 8198 could not be evaluated against signal sig_0020: every required indicator (rfc8198_aggressive_nsec_use) depends on fields the OpenINTEL corpus does not export, so no verdict is possible in either direction. The observation on 2023-06-01 is 2161 days after RFC 8198's publication on 2017-07-01, so the timestamp is valid. This is a corpus limitation, not a statement about the observation."
sig_0020,RFC 9077,NSEC and NSEC3: TTLs and Aggressive Use,no_match,0.0,none,true,2023-06-01T00:00:00,2021-07-01T00:00:00,122.201.122.in-addr.arpa,apnic,,rfc9077_nsec_ttl_bounded,,record_ttl,0.0,1.25,0.0,0.0,3.0,0.0,0.0,0.0,0.0,trace_sig_0020_rfc9077,"RFC 9077 does not explain signal sig_0020: the required indicator rfc9077_nsec_ttl_bounded failed because rr_type=DS is not in [NSEC, NSEC3]. The observation on 2023-06-01 is 700 days after RFC 9077's publication on 2021-07-01, so the timestamp is valid. Score 0.0 (none): no required indicator matched, so there is nothing to score."
sig_0020,RFC 9276,Guidance for NSEC3 Parameter Settings,no_match,0.0,none,true,2023-06-01T00:00:00,2022-08-01T00:00:00,122.201.122.in-addr.arpa,apnic,,rfc9276_empty_nsec3_salt; rfc9276_zero_nsec3_iterations,,nsec3_iterations; nsec3_salt,0.0,1.5,0.0,0.0,3.0,0.0,0.0,0.0,0.0,trace_sig_0020_rfc9276,"RFC 9276 does not explain signal sig_0020: the required indicator rfc9276_zero_nsec3_iterations failed because rr_type=DS is not in [NSEC3, NSEC3PARAM]. The observation on 2023-06-01 is 304 days after RFC 9276's publication on 2022-08-01, so the timestamp is valid. Score 0.0 (none): no required indicator matched, so there is nothing to score."
sig_0020,RFC 9364,DNS Security Extensions (DNSSEC),non_queryable,0.0,none,true,2023-06-01T00:00:00,2023-02-01T00:00:00,122.201.122.in-addr.arpa,apnic,,,,declared_standards_profile,0.0,0.75,0.0,0.0,0.0,0.0,0.0,0.0,0.0,trace_sig_0020_rfc9364,"RFC 9364 could not be evaluated against signal sig_0020: every required indicator (rfc9364_bcp_profile_declared) depends on fields the OpenINTEL corpus does not export, so no verdict is possible in either direction. The observation on 2023-06-01 is 120 days after RFC 9364's publication on 2023-02-01, so the timestamp is valid. This is a corpus limitation, not a statement about the observation."
sig_0020,RFC 9558,Use of GOST 2012 Signature Algorithms in DNSKEY and RRSIG Resource Records for DNSSEC,no_match,0.0,none,false,2023-06-01T00:00:00,2024-04-01T00:00:00,122.201.122.in-addr.arpa,apnic,,rfc9558_gost2012_algorithm; rfc9558_gost2012_ds_digest,,,0.0,1.5,0.0,0.0,3.0,0.0,0.0,0.0,0.0,trace_sig_0020_rfc9558,"RFC 9558 does not explain signal sig_0020: the required indicator rfc9558_gost2012_algorithm failed because algorithm=13 does not equal the expected value 23. The observation on 2023-06-01 predates RFC 9558's publication on 2024-04-01 by 305 days. An observation cannot evidence adoption of an RFC that did not yet exist, so the score is forfeited. Score 0.0 (none): no required indicator matched, so there is nothing to score."
sig_0020,RFC 9563,SM2 Digital Signature Algorithm for DNSSEC,no_match,0.0,none,false,2023-06-01T00:00:00,2024-12-01T00:00:00,122.201.122.in-addr.arpa,apnic,,rfc9563_sm2sm3_algorithm; rfc9563_sm3_ds_digest,,,0.0,1.5,0.0,0.0,3.0,0.0,0.0,0.0,0.0,trace_sig_0020_rfc9563,"RFC 9563 does not explain signal sig_0020: the required indicator rfc9563_sm2sm3_algorithm failed because algorithm=13 does not equal the expected value 17. The observation on 2023-06-01 predates RFC 9563's publication on 2024-12-01 by 549 days. An observation cannot evidence adoption of an RFC that did not yet exist, so the score is forfeited. Score 0.0 (none): no required indicator matched, so there is nothing to score."
sig_0020,RFC 9615,Automatic DNSSEC Bootstrapping Using Authenticated Signals from the Zone's Operator,non_queryable,0.0,none,false,2023-06-01T00:00:00,2024-07-01T00:00:00,122.201.122.in-addr.arpa,apnic,,,,domain; rr_type,0.0,1.5,0.0,0.0,0.0,0.0,0.0,0.0,0.0,trace_sig_0020_rfc9615,"RFC 9615 could not be evaluated against signal sig_0020: every required indicator (rfc9615_bootstrap_signal_label) depends on fields the OpenINTEL corpus does not export, so no verdict is possible in either direction. The observation on 2023-06-01 predates RFC 9615's publication on 2024-07-01 by 396 days. An observation cannot evidence adoption of an RFC that did not yet exist, so the score is forfeited. This is a corpus limitation, not a statement about the observation."
sig_0020,RFC 9904,DNSSEC Cryptographic Algorithm Recommendation Update Process,non_queryable,0.0,none,false,2023-06-01T00:00:00,2025-11-01T00:00:00,122.201.122.in-addr.arpa,apnic,,,,guidance_source_registry,0.0,0.75,0.0,0.0,0.0,0.0,0.0,0.0,0.0,trace_sig_0020_rfc9904,"RFC 9904 could not be evaluated against signal sig_0020: every required indicator (rfc9904_algorithm_guidance_process) depends on fields the OpenINTEL corpus does not export, so no verdict is possible in either direction. The observation on 2023-06-01 predates RFC 9904's publication on 2025-11-01 by 884 days. An observation cannot evidence adoption of an RFC that did not yet exist, so the score is forfeited. This is a corpus limitation, not a statement about the observation."
sig_0020,RFC 9905,Deprecating the Use of SHA-1 in DNSSEC Signature Algorithms,no_match,0.0,none,false,2023-06-01T00:00:00,2025-11-01T00:00:00,122.201.122.in-addr.arpa,apnic,,rfc9905_deprecated_sha1_in_delegation; rfc9905_deprecated_sha1_signature_still_published,,,0.0,1.25,0.0,0.0,3.0,0.0,0.0,0.0,0.0,trace_sig_0020_rfc9905,"RFC 9905 does not explain signal sig_0020: the required indicator rfc9905_deprecated_sha1_signature_still_published failed because rr_type=DS is not in [DNSKEY, RRSIG, CDNSKEY]. The observation on 2023-06-01 predates RFC 9905's publication on 2025-11-01 by 884 days. An observation cannot evidence adoption of an RFC that did not yet exist, so the score is forfeited. Score 0.0 (none): no required indicator matched, so there is nothing to score."
sig_0020,RFC 9906,Deprecate Usage of ECC-GOST within DNSSEC,timestamp_invalid,0.0,none,false,2023-06-01T00:00:00,2025-11-01T00:00:00,122.201.122.in-addr.arpa,apnic,rfc9906_deprecated_gost_digest_still_published,rfc9906_deprecated_ecc_gost_still_published,digest_type; rr_type,,0.0,1.5,0.0,2.0,3.0,0.0,0.0,0.0,0.0,trace_sig_0020_rfc9906,"RFC 9906 cannot explain signal sig_0020: although rr_type=DS and digest_type=3 satisfy the optional indicator rfc9906_deprecated_gost_digest_still_published, the observation on 2023-06-01 predates RFC 9906's publication on 2025-11-01 by 884 days. An observation cannot evidence adoption of an RFC that did not yet exist, so the score of 0.0 is forfeited and this is routed to the review queue. The withheld score derives from (0.0 required + 2.0 optional - 3.0 missing-required penalty) x 1.5 very_high specificity."
sig_0021,RFC 6605,Elliptic Curve Digital Signature Algorithm (DSA) for DNSSEC,valid_match,13.125,very_high,true,2023-10-01T00:00:00,2012-04-01T00:00:00,63.82.172.in-addr.arpa,arin,rfc6605_ecdsa_algorithm; rfc6605_ecdsa_on_key_or_signature,,algorithm; rr_type,,9.0,1.25,0.0,1.5,0.0,0.0,0.0,0.0,13.125,trace_sig_0021_rfc6605,"RFC 6605 matched signal sig_0021: the required indicator rfc6605_ecdsa_algorithm passed because algorithm=13 is in [13, 14]. Corroborating indicators also matched: rfc6605_ecdsa_on_key_or_signature. The observation on 2023-10-01 is 4200 days after RFC 6605's publication on 2012-04-01, so the timestamp is valid. Score 13.125 (very_high) = (9.0 required + 1.5 optional) x 1.25 high specificity."
sig_0021,RFC 4509,Use of SHA-256 in DNSSEC Delegation Signer (DS) Resource Records,valid_match,11.25,high,true,2023-10-01T00:00:00,2006-05-01T00:00:00,63.82.172.in-addr.arpa,arin,rfc4509_ds_sha256_digest,,digest_type; rr_type,,9.0,1.25,0.0,0.0,0.0,0.0,0.0,0.0,11.25,trace_sig_0021_rfc4509,"RFC 4509 matched signal sig_0021: the required indicator rfc4509_ds_sha256_digest passed because rr_type=DS is in [DS, CDS] and digest_type=2 equals the expected value 2. The observation on 2023-10-01 is 6362 days after RFC 4509's publication on 2006-05-01, so the timestamp is valid. Score 11.25 (high) = (9.0 required) x 1.25 high specificity."
sig_0021,RFC 4033,DNS Security Introduction and Requirements (DNSSEC base: RFC 4033/4034/4035),valid_match,3.75,low,true,2023-10-01T00:00:00,2005-03-01T00:00:00,63.82.172.in-addr.arpa,arin,rfc4033_base_dnssec_record_present; rfc4033_dnssec_algorithm_present,rfc4033_dnssec_ok_negotiated,algorithm; rr_type,dnssec_ok_flag,4.0,0.75,0.0,1.0,0.0,0.0,0.0,0.0,3.75,trace_sig_0021_rfc4033,"RFC 4033 matched signal sig_0021: the required indicator rfc4033_base_dnssec_record_present passed because rr_type=DS is in [DNSKEY, DS, RRSIG, NSEC]. Corroborating indicators also matched: rfc4033_dnssec_algorithm_present. Indicator rfc4033_dnssec_ok_negotiated did not match: field 'dnssec_ok_flag' is absent from this observation, so the condition 'dnssec_ok_flag must equal true' could not be satisfied (absence is not evidence). The observation on 2023-10-01 is 6788 days after RFC 4033's publication on 2005-03-01, so the timestamp is valid. Score 3.75 (low) = (4.0 required + 1.0 optional) x 0.75 low specificity."
sig_0021,RFC 8624,Algorithm Implementation Requirements and Usage Guidance for DNSSEC,ambiguous,3.375,low,true,2023-10-01T00:00:00,2019-06-01T00:00:00,63.82.172.in-addr.arpa,arin,rfc8624_avoids_deprecated_algorithm; rfc8624_recommended_signing_algorithm,,algorithm,rr_type; validator_algorithm_support,5.0,0.75,0.0,1.5,0.0,0.0,2.0,0.0,3.375,trace_sig_0021_rfc8624,"RFC 8624 is an ambiguous match for signal sig_0021: the required indicator rfc8624_recommended_signing_algorithm passed because algorithm=13 is in [13, 15]. Corroborating indicators also matched: rfc8624_avoids_deprecated_algorithm. The checklist flags rfc8624_avoids_deprecated_algorithm, rfc8624_recommended_signing_algorithm ambiguous: the same observation is equally explained by other RFCs, so the match is penalized and sent to the review queue rather than reported as adoption. The observation on 2023-10-01 is 1583 days after RFC 8624's publication on 2019-06-01, so the timestamp is valid. Score 3.375 (low) = (5.0 required + 1.5 optional - 2.0 ambiguity penalty) x 0.75 low specificity."
sig_0021,RFC 4034,Resource Records for the DNS Security Extensions,valid_match,3.0,low,true,2023-10-01T00:00:00,2005-03-01T00:00:00,63.82.172.in-addr.arpa,arin,rfc4034_core_record_present,rfc4034_dnskey_protocol_is_three; rfc4034_rrsig_type_covered_present,rr_type,dnskey_protocol; rrsig_type_covered,3.0,1.0,0.0,0.0,0.0,0.0,0.0,0.0,3.0,trace_sig_0021_rfc4034,"RFC 4034 matched signal sig_0021: the required indicator rfc4034_core_record_present passed because rr_type=DS is in [DNSKEY, DS, RRSIG, NSEC]. Indicator rfc4034_dnskey_protocol_is_three did not match: rr_type=DS is not in [DNSKEY, CDNSKEY]. The observation on 2023-10-01 is 6788 days after RFC 4034's publication on 2005-03-01, so the timestamp is valid. Score 3.0 (low) = (3.0 required) x 1.0 medium specificity."
sig_0021,RFC 3110,RSA/SHA-1 SIGs and RSA KEYs in the Domain Name System (DNS),no_match,0.0,none,true,2023-10-01T00:00:00,2001-05-01T00:00:00,63.82.172.in-addr.arpa,arin,,rfc3110_rsasha1_algorithm; rfc3110_rsasha1_on_key_or_signature,,,0.0,1.25,0.0,0.0,3.0,0.0,0.0,0.0,0.0,trace_sig_0021_rfc3110,"RFC 3110 does not explain signal sig_0021: the required indicator rfc3110_rsasha1_algorithm failed because algorithm=13 does not equal the expected value 5. The observation on 2023-10-01 is 8188 days after RFC 3110's publication on 2001-05-01, so the timestamp is valid. Score 0.0 (none): no required indicator matched, so there is nothing to score."
sig_0021,RFC 4035,Protocol Modifications for the DNS Security Extensions,non_queryable,0.0,none,true,2023-10-01T00:00:00,2005-03-01T00:00:00,63.82.172.in-addr.arpa,arin,,,,dnssec_ok_flag,0.0,0.75,0.0,0.0,0.0,0.0,0.0,0.0,0.0,trace_sig_0021_rfc4035,"RFC 4035 could not be evaluated against signal sig_0021: every required indicator (rfc4035_dnssec_ok_negotiated) depends on fields the OpenINTEL corpus does not export, so no verdict is possible in either direction. The observation on 2023-10-01 is 6788 days after RFC 4035's publication on 2005-03-01, so the timestamp is valid. This is a corpus limitation, not a statement about the observation."
sig_0021,RFC 5011,Automated Updates of DNS Security (DNSSEC) Trust Anchors,no_match,0.0,none,true,2023-10-01T00:00:00,2007-09-01T00:00:00,63.82.172.in-addr.arpa,arin,,rfc5011_revoked_key_published,,flags,0.0,1.25,0.0,0.0,3.0,0.0,0.0,0.0,0.0,trace_sig_0021_rfc5011,"RFC 5011 does not explain signal sig_0021: the required indicator rfc5011_revoked_key_published failed because rr_type=DS does not equal the expected value DNSKEY. The observation on 2023-10-01 is 5874 days after RFC 5011's publication on 2007-09-01, so the timestamp is valid. Score 0.0 (none): no required indicator matched, so there is nothing to score."
sig_0021,RFC 5155,DNS Security (DNSSEC) Hashed Authenticated Denial of Existence,no_match,0.0,none,true,2023-10-01T00:00:00,2008-03-01T00:00:00,63.82.172.in-addr.arpa,arin,,rfc5155_nsec3_hash_algorithm; rfc5155_nsec3_record_present,,,0.0,1.5,0.0,0.0,3.0,0.0,0.0,0.0,0.0,trace_sig_0021_rfc5155,"RFC 5155 does not explain signal sig_0021: the required indicator rfc5155_nsec3_record_present failed because rr_type=DS is not in [NSEC3, NSEC3PARAM]. The observation on 2023-10-01 is 5692 days after RFC 5155's publication on 2008-03-01, so the timestamp is valid. Score 0.0 (none): no required indicator matched, so there is nothing to score."
sig_0021,RFC 5702,Use of SHA-2 Algorithms with RSA in DNSKEY and RRSIG Resource Records for DNSSEC,no_match,0.0,none,true,2023-10-01T00:00:00,2009-10-01T00:00:00,63.82.172.in-addr.arpa,arin,,rfc5702_rsa_sha2_algorithm; rfc5702_rsa_sha2_on_dnssec_record,,,0.0,1.25,0.0,0.0,3.0,0.0,0.0,0.0,0.0,trace_sig_0021_rfc5702,"RFC 5702 does not explain signal sig_0021: the required indicator rfc5702_rsa_sha2_algorithm failed because algorithm=13 is not in [8, 10]. The observation on 2023-10-01 is 5113 days after RFC 5702's publication on 2009-10-01, so the timestamp is valid. Score 0.0 (none): no required indicator matched, so there is nothing to score."
sig_0021,RFC 5933,Use of GOST Signature Algorithms in DNSKEY and RRSIG Resource Records for DNSSEC,no_match,0.0,none,true,2023-10-01T00:00:00,2010-07-01T00:00:00,63.82.172.in-addr.arpa,arin,,rfc5933_ecc_gost_algorithm; rfc5933_gost_ds_digest,,,0.0,1.5,0.0,0.0,3.0,0.0,0.0,0.0,0.0,trace_sig_0021_rfc5933,"RFC 5933 does not explain signal sig_0021: the required indicator rfc5933_ecc_gost_algorithm failed because algorithm=13 does not equal the expected value 12. The observation on 2023-10-01 is 4840 days after RFC 5933's publication on 2010-07-01, so the timestamp is valid. Score 0.0 (none): no required indicator matched, so there is nothing to score."
sig_0021,RFC 6698,The DNS-Based Authentication of Named Entities (DANE) Transport Layer Security (TLS) Protocol: TLSA,no_match,0.0,none,true,2023-10-01T00:00:00,2012-08-01T00:00:00,63.82.172.in-addr.arpa,arin,,rfc6698_tlsa_fields_well_formed; rfc6698_tlsa_record_present,,tlsa_matchtype; tlsa_usage,0.0,1.5,0.0,0.0,3.0,0.0,0.0,0.0,0.0,trace_sig_0021_rfc6698,"RFC 6698 does not explain signal sig_0021: the required indicator rfc6698_tlsa_record_present failed because rr_type=DS does not equal the expected value TLSA. The observation on 2023-10-01 is 4078 days after RFC 6698's publication on 2012-08-01, so the timestamp is valid. Score 0.0 (none): no required indicator matched, so there is nothing to score."
sig_0021,RFC 6781,"DNSSEC Operational Practices, Version 2",no_match,0.0,none,true,2023-10-01T00:00:00,2012-12-01T00:00:00,63.82.172.in-addr.arpa,arin,,rfc6781_ksk_zsk_separation,,flags,0.0,0.75,0.0,0.0,3.0,0.0,0.0,0.0,0.0,trace_sig_0021_rfc6781,"RFC 6781 does not explain signal sig_0021: the required indicator rfc6781_ksk_zsk_separation failed because rr_type=DS does not equal the expected value DNSKEY. The observation on 2023-10-01 is 3956 days after RFC 6781's publication on 2012-12-01, so the timestamp is valid. Score 0.0 (none): no required indicator matched, so there is nothing to score."
sig_0021,RFC 6840,Clarifications and Implementation Notes for DNS Security (DNSSEC),non_queryable,0.0,none,true,2023-10-01T00:00:00,2013-02-01T00:00:00,63.82.172.in-addr.arpa,arin,,,,name_algorithm_set_consistency,0.0,0.75,0.0,0.0,0.0,0.0,0.0,0.0,0.0,trace_sig_0021_rfc6840,"RFC 6840 could not be evaluated against signal sig_0021: every required indicator (rfc6840_mandatory_algorithm_rules) depends on fields the OpenINTEL corpus does not export, so no verdict is possible in either direction. The observation on 2023-10-01 is 3894 days after RFC 6840's publication on 2013-02-01, so the timestamp is valid. This is a corpus limitation, not a statement about the observation."
sig_0021,RFC 7344,Automating DNSSEC Delegation Trust Maintenance,no_match,0.0,none,true,2023-10-01T00:00:00,2014-09-01T00:00:00,63.82.172.in-addr.arpa,arin,,rfc7344_cds_cdnskey_present; rfc7344_cds_publishes_digest,,,0.0,1.25,0.0,0.0,3.0,0.0,0.0,0.0,0.0,trace_sig_0021_rfc7344,"RFC 7344 does not explain signal sig_0021: the required indicator rfc7344_cds_cdnskey_present failed because rr_type=DS is not in [CDS, CDNSKEY]. The observation on 2023-10-01 is 3317 days after RFC 7344's publication on 2014-09-01, so the timestamp is valid. Score 0.0 (none): no required indicator matched, so there is nothing to score."
sig_0021,RFC 7583,DNSSEC Key Rollover Timing Considerations,non_queryable,0.0,none,true,2023-10-01T00:00:00,2015-10-01T00:00:00,63.82.172.in-addr.arpa,arin,,,,key_rollover_phase,0.0,0.75,0.0,0.0,0.0,0.0,0.0,0.0,0.0,trace_sig_0021_rfc7583,"RFC 7583 could not be evaluated against signal sig_0021: every required indicator (rfc7583_rollover_timing_observed) depends on fields the OpenINTEL corpus does not export, so no verdict is possible in either direction. The observation on 2023-10-01 is 2922 days after RFC 7583's publication on 2015-10-01, so the timestamp is valid. This is a corpus limitation, not a statement about the observation."
sig_0021,RFC 7671,The DNS-Based Authentication of Named Entities (DANE) Protocol: Updates and Operational Guidance,no_match,0.0,none,true,2023-10-01T00:00:00,2015-10-01T00:00:00,63.82.172.in-addr.arpa,arin,,rfc7671_dane_usage_preferred,,tlsa_usage,0.0,1.25,0.0,0.0,3.0,0.0,0.0,0.0,0.0,trace_sig_0021_rfc7671,"RFC 7671 does not explain signal sig_0021: the required indicator rfc7671_dane_usage_preferred failed because rr_type=DS does not equal the expected value TLSA. The observation on 2023-10-01 is 2922 days after RFC 7671's publication on 2015-10-01, so the timestamp is valid. Score 0.0 (none): no required indicator matched, so there is nothing to score."
sig_0021,RFC 7672,SMTP Security via Opportunistic DNS-Based Authentication of Named Entities (DANE) Transport Layer Security (TLS),no_match,0.0,none,true,2023-10-01T00:00:00,2015-10-01T00:00:00,63.82.172.in-addr.arpa,arin,,rfc7672_smtp_dane_tlsa,,domain,0.0,1.5,0.0,0.0,3.0,0.0,0.0,0.0,0.0,trace_sig_0021_rfc7672,"RFC 7672 does not explain signal sig_0021: the required indicator rfc7672_smtp_dane_tlsa failed because rr_type=DS does not equal the expected value TLSA. The observation on 2023-10-01 is 2922 days after RFC 7672's publication on 2015-10-01, so the timestamp is valid. Score 0.0 (none): no required indicator matched, so there is nothing to score."
sig_0021,RFC 8078,Managing DS Records from the Parent via CDS/CDNSKEY,no_match,0.0,none,true,2023-10-01T00:00:00,2017-03-01T00:00:00,63.82.172.in-addr.arpa,arin,,rfc8078_cds_cdnskey_algorithm_zero; rfc8078_delete_signal_digest_zero,,,0.0,1.5,0.0,0.0,3.0,0.0,0.0,0.0,0.0,trace_sig_0021_rfc8078,"RFC 8078 does not explain signal sig_0021: the required indicator rfc8078_cds_cdnskey_algorithm_zero failed because rr_type=DS is not in [CDS, CDNSKEY]. The observation on 2023-10-01 is 2405 days after RFC 8078's publication on 2017-03-01, so the timestamp is valid. Score 0.0 (none): no required indicator matched, so there is nothing to score."
sig_0021,RFC 8080,Edwards-Curve Digital Security Algorithm (EdDSA) for DNSSEC,no_match,0.0,none,true,2023-10-01T00:00:00,2017-02-01T00:00:00,63.82.172.in-addr.arpa,arin,,rfc8080_eddsa_algorithm; rfc8080_eddsa_on_key_or_signature,,,0.0,1.5,0.0,0.0,3.0,0.0,0.0,0.0,0.0,trace_sig_0021_rfc8080,"RFC 8080 does not explain signal sig_0021: the required indicator rfc8080_eddsa_algorithm failed because algorithm=13 is not in [15, 16]. The observation on 2023-10-01 is 2433 days after RFC 8080's publication on 2017-02-01, so the timestamp is valid. Score 0.0 (none): no required indicator matched, so there is nothing to score."
sig_0021,RFC 8198,Aggressive Use of DNSSEC-Validated Cache,non_queryable,0.0,none,true,2023-10-01T00:00:00,2017-07-01T00:00:00,63.82.172.in-addr.arpa,arin,,,,resolver_synthesised_nxdomain,0.0,1.0,0.0,0.0,0.0,0.0,0.0,0.0,0.0,trace_sig_0021_rfc8198,"RFC 8198 could not be evaluated against signal sig_0021: every required indicator (rfc8198_aggressive_nsec_use) depends on fields the OpenINTEL corpus does not export, so no verdict is possible in either direction. The observation on 2023-10-01 is 2283 days after RFC 8198's publication on 2017-07-01, so the timestamp is valid. This is a corpus limitation, not a statement about the observation."
sig_0021,RFC 9077,NSEC and NSEC3: TTLs and Aggressive Use,no_match,0.0,none,true,2023-10-01T00:00:00,2021-07-01T00:00:00,63.82.172.in-addr.arpa,arin,,rfc9077_nsec_ttl_bounded,,record_ttl,0.0,1.25,0.0,0.0,3.0,0.0,0.0,0.0,0.0,trace_sig_0021_rfc9077,"RFC 9077 does not explain signal sig_0021: the required indicator rfc9077_nsec_ttl_bounded failed because rr_type=DS is not in [NSEC, NSEC3]. The observation on 2023-10-01 is 822 days after RFC 9077's publication on 2021-07-01, so the timestamp is valid. Score 0.0 (none): no required indicator matched, so there is nothing to score."
sig_0021,RFC 9276,Guidance for NSEC3 Parameter Settings,no_match,0.0,none,true,2023-10-01T00:00:00,2022-08-01T00:00:00,63.82.172.in-addr.arpa,arin,,rfc9276_empty_nsec3_salt; rfc9276_zero_nsec3_iterations,,nsec3_iterations; nsec3_salt,0.0,1.5,0.0,0.0,3.0,0.0,0.0,0.0,0.0,trace_sig_0021_rfc9276,"RFC 9276 does not explain signal sig_0021: the required indicator rfc9276_zero_nsec3_iterations failed because rr_type=DS is not in [NSEC3, NSEC3PARAM]. The observation on 2023-10-01 is 426 days after RFC 9276's publication on 2022-08-01, so the timestamp is valid. Score 0.0 (none): no required indicator matched, so there is nothing to score."
sig_0021,RFC 9364,DNS Security Extensions (DNSSEC),non_queryable,0.0,none,true,2023-10-01T00:00:00,2023-02-01T00:00:00,63.82.172.in-addr.arpa,arin,,,,declared_standards_profile,0.0,0.75,0.0,0.0,0.0,0.0,0.0,0.0,0.0,trace_sig_0021_rfc9364,"RFC 9364 could not be evaluated against signal sig_0021: every required indicator (rfc9364_bcp_profile_declared) depends on fields the OpenINTEL corpus does not export, so no verdict is possible in either direction. The observation on 2023-10-01 is 242 days after RFC 9364's publication on 2023-02-01, so the timestamp is valid. This is a corpus limitation, not a statement about the observation."
sig_0021,RFC 9558,Use of GOST 2012 Signature Algorithms in DNSKEY and RRSIG Resource Records for DNSSEC,no_match,0.0,none,false,2023-10-01T00:00:00,2024-04-01T00:00:00,63.82.172.in-addr.arpa,arin,,rfc9558_gost2012_algorithm; rfc9558_gost2012_ds_digest,,,0.0,1.5,0.0,0.0,3.0,0.0,0.0,0.0,0.0,trace_sig_0021_rfc9558,"RFC 9558 does not explain signal sig_0021: the required indicator rfc9558_gost2012_algorithm failed because algorithm=13 does not equal the expected value 23. The observation on 2023-10-01 predates RFC 9558's publication on 2024-04-01 by 183 days. An observation cannot evidence adoption of an RFC that did not yet exist, so the score is forfeited. Score 0.0 (none): no required indicator matched, so there is nothing to score."
sig_0021,RFC 9563,SM2 Digital Signature Algorithm for DNSSEC,no_match,0.0,none,false,2023-10-01T00:00:00,2024-12-01T00:00:00,63.82.172.in-addr.arpa,arin,,rfc9563_sm2sm3_algorithm; rfc9563_sm3_ds_digest,,,0.0,1.5,0.0,0.0,3.0,0.0,0.0,0.0,0.0,trace_sig_0021_rfc9563,"RFC 9563 does not explain signal sig_0021: the required indicator rfc9563_sm2sm3_algorithm failed because algorithm=13 does not equal the expected value 17. The observation on 2023-10-01 predates RFC 9563's publication on 2024-12-01 by 427 days. An observation cannot evidence adoption of an RFC that did not yet exist, so the score is forfeited. Score 0.0 (none): no required indicator matched, so there is nothing to score."
sig_0021,RFC 9615,Automatic DNSSEC Bootstrapping Using Authenticated Signals from the Zone's Operator,non_queryable,0.0,none,false,2023-10-01T00:00:00,2024-07-01T00:00:00,63.82.172.in-addr.arpa,arin,,,,domain; rr_type,0.0,1.5,0.0,0.0,0.0,0.0,0.0,0.0,0.0,trace_sig_0021_rfc9615,"RFC 9615 could not be evaluated against signal sig_0021: every required indicator (rfc9615_bootstrap_signal_label) depends on fields the OpenINTEL corpus does not export, so no verdict is possible in either direction. The observation on 2023-10-01 predates RFC 9615's publication on 2024-07-01 by 274 days. An observation cannot evidence adoption of an RFC that did not yet exist, so the score is forfeited. This is a corpus limitation, not a statement about the observation."
sig_0021,RFC 9904,DNSSEC Cryptographic Algorithm Recommendation Update Process,non_queryable,0.0,none,false,2023-10-01T00:00:00,2025-11-01T00:00:00,63.82.172.in-addr.arpa,arin,,,,guidance_source_registry,0.0,0.75,0.0,0.0,0.0,0.0,0.0,0.0,0.0,trace_sig_0021_rfc9904,"RFC 9904 could not be evaluated against signal sig_0021: every required indicator (rfc9904_algorithm_guidance_process) depends on fields the OpenINTEL corpus does not export, so no verdict is possible in either direction. The observation on 2023-10-01 predates RFC 9904's publication on 2025-11-01 by 762 days. An observation cannot evidence adoption of an RFC that did not yet exist, so the score is forfeited. This is a corpus limitation, not a statement about the observation."
sig_0021,RFC 9905,Deprecating the Use of SHA-1 in DNSSEC Signature Algorithms,no_match,0.0,none,false,2023-10-01T00:00:00,2025-11-01T00:00:00,63.82.172.in-addr.arpa,arin,,rfc9905_deprecated_sha1_in_delegation; rfc9905_deprecated_sha1_signature_still_published,,,0.0,1.25,0.0,0.0,3.0,0.0,0.0,0.0,0.0,trace_sig_0021_rfc9905,"RFC 9905 does not explain signal sig_0021: the required indicator rfc9905_deprecated_sha1_signature_still_published failed because rr_type=DS is not in [DNSKEY, RRSIG, CDNSKEY]. The observation on 2023-10-01 predates RFC 9905's publication on 2025-11-01 by 762 days. An observation cannot evidence adoption of an RFC that did not yet exist, so the score is forfeited. Score 0.0 (none): no required indicator matched, so there is nothing to score."
sig_0021,RFC 9906,Deprecate Usage of ECC-GOST within DNSSEC,no_match,0.0,none,false,2023-10-01T00:00:00,2025-11-01T00:00:00,63.82.172.in-addr.arpa,arin,,rfc9906_deprecated_ecc_gost_still_published; rfc9906_deprecated_gost_digest_still_published,,,0.0,1.5,0.0,0.0,3.0,0.0,0.0,0.0,0.0,trace_sig_0021_rfc9906,"RFC 9906 does not explain signal sig_0021: the required indicator rfc9906_deprecated_ecc_gost_still_published failed because algorithm=13 does not equal the expected value 12. The observation on 2023-10-01 predates RFC 9906's publication on 2025-11-01 by 762 days. An observation cannot evidence adoption of an RFC that did not yet exist, so the score is forfeited. Score 0.0 (none): no required indicator matched, so there is nothing to score."
sig_0022,RFC 6605,Elliptic Curve Digital Signature Algorithm (DSA) for DNSSEC,valid_match,13.125,very_high,true,2024-03-01T00:00:00,2012-04-01T00:00:00,164.68.103.in-addr.arpa,apnic,rfc6605_ecdsa_algorithm; rfc6605_ecdsa_on_key_or_signature,,algorithm; rr_type,,9.0,1.25,0.0,1.5,0.0,0.0,0.0,0.0,13.125,trace_sig_0022_rfc6605,"RFC 6605 matched signal sig_0022: the required indicator rfc6605_ecdsa_algorithm passed because algorithm=13 is in [13, 14]. Corroborating indicators also matched: rfc6605_ecdsa_on_key_or_signature. The observation on 2024-03-01 is 4352 days after RFC 6605's publication on 2012-04-01, so the timestamp is valid. Score 13.125 (very_high) = (9.0 required + 1.5 optional) x 1.25 high specificity."
sig_0022,RFC 4033,DNS Security Introduction and Requirements (DNSSEC base: RFC 4033/4034/4035),valid_match,3.75,low,true,2024-03-01T00:00:00,2005-03-01T00:00:00,164.68.103.in-addr.arpa,apnic,rfc4033_base_dnssec_record_present; rfc4033_dnssec_algorithm_present,rfc4033_dnssec_ok_negotiated,algorithm; rr_type,dnssec_ok_flag,4.0,0.75,0.0,1.0,0.0,0.0,0.0,0.0,3.75,trace_sig_0022_rfc4033,"RFC 4033 matched signal sig_0022: the required indicator rfc4033_base_dnssec_record_present passed because rr_type=DS is in [DNSKEY, DS, RRSIG, NSEC]. Corroborating indicators also matched: rfc4033_dnssec_algorithm_present. Indicator rfc4033_dnssec_ok_negotiated did not match: field 'dnssec_ok_flag' is absent from this observation, so the condition 'dnssec_ok_flag must equal true' could not be satisfied (absence is not evidence). The observation on 2024-03-01 is 6940 days after RFC 4033's publication on 2005-03-01, so the timestamp is valid. Score 3.75 (low) = (4.0 required + 1.0 optional) x 0.75 low specificity."
sig_0022,RFC 8624,Algorithm Implementation Requirements and Usage Guidance for DNSSEC,ambiguous,3.375,low,true,2024-03-01T00:00:00,2019-06-01T00:00:00,164.68.103.in-addr.arpa,apnic,rfc8624_avoids_deprecated_algorithm; rfc8624_recommended_signing_algorithm,,algorithm,rr_type; validator_algorithm_support,5.0,0.75,0.0,1.5,0.0,0.0,2.0,0.0,3.375,trace_sig_0022_rfc8624,"RFC 8624 is an ambiguous match for signal sig_0022: the required indicator rfc8624_recommended_signing_algorithm passed because algorithm=13 is in [13, 15]. Corroborating indicators also matched: rfc8624_avoids_deprecated_algorithm. The checklist flags rfc8624_avoids_deprecated_algorithm, rfc8624_recommended_signing_algorithm ambiguous: the same observation is equally explained by other RFCs, so the match is penalized and sent to the review queue rather than reported as adoption. The observation on 2024-03-01 is 1735 days after RFC 8624's publication on 2019-06-01, so the timestamp is valid. Score 3.375 (low) = (5.0 required + 1.5 optional - 2.0 ambiguity penalty) x 0.75 low specificity."
sig_0022,RFC 4034,Resource Records for the DNS Security Extensions,valid_match,3.0,low,true,2024-03-01T00:00:00,2005-03-01T00:00:00,164.68.103.in-addr.arpa,apnic,rfc4034_core_record_present,rfc4034_dnskey_protocol_is_three; rfc4034_rrsig_type_covered_present,rr_type,dnskey_protocol; rrsig_type_covered,3.0,1.0,0.0,0.0,0.0,0.0,0.0,0.0,3.0,trace_sig_0022_rfc4034,"RFC 4034 matched signal sig_0022: the required indicator rfc4034_core_record_present passed because rr_type=DS is in [DNSKEY, DS, RRSIG, NSEC]. Indicator rfc4034_dnskey_protocol_is_three did not match: rr_type=DS is not in [DNSKEY, CDNSKEY]. The observation on 2024-03-01 is 6940 days after RFC 4034's publication on 2005-03-01, so the timestamp is valid. Score 3.0 (low) = (3.0 required) x 1.0 medium specificity."
sig_0022,RFC 3110,RSA/SHA-1 SIGs and RSA KEYs in the Domain Name System (DNS),no_match,0.0,none,true,2024-03-01T00:00:00,2001-05-01T00:00:00,164.68.103.in-addr.arpa,apnic,,rfc3110_rsasha1_algorithm; rfc3110_rsasha1_on_key_or_signature,,,0.0,1.25,0.0,0.0,3.0,0.0,0.0,0.0,0.0,trace_sig_0022_rfc3110,"RFC 3110 does not explain signal sig_0022: the required indicator rfc3110_rsasha1_algorithm failed because algorithm=13 does not equal the expected value 5. The observation on 2024-03-01 is 8340 days after RFC 3110's publication on 2001-05-01, so the timestamp is valid. Score 0.0 (none): no required indicator matched, so there is nothing to score."
sig_0022,RFC 4035,Protocol Modifications for the DNS Security Extensions,non_queryable,0.0,none,true,2024-03-01T00:00:00,2005-03-01T00:00:00,164.68.103.in-addr.arpa,apnic,,,,dnssec_ok_flag,0.0,0.75,0.0,0.0,0.0,0.0,0.0,0.0,0.0,trace_sig_0022_rfc4035,"RFC 4035 could not be evaluated against signal sig_0022: every required indicator (rfc4035_dnssec_ok_negotiated) depends on fields the OpenINTEL corpus does not export, so no verdict is possible in either direction. The observation on 2024-03-01 is 6940 days after RFC 4035's publication on 2005-03-01, so the timestamp is valid. This is a corpus limitation, not a statement about the observation."
sig_0022,RFC 4509,Use of SHA-256 in DNSSEC Delegation Signer (DS) Resource Records,no_match,0.0,none,true,2024-03-01T00:00:00,2006-05-01T00:00:00,164.68.103.in-addr.arpa,apnic,,rfc4509_ds_sha256_digest,,,0.0,1.25,0.0,0.0,3.0,0.0,0.0,0.0,0.0,trace_sig_0022_rfc4509,"RFC 4509 does not explain signal sig_0022: the required indicator rfc4509_ds_sha256_digest failed because digest_type=3 does not equal the expected value 2. The observation on 2024-03-01 is 6514 days after RFC 4509's publication on 2006-05-01, so the timestamp is valid. Score 0.0 (none): no required indicator matched, so there is nothing to score."
sig_0022,RFC 5011,Automated Updates of DNS Security (DNSSEC) Trust Anchors,no_match,0.0,none,true,2024-03-01T00:00:00,2007-09-01T00:00:00,164.68.103.in-addr.arpa,apnic,,rfc5011_revoked_key_published,,flags,0.0,1.25,0.0,0.0,3.0,0.0,0.0,0.0,0.0,trace_sig_0022_rfc5011,"RFC 5011 does not explain signal sig_0022: the required indicator rfc5011_revoked_key_published failed because rr_type=DS does not equal the expected value DNSKEY. The observation on 2024-03-01 is 6026 days after RFC 5011's publication on 2007-09-01, so the timestamp is valid. Score 0.0 (none): no required indicator matched, so there is nothing to score."
sig_0022,RFC 5155,DNS Security (DNSSEC) Hashed Authenticated Denial of Existence,no_match,0.0,none,true,2024-03-01T00:00:00,2008-03-01T00:00:00,164.68.103.in-addr.arpa,apnic,,rfc5155_nsec3_hash_algorithm; rfc5155_nsec3_record_present,,,0.0,1.5,0.0,0.0,3.0,0.0,0.0,0.0,0.0,trace_sig_0022_rfc5155,"RFC 5155 does not explain signal sig_0022: the required indicator rfc5155_nsec3_record_present failed because rr_type=DS is not in [NSEC3, NSEC3PARAM]. The observation on 2024-03-01 is 5844 days after RFC 5155's publication on 2008-03-01, so the timestamp is valid. Score 0.0 (none): no required indicator matched, so there is nothing to score."
sig_0022,RFC 5702,Use of SHA-2 Algorithms with RSA in DNSKEY and RRSIG Resource Records for DNSSEC,no_match,0.0,none,true,2024-03-01T00:00:00,2009-10-01T00:00:00,164.68.103.in-addr.arpa,apnic,,rfc5702_rsa_sha2_algorithm; rfc5702_rsa_sha2_on_dnssec_record,,,0.0,1.25,0.0,0.0,3.0,0.0,0.0,0.0,0.0,trace_sig_0022_rfc5702,"RFC 5702 does not explain signal sig_0022: the required indicator rfc5702_rsa_sha2_algorithm failed because algorithm=13 is not in [8, 10]. The observation on 2024-03-01 is 5265 days after RFC 5702's publication on 2009-10-01, so the timestamp is valid. Score 0.0 (none): no required indicator matched, so there is nothing to score."
sig_0022,RFC 5933,Use of GOST Signature Algorithms in DNSKEY and RRSIG Resource Records for DNSSEC,partial_match,0.0,none,true,2024-03-01T00:00:00,2010-07-01T00:00:00,164.68.103.in-addr.arpa,apnic,rfc5933_gost_ds_digest,rfc5933_ecc_gost_algorithm,digest_type; rr_type,,0.0,1.5,0.0,2.0,3.0,0.0,0.0,0.0,0.0,trace_sig_0022_rfc5933,"RFC 5933 partially matches signal sig_0022: the optional indicator rfc5933_gost_ds_digest passed because rr_type=DS is in [DS, CDS] and digest_type=3 equals the expected value 3. The required indicator rfc5933_ecc_gost_algorithm was not satisfied: algorithm=13 does not equal the expected value 12. The observation on 2024-03-01 is 4992 days after RFC 5933's publication on 2010-07-01, so the timestamp is valid. Score 0.0 (none): the penalties leave a raw total of -1.0, which is clamped to 0 before the 1.5 very_high specificity multiplier."
sig_0022,RFC 6698,The DNS-Based Authentication of Named Entities (DANE) Transport Layer Security (TLS) Protocol: TLSA,no_match,0.0,none,true,2024-03-01T00:00:00,2012-08-01T00:00:00,164.68.103.in-addr.arpa,apnic,,rfc6698_tlsa_fields_well_formed; rfc6698_tlsa_record_present,,tlsa_matchtype; tlsa_usage,0.0,1.5,0.0,0.0,3.0,0.0,0.0,0.0,0.0,trace_sig_0022_rfc6698,"RFC 6698 does not explain signal sig_0022: the required indicator rfc6698_tlsa_record_present failed because rr_type=DS does not equal the expected value TLSA. The observation on 2024-03-01 is 4230 days after RFC 6698's publication on 2012-08-01, so the timestamp is valid. Score 0.0 (none): no required indicator matched, so there is nothing to score."
sig_0022,RFC 6781,"DNSSEC Operational Practices, Version 2",no_match,0.0,none,true,2024-03-01T00:00:00,2012-12-01T00:00:00,164.68.103.in-addr.arpa,apnic,,rfc6781_ksk_zsk_separation,,flags,0.0,0.75,0.0,0.0,3.0,0.0,0.0,0.0,0.0,trace_sig_0022_rfc6781,"RFC 6781 does not explain signal sig_0022: the required indicator rfc6781_ksk_zsk_separation failed because rr_type=DS does not equal the expected value DNSKEY. The observation on 2024-03-01 is 4108 days after RFC 6781's publication on 2012-12-01, so the timestamp is valid. Score 0.0 (none): no required indicator matched, so there is nothing to score."
sig_0022,RFC 6840,Clarifications and Implementation Notes for DNS Security (DNSSEC),non_queryable,0.0,none,true,2024-03-01T00:00:00,2013-02-01T00:00:00,164.68.103.in-addr.arpa,apnic,,,,name_algorithm_set_consistency,0.0,0.75,0.0,0.0,0.0,0.0,0.0,0.0,0.0,trace_sig_0022_rfc6840,"RFC 6840 could not be evaluated against signal sig_0022: every required indicator (rfc6840_mandatory_algorithm_rules) depends on fields the OpenINTEL corpus does not export, so no verdict is possible in either direction. The observation on 2024-03-01 is 4046 days after RFC 6840's publication on 2013-02-01, so the timestamp is valid. This is a corpus limitation, not a statement about the observation."
sig_0022,RFC 7344,Automating DNSSEC Delegation Trust Maintenance,no_match,0.0,none,true,2024-03-01T00:00:00,2014-09-01T00:00:00,164.68.103.in-addr.arpa,apnic,,rfc7344_cds_cdnskey_present; rfc7344_cds_publishes_digest,,,0.0,1.25,0.0,0.0,3.0,0.0,0.0,0.0,0.0,trace_sig_0022_rfc7344,"RFC 7344 does not explain signal sig_0022: the required indicator rfc7344_cds_cdnskey_present failed because rr_type=DS is not in [CDS, CDNSKEY]. The observation on 2024-03-01 is 3469 days after RFC 7344's publication on 2014-09-01, so the timestamp is valid. Score 0.0 (none): no required indicator matched, so there is nothing to score."
sig_0022,RFC 7583,DNSSEC Key Rollover Timing Considerations,non_queryable,0.0,none,true,2024-03-01T00:00:00,2015-10-01T00:00:00,164.68.103.in-addr.arpa,apnic,,,,key_rollover_phase,0.0,0.75,0.0,0.0,0.0,0.0,0.0,0.0,0.0,trace_sig_0022_rfc7583,"RFC 7583 could not be evaluated against signal sig_0022: every required indicator (rfc7583_rollover_timing_observed) depends on fields the OpenINTEL corpus does not export, so no verdict is possible in either direction. The observation on 2024-03-01 is 3074 days after RFC 7583's publication on 2015-10-01, so the timestamp is valid. This is a corpus limitation, not a statement about the observation."
sig_0022,RFC 7671,The DNS-Based Authentication of Named Entities (DANE) Protocol: Updates and Operational Guidance,no_match,0.0,none,true,2024-03-01T00:00:00,2015-10-01T00:00:00,164.68.103.in-addr.arpa,apnic,,rfc7671_dane_usage_preferred,,tlsa_usage,0.0,1.25,0.0,0.0,3.0,0.0,0.0,0.0,0.0,trace_sig_0022_rfc7671,"RFC 7671 does not explain signal sig_0022: the required indicator rfc7671_dane_usage_preferred failed because rr_type=DS does not equal the expected value TLSA. The observation on 2024-03-01 is 3074 days after RFC 7671's publication on 2015-10-01, so the timestamp is valid. Score 0.0 (none): no required indicator matched, so there is nothing to score."
sig_0022,RFC 7672,SMTP Security via Opportunistic DNS-Based Authentication of Named Entities (DANE) Transport Layer Security (TLS),no_match,0.0,none,true,2024-03-01T00:00:00,2015-10-01T00:00:00,164.68.103.in-addr.arpa,apnic,,rfc7672_smtp_dane_tlsa,,domain,0.0,1.5,0.0,0.0,3.0,0.0,0.0,0.0,0.0,trace_sig_0022_rfc7672,"RFC 7672 does not explain signal sig_0022: the required indicator rfc7672_smtp_dane_tlsa failed because rr_type=DS does not equal the expected value TLSA. The observation on 2024-03-01 is 3074 days after RFC 7672's publication on 2015-10-01, so the timestamp is valid. Score 0.0 (none): no required indicator matched, so there is nothing to score."
sig_0022,RFC 8078,Managing DS Records from the Parent via CDS/CDNSKEY,no_match,0.0,none,true,2024-03-01T00:00:00,2017-03-01T00:00:00,164.68.103.in-addr.arpa,apnic,,rfc8078_cds_cdnskey_algorithm_zero; rfc8078_delete_signal_digest_zero,,,0.0,1.5,0.0,0.0,3.0,0.0,0.0,0.0,0.0,trace_sig_0022_rfc8078,"RFC 8078 does not explain signal sig_0022: the required indicator rfc8078_cds_cdnskey_algorithm_zero failed because rr_type=DS is not in [CDS, CDNSKEY]. The observation on 2024-03-01 is 2557 days after RFC 8078's publication on 2017-03-01, so the timestamp is valid. Score 0.0 (none): no required indicator matched, so there is nothing to score."
sig_0022,RFC 8080,Edwards-Curve Digital Security Algorithm (EdDSA) for DNSSEC,no_match,0.0,none,true,2024-03-01T00:00:00,2017-02-01T00:00:00,164.68.103.in-addr.arpa,apnic,,rfc8080_eddsa_algorithm; rfc8080_eddsa_on_key_or_signature,,,0.0,1.5,0.0,0.0,3.0,0.0,0.0,0.0,0.0,trace_sig_0022_rfc8080,"RFC 8080 does not explain signal sig_0022: the required indicator rfc8080_eddsa_algorithm failed because algorithm=13 is not in [15, 16]. The observation on 2024-03-01 is 2585 days after RFC 8080's publication on 2017-02-01, so the timestamp is valid. Score 0.0 (none): no required indicator matched, so there is nothing to score."
sig_0022,RFC 8198,Aggressive Use of DNSSEC-Validated Cache,non_queryable,0.0,none,true,2024-03-01T00:00:00,2017-07-01T00:00:00,164.68.103.in-addr.arpa,apnic,,,,resolver_synthesised_nxdomain,0.0,1.0,0.0,0.0,0.0,0.0,0.0,0.0,0.0,trace_sig_0022_rfc8198,"RFC 8198 could not be evaluated against signal sig_0022: every required indicator (rfc8198_aggressive_nsec_use) depends on fields the OpenINTEL corpus does not export, so no verdict is possible in either direction. The observation on 2024-03-01 is 2435 days after RFC 8198's publication on 2017-07-01, so the timestamp is valid. This is a corpus limitation, not a statement about the observation."
sig_0022,RFC 9077,NSEC and NSEC3: TTLs and Aggressive Use,no_match,0.0,none,true,2024-03-01T00:00:00,2021-07-01T00:00:00,164.68.103.in-addr.arpa,apnic,,rfc9077_nsec_ttl_bounded,,record_ttl,0.0,1.25,0.0,0.0,3.0,0.0,0.0,0.0,0.0,trace_sig_0022_rfc9077,"RFC 9077 does not explain signal sig_0022: the required indicator rfc9077_nsec_ttl_bounded failed because rr_type=DS is not in [NSEC, NSEC3]. The observation on 2024-03-01 is 974 days after RFC 9077's publication on 2021-07-01, so the timestamp is valid. Score 0.0 (none): no required indicator matched, so there is nothing to score."
sig_0022,RFC 9276,Guidance for NSEC3 Parameter Settings,no_match,0.0,none,true,2024-03-01T00:00:00,2022-08-01T00:00:00,164.68.103.in-addr.arpa,apnic,,rfc9276_empty_nsec3_salt; rfc9276_zero_nsec3_iterations,,nsec3_iterations; nsec3_salt,0.0,1.5,0.0,0.0,3.0,0.0,0.0,0.0,0.0,trace_sig_0022_rfc9276,"RFC 9276 does not explain signal sig_0022: the required indicator rfc9276_zero_nsec3_iterations failed because rr_type=DS is not in [NSEC3, NSEC3PARAM]. The observation on 2024-03-01 is 578 days after RFC 9276's publication on 2022-08-01, so the timestamp is valid. Score 0.0 (none): no required indicator matched, so there is nothing to score."
sig_0022,RFC 9364,DNS Security Extensions (DNSSEC),non_queryable,0.0,none,true,2024-03-01T00:00:00,2023-02-01T00:00:00,164.68.103.in-addr.arpa,apnic,,,,declared_standards_profile,0.0,0.75,0.0,0.0,0.0,0.0,0.0,0.0,0.0,trace_sig_0022_rfc9364,"RFC 9364 could not be evaluated against signal sig_0022: every required indicator (rfc9364_bcp_profile_declared) depends on fields the OpenINTEL corpus does not export, so no verdict is possible in either direction. The observation on 2024-03-01 is 394 days after RFC 9364's publication on 2023-02-01, so the timestamp is valid. This is a corpus limitation, not a statement about the observation."
sig_0022,RFC 9558,Use of GOST 2012 Signature Algorithms in DNSKEY and RRSIG Resource Records for DNSSEC,no_match,0.0,none,false,2024-03-01T00:00:00,2024-04-01T00:00:00,164.68.103.in-addr.arpa,apnic,,rfc9558_gost2012_algorithm; rfc9558_gost2012_ds_digest,,,0.0,1.5,0.0,0.0,3.0,0.0,0.0,0.0,0.0,trace_sig_0022_rfc9558,"RFC 9558 does not explain signal sig_0022: the required indicator rfc9558_gost2012_algorithm failed because algorithm=13 does not equal the expected value 23. The observation on 2024-03-01 predates RFC 9558's publication on 2024-04-01 by 31 days. An observation cannot evidence adoption of an RFC that did not yet exist, so the score is forfeited. Score 0.0 (none): no required indicator matched, so there is nothing to score."
sig_0022,RFC 9563,SM2 Digital Signature Algorithm for DNSSEC,no_match,0.0,none,false,2024-03-01T00:00:00,2024-12-01T00:00:00,164.68.103.in-addr.arpa,apnic,,rfc9563_sm2sm3_algorithm; rfc9563_sm3_ds_digest,,,0.0,1.5,0.0,0.0,3.0,0.0,0.0,0.0,0.0,trace_sig_0022_rfc9563,"RFC 9563 does not explain signal sig_0022: the required indicator rfc9563_sm2sm3_algorithm failed because algorithm=13 does not equal the expected value 17. The observation on 2024-03-01 predates RFC 9563's publication on 2024-12-01 by 275 days. An observation cannot evidence adoption of an RFC that did not yet exist, so the score is forfeited. Score 0.0 (none): no required indicator matched, so there is nothing to score."
sig_0022,RFC 9615,Automatic DNSSEC Bootstrapping Using Authenticated Signals from the Zone's Operator,non_queryable,0.0,none,false,2024-03-01T00:00:00,2024-07-01T00:00:00,164.68.103.in-addr.arpa,apnic,,,,domain; rr_type,0.0,1.5,0.0,0.0,0.0,0.0,0.0,0.0,0.0,trace_sig_0022_rfc9615,"RFC 9615 could not be evaluated against signal sig_0022: every required indicator (rfc9615_bootstrap_signal_label) depends on fields the OpenINTEL corpus does not export, so no verdict is possible in either direction. The observation on 2024-03-01 predates RFC 9615's publication on 2024-07-01 by 122 days. An observation cannot evidence adoption of an RFC that did not yet exist, so the score is forfeited. This is a corpus limitation, not a statement about the observation."
sig_0022,RFC 9904,DNSSEC Cryptographic Algorithm Recommendation Update Process,non_queryable,0.0,none,false,2024-03-01T00:00:00,2025-11-01T00:00:00,164.68.103.in-addr.arpa,apnic,,,,guidance_source_registry,0.0,0.75,0.0,0.0,0.0,0.0,0.0,0.0,0.0,trace_sig_0022_rfc9904,"RFC 9904 could not be evaluated against signal sig_0022: every required indicator (rfc9904_algorithm_guidance_process) depends on fields the OpenINTEL corpus does not export, so no verdict is possible in either direction. The observation on 2024-03-01 predates RFC 9904's publication on 2025-11-01 by 610 days. An observation cannot evidence adoption of an RFC that did not yet exist, so the score is forfeited. This is a corpus limitation, not a statement about the observation."
sig_0022,RFC 9905,Deprecating the Use of SHA-1 in DNSSEC Signature Algorithms,no_match,0.0,none,false,2024-03-01T00:00:00,2025-11-01T00:00:00,164.68.103.in-addr.arpa,apnic,,rfc9905_deprecated_sha1_in_delegation; rfc9905_deprecated_sha1_signature_still_published,,,0.0,1.25,0.0,0.0,3.0,0.0,0.0,0.0,0.0,trace_sig_0022_rfc9905,"RFC 9905 does not explain signal sig_0022: the required indicator rfc9905_deprecated_sha1_signature_still_published failed because rr_type=DS is not in [DNSKEY, RRSIG, CDNSKEY]. The observation on 2024-03-01 predates RFC 9905's publication on 2025-11-01 by 610 days. An observation cannot evidence adoption of an RFC that did not yet exist, so the score is forfeited. Score 0.0 (none): no required indicator matched, so there is nothing to score."
sig_0022,RFC 9906,Deprecate Usage of ECC-GOST within DNSSEC,timestamp_invalid,0.0,none,false,2024-03-01T00:00:00,2025-11-01T00:00:00,164.68.103.in-addr.arpa,apnic,rfc9906_deprecated_gost_digest_still_published,rfc9906_deprecated_ecc_gost_still_published,digest_type; rr_type,,0.0,1.5,0.0,2.0,3.0,0.0,0.0,0.0,0.0,trace_sig_0022_rfc9906,"RFC 9906 cannot explain signal sig_0022: although rr_type=DS and digest_type=3 satisfy the optional indicator rfc9906_deprecated_gost_digest_still_published, the observation on 2024-03-01 predates RFC 9906's publication on 2025-11-01 by 610 days. An observation cannot evidence adoption of an RFC that did not yet exist, so the score of 0.0 is forfeited and this is routed to the review queue. The withheld score derives from (0.0 required + 2.0 optional - 3.0 missing-required penalty) x 1.5 very_high specificity."
sig_0023,RFC 5702,Use of SHA-2 Algorithms with RSA in DNSKEY and RRSIG Resource Records for DNSSEC,valid_match,13.125,very_high,true,2024-04-01T00:00:00,2009-10-01T00:00:00,69.126.149.in-addr.arpa,ripe,rfc5702_rsa_sha2_algorithm; rfc5702_rsa_sha2_on_dnssec_record,,algorithm; rr_type,,9.0,1.25,0.0,1.5,0.0,0.0,0.0,0.0,13.125,trace_sig_0023_rfc5702,"RFC 5702 matched signal sig_0023: the required indicator rfc5702_rsa_sha2_algorithm passed because algorithm=8 is in [8, 10]. Corroborating indicators also matched: rfc5702_rsa_sha2_on_dnssec_record. The observation on 2024-04-01 is 5296 days after RFC 5702's publication on 2009-10-01, so the timestamp is valid. Score 13.125 (very_high) = (9.0 required + 1.5 optional) x 1.25 high specificity."
sig_0023,RFC 4509,Use of SHA-256 in DNSSEC Delegation Signer (DS) Resource Records,valid_match,11.25,high,true,2024-04-01T00:00:00,2006-05-01T00:00:00,69.126.149.in-addr.arpa,ripe,rfc4509_ds_sha256_digest,,digest_type; rr_type,,9.0,1.25,0.0,0.0,0.0,0.0,0.0,0.0,11.25,trace_sig_0023_rfc4509,"RFC 4509 matched signal sig_0023: the required indicator rfc4509_ds_sha256_digest passed because rr_type=DS is in [DS, CDS] and digest_type=2 equals the expected value 2. The observation on 2024-04-01 is 6545 days after RFC 4509's publication on 2006-05-01, so the timestamp is valid. Score 11.25 (high) = (9.0 required) x 1.25 high specificity."
sig_0023,RFC 4033,DNS Security Introduction and Requirements (DNSSEC base: RFC 4033/4034/4035),valid_match,3.75,low,true,2024-04-01T00:00:00,2005-03-01T00:00:00,69.126.149.in-addr.arpa,ripe,rfc4033_base_dnssec_record_present; rfc4033_dnssec_algorithm_present,rfc4033_dnssec_ok_negotiated,algorithm; rr_type,dnssec_ok_flag,4.0,0.75,0.0,1.0,0.0,0.0,0.0,0.0,3.75,trace_sig_0023_rfc4033,"RFC 4033 matched signal sig_0023: the required indicator rfc4033_base_dnssec_record_present passed because rr_type=DS is in [DNSKEY, DS, RRSIG, NSEC]. Corroborating indicators also matched: rfc4033_dnssec_algorithm_present. Indicator rfc4033_dnssec_ok_negotiated did not match: field 'dnssec_ok_flag' is absent from this observation, so the condition 'dnssec_ok_flag must equal true' could not be satisfied (absence is not evidence). The observation on 2024-04-01 is 6971 days after RFC 4033's publication on 2005-03-01, so the timestamp is valid. Score 3.75 (low) = (4.0 required + 1.0 optional) x 0.75 low specificity."
sig_0023,RFC 4034,Resource Records for the DNS Security Extensions,valid_match,3.0,low,true,2024-04-01T00:00:00,2005-03-01T00:00:00,69.126.149.in-addr.arpa,ripe,rfc4034_core_record_present,rfc4034_dnskey_protocol_is_three; rfc4034_rrsig_type_covered_present,rr_type,dnskey_protocol; rrsig_type_covered,3.0,1.0,0.0,0.0,0.0,0.0,0.0,0.0,3.0,trace_sig_0023_rfc4034,"RFC 4034 matched signal sig_0023: the required indicator rfc4034_core_record_present passed because rr_type=DS is in [DNSKEY, DS, RRSIG, NSEC]. Indicator rfc4034_dnskey_protocol_is_three did not match: rr_type=DS is not in [DNSKEY, CDNSKEY]. The observation on 2024-04-01 is 6971 days after RFC 4034's publication on 2005-03-01, so the timestamp is valid. Score 3.0 (low) = (3.0 required) x 1.0 medium specificity."
sig_0023,RFC 3110,RSA/SHA-1 SIGs and RSA KEYs in the Domain Name System (DNS),no_match,0.0,none,true,2024-04-01T00:00:00,2001-05-01T00:00:00,69.126.149.in-addr.arpa,ripe,,rfc3110_rsasha1_algorithm; rfc3110_rsasha1_on_key_or_signature,,,0.0,1.25,0.0,0.0,3.0,0.0,0.0,0.0,0.0,trace_sig_0023_rfc3110,"RFC 3110 does not explain signal sig_0023: the required indicator rfc3110_rsasha1_algorithm failed because algorithm=8 does not equal the expected value 5. The observation on 2024-04-01 is 8371 days after RFC 3110's publication on 2001-05-01, so the timestamp is valid. Score 0.0 (none): no required indicator matched, so there is nothing to score."
sig_0023,RFC 4035,Protocol Modifications for the DNS Security Extensions,non_queryable,0.0,none,true,2024-04-01T00:00:00,2005-03-01T00:00:00,69.126.149.in-addr.arpa,ripe,,,,dnssec_ok_flag,0.0,0.75,0.0,0.0,0.0,0.0,0.0,0.0,0.0,trace_sig_0023_rfc4035,"RFC 4035 could not be evaluated against signal sig_0023: every required indicator (rfc4035_dnssec_ok_negotiated) depends on fields the OpenINTEL corpus does not export, so no verdict is possible in either direction. The observation on 2024-04-01 is 6971 days after RFC 4035's publication on 2005-03-01, so the timestamp is valid. This is a corpus limitation, not a statement about the observation."
sig_0023,RFC 5011,Automated Updates of DNS Security (DNSSEC) Trust Anchors,no_match,0.0,none,true,2024-04-01T00:00:00,2007-09-01T00:00:00,69.126.149.in-addr.arpa,ripe,,rfc5011_revoked_key_published,,flags,0.0,1.25,0.0,0.0,3.0,0.0,0.0,0.0,0.0,trace_sig_0023_rfc5011,"RFC 5011 does not explain signal sig_0023: the required indicator rfc5011_revoked_key_published failed because rr_type=DS does not equal the expected value DNSKEY. The observation on 2024-04-01 is 6057 days after RFC 5011's publication on 2007-09-01, so the timestamp is valid. Score 0.0 (none): no required indicator matched, so there is nothing to score."
sig_0023,RFC 5155,DNS Security (DNSSEC) Hashed Authenticated Denial of Existence,no_match,0.0,none,true,2024-04-01T00:00:00,2008-03-01T00:00:00,69.126.149.in-addr.arpa,ripe,,rfc5155_nsec3_hash_algorithm; rfc5155_nsec3_record_present,,,0.0,1.5,0.0,0.0,3.0,0.0,0.0,0.0,0.0,trace_sig_0023_rfc5155,"RFC 5155 does not explain signal sig_0023: the required indicator rfc5155_nsec3_record_present failed because rr_type=DS is not in [NSEC3, NSEC3PARAM]. The observation on 2024-04-01 is 5875 days after RFC 5155's publication on 2008-03-01, so the timestamp is valid. Score 0.0 (none): no required indicator matched, so there is nothing to score."
sig_0023,RFC 5933,Use of GOST Signature Algorithms in DNSKEY and RRSIG Resource Records for DNSSEC,no_match,0.0,none,true,2024-04-01T00:00:00,2010-07-01T00:00:00,69.126.149.in-addr.arpa,ripe,,rfc5933_ecc_gost_algorithm; rfc5933_gost_ds_digest,,,0.0,1.5,0.0,0.0,3.0,0.0,0.0,0.0,0.0,trace_sig_0023_rfc5933,"RFC 5933 does not explain signal sig_0023: the required indicator rfc5933_ecc_gost_algorithm failed because algorithm=8 does not equal the expected value 12. The observation on 2024-04-01 is 5023 days after RFC 5933's publication on 2010-07-01, so the timestamp is valid. Score 0.0 (none): no required indicator matched, so there is nothing to score."
sig_0023,RFC 6605,Elliptic Curve Digital Signature Algorithm (DSA) for DNSSEC,no_match,0.0,none,true,2024-04-01T00:00:00,2012-04-01T00:00:00,69.126.149.in-addr.arpa,ripe,,rfc6605_ecdsa_algorithm; rfc6605_ecdsa_on_key_or_signature,,,0.0,1.25,0.0,0.0,3.0,0.0,0.0,0.0,0.0,trace_sig_0023_rfc6605,"RFC 6605 does not explain signal sig_0023: the required indicator rfc6605_ecdsa_algorithm failed because algorithm=8 is not in [13, 14]. The observation on 2024-04-01 is 4383 days after RFC 6605's publication on 2012-04-01, so the timestamp is valid. Score 0.0 (none): no required indicator matched, so there is nothing to score."
sig_0023,RFC 6698,The DNS-Based Authentication of Named Entities (DANE) Transport Layer Security (TLS) Protocol: TLSA,no_match,0.0,none,true,2024-04-01T00:00:00,2012-08-01T00:00:00,69.126.149.in-addr.arpa,ripe,,rfc6698_tlsa_fields_well_formed; rfc6698_tlsa_record_present,,tlsa_matchtype; tlsa_usage,0.0,1.5,0.0,0.0,3.0,0.0,0.0,0.0,0.0,trace_sig_0023_rfc6698,"RFC 6698 does not explain signal sig_0023: the required indicator rfc6698_tlsa_record_present failed because rr_type=DS does not equal the expected value TLSA. The observation on 2024-04-01 is 4261 days after RFC 6698's publication on 2012-08-01, so the timestamp is valid. Score 0.0 (none): no required indicator matched, so there is nothing to score."
sig_0023,RFC 6781,"DNSSEC Operational Practices, Version 2",no_match,0.0,none,true,2024-04-01T00:00:00,2012-12-01T00:00:00,69.126.149.in-addr.arpa,ripe,,rfc6781_ksk_zsk_separation,,flags,0.0,0.75,0.0,0.0,3.0,0.0,0.0,0.0,0.0,trace_sig_0023_rfc6781,"RFC 6781 does not explain signal sig_0023: the required indicator rfc6781_ksk_zsk_separation failed because rr_type=DS does not equal the expected value DNSKEY. The observation on 2024-04-01 is 4139 days after RFC 6781's publication on 2012-12-01, so the timestamp is valid. Score 0.0 (none): no required indicator matched, so there is nothing to score."
sig_0023,RFC 6840,Clarifications and Implementation Notes for DNS Security (DNSSEC),non_queryable,0.0,none,true,2024-04-01T00:00:00,2013-02-01T00:00:00,69.126.149.in-addr.arpa,ripe,,,,name_algorithm_set_consistency,0.0,0.75,0.0,0.0,0.0,0.0,0.0,0.0,0.0,trace_sig_0023_rfc6840,"RFC 6840 could not be evaluated against signal sig_0023: every required indicator (rfc6840_mandatory_algorithm_rules) depends on fields the OpenINTEL corpus does not export, so no verdict is possible in either direction. The observation on 2024-04-01 is 4077 days after RFC 6840's publication on 2013-02-01, so the timestamp is valid. This is a corpus limitation, not a statement about the observation."
sig_0023,RFC 7344,Automating DNSSEC Delegation Trust Maintenance,no_match,0.0,none,true,2024-04-01T00:00:00,2014-09-01T00:00:00,69.126.149.in-addr.arpa,ripe,,rfc7344_cds_cdnskey_present; rfc7344_cds_publishes_digest,,,0.0,1.25,0.0,0.0,3.0,0.0,0.0,0.0,0.0,trace_sig_0023_rfc7344,"RFC 7344 does not explain signal sig_0023: the required indicator rfc7344_cds_cdnskey_present failed because rr_type=DS is not in [CDS, CDNSKEY]. The observation on 2024-04-01 is 3500 days after RFC 7344's publication on 2014-09-01, so the timestamp is valid. Score 0.0 (none): no required indicator matched, so there is nothing to score."
sig_0023,RFC 7583,DNSSEC Key Rollover Timing Considerations,non_queryable,0.0,none,true,2024-04-01T00:00:00,2015-10-01T00:00:00,69.126.149.in-addr.arpa,ripe,,,,key_rollover_phase,0.0,0.75,0.0,0.0,0.0,0.0,0.0,0.0,0.0,trace_sig_0023_rfc7583,"RFC 7583 could not be evaluated against signal sig_0023: every required indicator (rfc7583_rollover_timing_observed) depends on fields the OpenINTEL corpus does not export, so no verdict is possible in either direction. The observation on 2024-04-01 is 3105 days after RFC 7583's publication on 2015-10-01, so the timestamp is valid. This is a corpus limitation, not a statement about the observation."
sig_0023,RFC 7671,The DNS-Based Authentication of Named Entities (DANE) Protocol: Updates and Operational Guidance,no_match,0.0,none,true,2024-04-01T00:00:00,2015-10-01T00:00:00,69.126.149.in-addr.arpa,ripe,,rfc7671_dane_usage_preferred,,tlsa_usage,0.0,1.25,0.0,0.0,3.0,0.0,0.0,0.0,0.0,trace_sig_0023_rfc7671,"RFC 7671 does not explain signal sig_0023: the required indicator rfc7671_dane_usage_preferred failed because rr_type=DS does not equal the expected value TLSA. The observation on 2024-04-01 is 3105 days after RFC 7671's publication on 2015-10-01, so the timestamp is valid. Score 0.0 (none): no required indicator matched, so there is nothing to score."
sig_0023,RFC 7672,SMTP Security via Opportunistic DNS-Based Authentication of Named Entities (DANE) Transport Layer Security (TLS),no_match,0.0,none,true,2024-04-01T00:00:00,2015-10-01T00:00:00,69.126.149.in-addr.arpa,ripe,,rfc7672_smtp_dane_tlsa,,domain,0.0,1.5,0.0,0.0,3.0,0.0,0.0,0.0,0.0,trace_sig_0023_rfc7672,"RFC 7672 does not explain signal sig_0023: the required indicator rfc7672_smtp_dane_tlsa failed because rr_type=DS does not equal the expected value TLSA. The observation on 2024-04-01 is 3105 days after RFC 7672's publication on 2015-10-01, so the timestamp is valid. Score 0.0 (none): no required indicator matched, so there is nothing to score."
sig_0023,RFC 8078,Managing DS Records from the Parent via CDS/CDNSKEY,no_match,0.0,none,true,2024-04-01T00:00:00,2017-03-01T00:00:00,69.126.149.in-addr.arpa,ripe,,rfc8078_cds_cdnskey_algorithm_zero; rfc8078_delete_signal_digest_zero,,,0.0,1.5,0.0,0.0,3.0,0.0,0.0,0.0,0.0,trace_sig_0023_rfc8078,"RFC 8078 does not explain signal sig_0023: the required indicator rfc8078_cds_cdnskey_algorithm_zero failed because rr_type=DS is not in [CDS, CDNSKEY]. The observation on 2024-04-01 is 2588 days after RFC 8078's publication on 2017-03-01, so the timestamp is valid. Score 0.0 (none): no required indicator matched, so there is nothing to score."
sig_0023,RFC 8080,Edwards-Curve Digital Security Algorithm (EdDSA) for DNSSEC,no_match,0.0,none,true,2024-04-01T00:00:00,2017-02-01T00:00:00,69.126.149.in-addr.arpa,ripe,,rfc8080_eddsa_algorithm; rfc8080_eddsa_on_key_or_signature,,,0.0,1.5,0.0,0.0,3.0,0.0,0.0,0.0,0.0,trace_sig_0023_rfc8080,"RFC 8080 does not explain signal sig_0023: the required indicator rfc8080_eddsa_algorithm failed because algorithm=8 is not in [15, 16]. The observation on 2024-04-01 is 2616 days after RFC 8080's publication on 2017-02-01, so the timestamp is valid. Score 0.0 (none): no required indicator matched, so there is nothing to score."
sig_0023,RFC 8198,Aggressive Use of DNSSEC-Validated Cache,non_queryable,0.0,none,true,2024-04-01T00:00:00,2017-07-01T00:00:00,69.126.149.in-addr.arpa,ripe,,,,resolver_synthesised_nxdomain,0.0,1.0,0.0,0.0,0.0,0.0,0.0,0.0,0.0,trace_sig_0023_rfc8198,"RFC 8198 could not be evaluated against signal sig_0023: every required indicator (rfc8198_aggressive_nsec_use) depends on fields the OpenINTEL corpus does not export, so no verdict is possible in either direction. The observation on 2024-04-01 is 2466 days after RFC 8198's publication on 2017-07-01, so the timestamp is valid. This is a corpus limitation, not a statement about the observation."
sig_0023,RFC 8624,Algorithm Implementation Requirements and Usage Guidance for DNSSEC,partial_match,0.0,none,true,2024-04-01T00:00:00,2019-06-01T00:00:00,69.126.149.in-addr.arpa,ripe,rfc8624_avoids_deprecated_algorithm,rfc8624_recommended_signing_algorithm,algorithm,rr_type; validator_algorithm_support,0.0,0.75,0.0,1.5,3.0,0.0,2.0,0.0,0.0,trace_sig_0023_rfc8624,"RFC 8624 partially matches signal sig_0023: the optional indicator rfc8624_avoids_deprecated_algorithm passed because algorithm is present (observed 8) and algorithm=8 differs from 1 as required. The required indicator rfc8624_recommended_signing_algorithm was not satisfied: algorithm=8 is not in [13, 15]. The observation on 2024-04-01 is 1766 days after RFC 8624's publication on 2019-06-01, so the timestamp is valid. Score 0.0 (none): the penalties leave a raw total of -3.5, which is clamped to 0 before the 0.75 low specificity multiplier."
sig_0023,RFC 9077,NSEC and NSEC3: TTLs and Aggressive Use,no_match,0.0,none,true,2024-04-01T00:00:00,2021-07-01T00:00:00,69.126.149.in-addr.arpa,ripe,,rfc9077_nsec_ttl_bounded,,record_ttl,0.0,1.25,0.0,0.0,3.0,0.0,0.0,0.0,0.0,trace_sig_0023_rfc9077,"RFC 9077 does not explain signal sig_0023: the required indicator rfc9077_nsec_ttl_bounded failed because rr_type=DS is not in [NSEC, NSEC3]. The observation on 2024-04-01 is 1005 days after RFC 9077's publication on 2021-07-01, so the timestamp is valid. Score 0.0 (none): no required indicator matched, so there is nothing to score."
sig_0023,RFC 9276,Guidance for NSEC3 Parameter Settings,no_match,0.0,none,true,2024-04-01T00:00:00,2022-08-01T00:00:00,69.126.149.in-addr.arpa,ripe,,rfc9276_empty_nsec3_salt; rfc9276_zero_nsec3_iterations,,nsec3_iterations; nsec3_salt,0.0,1.5,0.0,0.0,3.0,0.0,0.0,0.0,0.0,trace_sig_0023_rfc9276,"RFC 9276 does not explain signal sig_0023: the required indicator rfc9276_zero_nsec3_iterations failed because rr_type=DS is not in [NSEC3, NSEC3PARAM]. The observation on 2024-04-01 is 609 days after RFC 9276's publication on 2022-08-01, so the timestamp is valid. Score 0.0 (none): no required indicator matched, so there is nothing to score."
sig_0023,RFC 9364,DNS Security Extensions (DNSSEC),non_queryable,0.0,none,true,2024-04-01T00:00:00,2023-02-01T00:00:00,69.126.149.in-addr.arpa,ripe,,,,declared_standards_profile,0.0,0.75,0.0,0.0,0.0,0.0,0.0,0.0,0.0,trace_sig_0023_rfc9364,"RFC 9364 could not be evaluated against signal sig_0023: every required indicator (rfc9364_bcp_profile_declared) depends on fields the OpenINTEL corpus does not export, so no verdict is possible in either direction. The observation on 2024-04-01 is 425 days after RFC 9364's publication on 2023-02-01, so the timestamp is valid. This is a corpus limitation, not a statement about the observation."
sig_0023,RFC 9558,Use of GOST 2012 Signature Algorithms in DNSKEY and RRSIG Resource Records for DNSSEC,no_match,0.0,none,true,2024-04-01T00:00:00,2024-04-01T00:00:00,69.126.149.in-addr.arpa,ripe,,rfc9558_gost2012_algorithm; rfc9558_gost2012_ds_digest,,,0.0,1.5,0.0,0.0,3.0,0.0,0.0,0.0,0.0,trace_sig_0023_rfc9558,"RFC 9558 does not explain signal sig_0023: the required indicator rfc9558_gost2012_algorithm failed because algorithm=8 does not equal the expected value 23. The observation on 2024-04-01 is 0 days after RFC 9558's publication on 2024-04-01, so the timestamp is valid. Score 0.0 (none): no required indicator matched, so there is nothing to score."
sig_0023,RFC 9563,SM2 Digital Signature Algorithm for DNSSEC,no_match,0.0,none,false,2024-04-01T00:00:00,2024-12-01T00:00:00,69.126.149.in-addr.arpa,ripe,,rfc9563_sm2sm3_algorithm; rfc9563_sm3_ds_digest,,,0.0,1.5,0.0,0.0,3.0,0.0,0.0,0.0,0.0,trace_sig_0023_rfc9563,"RFC 9563 does not explain signal sig_0023: the required indicator rfc9563_sm2sm3_algorithm failed because algorithm=8 does not equal the expected value 17. The observation on 2024-04-01 predates RFC 9563's publication on 2024-12-01 by 244 days. An observation cannot evidence adoption of an RFC that did not yet exist, so the score is forfeited. Score 0.0 (none): no required indicator matched, so there is nothing to score."
sig_0023,RFC 9615,Automatic DNSSEC Bootstrapping Using Authenticated Signals from the Zone's Operator,non_queryable,0.0,none,false,2024-04-01T00:00:00,2024-07-01T00:00:00,69.126.149.in-addr.arpa,ripe,,,,domain; rr_type,0.0,1.5,0.0,0.0,0.0,0.0,0.0,0.0,0.0,trace_sig_0023_rfc9615,"RFC 9615 could not be evaluated against signal sig_0023: every required indicator (rfc9615_bootstrap_signal_label) depends on fields the OpenINTEL corpus does not export, so no verdict is possible in either direction. The observation on 2024-04-01 predates RFC 9615's publication on 2024-07-01 by 91 days. An observation cannot evidence adoption of an RFC that did not yet exist, so the score is forfeited. This is a corpus limitation, not a statement about the observation."
sig_0023,RFC 9904,DNSSEC Cryptographic Algorithm Recommendation Update Process,non_queryable,0.0,none,false,2024-04-01T00:00:00,2025-11-01T00:00:00,69.126.149.in-addr.arpa,ripe,,,,guidance_source_registry,0.0,0.75,0.0,0.0,0.0,0.0,0.0,0.0,0.0,trace_sig_0023_rfc9904,"RFC 9904 could not be evaluated against signal sig_0023: every required indicator (rfc9904_algorithm_guidance_process) depends on fields the OpenINTEL corpus does not export, so no verdict is possible in either direction. The observation on 2024-04-01 predates RFC 9904's publication on 2025-11-01 by 579 days. An observation cannot evidence adoption of an RFC that did not yet exist, so the score is forfeited. This is a corpus limitation, not a statement about the observation."
sig_0023,RFC 9905,Deprecating the Use of SHA-1 in DNSSEC Signature Algorithms,no_match,0.0,none,false,2024-04-01T00:00:00,2025-11-01T00:00:00,69.126.149.in-addr.arpa,ripe,,rfc9905_deprecated_sha1_in_delegation; rfc9905_deprecated_sha1_signature_still_published,,,0.0,1.25,0.0,0.0,3.0,0.0,0.0,0.0,0.0,trace_sig_0023_rfc9905,"RFC 9905 does not explain signal sig_0023: the required indicator rfc9905_deprecated_sha1_signature_still_published failed because rr_type=DS is not in [DNSKEY, RRSIG, CDNSKEY]. The observation on 2024-04-01 predates RFC 9905's publication on 2025-11-01 by 579 days. An observation cannot evidence adoption of an RFC that did not yet exist, so the score is forfeited. Score 0.0 (none): no required indicator matched, so there is nothing to score."
sig_0023,RFC 9906,Deprecate Usage of ECC-GOST within DNSSEC,no_match,0.0,none,false,2024-04-01T00:00:00,2025-11-01T00:00:00,69.126.149.in-addr.arpa,ripe,,rfc9906_deprecated_ecc_gost_still_published; rfc9906_deprecated_gost_digest_still_published,,,0.0,1.5,0.0,0.0,3.0,0.0,0.0,0.0,0.0,trace_sig_0023_rfc9906,"RFC 9906 does not explain signal sig_0023: the required indicator rfc9906_deprecated_ecc_gost_still_published failed because algorithm=8 does not equal the expected value 12. The observation on 2024-04-01 predates RFC 9906's publication on 2025-11-01 by 579 days. An observation cannot evidence adoption of an RFC that did not yet exist, so the score is forfeited. Score 0.0 (none): no required indicator matched, so there is nothing to score."
sig_0024,RFC 6605,Elliptic Curve Digital Signature Algorithm (DSA) for DNSSEC,valid_match,13.125,very_high,true,2025-07-01T00:00:00,2012-04-01T00:00:00,0.8.6.c.6.0.6.2.ip6.arpa,arin,rfc6605_ecdsa_algorithm; rfc6605_ecdsa_on_key_or_signature,,algorithm; rr_type,,9.0,1.25,0.0,1.5,0.0,0.0,0.0,0.0,13.125,trace_sig_0024_rfc6605,"RFC 6605 matched signal sig_0024: the required indicator rfc6605_ecdsa_algorithm passed because algorithm=13 is in [13, 14]. Corroborating indicators also matched: rfc6605_ecdsa_on_key_or_signature. The observation on 2025-07-01 is 4839 days after RFC 6605's publication on 2012-04-01, so the timestamp is valid. Score 13.125 (very_high) = (9.0 required + 1.5 optional) x 1.25 high specificity."
sig_0024,RFC 4033,DNS Security Introduction and Requirements (DNSSEC base: RFC 4033/4034/4035),valid_match,3.75,low,true,2025-07-01T00:00:00,2005-03-01T00:00:00,0.8.6.c.6.0.6.2.ip6.arpa,arin,rfc4033_base_dnssec_record_present; rfc4033_dnssec_algorithm_present,rfc4033_dnssec_ok_negotiated,algorithm; rr_type,dnssec_ok_flag,4.0,0.75,0.0,1.0,0.0,0.0,0.0,0.0,3.75,trace_sig_0024_rfc4033,"RFC 4033 matched signal sig_0024: the required indicator rfc4033_base_dnssec_record_present passed because rr_type=DS is in [DNSKEY, DS, RRSIG, NSEC]. Corroborating indicators also matched: rfc4033_dnssec_algorithm_present. Indicator rfc4033_dnssec_ok_negotiated did not match: field 'dnssec_ok_flag' is absent from this observation, so the condition 'dnssec_ok_flag must equal true' could not be satisfied (absence is not evidence). The observation on 2025-07-01 is 7427 days after RFC 4033's publication on 2005-03-01, so the timestamp is valid. Score 3.75 (low) = (4.0 required + 1.0 optional) x 0.75 low specificity."
sig_0024,RFC 8624,Algorithm Implementation Requirements and Usage Guidance for DNSSEC,ambiguous,3.375,low,true,2025-07-01T00:00:00,2019-06-01T00:00:00,0.8.6.c.6.0.6.2.ip6.arpa,arin,rfc8624_avoids_deprecated_algorithm; rfc8624_recommended_signing_algorithm,,algorithm,rr_type; validator_algorithm_support,5.0,0.75,0.0,1.5,0.0,0.0,2.0,0.0,3.375,trace_sig_0024_rfc8624,"RFC 8624 is an ambiguous match for signal sig_0024: the required indicator rfc8624_recommended_signing_algorithm passed because algorithm=13 is in [13, 15]. Corroborating indicators also matched: rfc8624_avoids_deprecated_algorithm. The checklist flags rfc8624_avoids_deprecated_algorithm, rfc8624_recommended_signing_algorithm ambiguous: the same observation is equally explained by other RFCs, so the match is penalized and sent to the review queue rather than reported as adoption. The observation on 2025-07-01 is 2222 days after RFC 8624's publication on 2019-06-01, so the timestamp is valid. Score 3.375 (low) = (5.0 required + 1.5 optional - 2.0 ambiguity penalty) x 0.75 low specificity."
sig_0024,RFC 4034,Resource Records for the DNS Security Extensions,valid_match,3.0,low,true,2025-07-01T00:00:00,2005-03-01T00:00:00,0.8.6.c.6.0.6.2.ip6.arpa,arin,rfc4034_core_record_present,rfc4034_dnskey_protocol_is_three; rfc4034_rrsig_type_covered_present,rr_type,dnskey_protocol; rrsig_type_covered,3.0,1.0,0.0,0.0,0.0,0.0,0.0,0.0,3.0,trace_sig_0024_rfc4034,"RFC 4034 matched signal sig_0024: the required indicator rfc4034_core_record_present passed because rr_type=DS is in [DNSKEY, DS, RRSIG, NSEC]. Indicator rfc4034_dnskey_protocol_is_three did not match: rr_type=DS is not in [DNSKEY, CDNSKEY]. The observation on 2025-07-01 is 7427 days after RFC 4034's publication on 2005-03-01, so the timestamp is valid. Score 3.0 (low) = (3.0 required) x 1.0 medium specificity."
sig_0024,RFC 3110,RSA/SHA-1 SIGs and RSA KEYs in the Domain Name System (DNS),no_match,0.0,none,true,2025-07-01T00:00:00,2001-05-01T00:00:00,0.8.6.c.6.0.6.2.ip6.arpa,arin,,rfc3110_rsasha1_algorithm; rfc3110_rsasha1_on_key_or_signature,,,0.0,1.25,0.0,0.0,3.0,0.0,0.0,0.0,0.0,trace_sig_0024_rfc3110,"RFC 3110 does not explain signal sig_0024: the required indicator rfc3110_rsasha1_algorithm failed because algorithm=13 does not equal the expected value 5. The observation on 2025-07-01 is 8827 days after RFC 3110's publication on 2001-05-01, so the timestamp is valid. Score 0.0 (none): no required indicator matched, so there is nothing to score."
sig_0024,RFC 4035,Protocol Modifications for the DNS Security Extensions,non_queryable,0.0,none,true,2025-07-01T00:00:00,2005-03-01T00:00:00,0.8.6.c.6.0.6.2.ip6.arpa,arin,,,,dnssec_ok_flag,0.0,0.75,0.0,0.0,0.0,0.0,0.0,0.0,0.0,trace_sig_0024_rfc4035,"RFC 4035 could not be evaluated against signal sig_0024: every required indicator (rfc4035_dnssec_ok_negotiated) depends on fields the OpenINTEL corpus does not export, so no verdict is possible in either direction. The observation on 2025-07-01 is 7427 days after RFC 4035's publication on 2005-03-01, so the timestamp is valid. This is a corpus limitation, not a statement about the observation."
sig_0024,RFC 4509,Use of SHA-256 in DNSSEC Delegation Signer (DS) Resource Records,no_match,0.0,none,true,2025-07-01T00:00:00,2006-05-01T00:00:00,0.8.6.c.6.0.6.2.ip6.arpa,arin,,rfc4509_ds_sha256_digest,,,0.0,1.25,0.0,0.0,3.0,0.0,0.0,0.0,0.0,trace_sig_0024_rfc4509,"RFC 4509 does not explain signal sig_0024: the required indicator rfc4509_ds_sha256_digest failed because digest_type=4 does not equal the expected value 2. The observation on 2025-07-01 is 7001 days after RFC 4509's publication on 2006-05-01, so the timestamp is valid. Score 0.0 (none): no required indicator matched, so there is nothing to score."
sig_0024,RFC 5011,Automated Updates of DNS Security (DNSSEC) Trust Anchors,no_match,0.0,none,true,2025-07-01T00:00:00,2007-09-01T00:00:00,0.8.6.c.6.0.6.2.ip6.arpa,arin,,rfc5011_revoked_key_published,,flags,0.0,1.25,0.0,0.0,3.0,0.0,0.0,0.0,0.0,trace_sig_0024_rfc5011,"RFC 5011 does not explain signal sig_0024: the required indicator rfc5011_revoked_key_published failed because rr_type=DS does not equal the expected value DNSKEY. The observation on 2025-07-01 is 6513 days after RFC 5011's publication on 2007-09-01, so the timestamp is valid. Score 0.0 (none): no required indicator matched, so there is nothing to score."
sig_0024,RFC 5155,DNS Security (DNSSEC) Hashed Authenticated Denial of Existence,no_match,0.0,none,true,2025-07-01T00:00:00,2008-03-01T00:00:00,0.8.6.c.6.0.6.2.ip6.arpa,arin,,rfc5155_nsec3_hash_algorithm; rfc5155_nsec3_record_present,,,0.0,1.5,0.0,0.0,3.0,0.0,0.0,0.0,0.0,trace_sig_0024_rfc5155,"RFC 5155 does not explain signal sig_0024: the required indicator rfc5155_nsec3_record_present failed because rr_type=DS is not in [NSEC3, NSEC3PARAM]. The observation on 2025-07-01 is 6331 days after RFC 5155's publication on 2008-03-01, so the timestamp is valid. Score 0.0 (none): no required indicator matched, so there is nothing to score."
sig_0024,RFC 5702,Use of SHA-2 Algorithms with RSA in DNSKEY and RRSIG Resource Records for DNSSEC,no_match,0.0,none,true,2025-07-01T00:00:00,2009-10-01T00:00:00,0.8.6.c.6.0.6.2.ip6.arpa,arin,,rfc5702_rsa_sha2_algorithm; rfc5702_rsa_sha2_on_dnssec_record,,,0.0,1.25,0.0,0.0,3.0,0.0,0.0,0.0,0.0,trace_sig_0024_rfc5702,"RFC 5702 does not explain signal sig_0024: the required indicator rfc5702_rsa_sha2_algorithm failed because algorithm=13 is not in [8, 10]. The observation on 2025-07-01 is 5752 days after RFC 5702's publication on 2009-10-01, so the timestamp is valid. Score 0.0 (none): no required indicator matched, so there is nothing to score."
sig_0024,RFC 5933,Use of GOST Signature Algorithms in DNSKEY and RRSIG Resource Records for DNSSEC,no_match,0.0,none,true,2025-07-01T00:00:00,2010-07-01T00:00:00,0.8.6.c.6.0.6.2.ip6.arpa,arin,,rfc5933_ecc_gost_algorithm; rfc5933_gost_ds_digest,,,0.0,1.5,0.0,0.0,3.0,0.0,0.0,0.0,0.0,trace_sig_0024_rfc5933,"RFC 5933 does not explain signal sig_0024: the required indicator rfc5933_ecc_gost_algorithm failed because algorithm=13 does not equal the expected value 12. The observation on 2025-07-01 is 5479 days after RFC 5933's publication on 2010-07-01, so the timestamp is valid. Score 0.0 (none): no required indicator matched, so there is nothing to score."
sig_0024,RFC 6698,The DNS-Based Authentication of Named Entities (DANE) Transport Layer Security (TLS) Protocol: TLSA,no_match,0.0,none,true,2025-07-01T00:00:00,2012-08-01T00:00:00,0.8.6.c.6.0.6.2.ip6.arpa,arin,,rfc6698_tlsa_fields_well_formed; rfc6698_tlsa_record_present,,tlsa_matchtype; tlsa_usage,0.0,1.5,0.0,0.0,3.0,0.0,0.0,0.0,0.0,trace_sig_0024_rfc6698,"RFC 6698 does not explain signal sig_0024: the required indicator rfc6698_tlsa_record_present failed because rr_type=DS does not equal the expected value TLSA. The observation on 2025-07-01 is 4717 days after RFC 6698's publication on 2012-08-01, so the timestamp is valid. Score 0.0 (none): no required indicator matched, so there is nothing to score."
sig_0024,RFC 6781,"DNSSEC Operational Practices, Version 2",no_match,0.0,none,true,2025-07-01T00:00:00,2012-12-01T00:00:00,0.8.6.c.6.0.6.2.ip6.arpa,arin,,rfc6781_ksk_zsk_separation,,flags,0.0,0.75,0.0,0.0,3.0,0.0,0.0,0.0,0.0,trace_sig_0024_rfc6781,"RFC 6781 does not explain signal sig_0024: the required indicator rfc6781_ksk_zsk_separation failed because rr_type=DS does not equal the expected value DNSKEY. The observation on 2025-07-01 is 4595 days after RFC 6781's publication on 2012-12-01, so the timestamp is valid. Score 0.0 (none): no required indicator matched, so there is nothing to score."
sig_0024,RFC 6840,Clarifications and Implementation Notes for DNS Security (DNSSEC),non_queryable,0.0,none,true,2025-07-01T00:00:00,2013-02-01T00:00:00,0.8.6.c.6.0.6.2.ip6.arpa,arin,,,,name_algorithm_set_consistency,0.0,0.75,0.0,0.0,0.0,0.0,0.0,0.0,0.0,trace_sig_0024_rfc6840,"RFC 6840 could not be evaluated against signal sig_0024: every required indicator (rfc6840_mandatory_algorithm_rules) depends on fields the OpenINTEL corpus does not export, so no verdict is possible in either direction. The observation on 2025-07-01 is 4533 days after RFC 6840's publication on 2013-02-01, so the timestamp is valid. This is a corpus limitation, not a statement about the observation."
sig_0024,RFC 7344,Automating DNSSEC Delegation Trust Maintenance,no_match,0.0,none,true,2025-07-01T00:00:00,2014-09-01T00:00:00,0.8.6.c.6.0.6.2.ip6.arpa,arin,,rfc7344_cds_cdnskey_present; rfc7344_cds_publishes_digest,,,0.0,1.25,0.0,0.0,3.0,0.0,0.0,0.0,0.0,trace_sig_0024_rfc7344,"RFC 7344 does not explain signal sig_0024: the required indicator rfc7344_cds_cdnskey_present failed because rr_type=DS is not in [CDS, CDNSKEY]. The observation on 2025-07-01 is 3956 days after RFC 7344's publication on 2014-09-01, so the timestamp is valid. Score 0.0 (none): no required indicator matched, so there is nothing to score."
sig_0024,RFC 7583,DNSSEC Key Rollover Timing Considerations,non_queryable,0.0,none,true,2025-07-01T00:00:00,2015-10-01T00:00:00,0.8.6.c.6.0.6.2.ip6.arpa,arin,,,,key_rollover_phase,0.0,0.75,0.0,0.0,0.0,0.0,0.0,0.0,0.0,trace_sig_0024_rfc7583,"RFC 7583 could not be evaluated against signal sig_0024: every required indicator (rfc7583_rollover_timing_observed) depends on fields the OpenINTEL corpus does not export, so no verdict is possible in either direction. The observation on 2025-07-01 is 3561 days after RFC 7583's publication on 2015-10-01, so the timestamp is valid. This is a corpus limitation, not a statement about the observation."
sig_0024,RFC 7671,The DNS-Based Authentication of Named Entities (DANE) Protocol: Updates and Operational Guidance,no_match,0.0,none,true,2025-07-01T00:00:00,2015-10-01T00:00:00,0.8.6.c.6.0.6.2.ip6.arpa,arin,,rfc7671_dane_usage_preferred,,tlsa_usage,0.0,1.25,0.0,0.0,3.0,0.0,0.0,0.0,0.0,trace_sig_0024_rfc7671,"RFC 7671 does not explain signal sig_0024: the required indicator rfc7671_dane_usage_preferred failed because rr_type=DS does not equal the expected value TLSA. The observation on 2025-07-01 is 3561 days after RFC 7671's publication on 2015-10-01, so the timestamp is valid. Score 0.0 (none): no required indicator matched, so there is nothing to score."
sig_0024,RFC 7672,SMTP Security via Opportunistic DNS-Based Authentication of Named Entities (DANE) Transport Layer Security (TLS),no_match,0.0,none,true,2025-07-01T00:00:00,2015-10-01T00:00:00,0.8.6.c.6.0.6.2.ip6.arpa,arin,,rfc7672_smtp_dane_tlsa,,domain,0.0,1.5,0.0,0.0,3.0,0.0,0.0,0.0,0.0,trace_sig_0024_rfc7672,"RFC 7672 does not explain signal sig_0024: the required indicator rfc7672_smtp_dane_tlsa failed because rr_type=DS does not equal the expected value TLSA. The observation on 2025-07-01 is 3561 days after RFC 7672's publication on 2015-10-01, so the timestamp is valid. Score 0.0 (none): no required indicator matched, so there is nothing to score."
sig_0024,RFC 8078,Managing DS Records from the Parent via CDS/CDNSKEY,no_match,0.0,none,true,2025-07-01T00:00:00,2017-03-01T00:00:00,0.8.6.c.6.0.6.2.ip6.arpa,arin,,rfc8078_cds_cdnskey_algorithm_zero; rfc8078_delete_signal_digest_zero,,,0.0,1.5,0.0,0.0,3.0,0.0,0.0,0.0,0.0,trace_sig_0024_rfc8078,"RFC 8078 does not explain signal sig_0024: the required indicator rfc8078_cds_cdnskey_algorithm_zero failed because rr_type=DS is not in [CDS, CDNSKEY]. The observation on 2025-07-01 is 3044 days after RFC 8078's publication on 2017-03-01, so the timestamp is valid. Score 0.0 (none): no required indicator matched, so there is nothing to score."
sig_0024,RFC 8080,Edwards-Curve Digital Security Algorithm (EdDSA) for DNSSEC,no_match,0.0,none,true,2025-07-01T00:00:00,2017-02-01T00:00:00,0.8.6.c.6.0.6.2.ip6.arpa,arin,,rfc8080_eddsa_algorithm; rfc8080_eddsa_on_key_or_signature,,,0.0,1.5,0.0,0.0,3.0,0.0,0.0,0.0,0.0,trace_sig_0024_rfc8080,"RFC 8080 does not explain signal sig_0024: the required indicator rfc8080_eddsa_algorithm failed because algorithm=13 is not in [15, 16]. The observation on 2025-07-01 is 3072 days after RFC 8080's publication on 2017-02-01, so the timestamp is valid. Score 0.0 (none): no required indicator matched, so there is nothing to score."
sig_0024,RFC 8198,Aggressive Use of DNSSEC-Validated Cache,non_queryable,0.0,none,true,2025-07-01T00:00:00,2017-07-01T00:00:00,0.8.6.c.6.0.6.2.ip6.arpa,arin,,,,resolver_synthesised_nxdomain,0.0,1.0,0.0,0.0,0.0,0.0,0.0,0.0,0.0,trace_sig_0024_rfc8198,"RFC 8198 could not be evaluated against signal sig_0024: every required indicator (rfc8198_aggressive_nsec_use) depends on fields the OpenINTEL corpus does not export, so no verdict is possible in either direction. The observation on 2025-07-01 is 2922 days after RFC 8198's publication on 2017-07-01, so the timestamp is valid. This is a corpus limitation, not a statement about the observation."
sig_0024,RFC 9077,NSEC and NSEC3: TTLs and Aggressive Use,no_match,0.0,none,true,2025-07-01T00:00:00,2021-07-01T00:00:00,0.8.6.c.6.0.6.2.ip6.arpa,arin,,rfc9077_nsec_ttl_bounded,,record_ttl,0.0,1.25,0.0,0.0,3.0,0.0,0.0,0.0,0.0,trace_sig_0024_rfc9077,"RFC 9077 does not explain signal sig_0024: the required indicator rfc9077_nsec_ttl_bounded failed because rr_type=DS is not in [NSEC, NSEC3]. The observation on 2025-07-01 is 1461 days after RFC 9077's publication on 2021-07-01, so the timestamp is valid. Score 0.0 (none): no required indicator matched, so there is nothing to score."
sig_0024,RFC 9276,Guidance for NSEC3 Parameter Settings,no_match,0.0,none,true,2025-07-01T00:00:00,2022-08-01T00:00:00,0.8.6.c.6.0.6.2.ip6.arpa,arin,,rfc9276_empty_nsec3_salt; rfc9276_zero_nsec3_iterations,,nsec3_iterations; nsec3_salt,0.0,1.5,0.0,0.0,3.0,0.0,0.0,0.0,0.0,trace_sig_0024_rfc9276,"RFC 9276 does not explain signal sig_0024: the required indicator rfc9276_zero_nsec3_iterations failed because rr_type=DS is not in [NSEC3, NSEC3PARAM]. The observation on 2025-07-01 is 1065 days after RFC 9276's publication on 2022-08-01, so the timestamp is valid. Score 0.0 (none): no required indicator matched, so there is nothing to score."
sig_0024,RFC 9364,DNS Security Extensions (DNSSEC),non_queryable,0.0,none,true,2025-07-01T00:00:00,2023-02-01T00:00:00,0.8.6.c.6.0.6.2.ip6.arpa,arin,,,,declared_standards_profile,0.0,0.75,0.0,0.0,0.0,0.0,0.0,0.0,0.0,trace_sig_0024_rfc9364,"RFC 9364 could not be evaluated against signal sig_0024: every required indicator (rfc9364_bcp_profile_declared) depends on fields the OpenINTEL corpus does not export, so no verdict is possible in either direction. The observation on 2025-07-01 is 881 days after RFC 9364's publication on 2023-02-01, so the timestamp is valid. This is a corpus limitation, not a statement about the observation."
sig_0024,RFC 9558,Use of GOST 2012 Signature Algorithms in DNSKEY and RRSIG Resource Records for DNSSEC,no_match,0.0,none,true,2025-07-01T00:00:00,2024-04-01T00:00:00,0.8.6.c.6.0.6.2.ip6.arpa,arin,,rfc9558_gost2012_algorithm; rfc9558_gost2012_ds_digest,,,0.0,1.5,0.0,0.0,3.0,0.0,0.0,0.0,0.0,trace_sig_0024_rfc9558,"RFC 9558 does not explain signal sig_0024: the required indicator rfc9558_gost2012_algorithm failed because algorithm=13 does not equal the expected value 23. The observation on 2025-07-01 is 456 days after RFC 9558's publication on 2024-04-01, so the timestamp is valid. Score 0.0 (none): no required indicator matched, so there is nothing to score."
sig_0024,RFC 9563,SM2 Digital Signature Algorithm for DNSSEC,no_match,0.0,none,true,2025-07-01T00:00:00,2024-12-01T00:00:00,0.8.6.c.6.0.6.2.ip6.arpa,arin,,rfc9563_sm2sm3_algorithm; rfc9563_sm3_ds_digest,,,0.0,1.5,0.0,0.0,3.0,0.0,0.0,0.0,0.0,trace_sig_0024_rfc9563,"RFC 9563 does not explain signal sig_0024: the required indicator rfc9563_sm2sm3_algorithm failed because algorithm=13 does not equal the expected value 17. The observation on 2025-07-01 is 212 days after RFC 9563's publication on 2024-12-01, so the timestamp is valid. Score 0.0 (none): no required indicator matched, so there is nothing to score."
sig_0024,RFC 9615,Automatic DNSSEC Bootstrapping Using Authenticated Signals from the Zone's Operator,non_queryable,0.0,none,true,2025-07-01T00:00:00,2024-07-01T00:00:00,0.8.6.c.6.0.6.2.ip6.arpa,arin,,,,domain; rr_type,0.0,1.5,0.0,0.0,0.0,0.0,0.0,0.0,0.0,trace_sig_0024_rfc9615,"RFC 9615 could not be evaluated against signal sig_0024: every required indicator (rfc9615_bootstrap_signal_label) depends on fields the OpenINTEL corpus does not export, so no verdict is possible in either direction. The observation on 2025-07-01 is 365 days after RFC 9615's publication on 2024-07-01, so the timestamp is valid. This is a corpus limitation, not a statement about the observation."
sig_0024,RFC 9904,DNSSEC Cryptographic Algorithm Recommendation Update Process,non_queryable,0.0,none,false,2025-07-01T00:00:00,2025-11-01T00:00:00,0.8.6.c.6.0.6.2.ip6.arpa,arin,,,,guidance_source_registry,0.0,0.75,0.0,0.0,0.0,0.0,0.0,0.0,0.0,trace_sig_0024_rfc9904,"RFC 9904 could not be evaluated against signal sig_0024: every required indicator (rfc9904_algorithm_guidance_process) depends on fields the OpenINTEL corpus does not export, so no verdict is possible in either direction. The observation on 2025-07-01 predates RFC 9904's publication on 2025-11-01 by 123 days. An observation cannot evidence adoption of an RFC that did not yet exist, so the score is forfeited. This is a corpus limitation, not a statement about the observation."
sig_0024,RFC 9905,Deprecating the Use of SHA-1 in DNSSEC Signature Algorithms,no_match,0.0,none,false,2025-07-01T00:00:00,2025-11-01T00:00:00,0.8.6.c.6.0.6.2.ip6.arpa,arin,,rfc9905_deprecated_sha1_in_delegation; rfc9905_deprecated_sha1_signature_still_published,,,0.0,1.25,0.0,0.0,3.0,0.0,0.0,0.0,0.0,trace_sig_0024_rfc9905,"RFC 9905 does not explain signal sig_0024: the required indicator rfc9905_deprecated_sha1_signature_still_published failed because rr_type=DS is not in [DNSKEY, RRSIG, CDNSKEY]. The observation on 2025-07-01 predates RFC 9905's publication on 2025-11-01 by 123 days. An observation cannot evidence adoption of an RFC that did not yet exist, so the score is forfeited. Score 0.0 (none): no required indicator matched, so there is nothing to score."
sig_0024,RFC 9906,Deprecate Usage of ECC-GOST within DNSSEC,no_match,0.0,none,false,2025-07-01T00:00:00,2025-11-01T00:00:00,0.8.6.c.6.0.6.2.ip6.arpa,arin,,rfc9906_deprecated_ecc_gost_still_published; rfc9906_deprecated_gost_digest_still_published,,,0.0,1.5,0.0,0.0,3.0,0.0,0.0,0.0,0.0,trace_sig_0024_rfc9906,"RFC 9906 does not explain signal sig_0024: the required indicator rfc9906_deprecated_ecc_gost_still_published failed because algorithm=13 does not equal the expected value 12. The observation on 2025-07-01 predates RFC 9906's publication on 2025-11-01 by 123 days. An observation cannot evidence adoption of an RFC that did not yet exist, so the score is forfeited. Score 0.0 (none): no required indicator matched, so there is nothing to score."
sig_0025,RFC 3110,RSA/SHA-1 SIGs and RSA KEYs in the Domain Name System (DNS),valid_match,11.25,high,true,2025-11-01T00:00:00,2001-05-01T00:00:00,204.195.199.in-addr.arpa,arin,rfc3110_rsasha1_algorithm,rfc3110_rsasha1_on_key_or_signature,algorithm,,9.0,1.25,0.0,0.0,0.0,0.0,0.0,0.0,11.25,trace_sig_0025_rfc3110,"RFC 3110 matched signal sig_0025: the required indicator rfc3110_rsasha1_algorithm passed because algorithm=5 equals the expected value 5. Indicator rfc3110_rsasha1_on_key_or_signature did not match: rr_type=DS is not in [DNSKEY, RRSIG, CDNSKEY]. The observation on 2025-11-01 is 8950 days after RFC 3110's publication on 2001-05-01, so the timestamp is valid. Score 11.25 (high) = (9.0 required) x 1.25 high specificity."
sig_0025,RFC 4033,DNS Security Introduction and Requirements (DNSSEC base: RFC 4033/4034/4035),valid_match,3.75,low,true,2025-11-01T00:00:00,2005-03-01T00:00:00,204.195.199.in-addr.arpa,arin,rfc4033_base_dnssec_record_present; rfc4033_dnssec_algorithm_present,rfc4033_dnssec_ok_negotiated,algorithm; rr_type,dnssec_ok_flag,4.0,0.75,0.0,1.0,0.0,0.0,0.0,0.0,3.75,trace_sig_0025_rfc4033,"RFC 4033 matched signal sig_0025: the required indicator rfc4033_base_dnssec_record_present passed because rr_type=DS is in [DNSKEY, DS, RRSIG, NSEC]. Corroborating indicators also matched: rfc4033_dnssec_algorithm_present. Indicator rfc4033_dnssec_ok_negotiated did not match: field 'dnssec_ok_flag' is absent from this observation, so the condition 'dnssec_ok_flag must equal true' could not be satisfied (absence is not evidence). The observation on 2025-11-01 is 7550 days after RFC 4033's publication on 2005-03-01, so the timestamp is valid. Score 3.75 (low) = (4.0 required + 1.0 optional) x 0.75 low specificity."
sig_0025,RFC 4034,Resource Records for the DNS Security Extensions,valid_match,3.0,low,true,2025-11-01T00:00:00,2005-03-01T00:00:00,204.195.199.in-addr.arpa,arin,rfc4034_core_record_present,rfc4034_dnskey_protocol_is_three; rfc4034_rrsig_type_covered_present,rr_type,dnskey_protocol; rrsig_type_covered,3.0,1.0,0.0,0.0,0.0,0.0,0.0,0.0,3.0,trace_sig_0025_rfc4034,"RFC 4034 matched signal sig_0025: the required indicator rfc4034_core_record_present passed because rr_type=DS is in [DNSKEY, DS, RRSIG, NSEC]. Indicator rfc4034_dnskey_protocol_is_three did not match: rr_type=DS is not in [DNSKEY, CDNSKEY]. The observation on 2025-11-01 is 7550 days after RFC 4034's publication on 2005-03-01, so the timestamp is valid. Score 3.0 (low) = (3.0 required) x 1.0 medium specificity."
sig_0025,RFC 4035,Protocol Modifications for the DNS Security Extensions,non_queryable,0.0,none,true,2025-11-01T00:00:00,2005-03-01T00:00:00,204.195.199.in-addr.arpa,arin,,,,dnssec_ok_flag,0.0,0.75,0.0,0.0,0.0,0.0,0.0,0.0,0.0,trace_sig_0025_rfc4035,"RFC 4035 could not be evaluated against signal sig_0025: every required indicator (rfc4035_dnssec_ok_negotiated) depends on fields the OpenINTEL corpus does not export, so no verdict is possible in either direction. The observation on 2025-11-01 is 7550 days after RFC 4035's publication on 2005-03-01, so the timestamp is valid. This is a corpus limitation, not a statement about the observation."
sig_0025,RFC 4509,Use of SHA-256 in DNSSEC Delegation Signer (DS) Resource Records,no_match,0.0,none,true,2025-11-01T00:00:00,2006-05-01T00:00:00,204.195.199.in-addr.arpa,arin,,rfc4509_ds_sha256_digest,,,0.0,1.25,0.0,0.0,3.0,0.0,0.0,0.0,0.0,trace_sig_0025_rfc4509,"RFC 4509 does not explain signal sig_0025: the required indicator rfc4509_ds_sha256_digest failed because digest_type=1 does not equal the expected value 2. The observation on 2025-11-01 is 7124 days after RFC 4509's publication on 2006-05-01, so the timestamp is valid. Score 0.0 (none): no required indicator matched, so there is nothing to score."
sig_0025,RFC 5011,Automated Updates of DNS Security (DNSSEC) Trust Anchors,no_match,0.0,none,true,2025-11-01T00:00:00,2007-09-01T00:00:00,204.195.199.in-addr.arpa,arin,,rfc5011_revoked_key_published,,flags,0.0,1.25,0.0,0.0,3.0,0.0,0.0,0.0,0.0,trace_sig_0025_rfc5011,"RFC 5011 does not explain signal sig_0025: the required indicator rfc5011_revoked_key_published failed because rr_type=DS does not equal the expected value DNSKEY. The observation on 2025-11-01 is 6636 days after RFC 5011's publication on 2007-09-01, so the timestamp is valid. Score 0.0 (none): no required indicator matched, so there is nothing to score."
sig_0025,RFC 5155,DNS Security (DNSSEC) Hashed Authenticated Denial of Existence,no_match,0.0,none,true,2025-11-01T00:00:00,2008-03-01T00:00:00,204.195.199.in-addr.arpa,arin,,rfc5155_nsec3_hash_algorithm; rfc5155_nsec3_record_present,,,0.0,1.5,0.0,0.0,3.0,0.0,0.0,0.0,0.0,trace_sig_0025_rfc5155,"RFC 5155 does not explain signal sig_0025: the required indicator rfc5155_nsec3_record_present failed because rr_type=DS is not in [NSEC3, NSEC3PARAM]. The observation on 2025-11-01 is 6454 days after RFC 5155's publication on 2008-03-01, so the timestamp is valid. Score 0.0 (none): no required indicator matched, so there is nothing to score."
sig_0025,RFC 5702,Use of SHA-2 Algorithms with RSA in DNSKEY and RRSIG Resource Records for DNSSEC,no_match,0.0,none,true,2025-11-01T00:00:00,2009-10-01T00:00:00,204.195.199.in-addr.arpa,arin,,rfc5702_rsa_sha2_algorithm; rfc5702_rsa_sha2_on_dnssec_record,,,0.0,1.25,0.0,0.0,3.0,0.0,0.0,0.0,0.0,trace_sig_0025_rfc5702,"RFC 5702 does not explain signal sig_0025: the required indicator rfc5702_rsa_sha2_algorithm failed because algorithm=5 is not in [8, 10]. The observation on 2025-11-01 is 5875 days after RFC 5702's publication on 2009-10-01, so the timestamp is valid. Score 0.0 (none): no required indicator matched, so there is nothing to score."
sig_0025,RFC 5933,Use of GOST Signature Algorithms in DNSKEY and RRSIG Resource Records for DNSSEC,no_match,0.0,none,true,2025-11-01T00:00:00,2010-07-01T00:00:00,204.195.199.in-addr.arpa,arin,,rfc5933_ecc_gost_algorithm; rfc5933_gost_ds_digest,,,0.0,1.5,0.0,0.0,3.0,0.0,0.0,0.0,0.0,trace_sig_0025_rfc5933,"RFC 5933 does not explain signal sig_0025: the required indicator rfc5933_ecc_gost_algorithm failed because algorithm=5 does not equal the expected value 12. The observation on 2025-11-01 is 5602 days after RFC 5933's publication on 2010-07-01, so the timestamp is valid. Score 0.0 (none): no required indicator matched, so there is nothing to score."
sig_0025,RFC 6605,Elliptic Curve Digital Signature Algorithm (DSA) for DNSSEC,no_match,0.0,none,true,2025-11-01T00:00:00,2012-04-01T00:00:00,204.195.199.in-addr.arpa,arin,,rfc6605_ecdsa_algorithm; rfc6605_ecdsa_on_key_or_signature,,,0.0,1.25,0.0,0.0,3.0,0.0,0.0,0.0,0.0,trace_sig_0025_rfc6605,"RFC 6605 does not explain signal sig_0025: the required indicator rfc6605_ecdsa_algorithm failed because algorithm=5 is not in [13, 14]. The observation on 2025-11-01 is 4962 days after RFC 6605's publication on 2012-04-01, so the timestamp is valid. Score 0.0 (none): no required indicator matched, so there is nothing to score."
sig_0025,RFC 6698,The DNS-Based Authentication of Named Entities (DANE) Transport Layer Security (TLS) Protocol: TLSA,no_match,0.0,none,true,2025-11-01T00:00:00,2012-08-01T00:00:00,204.195.199.in-addr.arpa,arin,,rfc6698_tlsa_fields_well_formed; rfc6698_tlsa_record_present,,tlsa_matchtype; tlsa_usage,0.0,1.5,0.0,0.0,3.0,0.0,0.0,0.0,0.0,trace_sig_0025_rfc6698,"RFC 6698 does not explain signal sig_0025: the required indicator rfc6698_tlsa_record_present failed because rr_type=DS does not equal the expected value TLSA. The observation on 2025-11-01 is 4840 days after RFC 6698's publication on 2012-08-01, so the timestamp is valid. Score 0.0 (none): no required indicator matched, so there is nothing to score."
sig_0025,RFC 6781,"DNSSEC Operational Practices, Version 2",no_match,0.0,none,true,2025-11-01T00:00:00,2012-12-01T00:00:00,204.195.199.in-addr.arpa,arin,,rfc6781_ksk_zsk_separation,,flags,0.0,0.75,0.0,0.0,3.0,0.0,0.0,0.0,0.0,trace_sig_0025_rfc6781,"RFC 6781 does not explain signal sig_0025: the required indicator rfc6781_ksk_zsk_separation failed because rr_type=DS does not equal the expected value DNSKEY. The observation on 2025-11-01 is 4718 days after RFC 6781's publication on 2012-12-01, so the timestamp is valid. Score 0.0 (none): no required indicator matched, so there is nothing to score."
sig_0025,RFC 6840,Clarifications and Implementation Notes for DNS Security (DNSSEC),non_queryable,0.0,none,true,2025-11-01T00:00:00,2013-02-01T00:00:00,204.195.199.in-addr.arpa,arin,,,,name_algorithm_set_consistency,0.0,0.75,0.0,0.0,0.0,0.0,0.0,0.0,0.0,trace_sig_0025_rfc6840,"RFC 6840 could not be evaluated against signal sig_0025: every required indicator (rfc6840_mandatory_algorithm_rules) depends on fields the OpenINTEL corpus does not export, so no verdict is possible in either direction. The observation on 2025-11-01 is 4656 days after RFC 6840's publication on 2013-02-01, so the timestamp is valid. This is a corpus limitation, not a statement about the observation."
sig_0025,RFC 7344,Automating DNSSEC Delegation Trust Maintenance,no_match,0.0,none,true,2025-11-01T00:00:00,2014-09-01T00:00:00,204.195.199.in-addr.arpa,arin,,rfc7344_cds_cdnskey_present; rfc7344_cds_publishes_digest,,,0.0,1.25,0.0,0.0,3.0,0.0,0.0,0.0,0.0,trace_sig_0025_rfc7344,"RFC 7344 does not explain signal sig_0025: the required indicator rfc7344_cds_cdnskey_present failed because rr_type=DS is not in [CDS, CDNSKEY]. The observation on 2025-11-01 is 4079 days after RFC 7344's publication on 2014-09-01, so the timestamp is valid. Score 0.0 (none): no required indicator matched, so there is nothing to score."
sig_0025,RFC 7583,DNSSEC Key Rollover Timing Considerations,non_queryable,0.0,none,true,2025-11-01T00:00:00,2015-10-01T00:00:00,204.195.199.in-addr.arpa,arin,,,,key_rollover_phase,0.0,0.75,0.0,0.0,0.0,0.0,0.0,0.0,0.0,trace_sig_0025_rfc7583,"RFC 7583 could not be evaluated against signal sig_0025: every required indicator (rfc7583_rollover_timing_observed) depends on fields the OpenINTEL corpus does not export, so no verdict is possible in either direction. The observation on 2025-11-01 is 3684 days after RFC 7583's publication on 2015-10-01, so the timestamp is valid. This is a corpus limitation, not a statement about the observation."
sig_0025,RFC 7671,The DNS-Based Authentication of Named Entities (DANE) Protocol: Updates and Operational Guidance,no_match,0.0,none,true,2025-11-01T00:00:00,2015-10-01T00:00:00,204.195.199.in-addr.arpa,arin,,rfc7671_dane_usage_preferred,,tlsa_usage,0.0,1.25,0.0,0.0,3.0,0.0,0.0,0.0,0.0,trace_sig_0025_rfc7671,"RFC 7671 does not explain signal sig_0025: the required indicator rfc7671_dane_usage_preferred failed because rr_type=DS does not equal the expected value TLSA. The observation on 2025-11-01 is 3684 days after RFC 7671's publication on 2015-10-01, so the timestamp is valid. Score 0.0 (none): no required indicator matched, so there is nothing to score."
sig_0025,RFC 7672,SMTP Security via Opportunistic DNS-Based Authentication of Named Entities (DANE) Transport Layer Security (TLS),no_match,0.0,none,true,2025-11-01T00:00:00,2015-10-01T00:00:00,204.195.199.in-addr.arpa,arin,,rfc7672_smtp_dane_tlsa,,domain,0.0,1.5,0.0,0.0,3.0,0.0,0.0,0.0,0.0,trace_sig_0025_rfc7672,"RFC 7672 does not explain signal sig_0025: the required indicator rfc7672_smtp_dane_tlsa failed because rr_type=DS does not equal the expected value TLSA. The observation on 2025-11-01 is 3684 days after RFC 7672's publication on 2015-10-01, so the timestamp is valid. Score 0.0 (none): no required indicator matched, so there is nothing to score."
sig_0025,RFC 8078,Managing DS Records from the Parent via CDS/CDNSKEY,no_match,0.0,none,true,2025-11-01T00:00:00,2017-03-01T00:00:00,204.195.199.in-addr.arpa,arin,,rfc8078_cds_cdnskey_algorithm_zero; rfc8078_delete_signal_digest_zero,,,0.0,1.5,0.0,0.0,3.0,0.0,0.0,0.0,0.0,trace_sig_0025_rfc8078,"RFC 8078 does not explain signal sig_0025: the required indicator rfc8078_cds_cdnskey_algorithm_zero failed because rr_type=DS is not in [CDS, CDNSKEY]. The observation on 2025-11-01 is 3167 days after RFC 8078's publication on 2017-03-01, so the timestamp is valid. Score 0.0 (none): no required indicator matched, so there is nothing to score."
sig_0025,RFC 8080,Edwards-Curve Digital Security Algorithm (EdDSA) for DNSSEC,no_match,0.0,none,true,2025-11-01T00:00:00,2017-02-01T00:00:00,204.195.199.in-addr.arpa,arin,,rfc8080_eddsa_algorithm; rfc8080_eddsa_on_key_or_signature,,,0.0,1.5,0.0,0.0,3.0,0.0,0.0,0.0,0.0,trace_sig_0025_rfc8080,"RFC 8080 does not explain signal sig_0025: the required indicator rfc8080_eddsa_algorithm failed because algorithm=5 is not in [15, 16]. The observation on 2025-11-01 is 3195 days after RFC 8080's publication on 2017-02-01, so the timestamp is valid. Score 0.0 (none): no required indicator matched, so there is nothing to score."
sig_0025,RFC 8198,Aggressive Use of DNSSEC-Validated Cache,non_queryable,0.0,none,true,2025-11-01T00:00:00,2017-07-01T00:00:00,204.195.199.in-addr.arpa,arin,,,,resolver_synthesised_nxdomain,0.0,1.0,0.0,0.0,0.0,0.0,0.0,0.0,0.0,trace_sig_0025_rfc8198,"RFC 8198 could not be evaluated against signal sig_0025: every required indicator (rfc8198_aggressive_nsec_use) depends on fields the OpenINTEL corpus does not export, so no verdict is possible in either direction. The observation on 2025-11-01 is 3045 days after RFC 8198's publication on 2017-07-01, so the timestamp is valid. This is a corpus limitation, not a statement about the observation."
sig_0025,RFC 8624,Algorithm Implementation Requirements and Usage Guidance for DNSSEC,partial_match,0.0,none,true,2025-11-01T00:00:00,2019-06-01T00:00:00,204.195.199.in-addr.arpa,arin,rfc8624_avoids_deprecated_algorithm,rfc8624_recommended_signing_algorithm,algorithm,rr_type; validator_algorithm_support,0.0,0.75,0.0,1.5,3.0,0.0,2.0,0.0,0.0,trace_sig_0025_rfc8624,"RFC 8624 partially matches signal sig_0025: the optional indicator rfc8624_avoids_deprecated_algorithm passed because algorithm is present (observed 5) and algorithm=5 differs from 1 as required. The required indicator rfc8624_recommended_signing_algorithm was not satisfied: algorithm=5 is not in [13, 15]. The observation on 2025-11-01 is 2345 days after RFC 8624's publication on 2019-06-01, so the timestamp is valid. Score 0.0 (none): the penalties leave a raw total of -3.5, which is clamped to 0 before the 0.75 low specificity multiplier."
sig_0025,RFC 9077,NSEC and NSEC3: TTLs and Aggressive Use,no_match,0.0,none,true,2025-11-01T00:00:00,2021-07-01T00:00:00,204.195.199.in-addr.arpa,arin,,rfc9077_nsec_ttl_bounded,,record_ttl,0.0,1.25,0.0,0.0,3.0,0.0,0.0,0.0,0.0,trace_sig_0025_rfc9077,"RFC 9077 does not explain signal sig_0025: the required indicator rfc9077_nsec_ttl_bounded failed because rr_type=DS is not in [NSEC, NSEC3]. The observation on 2025-11-01 is 1584 days after RFC 9077's publication on 2021-07-01, so the timestamp is valid. Score 0.0 (none): no required indicator matched, so there is nothing to score."
sig_0025,RFC 9276,Guidance for NSEC3 Parameter Settings,no_match,0.0,none,true,2025-11-01T00:00:00,2022-08-01T00:00:00,204.195.199.in-addr.arpa,arin,,rfc9276_empty_nsec3_salt; rfc9276_zero_nsec3_iterations,,nsec3_iterations; nsec3_salt,0.0,1.5,0.0,0.0,3.0,0.0,0.0,0.0,0.0,trace_sig_0025_rfc9276,"RFC 9276 does not explain signal sig_0025: the required indicator rfc9276_zero_nsec3_iterations failed because rr_type=DS is not in [NSEC3, NSEC3PARAM]. The observation on 2025-11-01 is 1188 days after RFC 9276's publication on 2022-08-01, so the timestamp is valid. Score 0.0 (none): no required indicator matched, so there is nothing to score."
sig_0025,RFC 9364,DNS Security Extensions (DNSSEC),non_queryable,0.0,none,true,2025-11-01T00:00:00,2023-02-01T00:00:00,204.195.199.in-addr.arpa,arin,,,,declared_standards_profile,0.0,0.75,0.0,0.0,0.0,0.0,0.0,0.0,0.0,trace_sig_0025_rfc9364,"RFC 9364 could not be evaluated against signal sig_0025: every required indicator (rfc9364_bcp_profile_declared) depends on fields the OpenINTEL corpus does not export, so no verdict is possible in either direction. The observation on 2025-11-01 is 1004 days after RFC 9364's publication on 2023-02-01, so the timestamp is valid. This is a corpus limitation, not a statement about the observation."
sig_0025,RFC 9558,Use of GOST 2012 Signature Algorithms in DNSKEY and RRSIG Resource Records for DNSSEC,no_match,0.0,none,true,2025-11-01T00:00:00,2024-04-01T00:00:00,204.195.199.in-addr.arpa,arin,,rfc9558_gost2012_algorithm; rfc9558_gost2012_ds_digest,,,0.0,1.5,0.0,0.0,3.0,0.0,0.0,0.0,0.0,trace_sig_0025_rfc9558,"RFC 9558 does not explain signal sig_0025: the required indicator rfc9558_gost2012_algorithm failed because algorithm=5 does not equal the expected value 23. The observation on 2025-11-01 is 579 days after RFC 9558's publication on 2024-04-01, so the timestamp is valid. Score 0.0 (none): no required indicator matched, so there is nothing to score."
sig_0025,RFC 9563,SM2 Digital Signature Algorithm for DNSSEC,no_match,0.0,none,true,2025-11-01T00:00:00,2024-12-01T00:00:00,204.195.199.in-addr.arpa,arin,,rfc9563_sm2sm3_algorithm; rfc9563_sm3_ds_digest,,,0.0,1.5,0.0,0.0,3.0,0.0,0.0,0.0,0.0,trace_sig_0025_rfc9563,"RFC 9563 does not explain signal sig_0025: the required indicator rfc9563_sm2sm3_algorithm failed because algorithm=5 does not equal the expected value 17. The observation on 2025-11-01 is 335 days after RFC 9563's publication on 2024-12-01, so the timestamp is valid. Score 0.0 (none): no required indicator matched, so there is nothing to score."
sig_0025,RFC 9615,Automatic DNSSEC Bootstrapping Using Authenticated Signals from the Zone's Operator,non_queryable,0.0,none,true,2025-11-01T00:00:00,2024-07-01T00:00:00,204.195.199.in-addr.arpa,arin,,,,domain; rr_type,0.0,1.5,0.0,0.0,0.0,0.0,0.0,0.0,0.0,trace_sig_0025_rfc9615,"RFC 9615 could not be evaluated against signal sig_0025: every required indicator (rfc9615_bootstrap_signal_label) depends on fields the OpenINTEL corpus does not export, so no verdict is possible in either direction. The observation on 2025-11-01 is 488 days after RFC 9615's publication on 2024-07-01, so the timestamp is valid. This is a corpus limitation, not a statement about the observation."
sig_0025,RFC 9904,DNSSEC Cryptographic Algorithm Recommendation Update Process,non_queryable,0.0,none,true,2025-11-01T00:00:00,2025-11-01T00:00:00,204.195.199.in-addr.arpa,arin,,,,guidance_source_registry,0.0,0.75,0.0,0.0,0.0,0.0,0.0,0.0,0.0,trace_sig_0025_rfc9904,"RFC 9904 could not be evaluated against signal sig_0025: every required indicator (rfc9904_algorithm_guidance_process) depends on fields the OpenINTEL corpus does not export, so no verdict is possible in either direction. The observation on 2025-11-01 is 0 days after RFC 9904's publication on 2025-11-01, so the timestamp is valid. This is a corpus limitation, not a statement about the observation."
sig_0025,RFC 9905,Deprecating the Use of SHA-1 in DNSSEC Signature Algorithms,partial_match,0.0,none,true,2025-11-01T00:00:00,2025-11-01T00:00:00,204.195.199.in-addr.arpa,arin,rfc9905_deprecated_sha1_in_delegation,rfc9905_deprecated_sha1_signature_still_published,algorithm; rr_type,,0.0,1.25,0.0,2.0,3.0,0.0,0.0,0.0,0.0,trace_sig_0025_rfc9905,"RFC 9905 partially matches signal sig_0025: the optional indicator rfc9905_deprecated_sha1_in_delegation passed because rr_type=DS is in [DS, CDS] and algorithm=5 is in [5, 7]. The required indicator rfc9905_deprecated_sha1_signature_still_published was not satisfied: rr_type=DS is not in [DNSKEY, RRSIG, CDNSKEY]. The observation on 2025-11-01 is 0 days after RFC 9905's publication on 2025-11-01, so the timestamp is valid. Score 0.0 (none): the penalties leave a raw total of -1.0, which is clamped to 0 before the 1.25 high specificity multiplier."
sig_0025,RFC 9906,Deprecate Usage of ECC-GOST within DNSSEC,no_match,0.0,none,true,2025-11-01T00:00:00,2025-11-01T00:00:00,204.195.199.in-addr.arpa,arin,,rfc9906_deprecated_ecc_gost_still_published; rfc9906_deprecated_gost_digest_still_published,,,0.0,1.5,0.0,0.0,3.0,0.0,0.0,0.0,0.0,trace_sig_0025_rfc9906,"RFC 9906 does not explain signal sig_0025: the required indicator rfc9906_deprecated_ecc_gost_still_published failed because algorithm=5 does not equal the expected value 12. The observation on 2025-11-01 is 0 days after RFC 9906's publication on 2025-11-01, so the timestamp is valid. Score 0.0 (none): no required indicator matched, so there is nothing to score."
sig_0026,RFC 8080,Edwards-Curve Digital Security Algorithm (EdDSA) for DNSSEC,valid_match,17.25,very_high,true,2025-11-01T00:00:00,2017-02-01T00:00:00,237.243.173.in-addr.arpa,arin,rfc8080_eddsa_algorithm; rfc8080_eddsa_on_key_or_signature,,algorithm; rr_type,,10.0,1.5,0.0,1.5,0.0,0.0,0.0,0.0,17.25,trace_sig_0026_rfc8080,"RFC 8080 matched signal sig_0026: the required indicator rfc8080_eddsa_algorithm passed because algorithm=16 is in [15, 16]. Corroborating indicators also matched: rfc8080_eddsa_on_key_or_signature. The observation on 2025-11-01 is 3195 days after RFC 8080's publication on 2017-02-01, so the timestamp is valid. Score 17.25 (very_high) = (10.0 required + 1.5 optional) x 1.5 very_high specificity."
sig_0026,RFC 4033,DNS Security Introduction and Requirements (DNSSEC base: RFC 4033/4034/4035),valid_match,3.75,low,true,2025-11-01T00:00:00,2005-03-01T00:00:00,237.243.173.in-addr.arpa,arin,rfc4033_base_dnssec_record_present; rfc4033_dnssec_algorithm_present,rfc4033_dnssec_ok_negotiated,algorithm; rr_type,dnssec_ok_flag,4.0,0.75,0.0,1.0,0.0,0.0,0.0,0.0,3.75,trace_sig_0026_rfc4033,"RFC 4033 matched signal sig_0026: the required indicator rfc4033_base_dnssec_record_present passed because rr_type=DS is in [DNSKEY, DS, RRSIG, NSEC]. Corroborating indicators also matched: rfc4033_dnssec_algorithm_present. Indicator rfc4033_dnssec_ok_negotiated did not match: field 'dnssec_ok_flag' is absent from this observation, so the condition 'dnssec_ok_flag must equal true' could not be satisfied (absence is not evidence). The observation on 2025-11-01 is 7550 days after RFC 4033's publication on 2005-03-01, so the timestamp is valid. Score 3.75 (low) = (4.0 required + 1.0 optional) x 0.75 low specificity."
sig_0026,RFC 4034,Resource Records for the DNS Security Extensions,valid_match,3.0,low,true,2025-11-01T00:00:00,2005-03-01T00:00:00,237.243.173.in-addr.arpa,arin,rfc4034_core_record_present,rfc4034_dnskey_protocol_is_three; rfc4034_rrsig_type_covered_present,rr_type,dnskey_protocol; rrsig_type_covered,3.0,1.0,0.0,0.0,0.0,0.0,0.0,0.0,3.0,trace_sig_0026_rfc4034,"RFC 4034 matched signal sig_0026: the required indicator rfc4034_core_record_present passed because rr_type=DS is in [DNSKEY, DS, RRSIG, NSEC]. Indicator rfc4034_dnskey_protocol_is_three did not match: rr_type=DS is not in [DNSKEY, CDNSKEY]. The observation on 2025-11-01 is 7550 days after RFC 4034's publication on 2005-03-01, so the timestamp is valid. Score 3.0 (low) = (3.0 required) x 1.0 medium specificity."
sig_0026,RFC 3110,RSA/SHA-1 SIGs and RSA KEYs in the Domain Name System (DNS),no_match,0.0,none,true,2025-11-01T00:00:00,2001-05-01T00:00:00,237.243.173.in-addr.arpa,arin,,rfc3110_rsasha1_algorithm; rfc3110_rsasha1_on_key_or_signature,,,0.0,1.25,0.0,0.0,3.0,0.0,0.0,0.0,0.0,trace_sig_0026_rfc3110,"RFC 3110 does not explain signal sig_0026: the required indicator rfc3110_rsasha1_algorithm failed because algorithm=16 does not equal the expected value 5. The observation on 2025-11-01 is 8950 days after RFC 3110's publication on 2001-05-01, so the timestamp is valid. Score 0.0 (none): no required indicator matched, so there is nothing to score."
sig_0026,RFC 4035,Protocol Modifications for the DNS Security Extensions,non_queryable,0.0,none,true,2025-11-01T00:00:00,2005-03-01T00:00:00,237.243.173.in-addr.arpa,arin,,,,dnssec_ok_flag,0.0,0.75,0.0,0.0,0.0,0.0,0.0,0.0,0.0,trace_sig_0026_rfc4035,"RFC 4035 could not be evaluated against signal sig_0026: every required indicator (rfc4035_dnssec_ok_negotiated) depends on fields the OpenINTEL corpus does not export, so no verdict is possible in either direction. The observation on 2025-11-01 is 7550 days after RFC 4035's publication on 2005-03-01, so the timestamp is valid. This is a corpus limitation, not a statement about the observation."
sig_0026,RFC 4509,Use of SHA-256 in DNSSEC Delegation Signer (DS) Resource Records,no_match,0.0,none,true,2025-11-01T00:00:00,2006-05-01T00:00:00,237.243.173.in-addr.arpa,arin,,rfc4509_ds_sha256_digest,,,0.0,1.25,0.0,0.0,3.0,0.0,0.0,0.0,0.0,trace_sig_0026_rfc4509,"RFC 4509 does not explain signal sig_0026: the required indicator rfc4509_ds_sha256_digest failed because digest_type=4 does not equal the expected value 2. The observation on 2025-11-01 is 7124 days after RFC 4509's publication on 2006-05-01, so the timestamp is valid. Score 0.0 (none): no required indicator matched, so there is nothing to score."
sig_0026,RFC 5011,Automated Updates of DNS Security (DNSSEC) Trust Anchors,no_match,0.0,none,true,2025-11-01T00:00:00,2007-09-01T00:00:00,237.243.173.in-addr.arpa,arin,,rfc5011_revoked_key_published,,flags,0.0,1.25,0.0,0.0,3.0,0.0,0.0,0.0,0.0,trace_sig_0026_rfc5011,"RFC 5011 does not explain signal sig_0026: the required indicator rfc5011_revoked_key_published failed because rr_type=DS does not equal the expected value DNSKEY. The observation on 2025-11-01 is 6636 days after RFC 5011's publication on 2007-09-01, so the timestamp is valid. Score 0.0 (none): no required indicator matched, so there is nothing to score."
sig_0026,RFC 5155,DNS Security (DNSSEC) Hashed Authenticated Denial of Existence,no_match,0.0,none,true,2025-11-01T00:00:00,2008-03-01T00:00:00,237.243.173.in-addr.arpa,arin,,rfc5155_nsec3_hash_algorithm; rfc5155_nsec3_record_present,,,0.0,1.5,0.0,0.0,3.0,0.0,0.0,0.0,0.0,trace_sig_0026_rfc5155,"RFC 5155 does not explain signal sig_0026: the required indicator rfc5155_nsec3_record_present failed because rr_type=DS is not in [NSEC3, NSEC3PARAM]. The observation on 2025-11-01 is 6454 days after RFC 5155's publication on 2008-03-01, so the timestamp is valid. Score 0.0 (none): no required indicator matched, so there is nothing to score."
sig_0026,RFC 5702,Use of SHA-2 Algorithms with RSA in DNSKEY and RRSIG Resource Records for DNSSEC,no_match,0.0,none,true,2025-11-01T00:00:00,2009-10-01T00:00:00,237.243.173.in-addr.arpa,arin,,rfc5702_rsa_sha2_algorithm; rfc5702_rsa_sha2_on_dnssec_record,,,0.0,1.25,0.0,0.0,3.0,0.0,0.0,0.0,0.0,trace_sig_0026_rfc5702,"RFC 5702 does not explain signal sig_0026: the required indicator rfc5702_rsa_sha2_algorithm failed because algorithm=16 is not in [8, 10]. The observation on 2025-11-01 is 5875 days after RFC 5702's publication on 2009-10-01, so the timestamp is valid. Score 0.0 (none): no required indicator matched, so there is nothing to score."
sig_0026,RFC 5933,Use of GOST Signature Algorithms in DNSKEY and RRSIG Resource Records for DNSSEC,no_match,0.0,none,true,2025-11-01T00:00:00,2010-07-01T00:00:00,237.243.173.in-addr.arpa,arin,,rfc5933_ecc_gost_algorithm; rfc5933_gost_ds_digest,,,0.0,1.5,0.0,0.0,3.0,0.0,0.0,0.0,0.0,trace_sig_0026_rfc5933,"RFC 5933 does not explain signal sig_0026: the required indicator rfc5933_ecc_gost_algorithm failed because algorithm=16 does not equal the expected value 12. The observation on 2025-11-01 is 5602 days after RFC 5933's publication on 2010-07-01, so the timestamp is valid. Score 0.0 (none): no required indicator matched, so there is nothing to score."
sig_0026,RFC 6605,Elliptic Curve Digital Signature Algorithm (DSA) for DNSSEC,no_match,0.0,none,true,2025-11-01T00:00:00,2012-04-01T00:00:00,237.243.173.in-addr.arpa,arin,,rfc6605_ecdsa_algorithm; rfc6605_ecdsa_on_key_or_signature,,,0.0,1.25,0.0,0.0,3.0,0.0,0.0,0.0,0.0,trace_sig_0026_rfc6605,"RFC 6605 does not explain signal sig_0026: the required indicator rfc6605_ecdsa_algorithm failed because algorithm=16 is not in [13, 14]. The observation on 2025-11-01 is 4962 days after RFC 6605's publication on 2012-04-01, so the timestamp is valid. Score 0.0 (none): no required indicator matched, so there is nothing to score."
sig_0026,RFC 6698,The DNS-Based Authentication of Named Entities (DANE) Transport Layer Security (TLS) Protocol: TLSA,no_match,0.0,none,true,2025-11-01T00:00:00,2012-08-01T00:00:00,237.243.173.in-addr.arpa,arin,,rfc6698_tlsa_fields_well_formed; rfc6698_tlsa_record_present,,tlsa_matchtype; tlsa_usage,0.0,1.5,0.0,0.0,3.0,0.0,0.0,0.0,0.0,trace_sig_0026_rfc6698,"RFC 6698 does not explain signal sig_0026: the required indicator rfc6698_tlsa_record_present failed because rr_type=DS does not equal the expected value TLSA. The observation on 2025-11-01 is 4840 days after RFC 6698's publication on 2012-08-01, so the timestamp is valid. Score 0.0 (none): no required indicator matched, so there is nothing to score."
sig_0026,RFC 6781,"DNSSEC Operational Practices, Version 2",no_match,0.0,none,true,2025-11-01T00:00:00,2012-12-01T00:00:00,237.243.173.in-addr.arpa,arin,,rfc6781_ksk_zsk_separation,,flags,0.0,0.75,0.0,0.0,3.0,0.0,0.0,0.0,0.0,trace_sig_0026_rfc6781,"RFC 6781 does not explain signal sig_0026: the required indicator rfc6781_ksk_zsk_separation failed because rr_type=DS does not equal the expected value DNSKEY. The observation on 2025-11-01 is 4718 days after RFC 6781's publication on 2012-12-01, so the timestamp is valid. Score 0.0 (none): no required indicator matched, so there is nothing to score."
sig_0026,RFC 6840,Clarifications and Implementation Notes for DNS Security (DNSSEC),non_queryable,0.0,none,true,2025-11-01T00:00:00,2013-02-01T00:00:00,237.243.173.in-addr.arpa,arin,,,,name_algorithm_set_consistency,0.0,0.75,0.0,0.0,0.0,0.0,0.0,0.0,0.0,trace_sig_0026_rfc6840,"RFC 6840 could not be evaluated against signal sig_0026: every required indicator (rfc6840_mandatory_algorithm_rules) depends on fields the OpenINTEL corpus does not export, so no verdict is possible in either direction. The observation on 2025-11-01 is 4656 days after RFC 6840's publication on 2013-02-01, so the timestamp is valid. This is a corpus limitation, not a statement about the observation."
sig_0026,RFC 7344,Automating DNSSEC Delegation Trust Maintenance,no_match,0.0,none,true,2025-11-01T00:00:00,2014-09-01T00:00:00,237.243.173.in-addr.arpa,arin,,rfc7344_cds_cdnskey_present; rfc7344_cds_publishes_digest,,,0.0,1.25,0.0,0.0,3.0,0.0,0.0,0.0,0.0,trace_sig_0026_rfc7344,"RFC 7344 does not explain signal sig_0026: the required indicator rfc7344_cds_cdnskey_present failed because rr_type=DS is not in [CDS, CDNSKEY]. The observation on 2025-11-01 is 4079 days after RFC 7344's publication on 2014-09-01, so the timestamp is valid. Score 0.0 (none): no required indicator matched, so there is nothing to score."
sig_0026,RFC 7583,DNSSEC Key Rollover Timing Considerations,non_queryable,0.0,none,true,2025-11-01T00:00:00,2015-10-01T00:00:00,237.243.173.in-addr.arpa,arin,,,,key_rollover_phase,0.0,0.75,0.0,0.0,0.0,0.0,0.0,0.0,0.0,trace_sig_0026_rfc7583,"RFC 7583 could not be evaluated against signal sig_0026: every required indicator (rfc7583_rollover_timing_observed) depends on fields the OpenINTEL corpus does not export, so no verdict is possible in either direction. The observation on 2025-11-01 is 3684 days after RFC 7583's publication on 2015-10-01, so the timestamp is valid. This is a corpus limitation, not a statement about the observation."
sig_0026,RFC 7671,The DNS-Based Authentication of Named Entities (DANE) Protocol: Updates and Operational Guidance,no_match,0.0,none,true,2025-11-01T00:00:00,2015-10-01T00:00:00,237.243.173.in-addr.arpa,arin,,rfc7671_dane_usage_preferred,,tlsa_usage,0.0,1.25,0.0,0.0,3.0,0.0,0.0,0.0,0.0,trace_sig_0026_rfc7671,"RFC 7671 does not explain signal sig_0026: the required indicator rfc7671_dane_usage_preferred failed because rr_type=DS does not equal the expected value TLSA. The observation on 2025-11-01 is 3684 days after RFC 7671's publication on 2015-10-01, so the timestamp is valid. Score 0.0 (none): no required indicator matched, so there is nothing to score."
sig_0026,RFC 7672,SMTP Security via Opportunistic DNS-Based Authentication of Named Entities (DANE) Transport Layer Security (TLS),no_match,0.0,none,true,2025-11-01T00:00:00,2015-10-01T00:00:00,237.243.173.in-addr.arpa,arin,,rfc7672_smtp_dane_tlsa,,domain,0.0,1.5,0.0,0.0,3.0,0.0,0.0,0.0,0.0,trace_sig_0026_rfc7672,"RFC 7672 does not explain signal sig_0026: the required indicator rfc7672_smtp_dane_tlsa failed because rr_type=DS does not equal the expected value TLSA. The observation on 2025-11-01 is 3684 days after RFC 7672's publication on 2015-10-01, so the timestamp is valid. Score 0.0 (none): no required indicator matched, so there is nothing to score."
sig_0026,RFC 8078,Managing DS Records from the Parent via CDS/CDNSKEY,no_match,0.0,none,true,2025-11-01T00:00:00,2017-03-01T00:00:00,237.243.173.in-addr.arpa,arin,,rfc8078_cds_cdnskey_algorithm_zero; rfc8078_delete_signal_digest_zero,,,0.0,1.5,0.0,0.0,3.0,0.0,0.0,0.0,0.0,trace_sig_0026_rfc8078,"RFC 8078 does not explain signal sig_0026: the required indicator rfc8078_cds_cdnskey_algorithm_zero failed because rr_type=DS is not in [CDS, CDNSKEY]. The observation on 2025-11-01 is 3167 days after RFC 8078's publication on 2017-03-01, so the timestamp is valid. Score 0.0 (none): no required indicator matched, so there is nothing to score."
sig_0026,RFC 8198,Aggressive Use of DNSSEC-Validated Cache,non_queryable,0.0,none,true,2025-11-01T00:00:00,2017-07-01T00:00:00,237.243.173.in-addr.arpa,arin,,,,resolver_synthesised_nxdomain,0.0,1.0,0.0,0.0,0.0,0.0,0.0,0.0,0.0,trace_sig_0026_rfc8198,"RFC 8198 could not be evaluated against signal sig_0026: every required indicator (rfc8198_aggressive_nsec_use) depends on fields the OpenINTEL corpus does not export, so no verdict is possible in either direction. The observation on 2025-11-01 is 3045 days after RFC 8198's publication on 2017-07-01, so the timestamp is valid. This is a corpus limitation, not a statement about the observation."
sig_0026,RFC 8624,Algorithm Implementation Requirements and Usage Guidance for DNSSEC,partial_match,0.0,none,true,2025-11-01T00:00:00,2019-06-01T00:00:00,237.243.173.in-addr.arpa,arin,rfc8624_avoids_deprecated_algorithm,rfc8624_recommended_signing_algorithm,algorithm,rr_type; validator_algorithm_support,0.0,0.75,0.0,1.5,3.0,0.0,2.0,0.0,0.0,trace_sig_0026_rfc8624,"RFC 8624 partially matches signal sig_0026: the optional indicator rfc8624_avoids_deprecated_algorithm passed because algorithm is present (observed 16) and algorithm=16 differs from 1 as required. The required indicator rfc8624_recommended_signing_algorithm was not satisfied: algorithm=16 is not in [13, 15]. The observation on 2025-11-01 is 2345 days after RFC 8624's publication on 2019-06-01, so the timestamp is valid. Score 0.0 (none): the penalties leave a raw total of -3.5, which is clamped to 0 before the 0.75 low specificity multiplier."
sig_0026,RFC 9077,NSEC and NSEC3: TTLs and Aggressive Use,no_match,0.0,none,true,2025-11-01T00:00:00,2021-07-01T00:00:00,237.243.173.in-addr.arpa,arin,,rfc9077_nsec_ttl_bounded,,record_ttl,0.0,1.25,0.0,0.0,3.0,0.0,0.0,0.0,0.0,trace_sig_0026_rfc9077,"RFC 9077 does not explain signal sig_0026: the required indicator rfc9077_nsec_ttl_bounded failed because rr_type=DS is not in [NSEC, NSEC3]. The observation on 2025-11-01 is 1584 days after RFC 9077's publication on 2021-07-01, so the timestamp is valid. Score 0.0 (none): no required indicator matched, so there is nothing to score."
sig_0026,RFC 9276,Guidance for NSEC3 Parameter Settings,no_match,0.0,none,true,2025-11-01T00:00:00,2022-08-01T00:00:00,237.243.173.in-addr.arpa,arin,,rfc9276_empty_nsec3_salt; rfc9276_zero_nsec3_iterations,,nsec3_iterations; nsec3_salt,0.0,1.5,0.0,0.0,3.0,0.0,0.0,0.0,0.0,trace_sig_0026_rfc9276,"RFC 9276 does not explain signal sig_0026: the required indicator rfc9276_zero_nsec3_iterations failed because rr_type=DS is not in [NSEC3, NSEC3PARAM]. The observation on 2025-11-01 is 1188 days after RFC 9276's publication on 2022-08-01, so the timestamp is valid. Score 0.0 (none): no required indicator matched, so there is nothing to score."
sig_0026,RFC 9364,DNS Security Extensions (DNSSEC),non_queryable,0.0,none,true,2025-11-01T00:00:00,2023-02-01T00:00:00,237.243.173.in-addr.arpa,arin,,,,declared_standards_profile,0.0,0.75,0.0,0.0,0.0,0.0,0.0,0.0,0.0,trace_sig_0026_rfc9364,"RFC 9364 could not be evaluated against signal sig_0026: every required indicator (rfc9364_bcp_profile_declared) depends on fields the OpenINTEL corpus does not export, so no verdict is possible in either direction. The observation on 2025-11-01 is 1004 days after RFC 9364's publication on 2023-02-01, so the timestamp is valid. This is a corpus limitation, not a statement about the observation."
sig_0026,RFC 9558,Use of GOST 2012 Signature Algorithms in DNSKEY and RRSIG Resource Records for DNSSEC,no_match,0.0,none,true,2025-11-01T00:00:00,2024-04-01T00:00:00,237.243.173.in-addr.arpa,arin,,rfc9558_gost2012_algorithm; rfc9558_gost2012_ds_digest,,,0.0,1.5,0.0,0.0,3.0,0.0,0.0,0.0,0.0,trace_sig_0026_rfc9558,"RFC 9558 does not explain signal sig_0026: the required indicator rfc9558_gost2012_algorithm failed because algorithm=16 does not equal the expected value 23. The observation on 2025-11-01 is 579 days after RFC 9558's publication on 2024-04-01, so the timestamp is valid. Score 0.0 (none): no required indicator matched, so there is nothing to score."
sig_0026,RFC 9563,SM2 Digital Signature Algorithm for DNSSEC,no_match,0.0,none,true,2025-11-01T00:00:00,2024-12-01T00:00:00,237.243.173.in-addr.arpa,arin,,rfc9563_sm2sm3_algorithm; rfc9563_sm3_ds_digest,,,0.0,1.5,0.0,0.0,3.0,0.0,0.0,0.0,0.0,trace_sig_0026_rfc9563,"RFC 9563 does not explain signal sig_0026: the required indicator rfc9563_sm2sm3_algorithm failed because algorithm=16 does not equal the expected value 17. The observation on 2025-11-01 is 335 days after RFC 9563's publication on 2024-12-01, so the timestamp is valid. Score 0.0 (none): no required indicator matched, so there is nothing to score."
sig_0026,RFC 9615,Automatic DNSSEC Bootstrapping Using Authenticated Signals from the Zone's Operator,non_queryable,0.0,none,true,2025-11-01T00:00:00,2024-07-01T00:00:00,237.243.173.in-addr.arpa,arin,,,,domain; rr_type,0.0,1.5,0.0,0.0,0.0,0.0,0.0,0.0,0.0,trace_sig_0026_rfc9615,"RFC 9615 could not be evaluated against signal sig_0026: every required indicator (rfc9615_bootstrap_signal_label) depends on fields the OpenINTEL corpus does not export, so no verdict is possible in either direction. The observation on 2025-11-01 is 488 days after RFC 9615's publication on 2024-07-01, so the timestamp is valid. This is a corpus limitation, not a statement about the observation."
sig_0026,RFC 9904,DNSSEC Cryptographic Algorithm Recommendation Update Process,non_queryable,0.0,none,true,2025-11-01T00:00:00,2025-11-01T00:00:00,237.243.173.in-addr.arpa,arin,,,,guidance_source_registry,0.0,0.75,0.0,0.0,0.0,0.0,0.0,0.0,0.0,trace_sig_0026_rfc9904,"RFC 9904 could not be evaluated against signal sig_0026: every required indicator (rfc9904_algorithm_guidance_process) depends on fields the OpenINTEL corpus does not export, so no verdict is possible in either direction. The observation on 2025-11-01 is 0 days after RFC 9904's publication on 2025-11-01, so the timestamp is valid. This is a corpus limitation, not a statement about the observation."
sig_0026,RFC 9905,Deprecating the Use of SHA-1 in DNSSEC Signature Algorithms,no_match,0.0,none,true,2025-11-01T00:00:00,2025-11-01T00:00:00,237.243.173.in-addr.arpa,arin,,rfc9905_deprecated_sha1_in_delegation; rfc9905_deprecated_sha1_signature_still_published,,,0.0,1.25,0.0,0.0,3.0,0.0,0.0,0.0,0.0,trace_sig_0026_rfc9905,"RFC 9905 does not explain signal sig_0026: the required indicator rfc9905_deprecated_sha1_signature_still_published failed because rr_type=DS is not in [DNSKEY, RRSIG, CDNSKEY]. The observation on 2025-11-01 is 0 days after RFC 9905's publication on 2025-11-01, so the timestamp is valid. Score 0.0 (none): no required indicator matched, so there is nothing to score."
sig_0026,RFC 9906,Deprecate Usage of ECC-GOST within DNSSEC,no_match,0.0,none,true,2025-11-01T00:00:00,2025-11-01T00:00:00,237.243.173.in-addr.arpa,arin,,rfc9906_deprecated_ecc_gost_still_published; rfc9906_deprecated_gost_digest_still_published,,,0.0,1.5,0.0,0.0,3.0,0.0,0.0,0.0,0.0,trace_sig_0026_rfc9906,"RFC 9906 does not explain signal sig_0026: the required indicator rfc9906_deprecated_ecc_gost_still_published failed because algorithm=16 does not equal the expected value 12. The observation on 2025-11-01 is 0 days after RFC 9906's publication on 2025-11-01, so the timestamp is valid. Score 0.0 (none): no required indicator matched, so there is nothing to score."
sig_0027,RFC 8080,Edwards-Curve Digital Security Algorithm (EdDSA) for DNSSEC,valid_match,17.25,very_high,true,2025-11-01T00:00:00,2017-02-01T00:00:00,250.34.174.in-addr.arpa,arin,rfc8080_eddsa_algorithm; rfc8080_eddsa_on_key_or_signature,,algorithm; rr_type,,10.0,1.5,0.0,1.5,0.0,0.0,0.0,0.0,17.25,trace_sig_0027_rfc8080,"RFC 8080 matched signal sig_0027: the required indicator rfc8080_eddsa_algorithm passed because algorithm=15 is in [15, 16]. Corroborating indicators also matched: rfc8080_eddsa_on_key_or_signature. The observation on 2025-11-01 is 3195 days after RFC 8080's publication on 2017-02-01, so the timestamp is valid. Score 17.25 (very_high) = (10.0 required + 1.5 optional) x 1.5 very_high specificity."
sig_0027,RFC 4509,Use of SHA-256 in DNSSEC Delegation Signer (DS) Resource Records,valid_match,11.25,high,true,2025-11-01T00:00:00,2006-05-01T00:00:00,250.34.174.in-addr.arpa,arin,rfc4509_ds_sha256_digest,,digest_type; rr_type,,9.0,1.25,0.0,0.0,0.0,0.0,0.0,0.0,11.25,trace_sig_0027_rfc4509,"RFC 4509 matched signal sig_0027: the required indicator rfc4509_ds_sha256_digest passed because rr_type=DS is in [DS, CDS] and digest_type=2 equals the expected value 2. The observation on 2025-11-01 is 7124 days after RFC 4509's publication on 2006-05-01, so the timestamp is valid. Score 11.25 (high) = (9.0 required) x 1.25 high specificity."
sig_0027,RFC 4033,DNS Security Introduction and Requirements (DNSSEC base: RFC 4033/4034/4035),valid_match,3.75,low,true,2025-11-01T00:00:00,2005-03-01T00:00:00,250.34.174.in-addr.arpa,arin,rfc4033_base_dnssec_record_present; rfc4033_dnssec_algorithm_present,rfc4033_dnssec_ok_negotiated,algorithm; rr_type,dnssec_ok_flag,4.0,0.75,0.0,1.0,0.0,0.0,0.0,0.0,3.75,trace_sig_0027_rfc4033,"RFC 4033 matched signal sig_0027: the required indicator rfc4033_base_dnssec_record_present passed because rr_type=DS is in [DNSKEY, DS, RRSIG, NSEC]. Corroborating indicators also matched: rfc4033_dnssec_algorithm_present. Indicator rfc4033_dnssec_ok_negotiated did not match: field 'dnssec_ok_flag' is absent from this observation, so the condition 'dnssec_ok_flag must equal true' could not be satisfied (absence is not evidence). The observation on 2025-11-01 is 7550 days after RFC 4033's publication on 2005-03-01, so the timestamp is valid. Score 3.75 (low) = (4.0 required + 1.0 optional) x 0.75 low specificity."
sig_0027,RFC 8624,Algorithm Implementation Requirements and Usage Guidance for DNSSEC,ambiguous,3.375,low,true,2025-11-01T00:00:00,2019-06-01T00:00:00,250.34.174.in-addr.arpa,arin,rfc8624_avoids_deprecated_algorithm; rfc8624_recommended_signing_algorithm,,algorithm,rr_type; validator_algorithm_support,5.0,0.75,0.0,1.5,0.0,0.0,2.0,0.0,3.375,trace_sig_0027_rfc8624,"RFC 8624 is an ambiguous match for signal sig_0027: the required indicator rfc8624_recommended_signing_algorithm passed because algorithm=15 is in [13, 15]. Corroborating indicators also matched: rfc8624_avoids_deprecated_algorithm. The checklist flags rfc8624_avoids_deprecated_algorithm, rfc8624_recommended_signing_algorithm ambiguous: the same observation is equally explained by other RFCs, so the match is penalized and sent to the review queue rather than reported as adoption. The observation on 2025-11-01 is 2345 days after RFC 8624's publication on 2019-06-01, so the timestamp is valid. Score 3.375 (low) = (5.0 required + 1.5 optional - 2.0 ambiguity penalty) x 0.75 low specificity."
sig_0027,RFC 4034,Resource Records for the DNS Security Extensions,valid_match,3.0,low,true,2025-11-01T00:00:00,2005-03-01T00:00:00,250.34.174.in-addr.arpa,arin,rfc4034_core_record_present,rfc4034_dnskey_protocol_is_three; rfc4034_rrsig_type_covered_present,rr_type,dnskey_protocol; rrsig_type_covered,3.0,1.0,0.0,0.0,0.0,0.0,0.0,0.0,3.0,trace_sig_0027_rfc4034,"RFC 4034 matched signal sig_0027: the required indicator rfc4034_core_record_present passed because rr_type=DS is in [DNSKEY, DS, RRSIG, NSEC]. Indicator rfc4034_dnskey_protocol_is_three did not match: rr_type=DS is not in [DNSKEY, CDNSKEY]. The observation on 2025-11-01 is 7550 days after RFC 4034's publication on 2005-03-01, so the timestamp is valid. Score 3.0 (low) = (3.0 required) x 1.0 medium specificity."
sig_0027,RFC 3110,RSA/SHA-1 SIGs and RSA KEYs in the Domain Name System (DNS),no_match,0.0,none,true,2025-11-01T00:00:00,2001-05-01T00:00:00,250.34.174.in-addr.arpa,arin,,rfc3110_rsasha1_algorithm; rfc3110_rsasha1_on_key_or_signature,,,0.0,1.25,0.0,0.0,3.0,0.0,0.0,0.0,0.0,trace_sig_0027_rfc3110,"RFC 3110 does not explain signal sig_0027: the required indicator rfc3110_rsasha1_algorithm failed because algorithm=15 does not equal the expected value 5. The observation on 2025-11-01 is 8950 days after RFC 3110's publication on 2001-05-01, so the timestamp is valid. Score 0.0 (none): no required indicator matched, so there is nothing to score."
sig_0027,RFC 4035,Protocol Modifications for the DNS Security Extensions,non_queryable,0.0,none,true,2025-11-01T00:00:00,2005-03-01T00:00:00,250.34.174.in-addr.arpa,arin,,,,dnssec_ok_flag,0.0,0.75,0.0,0.0,0.0,0.0,0.0,0.0,0.0,trace_sig_0027_rfc4035,"RFC 4035 could not be evaluated against signal sig_0027: every required indicator (rfc4035_dnssec_ok_negotiated) depends on fields the OpenINTEL corpus does not export, so no verdict is possible in either direction. The observation on 2025-11-01 is 7550 days after RFC 4035's publication on 2005-03-01, so the timestamp is valid. This is a corpus limitation, not a statement about the observation."
sig_0027,RFC 5011,Automated Updates of DNS Security (DNSSEC) Trust Anchors,no_match,0.0,none,true,2025-11-01T00:00:00,2007-09-01T00:00:00,250.34.174.in-addr.arpa,arin,,rfc5011_revoked_key_published,,flags,0.0,1.25,0.0,0.0,3.0,0.0,0.0,0.0,0.0,trace_sig_0027_rfc5011,"RFC 5011 does not explain signal sig_0027: the required indicator rfc5011_revoked_key_published failed because rr_type=DS does not equal the expected value DNSKEY. The observation on 2025-11-01 is 6636 days after RFC 5011's publication on 2007-09-01, so the timestamp is valid. Score 0.0 (none): no required indicator matched, so there is nothing to score."
sig_0027,RFC 5155,DNS Security (DNSSEC) Hashed Authenticated Denial of Existence,no_match,0.0,none,true,2025-11-01T00:00:00,2008-03-01T00:00:00,250.34.174.in-addr.arpa,arin,,rfc5155_nsec3_hash_algorithm; rfc5155_nsec3_record_present,,,0.0,1.5,0.0,0.0,3.0,0.0,0.0,0.0,0.0,trace_sig_0027_rfc5155,"RFC 5155 does not explain signal sig_0027: the required indicator rfc5155_nsec3_record_present failed because rr_type=DS is not in [NSEC3, NSEC3PARAM]. The observation on 2025-11-01 is 6454 days after RFC 5155's publication on 2008-03-01, so the timestamp is valid. Score 0.0 (none): no required indicator matched, so there is nothing to score."
sig_0027,RFC 5702,Use of SHA-2 Algorithms with RSA in DNSKEY and RRSIG Resource Records for DNSSEC,no_match,0.0,none,true,2025-11-01T00:00:00,2009-10-01T00:00:00,250.34.174.in-addr.arpa,arin,,rfc5702_rsa_sha2_algorithm; rfc5702_rsa_sha2_on_dnssec_record,,,0.0,1.25,0.0,0.0,3.0,0.0,0.0,0.0,0.0,trace_sig_0027_rfc5702,"RFC 5702 does not explain signal sig_0027: the required indicator rfc5702_rsa_sha2_algorithm failed because algorithm=15 is not in [8, 10]. The observation on 2025-11-01 is 5875 days after RFC 5702's publication on 2009-10-01, so the timestamp is valid. Score 0.0 (none): no required indicator matched, so there is nothing to score."
sig_0027,RFC 5933,Use of GOST Signature Algorithms in DNSKEY and RRSIG Resource Records for DNSSEC,no_match,0.0,none,true,2025-11-01T00:00:00,2010-07-01T00:00:00,250.34.174.in-addr.arpa,arin,,rfc5933_ecc_gost_algorithm; rfc5933_gost_ds_digest,,,0.0,1.5,0.0,0.0,3.0,0.0,0.0,0.0,0.0,trace_sig_0027_rfc5933,"RFC 5933 does not explain signal sig_0027: the required indicator rfc5933_ecc_gost_algorithm failed because algorithm=15 does not equal the expected value 12. The observation on 2025-11-01 is 5602 days after RFC 5933's publication on 2010-07-01, so the timestamp is valid. Score 0.0 (none): no required indicator matched, so there is nothing to score."
sig_0027,RFC 6605,Elliptic Curve Digital Signature Algorithm (DSA) for DNSSEC,no_match,0.0,none,true,2025-11-01T00:00:00,2012-04-01T00:00:00,250.34.174.in-addr.arpa,arin,,rfc6605_ecdsa_algorithm; rfc6605_ecdsa_on_key_or_signature,,,0.0,1.25,0.0,0.0,3.0,0.0,0.0,0.0,0.0,trace_sig_0027_rfc6605,"RFC 6605 does not explain signal sig_0027: the required indicator rfc6605_ecdsa_algorithm failed because algorithm=15 is not in [13, 14]. The observation on 2025-11-01 is 4962 days after RFC 6605's publication on 2012-04-01, so the timestamp is valid. Score 0.0 (none): no required indicator matched, so there is nothing to score."
sig_0027,RFC 6698,The DNS-Based Authentication of Named Entities (DANE) Transport Layer Security (TLS) Protocol: TLSA,no_match,0.0,none,true,2025-11-01T00:00:00,2012-08-01T00:00:00,250.34.174.in-addr.arpa,arin,,rfc6698_tlsa_fields_well_formed; rfc6698_tlsa_record_present,,tlsa_matchtype; tlsa_usage,0.0,1.5,0.0,0.0,3.0,0.0,0.0,0.0,0.0,trace_sig_0027_rfc6698,"RFC 6698 does not explain signal sig_0027: the required indicator rfc6698_tlsa_record_present failed because rr_type=DS does not equal the expected value TLSA. The observation on 2025-11-01 is 4840 days after RFC 6698's publication on 2012-08-01, so the timestamp is valid. Score 0.0 (none): no required indicator matched, so there is nothing to score."
sig_0027,RFC 6781,"DNSSEC Operational Practices, Version 2",no_match,0.0,none,true,2025-11-01T00:00:00,2012-12-01T00:00:00,250.34.174.in-addr.arpa,arin,,rfc6781_ksk_zsk_separation,,flags,0.0,0.75,0.0,0.0,3.0,0.0,0.0,0.0,0.0,trace_sig_0027_rfc6781,"RFC 6781 does not explain signal sig_0027: the required indicator rfc6781_ksk_zsk_separation failed because rr_type=DS does not equal the expected value DNSKEY. The observation on 2025-11-01 is 4718 days after RFC 6781's publication on 2012-12-01, so the timestamp is valid. Score 0.0 (none): no required indicator matched, so there is nothing to score."
sig_0027,RFC 6840,Clarifications and Implementation Notes for DNS Security (DNSSEC),non_queryable,0.0,none,true,2025-11-01T00:00:00,2013-02-01T00:00:00,250.34.174.in-addr.arpa,arin,,,,name_algorithm_set_consistency,0.0,0.75,0.0,0.0,0.0,0.0,0.0,0.0,0.0,trace_sig_0027_rfc6840,"RFC 6840 could not be evaluated against signal sig_0027: every required indicator (rfc6840_mandatory_algorithm_rules) depends on fields the OpenINTEL corpus does not export, so no verdict is possible in either direction. The observation on 2025-11-01 is 4656 days after RFC 6840's publication on 2013-02-01, so the timestamp is valid. This is a corpus limitation, not a statement about the observation."
sig_0027,RFC 7344,Automating DNSSEC Delegation Trust Maintenance,no_match,0.0,none,true,2025-11-01T00:00:00,2014-09-01T00:00:00,250.34.174.in-addr.arpa,arin,,rfc7344_cds_cdnskey_present; rfc7344_cds_publishes_digest,,,0.0,1.25,0.0,0.0,3.0,0.0,0.0,0.0,0.0,trace_sig_0027_rfc7344,"RFC 7344 does not explain signal sig_0027: the required indicator rfc7344_cds_cdnskey_present failed because rr_type=DS is not in [CDS, CDNSKEY]. The observation on 2025-11-01 is 4079 days after RFC 7344's publication on 2014-09-01, so the timestamp is valid. Score 0.0 (none): no required indicator matched, so there is nothing to score."
sig_0027,RFC 7583,DNSSEC Key Rollover Timing Considerations,non_queryable,0.0,none,true,2025-11-01T00:00:00,2015-10-01T00:00:00,250.34.174.in-addr.arpa,arin,,,,key_rollover_phase,0.0,0.75,0.0,0.0,0.0,0.0,0.0,0.0,0.0,trace_sig_0027_rfc7583,"RFC 7583 could not be evaluated against signal sig_0027: every required indicator (rfc7583_rollover_timing_observed) depends on fields the OpenINTEL corpus does not export, so no verdict is possible in either direction. The observation on 2025-11-01 is 3684 days after RFC 7583's publication on 2015-10-01, so the timestamp is valid. This is a corpus limitation, not a statement about the observation."
sig_0027,RFC 7671,The DNS-Based Authentication of Named Entities (DANE) Protocol: Updates and Operational Guidance,no_match,0.0,none,true,2025-11-01T00:00:00,2015-10-01T00:00:00,250.34.174.in-addr.arpa,arin,,rfc7671_dane_usage_preferred,,tlsa_usage,0.0,1.25,0.0,0.0,3.0,0.0,0.0,0.0,0.0,trace_sig_0027_rfc7671,"RFC 7671 does not explain signal sig_0027: the required indicator rfc7671_dane_usage_preferred failed because rr_type=DS does not equal the expected value TLSA. The observation on 2025-11-01 is 3684 days after RFC 7671's publication on 2015-10-01, so the timestamp is valid. Score 0.0 (none): no required indicator matched, so there is nothing to score."
sig_0027,RFC 7672,SMTP Security via Opportunistic DNS-Based Authentication of Named Entities (DANE) Transport Layer Security (TLS),no_match,0.0,none,true,2025-11-01T00:00:00,2015-10-01T00:00:00,250.34.174.in-addr.arpa,arin,,rfc7672_smtp_dane_tlsa,,domain,0.0,1.5,0.0,0.0,3.0,0.0,0.0,0.0,0.0,trace_sig_0027_rfc7672,"RFC 7672 does not explain signal sig_0027: the required indicator rfc7672_smtp_dane_tlsa failed because rr_type=DS does not equal the expected value TLSA. The observation on 2025-11-01 is 3684 days after RFC 7672's publication on 2015-10-01, so the timestamp is valid. Score 0.0 (none): no required indicator matched, so there is nothing to score."
sig_0027,RFC 8078,Managing DS Records from the Parent via CDS/CDNSKEY,no_match,0.0,none,true,2025-11-01T00:00:00,2017-03-01T00:00:00,250.34.174.in-addr.arpa,arin,,rfc8078_cds_cdnskey_algorithm_zero; rfc8078_delete_signal_digest_zero,,,0.0,1.5,0.0,0.0,3.0,0.0,0.0,0.0,0.0,trace_sig_0027_rfc8078,"RFC 8078 does not explain signal sig_0027: the required indicator rfc8078_cds_cdnskey_algorithm_zero failed because rr_type=DS is not in [CDS, CDNSKEY]. The observation on 2025-11-01 is 3167 days after RFC 8078's publication on 2017-03-01, so the timestamp is valid. Score 0.0 (none): no required indicator matched, so there is nothing to score."
sig_0027,RFC 8198,Aggressive Use of DNSSEC-Validated Cache,non_queryable,0.0,none,true,2025-11-01T00:00:00,2017-07-01T00:00:00,250.34.174.in-addr.arpa,arin,,,,resolver_synthesised_nxdomain,0.0,1.0,0.0,0.0,0.0,0.0,0.0,0.0,0.0,trace_sig_0027_rfc8198,"RFC 8198 could not be evaluated against signal sig_0027: every required indicator (rfc8198_aggressive_nsec_use) depends on fields the OpenINTEL corpus does not export, so no verdict is possible in either direction. The observation on 2025-11-01 is 3045 days after RFC 8198's publication on 2017-07-01, so the timestamp is valid. This is a corpus limitation, not a statement about the observation."
sig_0027,RFC 9077,NSEC and NSEC3: TTLs and Aggressive Use,no_match,0.0,none,true,2025-11-01T00:00:00,2021-07-01T00:00:00,250.34.174.in-addr.arpa,arin,,rfc9077_nsec_ttl_bounded,,record_ttl,0.0,1.25,0.0,0.0,3.0,0.0,0.0,0.0,0.0,trace_sig_0027_rfc9077,"RFC 9077 does not explain signal sig_0027: the required indicator rfc9077_nsec_ttl_bounded failed because rr_type=DS is not in [NSEC, NSEC3]. The observation on 2025-11-01 is 1584 days after RFC 9077's publication on 2021-07-01, so the timestamp is valid. Score 0.0 (none): no required indicator matched, so there is nothing to score."
sig_0027,RFC 9276,Guidance for NSEC3 Parameter Settings,no_match,0.0,none,true,2025-11-01T00:00:00,2022-08-01T00:00:00,250.34.174.in-addr.arpa,arin,,rfc9276_empty_nsec3_salt; rfc9276_zero_nsec3_iterations,,nsec3_iterations; nsec3_salt,0.0,1.5,0.0,0.0,3.0,0.0,0.0,0.0,0.0,trace_sig_0027_rfc9276,"RFC 9276 does not explain signal sig_0027: the required indicator rfc9276_zero_nsec3_iterations failed because rr_type=DS is not in [NSEC3, NSEC3PARAM]. The observation on 2025-11-01 is 1188 days after RFC 9276's publication on 2022-08-01, so the timestamp is valid. Score 0.0 (none): no required indicator matched, so there is nothing to score."
sig_0027,RFC 9364,DNS Security Extensions (DNSSEC),non_queryable,0.0,none,true,2025-11-01T00:00:00,2023-02-01T00:00:00,250.34.174.in-addr.arpa,arin,,,,declared_standards_profile,0.0,0.75,0.0,0.0,0.0,0.0,0.0,0.0,0.0,trace_sig_0027_rfc9364,"RFC 9364 could not be evaluated against signal sig_0027: every required indicator (rfc9364_bcp_profile_declared) depends on fields the OpenINTEL corpus does not export, so no verdict is possible in either direction. The observation on 2025-11-01 is 1004 days after RFC 9364's publication on 2023-02-01, so the timestamp is valid. This is a corpus limitation, not a statement about the observation."
sig_0027,RFC 9558,Use of GOST 2012 Signature Algorithms in DNSKEY and RRSIG Resource Records for DNSSEC,no_match,0.0,none,true,2025-11-01T00:00:00,2024-04-01T00:00:00,250.34.174.in-addr.arpa,arin,,rfc9558_gost2012_algorithm; rfc9558_gost2012_ds_digest,,,0.0,1.5,0.0,0.0,3.0,0.0,0.0,0.0,0.0,trace_sig_0027_rfc9558,"RFC 9558 does not explain signal sig_0027: the required indicator rfc9558_gost2012_algorithm failed because algorithm=15 does not equal the expected value 23. The observation on 2025-11-01 is 579 days after RFC 9558's publication on 2024-04-01, so the timestamp is valid. Score 0.0 (none): no required indicator matched, so there is nothing to score."
sig_0027,RFC 9563,SM2 Digital Signature Algorithm for DNSSEC,no_match,0.0,none,true,2025-11-01T00:00:00,2024-12-01T00:00:00,250.34.174.in-addr.arpa,arin,,rfc9563_sm2sm3_algorithm; rfc9563_sm3_ds_digest,,,0.0,1.5,0.0,0.0,3.0,0.0,0.0,0.0,0.0,trace_sig_0027_rfc9563,"RFC 9563 does not explain signal sig_0027: the required indicator rfc9563_sm2sm3_algorithm failed because algorithm=15 does not equal the expected value 17. The observation on 2025-11-01 is 335 days after RFC 9563's publication on 2024-12-01, so the timestamp is valid. Score 0.0 (none): no required indicator matched, so there is nothing to score."
sig_0027,RFC 9615,Automatic DNSSEC Bootstrapping Using Authenticated Signals from the Zone's Operator,non_queryable,0.0,none,true,2025-11-01T00:00:00,2024-07-01T00:00:00,250.34.174.in-addr.arpa,arin,,,,domain; rr_type,0.0,1.5,0.0,0.0,0.0,0.0,0.0,0.0,0.0,trace_sig_0027_rfc9615,"RFC 9615 could not be evaluated against signal sig_0027: every required indicator (rfc9615_bootstrap_signal_label) depends on fields the OpenINTEL corpus does not export, so no verdict is possible in either direction. The observation on 2025-11-01 is 488 days after RFC 9615's publication on 2024-07-01, so the timestamp is valid. This is a corpus limitation, not a statement about the observation."
sig_0027,RFC 9904,DNSSEC Cryptographic Algorithm Recommendation Update Process,non_queryable,0.0,none,true,2025-11-01T00:00:00,2025-11-01T00:00:00,250.34.174.in-addr.arpa,arin,,,,guidance_source_registry,0.0,0.75,0.0,0.0,0.0,0.0,0.0,0.0,0.0,trace_sig_0027_rfc9904,"RFC 9904 could not be evaluated against signal sig_0027: every required indicator (rfc9904_algorithm_guidance_process) depends on fields the OpenINTEL corpus does not export, so no verdict is possible in either direction. The observation on 2025-11-01 is 0 days after RFC 9904's publication on 2025-11-01, so the timestamp is valid. This is a corpus limitation, not a statement about the observation."
sig_0027,RFC 9905,Deprecating the Use of SHA-1 in DNSSEC Signature Algorithms,no_match,0.0,none,true,2025-11-01T00:00:00,2025-11-01T00:00:00,250.34.174.in-addr.arpa,arin,,rfc9905_deprecated_sha1_in_delegation; rfc9905_deprecated_sha1_signature_still_published,,,0.0,1.25,0.0,0.0,3.0,0.0,0.0,0.0,0.0,trace_sig_0027_rfc9905,"RFC 9905 does not explain signal sig_0027: the required indicator rfc9905_deprecated_sha1_signature_still_published failed because rr_type=DS is not in [DNSKEY, RRSIG, CDNSKEY]. The observation on 2025-11-01 is 0 days after RFC 9905's publication on 2025-11-01, so the timestamp is valid. Score 0.0 (none): no required indicator matched, so there is nothing to score."
sig_0027,RFC 9906,Deprecate Usage of ECC-GOST within DNSSEC,no_match,0.0,none,true,2025-11-01T00:00:00,2025-11-01T00:00:00,250.34.174.in-addr.arpa,arin,,rfc9906_deprecated_ecc_gost_still_published; rfc9906_deprecated_gost_digest_still_published,,,0.0,1.5,0.0,0.0,3.0,0.0,0.0,0.0,0.0,trace_sig_0027_rfc9906,"RFC 9906 does not explain signal sig_0027: the required indicator rfc9906_deprecated_ecc_gost_still_published failed because algorithm=15 does not equal the expected value 12. The observation on 2025-11-01 is 0 days after RFC 9906's publication on 2025-11-01, so the timestamp is valid. Score 0.0 (none): no required indicator matched, so there is nothing to score."
sig_0028,RFC 8080,Edwards-Curve Digital Security Algorithm (EdDSA) for DNSSEC,valid_match,17.25,very_high,true,2025-11-01T00:00:00,2017-02-01T00:00:00,88.148.in-addr.arpa,arin,rfc8080_eddsa_algorithm; rfc8080_eddsa_on_key_or_signature,,algorithm; rr_type,,10.0,1.5,0.0,1.5,0.0,0.0,0.0,0.0,17.25,trace_sig_0028_rfc8080,"RFC 8080 matched signal sig_0028: the required indicator rfc8080_eddsa_algorithm passed because algorithm=15 is in [15, 16]. Corroborating indicators also matched: rfc8080_eddsa_on_key_or_signature. The observation on 2025-11-01 is 3195 days after RFC 8080's publication on 2017-02-01, so the timestamp is valid. Score 17.25 (very_high) = (10.0 required + 1.5 optional) x 1.5 very_high specificity."
sig_0028,RFC 4509,Use of SHA-256 in DNSSEC Delegation Signer (DS) Resource Records,valid_match,11.25,high,true,2025-11-01T00:00:00,2006-05-01T00:00:00,88.148.in-addr.arpa,arin,rfc4509_ds_sha256_digest,,digest_type; rr_type,,9.0,1.25,0.0,0.0,0.0,0.0,0.0,0.0,11.25,trace_sig_0028_rfc4509,"RFC 4509 matched signal sig_0028: the required indicator rfc4509_ds_sha256_digest passed because rr_type=DS is in [DS, CDS] and digest_type=2 equals the expected value 2. The observation on 2025-11-01 is 7124 days after RFC 4509's publication on 2006-05-01, so the timestamp is valid. Score 11.25 (high) = (9.0 required) x 1.25 high specificity."
sig_0028,RFC 4033,DNS Security Introduction and Requirements (DNSSEC base: RFC 4033/4034/4035),valid_match,3.75,low,true,2025-11-01T00:00:00,2005-03-01T00:00:00,88.148.in-addr.arpa,arin,rfc4033_base_dnssec_record_present; rfc4033_dnssec_algorithm_present,rfc4033_dnssec_ok_negotiated,algorithm; rr_type,dnssec_ok_flag,4.0,0.75,0.0,1.0,0.0,0.0,0.0,0.0,3.75,trace_sig_0028_rfc4033,"RFC 4033 matched signal sig_0028: the required indicator rfc4033_base_dnssec_record_present passed because rr_type=DS is in [DNSKEY, DS, RRSIG, NSEC]. Corroborating indicators also matched: rfc4033_dnssec_algorithm_present. Indicator rfc4033_dnssec_ok_negotiated did not match: field 'dnssec_ok_flag' is absent from this observation, so the condition 'dnssec_ok_flag must equal true' could not be satisfied (absence is not evidence). The observation on 2025-11-01 is 7550 days after RFC 4033's publication on 2005-03-01, so the timestamp is valid. Score 3.75 (low) = (4.0 required + 1.0 optional) x 0.75 low specificity."
sig_0028,RFC 8624,Algorithm Implementation Requirements and Usage Guidance for DNSSEC,ambiguous,3.375,low,true,2025-11-01T00:00:00,2019-06-01T00:00:00,88.148.in-addr.arpa,arin,rfc8624_avoids_deprecated_algorithm; rfc8624_recommended_signing_algorithm,,algorithm,rr_type; validator_algorithm_support,5.0,0.75,0.0,1.5,0.0,0.0,2.0,0.0,3.375,trace_sig_0028_rfc8624,"RFC 8624 is an ambiguous match for signal sig_0028: the required indicator rfc8624_recommended_signing_algorithm passed because algorithm=15 is in [13, 15]. Corroborating indicators also matched: rfc8624_avoids_deprecated_algorithm. The checklist flags rfc8624_avoids_deprecated_algorithm, rfc8624_recommended_signing_algorithm ambiguous: the same observation is equally explained by other RFCs, so the match is penalized and sent to the review queue rather than reported as adoption. The observation on 2025-11-01 is 2345 days after RFC 8624's publication on 2019-06-01, so the timestamp is valid. Score 3.375 (low) = (5.0 required + 1.5 optional - 2.0 ambiguity penalty) x 0.75 low specificity."
sig_0028,RFC 4034,Resource Records for the DNS Security Extensions,valid_match,3.0,low,true,2025-11-01T00:00:00,2005-03-01T00:00:00,88.148.in-addr.arpa,arin,rfc4034_core_record_present,rfc4034_dnskey_protocol_is_three; rfc4034_rrsig_type_covered_present,rr_type,dnskey_protocol; rrsig_type_covered,3.0,1.0,0.0,0.0,0.0,0.0,0.0,0.0,3.0,trace_sig_0028_rfc4034,"RFC 4034 matched signal sig_0028: the required indicator rfc4034_core_record_present passed because rr_type=DS is in [DNSKEY, DS, RRSIG, NSEC]. Indicator rfc4034_dnskey_protocol_is_three did not match: rr_type=DS is not in [DNSKEY, CDNSKEY]. The observation on 2025-11-01 is 7550 days after RFC 4034's publication on 2005-03-01, so the timestamp is valid. Score 3.0 (low) = (3.0 required) x 1.0 medium specificity."
sig_0028,RFC 3110,RSA/SHA-1 SIGs and RSA KEYs in the Domain Name System (DNS),no_match,0.0,none,true,2025-11-01T00:00:00,2001-05-01T00:00:00,88.148.in-addr.arpa,arin,,rfc3110_rsasha1_algorithm; rfc3110_rsasha1_on_key_or_signature,,,0.0,1.25,0.0,0.0,3.0,0.0,0.0,0.0,0.0,trace_sig_0028_rfc3110,"RFC 3110 does not explain signal sig_0028: the required indicator rfc3110_rsasha1_algorithm failed because algorithm=15 does not equal the expected value 5. The observation on 2025-11-01 is 8950 days after RFC 3110's publication on 2001-05-01, so the timestamp is valid. Score 0.0 (none): no required indicator matched, so there is nothing to score."
sig_0028,RFC 4035,Protocol Modifications for the DNS Security Extensions,non_queryable,0.0,none,true,2025-11-01T00:00:00,2005-03-01T00:00:00,88.148.in-addr.arpa,arin,,,,dnssec_ok_flag,0.0,0.75,0.0,0.0,0.0,0.0,0.0,0.0,0.0,trace_sig_0028_rfc4035,"RFC 4035 could not be evaluated against signal sig_0028: every required indicator (rfc4035_dnssec_ok_negotiated) depends on fields the OpenINTEL corpus does not export, so no verdict is possible in either direction. The observation on 2025-11-01 is 7550 days after RFC 4035's publication on 2005-03-01, so the timestamp is valid. This is a corpus limitation, not a statement about the observation."
sig_0028,RFC 5011,Automated Updates of DNS Security (DNSSEC) Trust Anchors,no_match,0.0,none,true,2025-11-01T00:00:00,2007-09-01T00:00:00,88.148.in-addr.arpa,arin,,rfc5011_revoked_key_published,,flags,0.0,1.25,0.0,0.0,3.0,0.0,0.0,0.0,0.0,trace_sig_0028_rfc5011,"RFC 5011 does not explain signal sig_0028: the required indicator rfc5011_revoked_key_published failed because rr_type=DS does not equal the expected value DNSKEY. The observation on 2025-11-01 is 6636 days after RFC 5011's publication on 2007-09-01, so the timestamp is valid. Score 0.0 (none): no required indicator matched, so there is nothing to score."
sig_0028,RFC 5155,DNS Security (DNSSEC) Hashed Authenticated Denial of Existence,no_match,0.0,none,true,2025-11-01T00:00:00,2008-03-01T00:00:00,88.148.in-addr.arpa,arin,,rfc5155_nsec3_hash_algorithm; rfc5155_nsec3_record_present,,,0.0,1.5,0.0,0.0,3.0,0.0,0.0,0.0,0.0,trace_sig_0028_rfc5155,"RFC 5155 does not explain signal sig_0028: the required indicator rfc5155_nsec3_record_present failed because rr_type=DS is not in [NSEC3, NSEC3PARAM]. The observation on 2025-11-01 is 6454 days after RFC 5155's publication on 2008-03-01, so the timestamp is valid. Score 0.0 (none): no required indicator matched, so there is nothing to score."
sig_0028,RFC 5702,Use of SHA-2 Algorithms with RSA in DNSKEY and RRSIG Resource Records for DNSSEC,no_match,0.0,none,true,2025-11-01T00:00:00,2009-10-01T00:00:00,88.148.in-addr.arpa,arin,,rfc5702_rsa_sha2_algorithm; rfc5702_rsa_sha2_on_dnssec_record,,,0.0,1.25,0.0,0.0,3.0,0.0,0.0,0.0,0.0,trace_sig_0028_rfc5702,"RFC 5702 does not explain signal sig_0028: the required indicator rfc5702_rsa_sha2_algorithm failed because algorithm=15 is not in [8, 10]. The observation on 2025-11-01 is 5875 days after RFC 5702's publication on 2009-10-01, so the timestamp is valid. Score 0.0 (none): no required indicator matched, so there is nothing to score."
sig_0028,RFC 5933,Use of GOST Signature Algorithms in DNSKEY and RRSIG Resource Records for DNSSEC,no_match,0.0,none,true,2025-11-01T00:00:00,2010-07-01T00:00:00,88.148.in-addr.arpa,arin,,rfc5933_ecc_gost_algorithm; rfc5933_gost_ds_digest,,,0.0,1.5,0.0,0.0,3.0,0.0,0.0,0.0,0.0,trace_sig_0028_rfc5933,"RFC 5933 does not explain signal sig_0028: the required indicator rfc5933_ecc_gost_algorithm failed because algorithm=15 does not equal the expected value 12. The observation on 2025-11-01 is 5602 days after RFC 5933's publication on 2010-07-01, so the timestamp is valid. Score 0.0 (none): no required indicator matched, so there is nothing to score."
sig_0028,RFC 6605,Elliptic Curve Digital Signature Algorithm (DSA) for DNSSEC,no_match,0.0,none,true,2025-11-01T00:00:00,2012-04-01T00:00:00,88.148.in-addr.arpa,arin,,rfc6605_ecdsa_algorithm; rfc6605_ecdsa_on_key_or_signature,,,0.0,1.25,0.0,0.0,3.0,0.0,0.0,0.0,0.0,trace_sig_0028_rfc6605,"RFC 6605 does not explain signal sig_0028: the required indicator rfc6605_ecdsa_algorithm failed because algorithm=15 is not in [13, 14]. The observation on 2025-11-01 is 4962 days after RFC 6605's publication on 2012-04-01, so the timestamp is valid. Score 0.0 (none): no required indicator matched, so there is nothing to score."
sig_0028,RFC 6698,The DNS-Based Authentication of Named Entities (DANE) Transport Layer Security (TLS) Protocol: TLSA,no_match,0.0,none,true,2025-11-01T00:00:00,2012-08-01T00:00:00,88.148.in-addr.arpa,arin,,rfc6698_tlsa_fields_well_formed; rfc6698_tlsa_record_present,,tlsa_matchtype; tlsa_usage,0.0,1.5,0.0,0.0,3.0,0.0,0.0,0.0,0.0,trace_sig_0028_rfc6698,"RFC 6698 does not explain signal sig_0028: the required indicator rfc6698_tlsa_record_present failed because rr_type=DS does not equal the expected value TLSA. The observation on 2025-11-01 is 4840 days after RFC 6698's publication on 2012-08-01, so the timestamp is valid. Score 0.0 (none): no required indicator matched, so there is nothing to score."
sig_0028,RFC 6781,"DNSSEC Operational Practices, Version 2",no_match,0.0,none,true,2025-11-01T00:00:00,2012-12-01T00:00:00,88.148.in-addr.arpa,arin,,rfc6781_ksk_zsk_separation,,flags,0.0,0.75,0.0,0.0,3.0,0.0,0.0,0.0,0.0,trace_sig_0028_rfc6781,"RFC 6781 does not explain signal sig_0028: the required indicator rfc6781_ksk_zsk_separation failed because rr_type=DS does not equal the expected value DNSKEY. The observation on 2025-11-01 is 4718 days after RFC 6781's publication on 2012-12-01, so the timestamp is valid. Score 0.0 (none): no required indicator matched, so there is nothing to score."
sig_0028,RFC 6840,Clarifications and Implementation Notes for DNS Security (DNSSEC),non_queryable,0.0,none,true,2025-11-01T00:00:00,2013-02-01T00:00:00,88.148.in-addr.arpa,arin,,,,name_algorithm_set_consistency,0.0,0.75,0.0,0.0,0.0,0.0,0.0,0.0,0.0,trace_sig_0028_rfc6840,"RFC 6840 could not be evaluated against signal sig_0028: every required indicator (rfc6840_mandatory_algorithm_rules) depends on fields the OpenINTEL corpus does not export, so no verdict is possible in either direction. The observation on 2025-11-01 is 4656 days after RFC 6840's publication on 2013-02-01, so the timestamp is valid. This is a corpus limitation, not a statement about the observation."
sig_0028,RFC 7344,Automating DNSSEC Delegation Trust Maintenance,no_match,0.0,none,true,2025-11-01T00:00:00,2014-09-01T00:00:00,88.148.in-addr.arpa,arin,,rfc7344_cds_cdnskey_present; rfc7344_cds_publishes_digest,,,0.0,1.25,0.0,0.0,3.0,0.0,0.0,0.0,0.0,trace_sig_0028_rfc7344,"RFC 7344 does not explain signal sig_0028: the required indicator rfc7344_cds_cdnskey_present failed because rr_type=DS is not in [CDS, CDNSKEY]. The observation on 2025-11-01 is 4079 days after RFC 7344's publication on 2014-09-01, so the timestamp is valid. Score 0.0 (none): no required indicator matched, so there is nothing to score."
sig_0028,RFC 7583,DNSSEC Key Rollover Timing Considerations,non_queryable,0.0,none,true,2025-11-01T00:00:00,2015-10-01T00:00:00,88.148.in-addr.arpa,arin,,,,key_rollover_phase,0.0,0.75,0.0,0.0,0.0,0.0,0.0,0.0,0.0,trace_sig_0028_rfc7583,"RFC 7583 could not be evaluated against signal sig_0028: every required indicator (rfc7583_rollover_timing_observed) depends on fields the OpenINTEL corpus does not export, so no verdict is possible in either direction. The observation on 2025-11-01 is 3684 days after RFC 7583's publication on 2015-10-01, so the timestamp is valid. This is a corpus limitation, not a statement about the observation."
sig_0028,RFC 7671,The DNS-Based Authentication of Named Entities (DANE) Protocol: Updates and Operational Guidance,no_match,0.0,none,true,2025-11-01T00:00:00,2015-10-01T00:00:00,88.148.in-addr.arpa,arin,,rfc7671_dane_usage_preferred,,tlsa_usage,0.0,1.25,0.0,0.0,3.0,0.0,0.0,0.0,0.0,trace_sig_0028_rfc7671,"RFC 7671 does not explain signal sig_0028: the required indicator rfc7671_dane_usage_preferred failed because rr_type=DS does not equal the expected value TLSA. The observation on 2025-11-01 is 3684 days after RFC 7671's publication on 2015-10-01, so the timestamp is valid. Score 0.0 (none): no required indicator matched, so there is nothing to score."
sig_0028,RFC 7672,SMTP Security via Opportunistic DNS-Based Authentication of Named Entities (DANE) Transport Layer Security (TLS),no_match,0.0,none,true,2025-11-01T00:00:00,2015-10-01T00:00:00,88.148.in-addr.arpa,arin,,rfc7672_smtp_dane_tlsa,,domain,0.0,1.5,0.0,0.0,3.0,0.0,0.0,0.0,0.0,trace_sig_0028_rfc7672,"RFC 7672 does not explain signal sig_0028: the required indicator rfc7672_smtp_dane_tlsa failed because rr_type=DS does not equal the expected value TLSA. The observation on 2025-11-01 is 3684 days after RFC 7672's publication on 2015-10-01, so the timestamp is valid. Score 0.0 (none): no required indicator matched, so there is nothing to score."
sig_0028,RFC 8078,Managing DS Records from the Parent via CDS/CDNSKEY,no_match,0.0,none,true,2025-11-01T00:00:00,2017-03-01T00:00:00,88.148.in-addr.arpa,arin,,rfc8078_cds_cdnskey_algorithm_zero; rfc8078_delete_signal_digest_zero,,,0.0,1.5,0.0,0.0,3.0,0.0,0.0,0.0,0.0,trace_sig_0028_rfc8078,"RFC 8078 does not explain signal sig_0028: the required indicator rfc8078_cds_cdnskey_algorithm_zero failed because rr_type=DS is not in [CDS, CDNSKEY]. The observation on 2025-11-01 is 3167 days after RFC 8078's publication on 2017-03-01, so the timestamp is valid. Score 0.0 (none): no required indicator matched, so there is nothing to score."
sig_0028,RFC 8198,Aggressive Use of DNSSEC-Validated Cache,non_queryable,0.0,none,true,2025-11-01T00:00:00,2017-07-01T00:00:00,88.148.in-addr.arpa,arin,,,,resolver_synthesised_nxdomain,0.0,1.0,0.0,0.0,0.0,0.0,0.0,0.0,0.0,trace_sig_0028_rfc8198,"RFC 8198 could not be evaluated against signal sig_0028: every required indicator (rfc8198_aggressive_nsec_use) depends on fields the OpenINTEL corpus does not export, so no verdict is possible in either direction. The observation on 2025-11-01 is 3045 days after RFC 8198's publication on 2017-07-01, so the timestamp is valid. This is a corpus limitation, not a statement about the observation."
sig_0028,RFC 9077,NSEC and NSEC3: TTLs and Aggressive Use,no_match,0.0,none,true,2025-11-01T00:00:00,2021-07-01T00:00:00,88.148.in-addr.arpa,arin,,rfc9077_nsec_ttl_bounded,,record_ttl,0.0,1.25,0.0,0.0,3.0,0.0,0.0,0.0,0.0,trace_sig_0028_rfc9077,"RFC 9077 does not explain signal sig_0028: the required indicator rfc9077_nsec_ttl_bounded failed because rr_type=DS is not in [NSEC, NSEC3]. The observation on 2025-11-01 is 1584 days after RFC 9077's publication on 2021-07-01, so the timestamp is valid. Score 0.0 (none): no required indicator matched, so there is nothing to score."
sig_0028,RFC 9276,Guidance for NSEC3 Parameter Settings,no_match,0.0,none,true,2025-11-01T00:00:00,2022-08-01T00:00:00,88.148.in-addr.arpa,arin,,rfc9276_empty_nsec3_salt; rfc9276_zero_nsec3_iterations,,nsec3_iterations; nsec3_salt,0.0,1.5,0.0,0.0,3.0,0.0,0.0,0.0,0.0,trace_sig_0028_rfc9276,"RFC 9276 does not explain signal sig_0028: the required indicator rfc9276_zero_nsec3_iterations failed because rr_type=DS is not in [NSEC3, NSEC3PARAM]. The observation on 2025-11-01 is 1188 days after RFC 9276's publication on 2022-08-01, so the timestamp is valid. Score 0.0 (none): no required indicator matched, so there is nothing to score."
sig_0028,RFC 9364,DNS Security Extensions (DNSSEC),non_queryable,0.0,none,true,2025-11-01T00:00:00,2023-02-01T00:00:00,88.148.in-addr.arpa,arin,,,,declared_standards_profile,0.0,0.75,0.0,0.0,0.0,0.0,0.0,0.0,0.0,trace_sig_0028_rfc9364,"RFC 9364 could not be evaluated against signal sig_0028: every required indicator (rfc9364_bcp_profile_declared) depends on fields the OpenINTEL corpus does not export, so no verdict is possible in either direction. The observation on 2025-11-01 is 1004 days after RFC 9364's publication on 2023-02-01, so the timestamp is valid. This is a corpus limitation, not a statement about the observation."
sig_0028,RFC 9558,Use of GOST 2012 Signature Algorithms in DNSKEY and RRSIG Resource Records for DNSSEC,no_match,0.0,none,true,2025-11-01T00:00:00,2024-04-01T00:00:00,88.148.in-addr.arpa,arin,,rfc9558_gost2012_algorithm; rfc9558_gost2012_ds_digest,,,0.0,1.5,0.0,0.0,3.0,0.0,0.0,0.0,0.0,trace_sig_0028_rfc9558,"RFC 9558 does not explain signal sig_0028: the required indicator rfc9558_gost2012_algorithm failed because algorithm=15 does not equal the expected value 23. The observation on 2025-11-01 is 579 days after RFC 9558's publication on 2024-04-01, so the timestamp is valid. Score 0.0 (none): no required indicator matched, so there is nothing to score."
sig_0028,RFC 9563,SM2 Digital Signature Algorithm for DNSSEC,no_match,0.0,none,true,2025-11-01T00:00:00,2024-12-01T00:00:00,88.148.in-addr.arpa,arin,,rfc9563_sm2sm3_algorithm; rfc9563_sm3_ds_digest,,,0.0,1.5,0.0,0.0,3.0,0.0,0.0,0.0,0.0,trace_sig_0028_rfc9563,"RFC 9563 does not explain signal sig_0028: the required indicator rfc9563_sm2sm3_algorithm failed because algorithm=15 does not equal the expected value 17. The observation on 2025-11-01 is 335 days after RFC 9563's publication on 2024-12-01, so the timestamp is valid. Score 0.0 (none): no required indicator matched, so there is nothing to score."
sig_0028,RFC 9615,Automatic DNSSEC Bootstrapping Using Authenticated Signals from the Zone's Operator,non_queryable,0.0,none,true,2025-11-01T00:00:00,2024-07-01T00:00:00,88.148.in-addr.arpa,arin,,,,domain; rr_type,0.0,1.5,0.0,0.0,0.0,0.0,0.0,0.0,0.0,trace_sig_0028_rfc9615,"RFC 9615 could not be evaluated against signal sig_0028: every required indicator (rfc9615_bootstrap_signal_label) depends on fields the OpenINTEL corpus does not export, so no verdict is possible in either direction. The observation on 2025-11-01 is 488 days after RFC 9615's publication on 2024-07-01, so the timestamp is valid. This is a corpus limitation, not a statement about the observation."
sig_0028,RFC 9904,DNSSEC Cryptographic Algorithm Recommendation Update Process,non_queryable,0.0,none,true,2025-11-01T00:00:00,2025-11-01T00:00:00,88.148.in-addr.arpa,arin,,,,guidance_source_registry,0.0,0.75,0.0,0.0,0.0,0.0,0.0,0.0,0.0,trace_sig_0028_rfc9904,"RFC 9904 could not be evaluated against signal sig_0028: every required indicator (rfc9904_algorithm_guidance_process) depends on fields the OpenINTEL corpus does not export, so no verdict is possible in either direction. The observation on 2025-11-01 is 0 days after RFC 9904's publication on 2025-11-01, so the timestamp is valid. This is a corpus limitation, not a statement about the observation."
sig_0028,RFC 9905,Deprecating the Use of SHA-1 in DNSSEC Signature Algorithms,no_match,0.0,none,true,2025-11-01T00:00:00,2025-11-01T00:00:00,88.148.in-addr.arpa,arin,,rfc9905_deprecated_sha1_in_delegation; rfc9905_deprecated_sha1_signature_still_published,,,0.0,1.25,0.0,0.0,3.0,0.0,0.0,0.0,0.0,trace_sig_0028_rfc9905,"RFC 9905 does not explain signal sig_0028: the required indicator rfc9905_deprecated_sha1_signature_still_published failed because rr_type=DS is not in [DNSKEY, RRSIG, CDNSKEY]. The observation on 2025-11-01 is 0 days after RFC 9905's publication on 2025-11-01, so the timestamp is valid. Score 0.0 (none): no required indicator matched, so there is nothing to score."
sig_0028,RFC 9906,Deprecate Usage of ECC-GOST within DNSSEC,no_match,0.0,none,true,2025-11-01T00:00:00,2025-11-01T00:00:00,88.148.in-addr.arpa,arin,,rfc9906_deprecated_ecc_gost_still_published; rfc9906_deprecated_gost_digest_still_published,,,0.0,1.5,0.0,0.0,3.0,0.0,0.0,0.0,0.0,trace_sig_0028_rfc9906,"RFC 9906 does not explain signal sig_0028: the required indicator rfc9906_deprecated_ecc_gost_still_published failed because algorithm=15 does not equal the expected value 12. The observation on 2025-11-01 is 0 days after RFC 9906's publication on 2025-11-01, so the timestamp is valid. Score 0.0 (none): no required indicator matched, so there is nothing to score."
sig_0029,RFC 5702,Use of SHA-2 Algorithms with RSA in DNSKEY and RRSIG Resource Records for DNSSEC,valid_match,13.125,very_high,true,2026-02-01T00:00:00,2009-10-01T00:00:00,241.223.102.in-addr.arpa,afrinic,rfc5702_rsa_sha2_algorithm; rfc5702_rsa_sha2_on_dnssec_record,,algorithm; rr_type,,9.0,1.25,0.0,1.5,0.0,0.0,0.0,0.0,13.125,trace_sig_0029_rfc5702,"RFC 5702 matched signal sig_0029: the required indicator rfc5702_rsa_sha2_algorithm passed because algorithm=8 is in [8, 10]. Corroborating indicators also matched: rfc5702_rsa_sha2_on_dnssec_record. The observation on 2026-02-01 is 5967 days after RFC 5702's publication on 2009-10-01, so the timestamp is valid. Score 13.125 (very_high) = (9.0 required + 1.5 optional) x 1.25 high specificity."
sig_0029,RFC 4033,DNS Security Introduction and Requirements (DNSSEC base: RFC 4033/4034/4035),valid_match,3.75,low,true,2026-02-01T00:00:00,2005-03-01T00:00:00,241.223.102.in-addr.arpa,afrinic,rfc4033_base_dnssec_record_present; rfc4033_dnssec_algorithm_present,rfc4033_dnssec_ok_negotiated,algorithm; rr_type,dnssec_ok_flag,4.0,0.75,0.0,1.0,0.0,0.0,0.0,0.0,3.75,trace_sig_0029_rfc4033,"RFC 4033 matched signal sig_0029: the required indicator rfc4033_base_dnssec_record_present passed because rr_type=DS is in [DNSKEY, DS, RRSIG, NSEC]. Corroborating indicators also matched: rfc4033_dnssec_algorithm_present. Indicator rfc4033_dnssec_ok_negotiated did not match: field 'dnssec_ok_flag' is absent from this observation, so the condition 'dnssec_ok_flag must equal true' could not be satisfied (absence is not evidence). The observation on 2026-02-01 is 7642 days after RFC 4033's publication on 2005-03-01, so the timestamp is valid. Score 3.75 (low) = (4.0 required + 1.0 optional) x 0.75 low specificity."
sig_0029,RFC 4034,Resource Records for the DNS Security Extensions,valid_match,3.0,low,true,2026-02-01T00:00:00,2005-03-01T00:00:00,241.223.102.in-addr.arpa,afrinic,rfc4034_core_record_present,rfc4034_dnskey_protocol_is_three; rfc4034_rrsig_type_covered_present,rr_type,dnskey_protocol; rrsig_type_covered,3.0,1.0,0.0,0.0,0.0,0.0,0.0,0.0,3.0,trace_sig_0029_rfc4034,"RFC 4034 matched signal sig_0029: the required indicator rfc4034_core_record_present passed because rr_type=DS is in [DNSKEY, DS, RRSIG, NSEC]. Indicator rfc4034_dnskey_protocol_is_three did not match: rr_type=DS is not in [DNSKEY, CDNSKEY]. The observation on 2026-02-01 is 7642 days after RFC 4034's publication on 2005-03-01, so the timestamp is valid. Score 3.0 (low) = (3.0 required) x 1.0 medium specificity."
sig_0029,RFC 3110,RSA/SHA-1 SIGs and RSA KEYs in the Domain Name System (DNS),no_match,0.0,none,true,2026-02-01T00:00:00,2001-05-01T00:00:00,241.223.102.in-addr.arpa,afrinic,,rfc3110_rsasha1_algorithm; rfc3110_rsasha1_on_key_or_signature,,,0.0,1.25,0.0,0.0,3.0,0.0,0.0,0.0,0.0,trace_sig_0029_rfc3110,"RFC 3110 does not explain signal sig_0029: the required indicator rfc3110_rsasha1_algorithm failed because algorithm=8 does not equal the expected value 5. The observation on 2026-02-01 is 9042 days after RFC 3110's publication on 2001-05-01, so the timestamp is valid. Score 0.0 (none): no required indicator matched, so there is nothing to score."
sig_0029,RFC 4035,Protocol Modifications for the DNS Security Extensions,non_queryable,0.0,none,true,2026-02-01T00:00:00,2005-03-01T00:00:00,241.223.102.in-addr.arpa,afrinic,,,,dnssec_ok_flag,0.0,0.75,0.0,0.0,0.0,0.0,0.0,0.0,0.0,trace_sig_0029_rfc4035,"RFC 4035 could not be evaluated against signal sig_0029: every required indicator (rfc4035_dnssec_ok_negotiated) depends on fields the OpenINTEL corpus does not export, so no verdict is possible in either direction. The observation on 2026-02-01 is 7642 days after RFC 4035's publication on 2005-03-01, so the timestamp is valid. This is a corpus limitation, not a statement about the observation."
sig_0029,RFC 4509,Use of SHA-256 in DNSSEC Delegation Signer (DS) Resource Records,no_match,0.0,none,true,2026-02-01T00:00:00,2006-05-01T00:00:00,241.223.102.in-addr.arpa,afrinic,,rfc4509_ds_sha256_digest,,,0.0,1.25,0.0,0.0,3.0,0.0,0.0,0.0,0.0,trace_sig_0029_rfc4509,"RFC 4509 does not explain signal sig_0029: the required indicator rfc4509_ds_sha256_digest failed because digest_type=3 does not equal the expected value 2. The observation on 2026-02-01 is 7216 days after RFC 4509's publication on 2006-05-01, so the timestamp is valid. Score 0.0 (none): no required indicator matched, so there is nothing to score."
sig_0029,RFC 5011,Automated Updates of DNS Security (DNSSEC) Trust Anchors,no_match,0.0,none,true,2026-02-01T00:00:00,2007-09-01T00:00:00,241.223.102.in-addr.arpa,afrinic,,rfc5011_revoked_key_published,,flags,0.0,1.25,0.0,0.0,3.0,0.0,0.0,0.0,0.0,trace_sig_0029_rfc5011,"RFC 5011 does not explain signal sig_0029: the required indicator rfc5011_revoked_key_published failed because rr_type=DS does not equal the expected value DNSKEY. The observation on 2026-02-01 is 6728 days after RFC 5011's publication on 2007-09-01, so the timestamp is valid. Score 0.0 (none): no required indicator matched, so there is nothing to score."
sig_0029,RFC 5155,DNS Security (DNSSEC) Hashed Authenticated Denial of Existence,no_match,0.0,none,true,2026-02-01T00:00:00,2008-03-01T00:00:00,241.223.102.in-addr.arpa,afrinic,,rfc5155_nsec3_hash_algorithm; rfc5155_nsec3_record_present,,,0.0,1.5,0.0,0.0,3.0,0.0,0.0,0.0,0.0,trace_sig_0029_rfc5155,"RFC 5155 does not explain signal sig_0029: the required indicator rfc5155_nsec3_record_present failed because rr_type=DS is not in [NSEC3, NSEC3PARAM]. The observation on 2026-02-01 is 6546 days after RFC 5155's publication on 2008-03-01, so the timestamp is valid. Score 0.0 (none): no required indicator matched, so there is nothing to score."
sig_0029,RFC 5933,Use of GOST Signature Algorithms in DNSKEY and RRSIG Resource Records for DNSSEC,partial_match,0.0,none,true,2026-02-01T00:00:00,2010-07-01T00:00:00,241.223.102.in-addr.arpa,afrinic,rfc5933_gost_ds_digest,rfc5933_ecc_gost_algorithm,digest_type; rr_type,,0.0,1.5,0.0,2.0,3.0,0.0,0.0,0.0,0.0,trace_sig_0029_rfc5933,"RFC 5933 partially matches signal sig_0029: the optional indicator rfc5933_gost_ds_digest passed because rr_type=DS is in [DS, CDS] and digest_type=3 equals the expected value 3. The required indicator rfc5933_ecc_gost_algorithm was not satisfied: algorithm=8 does not equal the expected value 12. The observation on 2026-02-01 is 5694 days after RFC 5933's publication on 2010-07-01, so the timestamp is valid. Score 0.0 (none): the penalties leave a raw total of -1.0, which is clamped to 0 before the 1.5 very_high specificity multiplier."
sig_0029,RFC 6605,Elliptic Curve Digital Signature Algorithm (DSA) for DNSSEC,no_match,0.0,none,true,2026-02-01T00:00:00,2012-04-01T00:00:00,241.223.102.in-addr.arpa,afrinic,,rfc6605_ecdsa_algorithm; rfc6605_ecdsa_on_key_or_signature,,,0.0,1.25,0.0,0.0,3.0,0.0,0.0,0.0,0.0,trace_sig_0029_rfc6605,"RFC 6605 does not explain signal sig_0029: the required indicator rfc6605_ecdsa_algorithm failed because algorithm=8 is not in [13, 14]. The observation on 2026-02-01 is 5054 days after RFC 6605's publication on 2012-04-01, so the timestamp is valid. Score 0.0 (none): no required indicator matched, so there is nothing to score."
sig_0029,RFC 6698,The DNS-Based Authentication of Named Entities (DANE) Transport Layer Security (TLS) Protocol: TLSA,no_match,0.0,none,true,2026-02-01T00:00:00,2012-08-01T00:00:00,241.223.102.in-addr.arpa,afrinic,,rfc6698_tlsa_fields_well_formed; rfc6698_tlsa_record_present,,tlsa_matchtype; tlsa_usage,0.0,1.5,0.0,0.0,3.0,0.0,0.0,0.0,0.0,trace_sig_0029_rfc6698,"RFC 6698 does not explain signal sig_0029: the required indicator rfc6698_tlsa_record_present failed because rr_type=DS does not equal the expected value TLSA. The observation on 2026-02-01 is 4932 days after RFC 6698's publication on 2012-08-01, so the timestamp is valid. Score 0.0 (none): no required indicator matched, so there is nothing to score."
sig_0029,RFC 6781,"DNSSEC Operational Practices, Version 2",no_match,0.0,none,true,2026-02-01T00:00:00,2012-12-01T00:00:00,241.223.102.in-addr.arpa,afrinic,,rfc6781_ksk_zsk_separation,,flags,0.0,0.75,0.0,0.0,3.0,0.0,0.0,0.0,0.0,trace_sig_0029_rfc6781,"RFC 6781 does not explain signal sig_0029: the required indicator rfc6781_ksk_zsk_separation failed because rr_type=DS does not equal the expected value DNSKEY. The observation on 2026-02-01 is 4810 days after RFC 6781's publication on 2012-12-01, so the timestamp is valid. Score 0.0 (none): no required indicator matched, so there is nothing to score."
sig_0029,RFC 6840,Clarifications and Implementation Notes for DNS Security (DNSSEC),non_queryable,0.0,none,true,2026-02-01T00:00:00,2013-02-01T00:00:00,241.223.102.in-addr.arpa,afrinic,,,,name_algorithm_set_consistency,0.0,0.75,0.0,0.0,0.0,0.0,0.0,0.0,0.0,trace_sig_0029_rfc6840,"RFC 6840 could not be evaluated against signal sig_0029: every required indicator (rfc6840_mandatory_algorithm_rules) depends on fields the OpenINTEL corpus does not export, so no verdict is possible in either direction. The observation on 2026-02-01 is 4748 days after RFC 6840's publication on 2013-02-01, so the timestamp is valid. This is a corpus limitation, not a statement about the observation."
sig_0029,RFC 7344,Automating DNSSEC Delegation Trust Maintenance,no_match,0.0,none,true,2026-02-01T00:00:00,2014-09-01T00:00:00,241.223.102.in-addr.arpa,afrinic,,rfc7344_cds_cdnskey_present; rfc7344_cds_publishes_digest,,,0.0,1.25,0.0,0.0,3.0,0.0,0.0,0.0,0.0,trace_sig_0029_rfc7344,"RFC 7344 does not explain signal sig_0029: the required indicator rfc7344_cds_cdnskey_present failed because rr_type=DS is not in [CDS, CDNSKEY]. The observation on 2026-02-01 is 4171 days after RFC 7344's publication on 2014-09-01, so the timestamp is valid. Score 0.0 (none): no required indicator matched, so there is nothing to score."
sig_0029,RFC 7583,DNSSEC Key Rollover Timing Considerations,non_queryable,0.0,none,true,2026-02-01T00:00:00,2015-10-01T00:00:00,241.223.102.in-addr.arpa,afrinic,,,,key_rollover_phase,0.0,0.75,0.0,0.0,0.0,0.0,0.0,0.0,0.0,trace_sig_0029_rfc7583,"RFC 7583 could not be evaluated against signal sig_0029: every required indicator (rfc7583_rollover_timing_observed) depends on fields the OpenINTEL corpus does not export, so no verdict is possible in either direction. The observation on 2026-02-01 is 3776 days after RFC 7583's publication on 2015-10-01, so the timestamp is valid. This is a corpus limitation, not a statement about the observation."
sig_0029,RFC 7671,The DNS-Based Authentication of Named Entities (DANE) Protocol: Updates and Operational Guidance,no_match,0.0,none,true,2026-02-01T00:00:00,2015-10-01T00:00:00,241.223.102.in-addr.arpa,afrinic,,rfc7671_dane_usage_preferred,,tlsa_usage,0.0,1.25,0.0,0.0,3.0,0.0,0.0,0.0,0.0,trace_sig_0029_rfc7671,"RFC 7671 does not explain signal sig_0029: the required indicator rfc7671_dane_usage_preferred failed because rr_type=DS does not equal the expected value TLSA. The observation on 2026-02-01 is 3776 days after RFC 7671's publication on 2015-10-01, so the timestamp is valid. Score 0.0 (none): no required indicator matched, so there is nothing to score."
sig_0029,RFC 7672,SMTP Security via Opportunistic DNS-Based Authentication of Named Entities (DANE) Transport Layer Security (TLS),no_match,0.0,none,true,2026-02-01T00:00:00,2015-10-01T00:00:00,241.223.102.in-addr.arpa,afrinic,,rfc7672_smtp_dane_tlsa,,domain,0.0,1.5,0.0,0.0,3.0,0.0,0.0,0.0,0.0,trace_sig_0029_rfc7672,"RFC 7672 does not explain signal sig_0029: the required indicator rfc7672_smtp_dane_tlsa failed because rr_type=DS does not equal the expected value TLSA. The observation on 2026-02-01 is 3776 days after RFC 7672's publication on 2015-10-01, so the timestamp is valid. Score 0.0 (none): no required indicator matched, so there is nothing to score."
sig_0029,RFC 8078,Managing DS Records from the Parent via CDS/CDNSKEY,no_match,0.0,none,true,2026-02-01T00:00:00,2017-03-01T00:00:00,241.223.102.in-addr.arpa,afrinic,,rfc8078_cds_cdnskey_algorithm_zero; rfc8078_delete_signal_digest_zero,,,0.0,1.5,0.0,0.0,3.0,0.0,0.0,0.0,0.0,trace_sig_0029_rfc8078,"RFC 8078 does not explain signal sig_0029: the required indicator rfc8078_cds_cdnskey_algorithm_zero failed because rr_type=DS is not in [CDS, CDNSKEY]. The observation on 2026-02-01 is 3259 days after RFC 8078's publication on 2017-03-01, so the timestamp is valid. Score 0.0 (none): no required indicator matched, so there is nothing to score."
sig_0029,RFC 8080,Edwards-Curve Digital Security Algorithm (EdDSA) for DNSSEC,no_match,0.0,none,true,2026-02-01T00:00:00,2017-02-01T00:00:00,241.223.102.in-addr.arpa,afrinic,,rfc8080_eddsa_algorithm; rfc8080_eddsa_on_key_or_signature,,,0.0,1.5,0.0,0.0,3.0,0.0,0.0,0.0,0.0,trace_sig_0029_rfc8080,"RFC 8080 does not explain signal sig_0029: the required indicator rfc8080_eddsa_algorithm failed because algorithm=8 is not in [15, 16]. The observation on 2026-02-01 is 3287 days after RFC 8080's publication on 2017-02-01, so the timestamp is valid. Score 0.0 (none): no required indicator matched, so there is nothing to score."
sig_0029,RFC 8198,Aggressive Use of DNSSEC-Validated Cache,non_queryable,0.0,none,true,2026-02-01T00:00:00,2017-07-01T00:00:00,241.223.102.in-addr.arpa,afrinic,,,,resolver_synthesised_nxdomain,0.0,1.0,0.0,0.0,0.0,0.0,0.0,0.0,0.0,trace_sig_0029_rfc8198,"RFC 8198 could not be evaluated against signal sig_0029: every required indicator (rfc8198_aggressive_nsec_use) depends on fields the OpenINTEL corpus does not export, so no verdict is possible in either direction. The observation on 2026-02-01 is 3137 days after RFC 8198's publication on 2017-07-01, so the timestamp is valid. This is a corpus limitation, not a statement about the observation."
sig_0029,RFC 8624,Algorithm Implementation Requirements and Usage Guidance for DNSSEC,partial_match,0.0,none,true,2026-02-01T00:00:00,2019-06-01T00:00:00,241.223.102.in-addr.arpa,afrinic,rfc8624_avoids_deprecated_algorithm,rfc8624_recommended_signing_algorithm,algorithm,rr_type; validator_algorithm_support,0.0,0.75,0.0,1.5,3.0,0.0,2.0,0.0,0.0,trace_sig_0029_rfc8624,"RFC 8624 partially matches signal sig_0029: the optional indicator rfc8624_avoids_deprecated_algorithm passed because algorithm is present (observed 8) and algorithm=8 differs from 1 as required. The required indicator rfc8624_recommended_signing_algorithm was not satisfied: algorithm=8 is not in [13, 15]. The observation on 2026-02-01 is 2437 days after RFC 8624's publication on 2019-06-01, so the timestamp is valid. Score 0.0 (none): the penalties leave a raw total of -3.5, which is clamped to 0 before the 0.75 low specificity multiplier."
sig_0029,RFC 9077,NSEC and NSEC3: TTLs and Aggressive Use,no_match,0.0,none,true,2026-02-01T00:00:00,2021-07-01T00:00:00,241.223.102.in-addr.arpa,afrinic,,rfc9077_nsec_ttl_bounded,,record_ttl,0.0,1.25,0.0,0.0,3.0,0.0,0.0,0.0,0.0,trace_sig_0029_rfc9077,"RFC 9077 does not explain signal sig_0029: the required indicator rfc9077_nsec_ttl_bounded failed because rr_type=DS is not in [NSEC, NSEC3]. The observation on 2026-02-01 is 1676 days after RFC 9077's publication on 2021-07-01, so the timestamp is valid. Score 0.0 (none): no required indicator matched, so there is nothing to score."
sig_0029,RFC 9276,Guidance for NSEC3 Parameter Settings,no_match,0.0,none,true,2026-02-01T00:00:00,2022-08-01T00:00:00,241.223.102.in-addr.arpa,afrinic,,rfc9276_empty_nsec3_salt; rfc9276_zero_nsec3_iterations,,nsec3_iterations; nsec3_salt,0.0,1.5,0.0,0.0,3.0,0.0,0.0,0.0,0.0,trace_sig_0029_rfc9276,"RFC 9276 does not explain signal sig_0029: the required indicator rfc9276_zero_nsec3_iterations failed because rr_type=DS is not in [NSEC3, NSEC3PARAM]. The observation on 2026-02-01 is 1280 days after RFC 9276's publication on 2022-08-01, so the timestamp is valid. Score 0.0 (none): no required indicator matched, so there is nothing to score."
sig_0029,RFC 9364,DNS Security Extensions (DNSSEC),non_queryable,0.0,none,true,2026-02-01T00:00:00,2023-02-01T00:00:00,241.223.102.in-addr.arpa,afrinic,,,,declared_standards_profile,0.0,0.75,0.0,0.0,0.0,0.0,0.0,0.0,0.0,trace_sig_0029_rfc9364,"RFC 9364 could not be evaluated against signal sig_0029: every required indicator (rfc9364_bcp_profile_declared) depends on fields the OpenINTEL corpus does not export, so no verdict is possible in either direction. The observation on 2026-02-01 is 1096 days after RFC 9364's publication on 2023-02-01, so the timestamp is valid. This is a corpus limitation, not a statement about the observation."
sig_0029,RFC 9558,Use of GOST 2012 Signature Algorithms in DNSKEY and RRSIG Resource Records for DNSSEC,no_match,0.0,none,true,2026-02-01T00:00:00,2024-04-01T00:00:00,241.223.102.in-addr.arpa,afrinic,,rfc9558_gost2012_algorithm; rfc9558_gost2012_ds_digest,,,0.0,1.5,0.0,0.0,3.0,0.0,0.0,0.0,0.0,trace_sig_0029_rfc9558,"RFC 9558 does not explain signal sig_0029: the required indicator rfc9558_gost2012_algorithm failed because algorithm=8 does not equal the expected value 23. The observation on 2026-02-01 is 671 days after RFC 9558's publication on 2024-04-01, so the timestamp is valid. Score 0.0 (none): no required indicator matched, so there is nothing to score."
sig_0029,RFC 9563,SM2 Digital Signature Algorithm for DNSSEC,no_match,0.0,none,true,2026-02-01T00:00:00,2024-12-01T00:00:00,241.223.102.in-addr.arpa,afrinic,,rfc9563_sm2sm3_algorithm; rfc9563_sm3_ds_digest,,,0.0,1.5,0.0,0.0,3.0,0.0,0.0,0.0,0.0,trace_sig_0029_rfc9563,"RFC 9563 does not explain signal sig_0029: the required indicator rfc9563_sm2sm3_algorithm failed because algorithm=8 does not equal the expected value 17. The observation on 2026-02-01 is 427 days after RFC 9563's publication on 2024-12-01, so the timestamp is valid. Score 0.0 (none): no required indicator matched, so there is nothing to score."
sig_0029,RFC 9615,Automatic DNSSEC Bootstrapping Using Authenticated Signals from the Zone's Operator,non_queryable,0.0,none,true,2026-02-01T00:00:00,2024-07-01T00:00:00,241.223.102.in-addr.arpa,afrinic,,,,domain; rr_type,0.0,1.5,0.0,0.0,0.0,0.0,0.0,0.0,0.0,trace_sig_0029_rfc9615,"RFC 9615 could not be evaluated against signal sig_0029: every required indicator (rfc9615_bootstrap_signal_label) depends on fields the OpenINTEL corpus does not export, so no verdict is possible in either direction. The observation on 2026-02-01 is 580 days after RFC 9615's publication on 2024-07-01, so the timestamp is valid. This is a corpus limitation, not a statement about the observation."
sig_0029,RFC 9904,DNSSEC Cryptographic Algorithm Recommendation Update Process,non_queryable,0.0,none,true,2026-02-01T00:00:00,2025-11-01T00:00:00,241.223.102.in-addr.arpa,afrinic,,,,guidance_source_registry,0.0,0.75,0.0,0.0,0.0,0.0,0.0,0.0,0.0,trace_sig_0029_rfc9904,"RFC 9904 could not be evaluated against signal sig_0029: every required indicator (rfc9904_algorithm_guidance_process) depends on fields the OpenINTEL corpus does not export, so no verdict is possible in either direction. The observation on 2026-02-01 is 92 days after RFC 9904's publication on 2025-11-01, so the timestamp is valid. This is a corpus limitation, not a statement about the observation."
sig_0029,RFC 9905,Deprecating the Use of SHA-1 in DNSSEC Signature Algorithms,no_match,0.0,none,true,2026-02-01T00:00:00,2025-11-01T00:00:00,241.223.102.in-addr.arpa,afrinic,,rfc9905_deprecated_sha1_in_delegation; rfc9905_deprecated_sha1_signature_still_published,,,0.0,1.25,0.0,0.0,3.0,0.0,0.0,0.0,0.0,trace_sig_0029_rfc9905,"RFC 9905 does not explain signal sig_0029: the required indicator rfc9905_deprecated_sha1_signature_still_published failed because rr_type=DS is not in [DNSKEY, RRSIG, CDNSKEY]. The observation on 2026-02-01 is 92 days after RFC 9905's publication on 2025-11-01, so the timestamp is valid. Score 0.0 (none): no required indicator matched, so there is nothing to score."
sig_0029,RFC 9906,Deprecate Usage of ECC-GOST within DNSSEC,partial_match,0.0,none,true,2026-02-01T00:00:00,2025-11-01T00:00:00,241.223.102.in-addr.arpa,afrinic,rfc9906_deprecated_gost_digest_still_published,rfc9906_deprecated_ecc_gost_still_published,digest_type; rr_type,,0.0,1.5,0.0,2.0,3.0,0.0,0.0,0.0,0.0,trace_sig_0029_rfc9906,"RFC 9906 partially matches signal sig_0029: the optional indicator rfc9906_deprecated_gost_digest_still_published passed because rr_type=DS is in [DS, CDS] and digest_type=3 equals the expected value 3. The required indicator rfc9906_deprecated_ecc_gost_still_published was not satisfied: algorithm=8 does not equal the expected value 12. The observation on 2026-02-01 is 92 days after RFC 9906's publication on 2025-11-01, so the timestamp is valid. Score 0.0 (none): the penalties leave a raw total of -1.0, which is clamped to 0 before the 1.5 very_high specificity multiplier."
sig_0030,RFC 3110,RSA/SHA-1 SIGs and RSA KEYs in the Domain Name System (DNS),valid_match,11.25,high,true,2026-03-01T00:00:00,2001-05-01T00:00:00,141.70.192.in-addr.arpa,ripe,rfc3110_rsasha1_algorithm,rfc3110_rsasha1_on_key_or_signature,algorithm,,9.0,1.25,0.0,0.0,0.0,0.0,0.0,0.0,11.25,trace_sig_0030_rfc3110,"RFC 3110 matched signal sig_0030: the required indicator rfc3110_rsasha1_algorithm passed because algorithm=5 equals the expected value 5. Indicator rfc3110_rsasha1_on_key_or_signature did not match: rr_type=DS is not in [DNSKEY, RRSIG, CDNSKEY]. The observation on 2026-03-01 is 9070 days after RFC 3110's publication on 2001-05-01, so the timestamp is valid. Score 11.25 (high) = (9.0 required) x 1.25 high specificity."
sig_0030,RFC 4033,DNS Security Introduction and Requirements (DNSSEC base: RFC 4033/4034/4035),valid_match,3.75,low,true,2026-03-01T00:00:00,2005-03-01T00:00:00,141.70.192.in-addr.arpa,ripe,rfc4033_base_dnssec_record_present; rfc4033_dnssec_algorithm_present,rfc4033_dnssec_ok_negotiated,algorithm; rr_type,dnssec_ok_flag,4.0,0.75,0.0,1.0,0.0,0.0,0.0,0.0,3.75,trace_sig_0030_rfc4033,"RFC 4033 matched signal sig_0030: the required indicator rfc4033_base_dnssec_record_present passed because rr_type=DS is in [DNSKEY, DS, RRSIG, NSEC]. Corroborating indicators also matched: rfc4033_dnssec_algorithm_present. Indicator rfc4033_dnssec_ok_negotiated did not match: field 'dnssec_ok_flag' is absent from this observation, so the condition 'dnssec_ok_flag must equal true' could not be satisfied (absence is not evidence). The observation on 2026-03-01 is 7670 days after RFC 4033's publication on 2005-03-01, so the timestamp is valid. Score 3.75 (low) = (4.0 required + 1.0 optional) x 0.75 low specificity."
sig_0030,RFC 4034,Resource Records for the DNS Security Extensions,valid_match,3.0,low,true,2026-03-01T00:00:00,2005-03-01T00:00:00,141.70.192.in-addr.arpa,ripe,rfc4034_core_record_present,rfc4034_dnskey_protocol_is_three; rfc4034_rrsig_type_covered_present,rr_type,dnskey_protocol; rrsig_type_covered,3.0,1.0,0.0,0.0,0.0,0.0,0.0,0.0,3.0,trace_sig_0030_rfc4034,"RFC 4034 matched signal sig_0030: the required indicator rfc4034_core_record_present passed because rr_type=DS is in [DNSKEY, DS, RRSIG, NSEC]. Indicator rfc4034_dnskey_protocol_is_three did not match: rr_type=DS is not in [DNSKEY, CDNSKEY]. The observation on 2026-03-01 is 7670 days after RFC 4034's publication on 2005-03-01, so the timestamp is valid. Score 3.0 (low) = (3.0 required) x 1.0 medium specificity."
sig_0030,RFC 4035,Protocol Modifications for the DNS Security Extensions,non_queryable,0.0,none,true,2026-03-01T00:00:00,2005-03-01T00:00:00,141.70.192.in-addr.arpa,ripe,,,,dnssec_ok_flag,0.0,0.75,0.0,0.0,0.0,0.0,0.0,0.0,0.0,trace_sig_0030_rfc4035,"RFC 4035 could not be evaluated against signal sig_0030: every required indicator (rfc4035_dnssec_ok_negotiated) depends on fields the OpenINTEL corpus does not export, so no verdict is possible in either direction. The observation on 2026-03-01 is 7670 days after RFC 4035's publication on 2005-03-01, so the timestamp is valid. This is a corpus limitation, not a statement about the observation."
sig_0030,RFC 4509,Use of SHA-256 in DNSSEC Delegation Signer (DS) Resource Records,no_match,0.0,none,true,2026-03-01T00:00:00,2006-05-01T00:00:00,141.70.192.in-addr.arpa,ripe,,rfc4509_ds_sha256_digest,,,0.0,1.25,0.0,0.0,3.0,0.0,0.0,0.0,0.0,trace_sig_0030_rfc4509,"RFC 4509 does not explain signal sig_0030: the required indicator rfc4509_ds_sha256_digest failed because digest_type=3 does not equal the expected value 2. The observation on 2026-03-01 is 7244 days after RFC 4509's publication on 2006-05-01, so the timestamp is valid. Score 0.0 (none): no required indicator matched, so there is nothing to score."
sig_0030,RFC 5011,Automated Updates of DNS Security (DNSSEC) Trust Anchors,no_match,0.0,none,true,2026-03-01T00:00:00,2007-09-01T00:00:00,141.70.192.in-addr.arpa,ripe,,rfc5011_revoked_key_published,,flags,0.0,1.25,0.0,0.0,3.0,0.0,0.0,0.0,0.0,trace_sig_0030_rfc5011,"RFC 5011 does not explain signal sig_0030: the required indicator rfc5011_revoked_key_published failed because rr_type=DS does not equal the expected value DNSKEY. The observation on 2026-03-01 is 6756 days after RFC 5011's publication on 2007-09-01, so the timestamp is valid. Score 0.0 (none): no required indicator matched, so there is nothing to score."
sig_0030,RFC 5155,DNS Security (DNSSEC) Hashed Authenticated Denial of Existence,no_match,0.0,none,true,2026-03-01T00:00:00,2008-03-01T00:00:00,141.70.192.in-addr.arpa,ripe,,rfc5155_nsec3_hash_algorithm; rfc5155_nsec3_record_present,,,0.0,1.5,0.0,0.0,3.0,0.0,0.0,0.0,0.0,trace_sig_0030_rfc5155,"RFC 5155 does not explain signal sig_0030: the required indicator rfc5155_nsec3_record_present failed because rr_type=DS is not in [NSEC3, NSEC3PARAM]. The observation on 2026-03-01 is 6574 days after RFC 5155's publication on 2008-03-01, so the timestamp is valid. Score 0.0 (none): no required indicator matched, so there is nothing to score."
sig_0030,RFC 5702,Use of SHA-2 Algorithms with RSA in DNSKEY and RRSIG Resource Records for DNSSEC,no_match,0.0,none,true,2026-03-01T00:00:00,2009-10-01T00:00:00,141.70.192.in-addr.arpa,ripe,,rfc5702_rsa_sha2_algorithm; rfc5702_rsa_sha2_on_dnssec_record,,,0.0,1.25,0.0,0.0,3.0,0.0,0.0,0.0,0.0,trace_sig_0030_rfc5702,"RFC 5702 does not explain signal sig_0030: the required indicator rfc5702_rsa_sha2_algorithm failed because algorithm=5 is not in [8, 10]. The observation on 2026-03-01 is 5995 days after RFC 5702's publication on 2009-10-01, so the timestamp is valid. Score 0.0 (none): no required indicator matched, so there is nothing to score."
sig_0030,RFC 5933,Use of GOST Signature Algorithms in DNSKEY and RRSIG Resource Records for DNSSEC,partial_match,0.0,none,true,2026-03-01T00:00:00,2010-07-01T00:00:00,141.70.192.in-addr.arpa,ripe,rfc5933_gost_ds_digest,rfc5933_ecc_gost_algorithm,digest_type; rr_type,,0.0,1.5,0.0,2.0,3.0,0.0,0.0,0.0,0.0,trace_sig_0030_rfc5933,"RFC 5933 partially matches signal sig_0030: the optional indicator rfc5933_gost_ds_digest passed because rr_type=DS is in [DS, CDS] and digest_type=3 equals the expected value 3. The required indicator rfc5933_ecc_gost_algorithm was not satisfied: algorithm=5 does not equal the expected value 12. The observation on 2026-03-01 is 5722 days after RFC 5933's publication on 2010-07-01, so the timestamp is valid. Score 0.0 (none): the penalties leave a raw total of -1.0, which is clamped to 0 before the 1.5 very_high specificity multiplier."
sig_0030,RFC 6605,Elliptic Curve Digital Signature Algorithm (DSA) for DNSSEC,no_match,0.0,none,true,2026-03-01T00:00:00,2012-04-01T00:00:00,141.70.192.in-addr.arpa,ripe,,rfc6605_ecdsa_algorithm; rfc6605_ecdsa_on_key_or_signature,,,0.0,1.25,0.0,0.0,3.0,0.0,0.0,0.0,0.0,trace_sig_0030_rfc6605,"RFC 6605 does not explain signal sig_0030: the required indicator rfc6605_ecdsa_algorithm failed because algorithm=5 is not in [13, 14]. The observation on 2026-03-01 is 5082 days after RFC 6605's publication on 2012-04-01, so the timestamp is valid. Score 0.0 (none): no required indicator matched, so there is nothing to score."
sig_0030,RFC 6698,The DNS-Based Authentication of Named Entities (DANE) Transport Layer Security (TLS) Protocol: TLSA,no_match,0.0,none,true,2026-03-01T00:00:00,2012-08-01T00:00:00,141.70.192.in-addr.arpa,ripe,,rfc6698_tlsa_fields_well_formed; rfc6698_tlsa_record_present,,tlsa_matchtype; tlsa_usage,0.0,1.5,0.0,0.0,3.0,0.0,0.0,0.0,0.0,trace_sig_0030_rfc6698,"RFC 6698 does not explain signal sig_0030: the required indicator rfc6698_tlsa_record_present failed because rr_type=DS does not equal the expected value TLSA. The observation on 2026-03-01 is 4960 days after RFC 6698's publication on 2012-08-01, so the timestamp is valid. Score 0.0 (none): no required indicator matched, so there is nothing to score."
sig_0030,RFC 6781,"DNSSEC Operational Practices, Version 2",no_match,0.0,none,true,2026-03-01T00:00:00,2012-12-01T00:00:00,141.70.192.in-addr.arpa,ripe,,rfc6781_ksk_zsk_separation,,flags,0.0,0.75,0.0,0.0,3.0,0.0,0.0,0.0,0.0,trace_sig_0030_rfc6781,"RFC 6781 does not explain signal sig_0030: the required indicator rfc6781_ksk_zsk_separation failed because rr_type=DS does not equal the expected value DNSKEY. The observation on 2026-03-01 is 4838 days after RFC 6781's publication on 2012-12-01, so the timestamp is valid. Score 0.0 (none): no required indicator matched, so there is nothing to score."
sig_0030,RFC 6840,Clarifications and Implementation Notes for DNS Security (DNSSEC),non_queryable,0.0,none,true,2026-03-01T00:00:00,2013-02-01T00:00:00,141.70.192.in-addr.arpa,ripe,,,,name_algorithm_set_consistency,0.0,0.75,0.0,0.0,0.0,0.0,0.0,0.0,0.0,trace_sig_0030_rfc6840,"RFC 6840 could not be evaluated against signal sig_0030: every required indicator (rfc6840_mandatory_algorithm_rules) depends on fields the OpenINTEL corpus does not export, so no verdict is possible in either direction. The observation on 2026-03-01 is 4776 days after RFC 6840's publication on 2013-02-01, so the timestamp is valid. This is a corpus limitation, not a statement about the observation."
sig_0030,RFC 7344,Automating DNSSEC Delegation Trust Maintenance,no_match,0.0,none,true,2026-03-01T00:00:00,2014-09-01T00:00:00,141.70.192.in-addr.arpa,ripe,,rfc7344_cds_cdnskey_present; rfc7344_cds_publishes_digest,,,0.0,1.25,0.0,0.0,3.0,0.0,0.0,0.0,0.0,trace_sig_0030_rfc7344,"RFC 7344 does not explain signal sig_0030: the required indicator rfc7344_cds_cdnskey_present failed because rr_type=DS is not in [CDS, CDNSKEY]. The observation on 2026-03-01 is 4199 days after RFC 7344's publication on 2014-09-01, so the timestamp is valid. Score 0.0 (none): no required indicator matched, so there is nothing to score."
sig_0030,RFC 7583,DNSSEC Key Rollover Timing Considerations,non_queryable,0.0,none,true,2026-03-01T00:00:00,2015-10-01T00:00:00,141.70.192.in-addr.arpa,ripe,,,,key_rollover_phase,0.0,0.75,0.0,0.0,0.0,0.0,0.0,0.0,0.0,trace_sig_0030_rfc7583,"RFC 7583 could not be evaluated against signal sig_0030: every required indicator (rfc7583_rollover_timing_observed) depends on fields the OpenINTEL corpus does not export, so no verdict is possible in either direction. The observation on 2026-03-01 is 3804 days after RFC 7583's publication on 2015-10-01, so the timestamp is valid. This is a corpus limitation, not a statement about the observation."
sig_0030,RFC 7671,The DNS-Based Authentication of Named Entities (DANE) Protocol: Updates and Operational Guidance,no_match,0.0,none,true,2026-03-01T00:00:00,2015-10-01T00:00:00,141.70.192.in-addr.arpa,ripe,,rfc7671_dane_usage_preferred,,tlsa_usage,0.0,1.25,0.0,0.0,3.0,0.0,0.0,0.0,0.0,trace_sig_0030_rfc7671,"RFC 7671 does not explain signal sig_0030: the required indicator rfc7671_dane_usage_preferred failed because rr_type=DS does not equal the expected value TLSA. The observation on 2026-03-01 is 3804 days after RFC 7671's publication on 2015-10-01, so the timestamp is valid. Score 0.0 (none): no required indicator matched, so there is nothing to score."
sig_0030,RFC 7672,SMTP Security via Opportunistic DNS-Based Authentication of Named Entities (DANE) Transport Layer Security (TLS),no_match,0.0,none,true,2026-03-01T00:00:00,2015-10-01T00:00:00,141.70.192.in-addr.arpa,ripe,,rfc7672_smtp_dane_tlsa,,domain,0.0,1.5,0.0,0.0,3.0,0.0,0.0,0.0,0.0,trace_sig_0030_rfc7672,"RFC 7672 does not explain signal sig_0030: the required indicator rfc7672_smtp_dane_tlsa failed because rr_type=DS does not equal the expected value TLSA. The observation on 2026-03-01 is 3804 days after RFC 7672's publication on 2015-10-01, so the timestamp is valid. Score 0.0 (none): no required indicator matched, so there is nothing to score."
sig_0030,RFC 8078,Managing DS Records from the Parent via CDS/CDNSKEY,no_match,0.0,none,true,2026-03-01T00:00:00,2017-03-01T00:00:00,141.70.192.in-addr.arpa,ripe,,rfc8078_cds_cdnskey_algorithm_zero; rfc8078_delete_signal_digest_zero,,,0.0,1.5,0.0,0.0,3.0,0.0,0.0,0.0,0.0,trace_sig_0030_rfc8078,"RFC 8078 does not explain signal sig_0030: the required indicator rfc8078_cds_cdnskey_algorithm_zero failed because rr_type=DS is not in [CDS, CDNSKEY]. The observation on 2026-03-01 is 3287 days after RFC 8078's publication on 2017-03-01, so the timestamp is valid. Score 0.0 (none): no required indicator matched, so there is nothing to score."
sig_0030,RFC 8080,Edwards-Curve Digital Security Algorithm (EdDSA) for DNSSEC,no_match,0.0,none,true,2026-03-01T00:00:00,2017-02-01T00:00:00,141.70.192.in-addr.arpa,ripe,,rfc8080_eddsa_algorithm; rfc8080_eddsa_on_key_or_signature,,,0.0,1.5,0.0,0.0,3.0,0.0,0.0,0.0,0.0,trace_sig_0030_rfc8080,"RFC 8080 does not explain signal sig_0030: the required indicator rfc8080_eddsa_algorithm failed because algorithm=5 is not in [15, 16]. The observation on 2026-03-01 is 3315 days after RFC 8080's publication on 2017-02-01, so the timestamp is valid. Score 0.0 (none): no required indicator matched, so there is nothing to score."
sig_0030,RFC 8198,Aggressive Use of DNSSEC-Validated Cache,non_queryable,0.0,none,true,2026-03-01T00:00:00,2017-07-01T00:00:00,141.70.192.in-addr.arpa,ripe,,,,resolver_synthesised_nxdomain,0.0,1.0,0.0,0.0,0.0,0.0,0.0,0.0,0.0,trace_sig_0030_rfc8198,"RFC 8198 could not be evaluated against signal sig_0030: every required indicator (rfc8198_aggressive_nsec_use) depends on fields the OpenINTEL corpus does not export, so no verdict is possible in either direction. The observation on 2026-03-01 is 3165 days after RFC 8198's publication on 2017-07-01, so the timestamp is valid. This is a corpus limitation, not a statement about the observation."
sig_0030,RFC 8624,Algorithm Implementation Requirements and Usage Guidance for DNSSEC,partial_match,0.0,none,true,2026-03-01T00:00:00,2019-06-01T00:00:00,141.70.192.in-addr.arpa,ripe,rfc8624_avoids_deprecated_algorithm,rfc8624_recommended_signing_algorithm,algorithm,rr_type; validator_algorithm_support,0.0,0.75,0.0,1.5,3.0,0.0,2.0,0.0,0.0,trace_sig_0030_rfc8624,"RFC 8624 partially matches signal sig_0030: the optional indicator rfc8624_avoids_deprecated_algorithm passed because algorithm is present (observed 5) and algorithm=5 differs from 1 as required. The required indicator rfc8624_recommended_signing_algorithm was not satisfied: algorithm=5 is not in [13, 15]. The observation on 2026-03-01 is 2465 days after RFC 8624's publication on 2019-06-01, so the timestamp is valid. Score 0.0 (none): the penalties leave a raw total of -3.5, which is clamped to 0 before the 0.75 low specificity multiplier."
sig_0030,RFC 9077,NSEC and NSEC3: TTLs and Aggressive Use,no_match,0.0,none,true,2026-03-01T00:00:00,2021-07-01T00:00:00,141.70.192.in-addr.arpa,ripe,,rfc9077_nsec_ttl_bounded,,record_ttl,0.0,1.25,0.0,0.0,3.0,0.0,0.0,0.0,0.0,trace_sig_0030_rfc9077,"RFC 9077 does not explain signal sig_0030: the required indicator rfc9077_nsec_ttl_bounded failed because rr_type=DS is not in [NSEC, NSEC3]. The observation on 2026-03-01 is 1704 days after RFC 9077's publication on 2021-07-01, so the timestamp is valid. Score 0.0 (none): no required indicator matched, so there is nothing to score."
sig_0030,RFC 9276,Guidance for NSEC3 Parameter Settings,no_match,0.0,none,true,2026-03-01T00:00:00,2022-08-01T00:00:00,141.70.192.in-addr.arpa,ripe,,rfc9276_empty_nsec3_salt; rfc9276_zero_nsec3_iterations,,nsec3_iterations; nsec3_salt,0.0,1.5,0.0,0.0,3.0,0.0,0.0,0.0,0.0,trace_sig_0030_rfc9276,"RFC 9276 does not explain signal sig_0030: the required indicator rfc9276_zero_nsec3_iterations failed because rr_type=DS is not in [NSEC3, NSEC3PARAM]. The observation on 2026-03-01 is 1308 days after RFC 9276's publication on 2022-08-01, so the timestamp is valid. Score 0.0 (none): no required indicator matched, so there is nothing to score."
sig_0030,RFC 9364,DNS Security Extensions (DNSSEC),non_queryable,0.0,none,true,2026-03-01T00:00:00,2023-02-01T00:00:00,141.70.192.in-addr.arpa,ripe,,,,declared_standards_profile,0.0,0.75,0.0,0.0,0.0,0.0,0.0,0.0,0.0,trace_sig_0030_rfc9364,"RFC 9364 could not be evaluated against signal sig_0030: every required indicator (rfc9364_bcp_profile_declared) depends on fields the OpenINTEL corpus does not export, so no verdict is possible in either direction. The observation on 2026-03-01 is 1124 days after RFC 9364's publication on 2023-02-01, so the timestamp is valid. This is a corpus limitation, not a statement about the observation."
sig_0030,RFC 9558,Use of GOST 2012 Signature Algorithms in DNSKEY and RRSIG Resource Records for DNSSEC,no_match,0.0,none,true,2026-03-01T00:00:00,2024-04-01T00:00:00,141.70.192.in-addr.arpa,ripe,,rfc9558_gost2012_algorithm; rfc9558_gost2012_ds_digest,,,0.0,1.5,0.0,0.0,3.0,0.0,0.0,0.0,0.0,trace_sig_0030_rfc9558,"RFC 9558 does not explain signal sig_0030: the required indicator rfc9558_gost2012_algorithm failed because algorithm=5 does not equal the expected value 23. The observation on 2026-03-01 is 699 days after RFC 9558's publication on 2024-04-01, so the timestamp is valid. Score 0.0 (none): no required indicator matched, so there is nothing to score."
sig_0030,RFC 9563,SM2 Digital Signature Algorithm for DNSSEC,no_match,0.0,none,true,2026-03-01T00:00:00,2024-12-01T00:00:00,141.70.192.in-addr.arpa,ripe,,rfc9563_sm2sm3_algorithm; rfc9563_sm3_ds_digest,,,0.0,1.5,0.0,0.0,3.0,0.0,0.0,0.0,0.0,trace_sig_0030_rfc9563,"RFC 9563 does not explain signal sig_0030: the required indicator rfc9563_sm2sm3_algorithm failed because algorithm=5 does not equal the expected value 17. The observation on 2026-03-01 is 455 days after RFC 9563's publication on 2024-12-01, so the timestamp is valid. Score 0.0 (none): no required indicator matched, so there is nothing to score."
sig_0030,RFC 9615,Automatic DNSSEC Bootstrapping Using Authenticated Signals from the Zone's Operator,non_queryable,0.0,none,true,2026-03-01T00:00:00,2024-07-01T00:00:00,141.70.192.in-addr.arpa,ripe,,,,domain; rr_type,0.0,1.5,0.0,0.0,0.0,0.0,0.0,0.0,0.0,trace_sig_0030_rfc9615,"RFC 9615 could not be evaluated against signal sig_0030: every required indicator (rfc9615_bootstrap_signal_label) depends on fields the OpenINTEL corpus does not export, so no verdict is possible in either direction. The observation on 2026-03-01 is 608 days after RFC 9615's publication on 2024-07-01, so the timestamp is valid. This is a corpus limitation, not a statement about the observation."
sig_0030,RFC 9904,DNSSEC Cryptographic Algorithm Recommendation Update Process,non_queryable,0.0,none,true,2026-03-01T00:00:00,2025-11-01T00:00:00,141.70.192.in-addr.arpa,ripe,,,,guidance_source_registry,0.0,0.75,0.0,0.0,0.0,0.0,0.0,0.0,0.0,trace_sig_0030_rfc9904,"RFC 9904 could not be evaluated against signal sig_0030: every required indicator (rfc9904_algorithm_guidance_process) depends on fields the OpenINTEL corpus does not export, so no verdict is possible in either direction. The observation on 2026-03-01 is 120 days after RFC 9904's publication on 2025-11-01, so the timestamp is valid. This is a corpus limitation, not a statement about the observation."
sig_0030,RFC 9905,Deprecating the Use of SHA-1 in DNSSEC Signature Algorithms,partial_match,0.0,none,true,2026-03-01T00:00:00,2025-11-01T00:00:00,141.70.192.in-addr.arpa,ripe,rfc9905_deprecated_sha1_in_delegation,rfc9905_deprecated_sha1_signature_still_published,algorithm; rr_type,,0.0,1.25,0.0,2.0,3.0,0.0,0.0,0.0,0.0,trace_sig_0030_rfc9905,"RFC 9905 partially matches signal sig_0030: the optional indicator rfc9905_deprecated_sha1_in_delegation passed because rr_type=DS is in [DS, CDS] and algorithm=5 is in [5, 7]. The required indicator rfc9905_deprecated_sha1_signature_still_published was not satisfied: rr_type=DS is not in [DNSKEY, RRSIG, CDNSKEY]. The observation on 2026-03-01 is 120 days after RFC 9905's publication on 2025-11-01, so the timestamp is valid. Score 0.0 (none): the penalties leave a raw total of -1.0, which is clamped to 0 before the 1.25 high specificity multiplier."
sig_0030,RFC 9906,Deprecate Usage of ECC-GOST within DNSSEC,partial_match,0.0,none,true,2026-03-01T00:00:00,2025-11-01T00:00:00,141.70.192.in-addr.arpa,ripe,rfc9906_deprecated_gost_digest_still_published,rfc9906_deprecated_ecc_gost_still_published,digest_type; rr_type,,0.0,1.5,0.0,2.0,3.0,0.0,0.0,0.0,0.0,trace_sig_0030_rfc9906,"RFC 9906 partially matches signal sig_0030: the optional indicator rfc9906_deprecated_gost_digest_still_published passed because rr_type=DS is in [DS, CDS] and digest_type=3 equals the expected value 3. The required indicator rfc9906_deprecated_ecc_gost_still_published was not satisfied: algorithm=5 does not equal the expected value 12. The observation on 2026-03-01 is 120 days after RFC 9906's publication on 2025-11-01, so the timestamp is valid. Score 0.0 (none): the penalties leave a raw total of -1.0, which is clamped to 0 before the 1.5 very_high specificity multiplier."
sig_0031,RFC 5702,Use of SHA-2 Algorithms with RSA in DNSKEY and RRSIG Resource Records for DNSSEC,valid_match,13.125,very_high,true,2026-04-01T00:00:00,2009-10-01T00:00:00,235.217.102.in-addr.arpa,afrinic,rfc5702_rsa_sha2_algorithm; rfc5702_rsa_sha2_on_dnssec_record,,algorithm; rr_type,,9.0,1.25,0.0,1.5,0.0,0.0,0.0,0.0,13.125,trace_sig_0031_rfc5702,"RFC 5702 matched signal sig_0031: the required indicator rfc5702_rsa_sha2_algorithm passed because algorithm=8 is in [8, 10]. Corroborating indicators also matched: rfc5702_rsa_sha2_on_dnssec_record. The observation on 2026-04-01 is 6026 days after RFC 5702's publication on 2009-10-01, so the timestamp is valid. Score 13.125 (very_high) = (9.0 required + 1.5 optional) x 1.25 high specificity."
sig_0031,RFC 4033,DNS Security Introduction and Requirements (DNSSEC base: RFC 4033/4034/4035),valid_match,3.75,low,true,2026-04-01T00:00:00,2005-03-01T00:00:00,235.217.102.in-addr.arpa,afrinic,rfc4033_base_dnssec_record_present; rfc4033_dnssec_algorithm_present,rfc4033_dnssec_ok_negotiated,algorithm; rr_type,dnssec_ok_flag,4.0,0.75,0.0,1.0,0.0,0.0,0.0,0.0,3.75,trace_sig_0031_rfc4033,"RFC 4033 matched signal sig_0031: the required indicator rfc4033_base_dnssec_record_present passed because rr_type=DS is in [DNSKEY, DS, RRSIG, NSEC]. Corroborating indicators also matched: rfc4033_dnssec_algorithm_present. Indicator rfc4033_dnssec_ok_negotiated did not match: field 'dnssec_ok_flag' is absent from this observation, so the condition 'dnssec_ok_flag must equal true' could not be satisfied (absence is not evidence). The observation on 2026-04-01 is 7701 days after RFC 4033's publication on 2005-03-01, so the timestamp is valid. Score 3.75 (low) = (4.0 required + 1.0 optional) x 0.75 low specificity."
sig_0031,RFC 4034,Resource Records for the DNS Security Extensions,valid_match,3.0,low,true,2026-04-01T00:00:00,2005-03-01T00:00:00,235.217.102.in-addr.arpa,afrinic,rfc4034_core_record_present,rfc4034_dnskey_protocol_is_three; rfc4034_rrsig_type_covered_present,rr_type,dnskey_protocol; rrsig_type_covered,3.0,1.0,0.0,0.0,0.0,0.0,0.0,0.0,3.0,trace_sig_0031_rfc4034,"RFC 4034 matched signal sig_0031: the required indicator rfc4034_core_record_present passed because rr_type=DS is in [DNSKEY, DS, RRSIG, NSEC]. Indicator rfc4034_dnskey_protocol_is_three did not match: rr_type=DS is not in [DNSKEY, CDNSKEY]. The observation on 2026-04-01 is 7701 days after RFC 4034's publication on 2005-03-01, so the timestamp is valid. Score 3.0 (low) = (3.0 required) x 1.0 medium specificity."
sig_0031,RFC 3110,RSA/SHA-1 SIGs and RSA KEYs in the Domain Name System (DNS),no_match,0.0,none,true,2026-04-01T00:00:00,2001-05-01T00:00:00,235.217.102.in-addr.arpa,afrinic,,rfc3110_rsasha1_algorithm; rfc3110_rsasha1_on_key_or_signature,,,0.0,1.25,0.0,0.0,3.0,0.0,0.0,0.0,0.0,trace_sig_0031_rfc3110,"RFC 3110 does not explain signal sig_0031: the required indicator rfc3110_rsasha1_algorithm failed because algorithm=8 does not equal the expected value 5. The observation on 2026-04-01 is 9101 days after RFC 3110's publication on 2001-05-01, so the timestamp is valid. Score 0.0 (none): no required indicator matched, so there is nothing to score."
sig_0031,RFC 4035,Protocol Modifications for the DNS Security Extensions,non_queryable,0.0,none,true,2026-04-01T00:00:00,2005-03-01T00:00:00,235.217.102.in-addr.arpa,afrinic,,,,dnssec_ok_flag,0.0,0.75,0.0,0.0,0.0,0.0,0.0,0.0,0.0,trace_sig_0031_rfc4035,"RFC 4035 could not be evaluated against signal sig_0031: every required indicator (rfc4035_dnssec_ok_negotiated) depends on fields the OpenINTEL corpus does not export, so no verdict is possible in either direction. The observation on 2026-04-01 is 7701 days after RFC 4035's publication on 2005-03-01, so the timestamp is valid. This is a corpus limitation, not a statement about the observation."
sig_0031,RFC 4509,Use of SHA-256 in DNSSEC Delegation Signer (DS) Resource Records,no_match,0.0,none,true,2026-04-01T00:00:00,2006-05-01T00:00:00,235.217.102.in-addr.arpa,afrinic,,rfc4509_ds_sha256_digest,,,0.0,1.25,0.0,0.0,3.0,0.0,0.0,0.0,0.0,trace_sig_0031_rfc4509,"RFC 4509 does not explain signal sig_0031: the required indicator rfc4509_ds_sha256_digest failed because digest_type=3 does not equal the expected value 2. The observation on 2026-04-01 is 7275 days after RFC 4509's publication on 2006-05-01, so the timestamp is valid. Score 0.0 (none): no required indicator matched, so there is nothing to score."
sig_0031,RFC 5011,Automated Updates of DNS Security (DNSSEC) Trust Anchors,no_match,0.0,none,true,2026-04-01T00:00:00,2007-09-01T00:00:00,235.217.102.in-addr.arpa,afrinic,,rfc5011_revoked_key_published,,flags,0.0,1.25,0.0,0.0,3.0,0.0,0.0,0.0,0.0,trace_sig_0031_rfc5011,"RFC 5011 does not explain signal sig_0031: the required indicator rfc5011_revoked_key_published failed because rr_type=DS does not equal the expected value DNSKEY. The observation on 2026-04-01 is 6787 days after RFC 5011's publication on 2007-09-01, so the timestamp is valid. Score 0.0 (none): no required indicator matched, so there is nothing to score."
sig_0031,RFC 5155,DNS Security (DNSSEC) Hashed Authenticated Denial of Existence,no_match,0.0,none,true,2026-04-01T00:00:00,2008-03-01T00:00:00,235.217.102.in-addr.arpa,afrinic,,rfc5155_nsec3_hash_algorithm; rfc5155_nsec3_record_present,,,0.0,1.5,0.0,0.0,3.0,0.0,0.0,0.0,0.0,trace_sig_0031_rfc5155,"RFC 5155 does not explain signal sig_0031: the required indicator rfc5155_nsec3_record_present failed because rr_type=DS is not in [NSEC3, NSEC3PARAM]. The observation on 2026-04-01 is 6605 days after RFC 5155's publication on 2008-03-01, so the timestamp is valid. Score 0.0 (none): no required indicator matched, so there is nothing to score."
sig_0031,RFC 5933,Use of GOST Signature Algorithms in DNSKEY and RRSIG Resource Records for DNSSEC,partial_match,0.0,none,true,2026-04-01T00:00:00,2010-07-01T00:00:00,235.217.102.in-addr.arpa,afrinic,rfc5933_gost_ds_digest,rfc5933_ecc_gost_algorithm,digest_type; rr_type,,0.0,1.5,0.0,2.0,3.0,0.0,0.0,0.0,0.0,trace_sig_0031_rfc5933,"RFC 5933 partially matches signal sig_0031: the optional indicator rfc5933_gost_ds_digest passed because rr_type=DS is in [DS, CDS] and digest_type=3 equals the expected value 3. The required indicator rfc5933_ecc_gost_algorithm was not satisfied: algorithm=8 does not equal the expected value 12. The observation on 2026-04-01 is 5753 days after RFC 5933's publication on 2010-07-01, so the timestamp is valid. Score 0.0 (none): the penalties leave a raw total of -1.0, which is clamped to 0 before the 1.5 very_high specificity multiplier."
sig_0031,RFC 6605,Elliptic Curve Digital Signature Algorithm (DSA) for DNSSEC,no_match,0.0,none,true,2026-04-01T00:00:00,2012-04-01T00:00:00,235.217.102.in-addr.arpa,afrinic,,rfc6605_ecdsa_algorithm; rfc6605_ecdsa_on_key_or_signature,,,0.0,1.25,0.0,0.0,3.0,0.0,0.0,0.0,0.0,trace_sig_0031_rfc6605,"RFC 6605 does not explain signal sig_0031: the required indicator rfc6605_ecdsa_algorithm failed because algorithm=8 is not in [13, 14]. The observation on 2026-04-01 is 5113 days after RFC 6605's publication on 2012-04-01, so the timestamp is valid. Score 0.0 (none): no required indicator matched, so there is nothing to score."
sig_0031,RFC 6698,The DNS-Based Authentication of Named Entities (DANE) Transport Layer Security (TLS) Protocol: TLSA,no_match,0.0,none,true,2026-04-01T00:00:00,2012-08-01T00:00:00,235.217.102.in-addr.arpa,afrinic,,rfc6698_tlsa_fields_well_formed; rfc6698_tlsa_record_present,,tlsa_matchtype; tlsa_usage,0.0,1.5,0.0,0.0,3.0,0.0,0.0,0.0,0.0,trace_sig_0031_rfc6698,"RFC 6698 does not explain signal sig_0031: the required indicator rfc6698_tlsa_record_present failed because rr_type=DS does not equal the expected value TLSA. The observation on 2026-04-01 is 4991 days after RFC 6698's publication on 2012-08-01, so the timestamp is valid. Score 0.0 (none): no required indicator matched, so there is nothing to score."
sig_0031,RFC 6781,"DNSSEC Operational Practices, Version 2",no_match,0.0,none,true,2026-04-01T00:00:00,2012-12-01T00:00:00,235.217.102.in-addr.arpa,afrinic,,rfc6781_ksk_zsk_separation,,flags,0.0,0.75,0.0,0.0,3.0,0.0,0.0,0.0,0.0,trace_sig_0031_rfc6781,"RFC 6781 does not explain signal sig_0031: the required indicator rfc6781_ksk_zsk_separation failed because rr_type=DS does not equal the expected value DNSKEY. The observation on 2026-04-01 is 4869 days after RFC 6781's publication on 2012-12-01, so the timestamp is valid. Score 0.0 (none): no required indicator matched, so there is nothing to score."
sig_0031,RFC 6840,Clarifications and Implementation Notes for DNS Security (DNSSEC),non_queryable,0.0,none,true,2026-04-01T00:00:00,2013-02-01T00:00:00,235.217.102.in-addr.arpa,afrinic,,,,name_algorithm_set_consistency,0.0,0.75,0.0,0.0,0.0,0.0,0.0,0.0,0.0,trace_sig_0031_rfc6840,"RFC 6840 could not be evaluated against signal sig_0031: every required indicator (rfc6840_mandatory_algorithm_rules) depends on fields the OpenINTEL corpus does not export, so no verdict is possible in either direction. The observation on 2026-04-01 is 4807 days after RFC 6840's publication on 2013-02-01, so the timestamp is valid. This is a corpus limitation, not a statement about the observation."
sig_0031,RFC 7344,Automating DNSSEC Delegation Trust Maintenance,no_match,0.0,none,true,2026-04-01T00:00:00,2014-09-01T00:00:00,235.217.102.in-addr.arpa,afrinic,,rfc7344_cds_cdnskey_present; rfc7344_cds_publishes_digest,,,0.0,1.25,0.0,0.0,3.0,0.0,0.0,0.0,0.0,trace_sig_0031_rfc7344,"RFC 7344 does not explain signal sig_0031: the required indicator rfc7344_cds_cdnskey_present failed because rr_type=DS is not in [CDS, CDNSKEY]. The observation on 2026-04-01 is 4230 days after RFC 7344's publication on 2014-09-01, so the timestamp is valid. Score 0.0 (none): no required indicator matched, so there is nothing to score."
sig_0031,RFC 7583,DNSSEC Key Rollover Timing Considerations,non_queryable,0.0,none,true,2026-04-01T00:00:00,2015-10-01T00:00:00,235.217.102.in-addr.arpa,afrinic,,,,key_rollover_phase,0.0,0.75,0.0,0.0,0.0,0.0,0.0,0.0,0.0,trace_sig_0031_rfc7583,"RFC 7583 could not be evaluated against signal sig_0031: every required indicator (rfc7583_rollover_timing_observed) depends on fields the OpenINTEL corpus does not export, so no verdict is possible in either direction. The observation on 2026-04-01 is 3835 days after RFC 7583's publication on 2015-10-01, so the timestamp is valid. This is a corpus limitation, not a statement about the observation."
sig_0031,RFC 7671,The DNS-Based Authentication of Named Entities (DANE) Protocol: Updates and Operational Guidance,no_match,0.0,none,true,2026-04-01T00:00:00,2015-10-01T00:00:00,235.217.102.in-addr.arpa,afrinic,,rfc7671_dane_usage_preferred,,tlsa_usage,0.0,1.25,0.0,0.0,3.0,0.0,0.0,0.0,0.0,trace_sig_0031_rfc7671,"RFC 7671 does not explain signal sig_0031: the required indicator rfc7671_dane_usage_preferred failed because rr_type=DS does not equal the expected value TLSA. The observation on 2026-04-01 is 3835 days after RFC 7671's publication on 2015-10-01, so the timestamp is valid. Score 0.0 (none): no required indicator matched, so there is nothing to score."
sig_0031,RFC 7672,SMTP Security via Opportunistic DNS-Based Authentication of Named Entities (DANE) Transport Layer Security (TLS),no_match,0.0,none,true,2026-04-01T00:00:00,2015-10-01T00:00:00,235.217.102.in-addr.arpa,afrinic,,rfc7672_smtp_dane_tlsa,,domain,0.0,1.5,0.0,0.0,3.0,0.0,0.0,0.0,0.0,trace_sig_0031_rfc7672,"RFC 7672 does not explain signal sig_0031: the required indicator rfc7672_smtp_dane_tlsa failed because rr_type=DS does not equal the expected value TLSA. The observation on 2026-04-01 is 3835 days after RFC 7672's publication on 2015-10-01, so the timestamp is valid. Score 0.0 (none): no required indicator matched, so there is nothing to score."
sig_0031,RFC 8078,Managing DS Records from the Parent via CDS/CDNSKEY,no_match,0.0,none,true,2026-04-01T00:00:00,2017-03-01T00:00:00,235.217.102.in-addr.arpa,afrinic,,rfc8078_cds_cdnskey_algorithm_zero; rfc8078_delete_signal_digest_zero,,,0.0,1.5,0.0,0.0,3.0,0.0,0.0,0.0,0.0,trace_sig_0031_rfc8078,"RFC 8078 does not explain signal sig_0031: the required indicator rfc8078_cds_cdnskey_algorithm_zero failed because rr_type=DS is not in [CDS, CDNSKEY]. The observation on 2026-04-01 is 3318 days after RFC 8078's publication on 2017-03-01, so the timestamp is valid. Score 0.0 (none): no required indicator matched, so there is nothing to score."
sig_0031,RFC 8080,Edwards-Curve Digital Security Algorithm (EdDSA) for DNSSEC,no_match,0.0,none,true,2026-04-01T00:00:00,2017-02-01T00:00:00,235.217.102.in-addr.arpa,afrinic,,rfc8080_eddsa_algorithm; rfc8080_eddsa_on_key_or_signature,,,0.0,1.5,0.0,0.0,3.0,0.0,0.0,0.0,0.0,trace_sig_0031_rfc8080,"RFC 8080 does not explain signal sig_0031: the required indicator rfc8080_eddsa_algorithm failed because algorithm=8 is not in [15, 16]. The observation on 2026-04-01 is 3346 days after RFC 8080's publication on 2017-02-01, so the timestamp is valid. Score 0.0 (none): no required indicator matched, so there is nothing to score."
sig_0031,RFC 8198,Aggressive Use of DNSSEC-Validated Cache,non_queryable,0.0,none,true,2026-04-01T00:00:00,2017-07-01T00:00:00,235.217.102.in-addr.arpa,afrinic,,,,resolver_synthesised_nxdomain,0.0,1.0,0.0,0.0,0.0,0.0,0.0,0.0,0.0,trace_sig_0031_rfc8198,"RFC 8198 could not be evaluated against signal sig_0031: every required indicator (rfc8198_aggressive_nsec_use) depends on fields the OpenINTEL corpus does not export, so no verdict is possible in either direction. The observation on 2026-04-01 is 3196 days after RFC 8198's publication on 2017-07-01, so the timestamp is valid. This is a corpus limitation, not a statement about the observation."
sig_0031,RFC 8624,Algorithm Implementation Requirements and Usage Guidance for DNSSEC,partial_match,0.0,none,true,2026-04-01T00:00:00,2019-06-01T00:00:00,235.217.102.in-addr.arpa,afrinic,rfc8624_avoids_deprecated_algorithm,rfc8624_recommended_signing_algorithm,algorithm,rr_type; validator_algorithm_support,0.0,0.75,0.0,1.5,3.0,0.0,2.0,0.0,0.0,trace_sig_0031_rfc8624,"RFC 8624 partially matches signal sig_0031: the optional indicator rfc8624_avoids_deprecated_algorithm passed because algorithm is present (observed 8) and algorithm=8 differs from 1 as required. The required indicator rfc8624_recommended_signing_algorithm was not satisfied: algorithm=8 is not in [13, 15]. The observation on 2026-04-01 is 2496 days after RFC 8624's publication on 2019-06-01, so the timestamp is valid. Score 0.0 (none): the penalties leave a raw total of -3.5, which is clamped to 0 before the 0.75 low specificity multiplier."
sig_0031,RFC 9077,NSEC and NSEC3: TTLs and Aggressive Use,no_match,0.0,none,true,2026-04-01T00:00:00,2021-07-01T00:00:00,235.217.102.in-addr.arpa,afrinic,,rfc9077_nsec_ttl_bounded,,record_ttl,0.0,1.25,0.0,0.0,3.0,0.0,0.0,0.0,0.0,trace_sig_0031_rfc9077,"RFC 9077 does not explain signal sig_0031: the required indicator rfc9077_nsec_ttl_bounded failed because rr_type=DS is not in [NSEC, NSEC3]. The observation on 2026-04-01 is 1735 days after RFC 9077's publication on 2021-07-01, so the timestamp is valid. Score 0.0 (none): no required indicator matched, so there is nothing to score."
sig_0031,RFC 9276,Guidance for NSEC3 Parameter Settings,no_match,0.0,none,true,2026-04-01T00:00:00,2022-08-01T00:00:00,235.217.102.in-addr.arpa,afrinic,,rfc9276_empty_nsec3_salt; rfc9276_zero_nsec3_iterations,,nsec3_iterations; nsec3_salt,0.0,1.5,0.0,0.0,3.0,0.0,0.0,0.0,0.0,trace_sig_0031_rfc9276,"RFC 9276 does not explain signal sig_0031: the required indicator rfc9276_zero_nsec3_iterations failed because rr_type=DS is not in [NSEC3, NSEC3PARAM]. The observation on 2026-04-01 is 1339 days after RFC 9276's publication on 2022-08-01, so the timestamp is valid. Score 0.0 (none): no required indicator matched, so there is nothing to score."
sig_0031,RFC 9364,DNS Security Extensions (DNSSEC),non_queryable,0.0,none,true,2026-04-01T00:00:00,2023-02-01T00:00:00,235.217.102.in-addr.arpa,afrinic,,,,declared_standards_profile,0.0,0.75,0.0,0.0,0.0,0.0,0.0,0.0,0.0,trace_sig_0031_rfc9364,"RFC 9364 could not be evaluated against signal sig_0031: every required indicator (rfc9364_bcp_profile_declared) depends on fields the OpenINTEL corpus does not export, so no verdict is possible in either direction. The observation on 2026-04-01 is 1155 days after RFC 9364's publication on 2023-02-01, so the timestamp is valid. This is a corpus limitation, not a statement about the observation."
sig_0031,RFC 9558,Use of GOST 2012 Signature Algorithms in DNSKEY and RRSIG Resource Records for DNSSEC,no_match,0.0,none,true,2026-04-01T00:00:00,2024-04-01T00:00:00,235.217.102.in-addr.arpa,afrinic,,rfc9558_gost2012_algorithm; rfc9558_gost2012_ds_digest,,,0.0,1.5,0.0,0.0,3.0,0.0,0.0,0.0,0.0,trace_sig_0031_rfc9558,"RFC 9558 does not explain signal sig_0031: the required indicator rfc9558_gost2012_algorithm failed because algorithm=8 does not equal the expected value 23. The observation on 2026-04-01 is 730 days after RFC 9558's publication on 2024-04-01, so the timestamp is valid. Score 0.0 (none): no required indicator matched, so there is nothing to score."
sig_0031,RFC 9563,SM2 Digital Signature Algorithm for DNSSEC,no_match,0.0,none,true,2026-04-01T00:00:00,2024-12-01T00:00:00,235.217.102.in-addr.arpa,afrinic,,rfc9563_sm2sm3_algorithm; rfc9563_sm3_ds_digest,,,0.0,1.5,0.0,0.0,3.0,0.0,0.0,0.0,0.0,trace_sig_0031_rfc9563,"RFC 9563 does not explain signal sig_0031: the required indicator rfc9563_sm2sm3_algorithm failed because algorithm=8 does not equal the expected value 17. The observation on 2026-04-01 is 486 days after RFC 9563's publication on 2024-12-01, so the timestamp is valid. Score 0.0 (none): no required indicator matched, so there is nothing to score."
sig_0031,RFC 9615,Automatic DNSSEC Bootstrapping Using Authenticated Signals from the Zone's Operator,non_queryable,0.0,none,true,2026-04-01T00:00:00,2024-07-01T00:00:00,235.217.102.in-addr.arpa,afrinic,,,,domain; rr_type,0.0,1.5,0.0,0.0,0.0,0.0,0.0,0.0,0.0,trace_sig_0031_rfc9615,"RFC 9615 could not be evaluated against signal sig_0031: every required indicator (rfc9615_bootstrap_signal_label) depends on fields the OpenINTEL corpus does not export, so no verdict is possible in either direction. The observation on 2026-04-01 is 639 days after RFC 9615's publication on 2024-07-01, so the timestamp is valid. This is a corpus limitation, not a statement about the observation."
sig_0031,RFC 9904,DNSSEC Cryptographic Algorithm Recommendation Update Process,non_queryable,0.0,none,true,2026-04-01T00:00:00,2025-11-01T00:00:00,235.217.102.in-addr.arpa,afrinic,,,,guidance_source_registry,0.0,0.75,0.0,0.0,0.0,0.0,0.0,0.0,0.0,trace_sig_0031_rfc9904,"RFC 9904 could not be evaluated against signal sig_0031: every required indicator (rfc9904_algorithm_guidance_process) depends on fields the OpenINTEL corpus does not export, so no verdict is possible in either direction. The observation on 2026-04-01 is 151 days after RFC 9904's publication on 2025-11-01, so the timestamp is valid. This is a corpus limitation, not a statement about the observation."
sig_0031,RFC 9905,Deprecating the Use of SHA-1 in DNSSEC Signature Algorithms,no_match,0.0,none,true,2026-04-01T00:00:00,2025-11-01T00:00:00,235.217.102.in-addr.arpa,afrinic,,rfc9905_deprecated_sha1_in_delegation; rfc9905_deprecated_sha1_signature_still_published,,,0.0,1.25,0.0,0.0,3.0,0.0,0.0,0.0,0.0,trace_sig_0031_rfc9905,"RFC 9905 does not explain signal sig_0031: the required indicator rfc9905_deprecated_sha1_signature_still_published failed because rr_type=DS is not in [DNSKEY, RRSIG, CDNSKEY]. The observation on 2026-04-01 is 151 days after RFC 9905's publication on 2025-11-01, so the timestamp is valid. Score 0.0 (none): no required indicator matched, so there is nothing to score."
sig_0031,RFC 9906,Deprecate Usage of ECC-GOST within DNSSEC,partial_match,0.0,none,true,2026-04-01T00:00:00,2025-11-01T00:00:00,235.217.102.in-addr.arpa,afrinic,rfc9906_deprecated_gost_digest_still_published,rfc9906_deprecated_ecc_gost_still_published,digest_type; rr_type,,0.0,1.5,0.0,2.0,3.0,0.0,0.0,0.0,0.0,trace_sig_0031_rfc9906,"RFC 9906 partially matches signal sig_0031: the optional indicator rfc9906_deprecated_gost_digest_still_published passed because rr_type=DS is in [DS, CDS] and digest_type=3 equals the expected value 3. The required indicator rfc9906_deprecated_ecc_gost_still_published was not satisfied: algorithm=8 does not equal the expected value 12. The observation on 2026-04-01 is 151 days after RFC 9906's publication on 2025-11-01, so the timestamp is valid. Score 0.0 (none): the penalties leave a raw total of -1.0, which is clamped to 0 before the 1.5 very_high specificity multiplier."
sig_0032,RFC 8080,Edwards-Curve Digital Security Algorithm (EdDSA) for DNSSEC,valid_match,17.25,very_high,true,2026-04-01T00:00:00,2017-02-01T00:00:00,88.148.in-addr.arpa,arin,rfc8080_eddsa_algorithm; rfc8080_eddsa_on_key_or_signature,,algorithm; rr_type,,10.0,1.5,0.0,1.5,0.0,0.0,0.0,0.0,17.25,trace_sig_0032_rfc8080,"RFC 8080 matched signal sig_0032: the required indicator rfc8080_eddsa_algorithm passed because algorithm=15 is in [15, 16]. Corroborating indicators also matched: rfc8080_eddsa_on_key_or_signature. The observation on 2026-04-01 is 3346 days after RFC 8080's publication on 2017-02-01, so the timestamp is valid. Score 17.25 (very_high) = (10.0 required + 1.5 optional) x 1.5 very_high specificity."
sig_0032,RFC 4509,Use of SHA-256 in DNSSEC Delegation Signer (DS) Resource Records,valid_match,11.25,high,true,2026-04-01T00:00:00,2006-05-01T00:00:00,88.148.in-addr.arpa,arin,rfc4509_ds_sha256_digest,,digest_type; rr_type,,9.0,1.25,0.0,0.0,0.0,0.0,0.0,0.0,11.25,trace_sig_0032_rfc4509,"RFC 4509 matched signal sig_0032: the required indicator rfc4509_ds_sha256_digest passed because rr_type=DS is in [DS, CDS] and digest_type=2 equals the expected value 2. The observation on 2026-04-01 is 7275 days after RFC 4509's publication on 2006-05-01, so the timestamp is valid. Score 11.25 (high) = (9.0 required) x 1.25 high specificity."
sig_0032,RFC 4033,DNS Security Introduction and Requirements (DNSSEC base: RFC 4033/4034/4035),valid_match,3.75,low,true,2026-04-01T00:00:00,2005-03-01T00:00:00,88.148.in-addr.arpa,arin,rfc4033_base_dnssec_record_present; rfc4033_dnssec_algorithm_present,rfc4033_dnssec_ok_negotiated,algorithm; rr_type,dnssec_ok_flag,4.0,0.75,0.0,1.0,0.0,0.0,0.0,0.0,3.75,trace_sig_0032_rfc4033,"RFC 4033 matched signal sig_0032: the required indicator rfc4033_base_dnssec_record_present passed because rr_type=DS is in [DNSKEY, DS, RRSIG, NSEC]. Corroborating indicators also matched: rfc4033_dnssec_algorithm_present. Indicator rfc4033_dnssec_ok_negotiated did not match: field 'dnssec_ok_flag' is absent from this observation, so the condition 'dnssec_ok_flag must equal true' could not be satisfied (absence is not evidence). The observation on 2026-04-01 is 7701 days after RFC 4033's publication on 2005-03-01, so the timestamp is valid. Score 3.75 (low) = (4.0 required + 1.0 optional) x 0.75 low specificity."
sig_0032,RFC 8624,Algorithm Implementation Requirements and Usage Guidance for DNSSEC,ambiguous,3.375,low,true,2026-04-01T00:00:00,2019-06-01T00:00:00,88.148.in-addr.arpa,arin,rfc8624_avoids_deprecated_algorithm; rfc8624_recommended_signing_algorithm,,algorithm,rr_type; validator_algorithm_support,5.0,0.75,0.0,1.5,0.0,0.0,2.0,0.0,3.375,trace_sig_0032_rfc8624,"RFC 8624 is an ambiguous match for signal sig_0032: the required indicator rfc8624_recommended_signing_algorithm passed because algorithm=15 is in [13, 15]. Corroborating indicators also matched: rfc8624_avoids_deprecated_algorithm. The checklist flags rfc8624_avoids_deprecated_algorithm, rfc8624_recommended_signing_algorithm ambiguous: the same observation is equally explained by other RFCs, so the match is penalized and sent to the review queue rather than reported as adoption. The observation on 2026-04-01 is 2496 days after RFC 8624's publication on 2019-06-01, so the timestamp is valid. Score 3.375 (low) = (5.0 required + 1.5 optional - 2.0 ambiguity penalty) x 0.75 low specificity."
sig_0032,RFC 4034,Resource Records for the DNS Security Extensions,valid_match,3.0,low,true,2026-04-01T00:00:00,2005-03-01T00:00:00,88.148.in-addr.arpa,arin,rfc4034_core_record_present,rfc4034_dnskey_protocol_is_three; rfc4034_rrsig_type_covered_present,rr_type,dnskey_protocol; rrsig_type_covered,3.0,1.0,0.0,0.0,0.0,0.0,0.0,0.0,3.0,trace_sig_0032_rfc4034,"RFC 4034 matched signal sig_0032: the required indicator rfc4034_core_record_present passed because rr_type=DS is in [DNSKEY, DS, RRSIG, NSEC]. Indicator rfc4034_dnskey_protocol_is_three did not match: rr_type=DS is not in [DNSKEY, CDNSKEY]. The observation on 2026-04-01 is 7701 days after RFC 4034's publication on 2005-03-01, so the timestamp is valid. Score 3.0 (low) = (3.0 required) x 1.0 medium specificity."
sig_0032,RFC 3110,RSA/SHA-1 SIGs and RSA KEYs in the Domain Name System (DNS),no_match,0.0,none,true,2026-04-01T00:00:00,2001-05-01T00:00:00,88.148.in-addr.arpa,arin,,rfc3110_rsasha1_algorithm; rfc3110_rsasha1_on_key_or_signature,,,0.0,1.25,0.0,0.0,3.0,0.0,0.0,0.0,0.0,trace_sig_0032_rfc3110,"RFC 3110 does not explain signal sig_0032: the required indicator rfc3110_rsasha1_algorithm failed because algorithm=15 does not equal the expected value 5. The observation on 2026-04-01 is 9101 days after RFC 3110's publication on 2001-05-01, so the timestamp is valid. Score 0.0 (none): no required indicator matched, so there is nothing to score."
sig_0032,RFC 4035,Protocol Modifications for the DNS Security Extensions,non_queryable,0.0,none,true,2026-04-01T00:00:00,2005-03-01T00:00:00,88.148.in-addr.arpa,arin,,,,dnssec_ok_flag,0.0,0.75,0.0,0.0,0.0,0.0,0.0,0.0,0.0,trace_sig_0032_rfc4035,"RFC 4035 could not be evaluated against signal sig_0032: every required indicator (rfc4035_dnssec_ok_negotiated) depends on fields the OpenINTEL corpus does not export, so no verdict is possible in either direction. The observation on 2026-04-01 is 7701 days after RFC 4035's publication on 2005-03-01, so the timestamp is valid. This is a corpus limitation, not a statement about the observation."
sig_0032,RFC 5011,Automated Updates of DNS Security (DNSSEC) Trust Anchors,no_match,0.0,none,true,2026-04-01T00:00:00,2007-09-01T00:00:00,88.148.in-addr.arpa,arin,,rfc5011_revoked_key_published,,flags,0.0,1.25,0.0,0.0,3.0,0.0,0.0,0.0,0.0,trace_sig_0032_rfc5011,"RFC 5011 does not explain signal sig_0032: the required indicator rfc5011_revoked_key_published failed because rr_type=DS does not equal the expected value DNSKEY. The observation on 2026-04-01 is 6787 days after RFC 5011's publication on 2007-09-01, so the timestamp is valid. Score 0.0 (none): no required indicator matched, so there is nothing to score."
sig_0032,RFC 5155,DNS Security (DNSSEC) Hashed Authenticated Denial of Existence,no_match,0.0,none,true,2026-04-01T00:00:00,2008-03-01T00:00:00,88.148.in-addr.arpa,arin,,rfc5155_nsec3_hash_algorithm; rfc5155_nsec3_record_present,,,0.0,1.5,0.0,0.0,3.0,0.0,0.0,0.0,0.0,trace_sig_0032_rfc5155,"RFC 5155 does not explain signal sig_0032: the required indicator rfc5155_nsec3_record_present failed because rr_type=DS is not in [NSEC3, NSEC3PARAM]. The observation on 2026-04-01 is 6605 days after RFC 5155's publication on 2008-03-01, so the timestamp is valid. Score 0.0 (none): no required indicator matched, so there is nothing to score."
sig_0032,RFC 5702,Use of SHA-2 Algorithms with RSA in DNSKEY and RRSIG Resource Records for DNSSEC,no_match,0.0,none,true,2026-04-01T00:00:00,2009-10-01T00:00:00,88.148.in-addr.arpa,arin,,rfc5702_rsa_sha2_algorithm; rfc5702_rsa_sha2_on_dnssec_record,,,0.0,1.25,0.0,0.0,3.0,0.0,0.0,0.0,0.0,trace_sig_0032_rfc5702,"RFC 5702 does not explain signal sig_0032: the required indicator rfc5702_rsa_sha2_algorithm failed because algorithm=15 is not in [8, 10]. The observation on 2026-04-01 is 6026 days after RFC 5702's publication on 2009-10-01, so the timestamp is valid. Score 0.0 (none): no required indicator matched, so there is nothing to score."
sig_0032,RFC 5933,Use of GOST Signature Algorithms in DNSKEY and RRSIG Resource Records for DNSSEC,no_match,0.0,none,true,2026-04-01T00:00:00,2010-07-01T00:00:00,88.148.in-addr.arpa,arin,,rfc5933_ecc_gost_algorithm; rfc5933_gost_ds_digest,,,0.0,1.5,0.0,0.0,3.0,0.0,0.0,0.0,0.0,trace_sig_0032_rfc5933,"RFC 5933 does not explain signal sig_0032: the required indicator rfc5933_ecc_gost_algorithm failed because algorithm=15 does not equal the expected value 12. The observation on 2026-04-01 is 5753 days after RFC 5933's publication on 2010-07-01, so the timestamp is valid. Score 0.0 (none): no required indicator matched, so there is nothing to score."
sig_0032,RFC 6605,Elliptic Curve Digital Signature Algorithm (DSA) for DNSSEC,no_match,0.0,none,true,2026-04-01T00:00:00,2012-04-01T00:00:00,88.148.in-addr.arpa,arin,,rfc6605_ecdsa_algorithm; rfc6605_ecdsa_on_key_or_signature,,,0.0,1.25,0.0,0.0,3.0,0.0,0.0,0.0,0.0,trace_sig_0032_rfc6605,"RFC 6605 does not explain signal sig_0032: the required indicator rfc6605_ecdsa_algorithm failed because algorithm=15 is not in [13, 14]. The observation on 2026-04-01 is 5113 days after RFC 6605's publication on 2012-04-01, so the timestamp is valid. Score 0.0 (none): no required indicator matched, so there is nothing to score."
sig_0032,RFC 6698,The DNS-Based Authentication of Named Entities (DANE) Transport Layer Security (TLS) Protocol: TLSA,no_match,0.0,none,true,2026-04-01T00:00:00,2012-08-01T00:00:00,88.148.in-addr.arpa,arin,,rfc6698_tlsa_fields_well_formed; rfc6698_tlsa_record_present,,tlsa_matchtype; tlsa_usage,0.0,1.5,0.0,0.0,3.0,0.0,0.0,0.0,0.0,trace_sig_0032_rfc6698,"RFC 6698 does not explain signal sig_0032: the required indicator rfc6698_tlsa_record_present failed because rr_type=DS does not equal the expected value TLSA. The observation on 2026-04-01 is 4991 days after RFC 6698's publication on 2012-08-01, so the timestamp is valid. Score 0.0 (none): no required indicator matched, so there is nothing to score."
sig_0032,RFC 6781,"DNSSEC Operational Practices, Version 2",no_match,0.0,none,true,2026-04-01T00:00:00,2012-12-01T00:00:00,88.148.in-addr.arpa,arin,,rfc6781_ksk_zsk_separation,,flags,0.0,0.75,0.0,0.0,3.0,0.0,0.0,0.0,0.0,trace_sig_0032_rfc6781,"RFC 6781 does not explain signal sig_0032: the required indicator rfc6781_ksk_zsk_separation failed because rr_type=DS does not equal the expected value DNSKEY. The observation on 2026-04-01 is 4869 days after RFC 6781's publication on 2012-12-01, so the timestamp is valid. Score 0.0 (none): no required indicator matched, so there is nothing to score."
sig_0032,RFC 6840,Clarifications and Implementation Notes for DNS Security (DNSSEC),non_queryable,0.0,none,true,2026-04-01T00:00:00,2013-02-01T00:00:00,88.148.in-addr.arpa,arin,,,,name_algorithm_set_consistency,0.0,0.75,0.0,0.0,0.0,0.0,0.0,0.0,0.0,trace_sig_0032_rfc6840,"RFC 6840 could not be evaluated against signal sig_0032: every required indicator (rfc6840_mandatory_algorithm_rules) depends on fields the OpenINTEL corpus does not export, so no verdict is possible in either direction. The observation on 2026-04-01 is 4807 days after RFC 6840's publication on 2013-02-01, so the timestamp is valid. This is a corpus limitation, not a statement about the observation."
sig_0032,RFC 7344,Automating DNSSEC Delegation Trust Maintenance,no_match,0.0,none,true,2026-04-01T00:00:00,2014-09-01T00:00:00,88.148.in-addr.arpa,arin,,rfc7344_cds_cdnskey_present; rfc7344_cds_publishes_digest,,,0.0,1.25,0.0,0.0,3.0,0.0,0.0,0.0,0.0,trace_sig_0032_rfc7344,"RFC 7344 does not explain signal sig_0032: the required indicator rfc7344_cds_cdnskey_present failed because rr_type=DS is not in [CDS, CDNSKEY]. The observation on 2026-04-01 is 4230 days after RFC 7344's publication on 2014-09-01, so the timestamp is valid. Score 0.0 (none): no required indicator matched, so there is nothing to score."
sig_0032,RFC 7583,DNSSEC Key Rollover Timing Considerations,non_queryable,0.0,none,true,2026-04-01T00:00:00,2015-10-01T00:00:00,88.148.in-addr.arpa,arin,,,,key_rollover_phase,0.0,0.75,0.0,0.0,0.0,0.0,0.0,0.0,0.0,trace_sig_0032_rfc7583,"RFC 7583 could not be evaluated against signal sig_0032: every required indicator (rfc7583_rollover_timing_observed) depends on fields the OpenINTEL corpus does not export, so no verdict is possible in either direction. The observation on 2026-04-01 is 3835 days after RFC 7583's publication on 2015-10-01, so the timestamp is valid. This is a corpus limitation, not a statement about the observation."
sig_0032,RFC 7671,The DNS-Based Authentication of Named Entities (DANE) Protocol: Updates and Operational Guidance,no_match,0.0,none,true,2026-04-01T00:00:00,2015-10-01T00:00:00,88.148.in-addr.arpa,arin,,rfc7671_dane_usage_preferred,,tlsa_usage,0.0,1.25,0.0,0.0,3.0,0.0,0.0,0.0,0.0,trace_sig_0032_rfc7671,"RFC 7671 does not explain signal sig_0032: the required indicator rfc7671_dane_usage_preferred failed because rr_type=DS does not equal the expected value TLSA. The observation on 2026-04-01 is 3835 days after RFC 7671's publication on 2015-10-01, so the timestamp is valid. Score 0.0 (none): no required indicator matched, so there is nothing to score."
sig_0032,RFC 7672,SMTP Security via Opportunistic DNS-Based Authentication of Named Entities (DANE) Transport Layer Security (TLS),no_match,0.0,none,true,2026-04-01T00:00:00,2015-10-01T00:00:00,88.148.in-addr.arpa,arin,,rfc7672_smtp_dane_tlsa,,domain,0.0,1.5,0.0,0.0,3.0,0.0,0.0,0.0,0.0,trace_sig_0032_rfc7672,"RFC 7672 does not explain signal sig_0032: the required indicator rfc7672_smtp_dane_tlsa failed because rr_type=DS does not equal the expected value TLSA. The observation on 2026-04-01 is 3835 days after RFC 7672's publication on 2015-10-01, so the timestamp is valid. Score 0.0 (none): no required indicator matched, so there is nothing to score."
sig_0032,RFC 8078,Managing DS Records from the Parent via CDS/CDNSKEY,no_match,0.0,none,true,2026-04-01T00:00:00,2017-03-01T00:00:00,88.148.in-addr.arpa,arin,,rfc8078_cds_cdnskey_algorithm_zero; rfc8078_delete_signal_digest_zero,,,0.0,1.5,0.0,0.0,3.0,0.0,0.0,0.0,0.0,trace_sig_0032_rfc8078,"RFC 8078 does not explain signal sig_0032: the required indicator rfc8078_cds_cdnskey_algorithm_zero failed because rr_type=DS is not in [CDS, CDNSKEY]. The observation on 2026-04-01 is 3318 days after RFC 8078's publication on 2017-03-01, so the timestamp is valid. Score 0.0 (none): no required indicator matched, so there is nothing to score."
sig_0032,RFC 8198,Aggressive Use of DNSSEC-Validated Cache,non_queryable,0.0,none,true,2026-04-01T00:00:00,2017-07-01T00:00:00,88.148.in-addr.arpa,arin,,,,resolver_synthesised_nxdomain,0.0,1.0,0.0,0.0,0.0,0.0,0.0,0.0,0.0,trace_sig_0032_rfc8198,"RFC 8198 could not be evaluated against signal sig_0032: every required indicator (rfc8198_aggressive_nsec_use) depends on fields the OpenINTEL corpus does not export, so no verdict is possible in either direction. The observation on 2026-04-01 is 3196 days after RFC 8198's publication on 2017-07-01, so the timestamp is valid. This is a corpus limitation, not a statement about the observation."
sig_0032,RFC 9077,NSEC and NSEC3: TTLs and Aggressive Use,no_match,0.0,none,true,2026-04-01T00:00:00,2021-07-01T00:00:00,88.148.in-addr.arpa,arin,,rfc9077_nsec_ttl_bounded,,record_ttl,0.0,1.25,0.0,0.0,3.0,0.0,0.0,0.0,0.0,trace_sig_0032_rfc9077,"RFC 9077 does not explain signal sig_0032: the required indicator rfc9077_nsec_ttl_bounded failed because rr_type=DS is not in [NSEC, NSEC3]. The observation on 2026-04-01 is 1735 days after RFC 9077's publication on 2021-07-01, so the timestamp is valid. Score 0.0 (none): no required indicator matched, so there is nothing to score."
sig_0032,RFC 9276,Guidance for NSEC3 Parameter Settings,no_match,0.0,none,true,2026-04-01T00:00:00,2022-08-01T00:00:00,88.148.in-addr.arpa,arin,,rfc9276_empty_nsec3_salt; rfc9276_zero_nsec3_iterations,,nsec3_iterations; nsec3_salt,0.0,1.5,0.0,0.0,3.0,0.0,0.0,0.0,0.0,trace_sig_0032_rfc9276,"RFC 9276 does not explain signal sig_0032: the required indicator rfc9276_zero_nsec3_iterations failed because rr_type=DS is not in [NSEC3, NSEC3PARAM]. The observation on 2026-04-01 is 1339 days after RFC 9276's publication on 2022-08-01, so the timestamp is valid. Score 0.0 (none): no required indicator matched, so there is nothing to score."
sig_0032,RFC 9364,DNS Security Extensions (DNSSEC),non_queryable,0.0,none,true,2026-04-01T00:00:00,2023-02-01T00:00:00,88.148.in-addr.arpa,arin,,,,declared_standards_profile,0.0,0.75,0.0,0.0,0.0,0.0,0.0,0.0,0.0,trace_sig_0032_rfc9364,"RFC 9364 could not be evaluated against signal sig_0032: every required indicator (rfc9364_bcp_profile_declared) depends on fields the OpenINTEL corpus does not export, so no verdict is possible in either direction. The observation on 2026-04-01 is 1155 days after RFC 9364's publication on 2023-02-01, so the timestamp is valid. This is a corpus limitation, not a statement about the observation."
sig_0032,RFC 9558,Use of GOST 2012 Signature Algorithms in DNSKEY and RRSIG Resource Records for DNSSEC,no_match,0.0,none,true,2026-04-01T00:00:00,2024-04-01T00:00:00,88.148.in-addr.arpa,arin,,rfc9558_gost2012_algorithm; rfc9558_gost2012_ds_digest,,,0.0,1.5,0.0,0.0,3.0,0.0,0.0,0.0,0.0,trace_sig_0032_rfc9558,"RFC 9558 does not explain signal sig_0032: the required indicator rfc9558_gost2012_algorithm failed because algorithm=15 does not equal the expected value 23. The observation on 2026-04-01 is 730 days after RFC 9558's publication on 2024-04-01, so the timestamp is valid. Score 0.0 (none): no required indicator matched, so there is nothing to score."
sig_0032,RFC 9563,SM2 Digital Signature Algorithm for DNSSEC,no_match,0.0,none,true,2026-04-01T00:00:00,2024-12-01T00:00:00,88.148.in-addr.arpa,arin,,rfc9563_sm2sm3_algorithm; rfc9563_sm3_ds_digest,,,0.0,1.5,0.0,0.0,3.0,0.0,0.0,0.0,0.0,trace_sig_0032_rfc9563,"RFC 9563 does not explain signal sig_0032: the required indicator rfc9563_sm2sm3_algorithm failed because algorithm=15 does not equal the expected value 17. The observation on 2026-04-01 is 486 days after RFC 9563's publication on 2024-12-01, so the timestamp is valid. Score 0.0 (none): no required indicator matched, so there is nothing to score."
sig_0032,RFC 9615,Automatic DNSSEC Bootstrapping Using Authenticated Signals from the Zone's Operator,non_queryable,0.0,none,true,2026-04-01T00:00:00,2024-07-01T00:00:00,88.148.in-addr.arpa,arin,,,,domain; rr_type,0.0,1.5,0.0,0.0,0.0,0.0,0.0,0.0,0.0,trace_sig_0032_rfc9615,"RFC 9615 could not be evaluated against signal sig_0032: every required indicator (rfc9615_bootstrap_signal_label) depends on fields the OpenINTEL corpus does not export, so no verdict is possible in either direction. The observation on 2026-04-01 is 639 days after RFC 9615's publication on 2024-07-01, so the timestamp is valid. This is a corpus limitation, not a statement about the observation."
sig_0032,RFC 9904,DNSSEC Cryptographic Algorithm Recommendation Update Process,non_queryable,0.0,none,true,2026-04-01T00:00:00,2025-11-01T00:00:00,88.148.in-addr.arpa,arin,,,,guidance_source_registry,0.0,0.75,0.0,0.0,0.0,0.0,0.0,0.0,0.0,trace_sig_0032_rfc9904,"RFC 9904 could not be evaluated against signal sig_0032: every required indicator (rfc9904_algorithm_guidance_process) depends on fields the OpenINTEL corpus does not export, so no verdict is possible in either direction. The observation on 2026-04-01 is 151 days after RFC 9904's publication on 2025-11-01, so the timestamp is valid. This is a corpus limitation, not a statement about the observation."
sig_0032,RFC 9905,Deprecating the Use of SHA-1 in DNSSEC Signature Algorithms,no_match,0.0,none,true,2026-04-01T00:00:00,2025-11-01T00:00:00,88.148.in-addr.arpa,arin,,rfc9905_deprecated_sha1_in_delegation; rfc9905_deprecated_sha1_signature_still_published,,,0.0,1.25,0.0,0.0,3.0,0.0,0.0,0.0,0.0,trace_sig_0032_rfc9905,"RFC 9905 does not explain signal sig_0032: the required indicator rfc9905_deprecated_sha1_signature_still_published failed because rr_type=DS is not in [DNSKEY, RRSIG, CDNSKEY]. The observation on 2026-04-01 is 151 days after RFC 9905's publication on 2025-11-01, so the timestamp is valid. Score 0.0 (none): no required indicator matched, so there is nothing to score."
sig_0032,RFC 9906,Deprecate Usage of ECC-GOST within DNSSEC,no_match,0.0,none,true,2026-04-01T00:00:00,2025-11-01T00:00:00,88.148.in-addr.arpa,arin,,rfc9906_deprecated_ecc_gost_still_published; rfc9906_deprecated_gost_digest_still_published,,,0.0,1.5,0.0,0.0,3.0,0.0,0.0,0.0,0.0,trace_sig_0032_rfc9906,"RFC 9906 does not explain signal sig_0032: the required indicator rfc9906_deprecated_ecc_gost_still_published failed because algorithm=15 does not equal the expected value 12. The observation on 2026-04-01 is 151 days after RFC 9906's publication on 2025-11-01, so the timestamp is valid. Score 0.0 (none): no required indicator matched, so there is nothing to score."
sig_0033,RFC 5702,Use of SHA-2 Algorithms with RSA in DNSKEY and RRSIG Resource Records for DNSSEC,valid_match,13.125,very_high,true,2026-05-01T00:00:00,2009-10-01T00:00:00,241.223.102.in-addr.arpa,afrinic,rfc5702_rsa_sha2_algorithm; rfc5702_rsa_sha2_on_dnssec_record,,algorithm; rr_type,,9.0,1.25,0.0,1.5,0.0,0.0,0.0,0.0,13.125,trace_sig_0033_rfc5702,"RFC 5702 matched signal sig_0033: the required indicator rfc5702_rsa_sha2_algorithm passed because algorithm=8 is in [8, 10]. Corroborating indicators also matched: rfc5702_rsa_sha2_on_dnssec_record. The observation on 2026-05-01 is 6056 days after RFC 5702's publication on 2009-10-01, so the timestamp is valid. Score 13.125 (very_high) = (9.0 required + 1.5 optional) x 1.25 high specificity."
sig_0033,RFC 4033,DNS Security Introduction and Requirements (DNSSEC base: RFC 4033/4034/4035),valid_match,3.75,low,true,2026-05-01T00:00:00,2005-03-01T00:00:00,241.223.102.in-addr.arpa,afrinic,rfc4033_base_dnssec_record_present; rfc4033_dnssec_algorithm_present,rfc4033_dnssec_ok_negotiated,algorithm; rr_type,dnssec_ok_flag,4.0,0.75,0.0,1.0,0.0,0.0,0.0,0.0,3.75,trace_sig_0033_rfc4033,"RFC 4033 matched signal sig_0033: the required indicator rfc4033_base_dnssec_record_present passed because rr_type=DS is in [DNSKEY, DS, RRSIG, NSEC]. Corroborating indicators also matched: rfc4033_dnssec_algorithm_present. Indicator rfc4033_dnssec_ok_negotiated did not match: field 'dnssec_ok_flag' is absent from this observation, so the condition 'dnssec_ok_flag must equal true' could not be satisfied (absence is not evidence). The observation on 2026-05-01 is 7731 days after RFC 4033's publication on 2005-03-01, so the timestamp is valid. Score 3.75 (low) = (4.0 required + 1.0 optional) x 0.75 low specificity."
sig_0033,RFC 4034,Resource Records for the DNS Security Extensions,valid_match,3.0,low,true,2026-05-01T00:00:00,2005-03-01T00:00:00,241.223.102.in-addr.arpa,afrinic,rfc4034_core_record_present,rfc4034_dnskey_protocol_is_three; rfc4034_rrsig_type_covered_present,rr_type,dnskey_protocol; rrsig_type_covered,3.0,1.0,0.0,0.0,0.0,0.0,0.0,0.0,3.0,trace_sig_0033_rfc4034,"RFC 4034 matched signal sig_0033: the required indicator rfc4034_core_record_present passed because rr_type=DS is in [DNSKEY, DS, RRSIG, NSEC]. Indicator rfc4034_dnskey_protocol_is_three did not match: rr_type=DS is not in [DNSKEY, CDNSKEY]. The observation on 2026-05-01 is 7731 days after RFC 4034's publication on 2005-03-01, so the timestamp is valid. Score 3.0 (low) = (3.0 required) x 1.0 medium specificity."
sig_0033,RFC 3110,RSA/SHA-1 SIGs and RSA KEYs in the Domain Name System (DNS),no_match,0.0,none,true,2026-05-01T00:00:00,2001-05-01T00:00:00,241.223.102.in-addr.arpa,afrinic,,rfc3110_rsasha1_algorithm; rfc3110_rsasha1_on_key_or_signature,,,0.0,1.25,0.0,0.0,3.0,0.0,0.0,0.0,0.0,trace_sig_0033_rfc3110,"RFC 3110 does not explain signal sig_0033: the required indicator rfc3110_rsasha1_algorithm failed because algorithm=8 does not equal the expected value 5. The observation on 2026-05-01 is 9131 days after RFC 3110's publication on 2001-05-01, so the timestamp is valid. Score 0.0 (none): no required indicator matched, so there is nothing to score."
sig_0033,RFC 4035,Protocol Modifications for the DNS Security Extensions,non_queryable,0.0,none,true,2026-05-01T00:00:00,2005-03-01T00:00:00,241.223.102.in-addr.arpa,afrinic,,,,dnssec_ok_flag,0.0,0.75,0.0,0.0,0.0,0.0,0.0,0.0,0.0,trace_sig_0033_rfc4035,"RFC 4035 could not be evaluated against signal sig_0033: every required indicator (rfc4035_dnssec_ok_negotiated) depends on fields the OpenINTEL corpus does not export, so no verdict is possible in either direction. The observation on 2026-05-01 is 7731 days after RFC 4035's publication on 2005-03-01, so the timestamp is valid. This is a corpus limitation, not a statement about the observation."
sig_0033,RFC 4509,Use of SHA-256 in DNSSEC Delegation Signer (DS) Resource Records,no_match,0.0,none,true,2026-05-01T00:00:00,2006-05-01T00:00:00,241.223.102.in-addr.arpa,afrinic,,rfc4509_ds_sha256_digest,,,0.0,1.25,0.0,0.0,3.0,0.0,0.0,0.0,0.0,trace_sig_0033_rfc4509,"RFC 4509 does not explain signal sig_0033: the required indicator rfc4509_ds_sha256_digest failed because digest_type=3 does not equal the expected value 2. The observation on 2026-05-01 is 7305 days after RFC 4509's publication on 2006-05-01, so the timestamp is valid. Score 0.0 (none): no required indicator matched, so there is nothing to score."
sig_0033,RFC 5011,Automated Updates of DNS Security (DNSSEC) Trust Anchors,no_match,0.0,none,true,2026-05-01T00:00:00,2007-09-01T00:00:00,241.223.102.in-addr.arpa,afrinic,,rfc5011_revoked_key_published,,flags,0.0,1.25,0.0,0.0,3.0,0.0,0.0,0.0,0.0,trace_sig_0033_rfc5011,"RFC 5011 does not explain signal sig_0033: the required indicator rfc5011_revoked_key_published failed because rr_type=DS does not equal the expected value DNSKEY. The observation on 2026-05-01 is 6817 days after RFC 5011's publication on 2007-09-01, so the timestamp is valid. Score 0.0 (none): no required indicator matched, so there is nothing to score."
sig_0033,RFC 5155,DNS Security (DNSSEC) Hashed Authenticated Denial of Existence,no_match,0.0,none,true,2026-05-01T00:00:00,2008-03-01T00:00:00,241.223.102.in-addr.arpa,afrinic,,rfc5155_nsec3_hash_algorithm; rfc5155_nsec3_record_present,,,0.0,1.5,0.0,0.0,3.0,0.0,0.0,0.0,0.0,trace_sig_0033_rfc5155,"RFC 5155 does not explain signal sig_0033: the required indicator rfc5155_nsec3_record_present failed because rr_type=DS is not in [NSEC3, NSEC3PARAM]. The observation on 2026-05-01 is 6635 days after RFC 5155's publication on 2008-03-01, so the timestamp is valid. Score 0.0 (none): no required indicator matched, so there is nothing to score."
sig_0033,RFC 5933,Use of GOST Signature Algorithms in DNSKEY and RRSIG Resource Records for DNSSEC,partial_match,0.0,none,true,2026-05-01T00:00:00,2010-07-01T00:00:00,241.223.102.in-addr.arpa,afrinic,rfc5933_gost_ds_digest,rfc5933_ecc_gost_algorithm,digest_type; rr_type,,0.0,1.5,0.0,2.0,3.0,0.0,0.0,0.0,0.0,trace_sig_0033_rfc5933,"RFC 5933 partially matches signal sig_0033: the optional indicator rfc5933_gost_ds_digest passed because rr_type=DS is in [DS, CDS] and digest_type=3 equals the expected value 3. The required indicator rfc5933_ecc_gost_algorithm was not satisfied: algorithm=8 does not equal the expected value 12. The observation on 2026-05-01 is 5783 days after RFC 5933's publication on 2010-07-01, so the timestamp is valid. Score 0.0 (none): the penalties leave a raw total of -1.0, which is clamped to 0 before the 1.5 very_high specificity multiplier."
sig_0033,RFC 6605,Elliptic Curve Digital Signature Algorithm (DSA) for DNSSEC,no_match,0.0,none,true,2026-05-01T00:00:00,2012-04-01T00:00:00,241.223.102.in-addr.arpa,afrinic,,rfc6605_ecdsa_algorithm; rfc6605_ecdsa_on_key_or_signature,,,0.0,1.25,0.0,0.0,3.0,0.0,0.0,0.0,0.0,trace_sig_0033_rfc6605,"RFC 6605 does not explain signal sig_0033: the required indicator rfc6605_ecdsa_algorithm failed because algorithm=8 is not in [13, 14]. The observation on 2026-05-01 is 5143 days after RFC 6605's publication on 2012-04-01, so the timestamp is valid. Score 0.0 (none): no required indicator matched, so there is nothing to score."
sig_0033,RFC 6698,The DNS-Based Authentication of Named Entities (DANE) Transport Layer Security (TLS) Protocol: TLSA,no_match,0.0,none,true,2026-05-01T00:00:00,2012-08-01T00:00:00,241.223.102.in-addr.arpa,afrinic,,rfc6698_tlsa_fields_well_formed; rfc6698_tlsa_record_present,,tlsa_matchtype; tlsa_usage,0.0,1.5,0.0,0.0,3.0,0.0,0.0,0.0,0.0,trace_sig_0033_rfc6698,"RFC 6698 does not explain signal sig_0033: the required indicator rfc6698_tlsa_record_present failed because rr_type=DS does not equal the expected value TLSA. The observation on 2026-05-01 is 5021 days after RFC 6698's publication on 2012-08-01, so the timestamp is valid. Score 0.0 (none): no required indicator matched, so there is nothing to score."
sig_0033,RFC 6781,"DNSSEC Operational Practices, Version 2",no_match,0.0,none,true,2026-05-01T00:00:00,2012-12-01T00:00:00,241.223.102.in-addr.arpa,afrinic,,rfc6781_ksk_zsk_separation,,flags,0.0,0.75,0.0,0.0,3.0,0.0,0.0,0.0,0.0,trace_sig_0033_rfc6781,"RFC 6781 does not explain signal sig_0033: the required indicator rfc6781_ksk_zsk_separation failed because rr_type=DS does not equal the expected value DNSKEY. The observation on 2026-05-01 is 4899 days after RFC 6781's publication on 2012-12-01, so the timestamp is valid. Score 0.0 (none): no required indicator matched, so there is nothing to score."
sig_0033,RFC 6840,Clarifications and Implementation Notes for DNS Security (DNSSEC),non_queryable,0.0,none,true,2026-05-01T00:00:00,2013-02-01T00:00:00,241.223.102.in-addr.arpa,afrinic,,,,name_algorithm_set_consistency,0.0,0.75,0.0,0.0,0.0,0.0,0.0,0.0,0.0,trace_sig_0033_rfc6840,"RFC 6840 could not be evaluated against signal sig_0033: every required indicator (rfc6840_mandatory_algorithm_rules) depends on fields the OpenINTEL corpus does not export, so no verdict is possible in either direction. The observation on 2026-05-01 is 4837 days after RFC 6840's publication on 2013-02-01, so the timestamp is valid. This is a corpus limitation, not a statement about the observation."
sig_0033,RFC 7344,Automating DNSSEC Delegation Trust Maintenance,no_match,0.0,none,true,2026-05-01T00:00:00,2014-09-01T00:00:00,241.223.102.in-addr.arpa,afrinic,,rfc7344_cds_cdnskey_present; rfc7344_cds_publishes_digest,,,0.0,1.25,0.0,0.0,3.0,0.0,0.0,0.0,0.0,trace_sig_0033_rfc7344,"RFC 7344 does not explain signal sig_0033: the required indicator rfc7344_cds_cdnskey_present failed because rr_type=DS is not in [CDS, CDNSKEY]. The observation on 2026-05-01 is 4260 days after RFC 7344's publication on 2014-09-01, so the timestamp is valid. Score 0.0 (none): no required indicator matched, so there is nothing to score."
sig_0033,RFC 7583,DNSSEC Key Rollover Timing Considerations,non_queryable,0.0,none,true,2026-05-01T00:00:00,2015-10-01T00:00:00,241.223.102.in-addr.arpa,afrinic,,,,key_rollover_phase,0.0,0.75,0.0,0.0,0.0,0.0,0.0,0.0,0.0,trace_sig_0033_rfc7583,"RFC 7583 could not be evaluated against signal sig_0033: every required indicator (rfc7583_rollover_timing_observed) depends on fields the OpenINTEL corpus does not export, so no verdict is possible in either direction. The observation on 2026-05-01 is 3865 days after RFC 7583's publication on 2015-10-01, so the timestamp is valid. This is a corpus limitation, not a statement about the observation."
sig_0033,RFC 7671,The DNS-Based Authentication of Named Entities (DANE) Protocol: Updates and Operational Guidance,no_match,0.0,none,true,2026-05-01T00:00:00,2015-10-01T00:00:00,241.223.102.in-addr.arpa,afrinic,,rfc7671_dane_usage_preferred,,tlsa_usage,0.0,1.25,0.0,0.0,3.0,0.0,0.0,0.0,0.0,trace_sig_0033_rfc7671,"RFC 7671 does not explain signal sig_0033: the required indicator rfc7671_dane_usage_preferred failed because rr_type=DS does not equal the expected value TLSA. The observation on 2026-05-01 is 3865 days after RFC 7671's publication on 2015-10-01, so the timestamp is valid. Score 0.0 (none): no required indicator matched, so there is nothing to score."
sig_0033,RFC 7672,SMTP Security via Opportunistic DNS-Based Authentication of Named Entities (DANE) Transport Layer Security (TLS),no_match,0.0,none,true,2026-05-01T00:00:00,2015-10-01T00:00:00,241.223.102.in-addr.arpa,afrinic,,rfc7672_smtp_dane_tlsa,,domain,0.0,1.5,0.0,0.0,3.0,0.0,0.0,0.0,0.0,trace_sig_0033_rfc7672,"RFC 7672 does not explain signal sig_0033: the required indicator rfc7672_smtp_dane_tlsa failed because rr_type=DS does not equal the expected value TLSA. The observation on 2026-05-01 is 3865 days after RFC 7672's publication on 2015-10-01, so the timestamp is valid. Score 0.0 (none): no required indicator matched, so there is nothing to score."
sig_0033,RFC 8078,Managing DS Records from the Parent via CDS/CDNSKEY,no_match,0.0,none,true,2026-05-01T00:00:00,2017-03-01T00:00:00,241.223.102.in-addr.arpa,afrinic,,rfc8078_cds_cdnskey_algorithm_zero; rfc8078_delete_signal_digest_zero,,,0.0,1.5,0.0,0.0,3.0,0.0,0.0,0.0,0.0,trace_sig_0033_rfc8078,"RFC 8078 does not explain signal sig_0033: the required indicator rfc8078_cds_cdnskey_algorithm_zero failed because rr_type=DS is not in [CDS, CDNSKEY]. The observation on 2026-05-01 is 3348 days after RFC 8078's publication on 2017-03-01, so the timestamp is valid. Score 0.0 (none): no required indicator matched, so there is nothing to score."
sig_0033,RFC 8080,Edwards-Curve Digital Security Algorithm (EdDSA) for DNSSEC,no_match,0.0,none,true,2026-05-01T00:00:00,2017-02-01T00:00:00,241.223.102.in-addr.arpa,afrinic,,rfc8080_eddsa_algorithm; rfc8080_eddsa_on_key_or_signature,,,0.0,1.5,0.0,0.0,3.0,0.0,0.0,0.0,0.0,trace_sig_0033_rfc8080,"RFC 8080 does not explain signal sig_0033: the required indicator rfc8080_eddsa_algorithm failed because algorithm=8 is not in [15, 16]. The observation on 2026-05-01 is 3376 days after RFC 8080's publication on 2017-02-01, so the timestamp is valid. Score 0.0 (none): no required indicator matched, so there is nothing to score."
sig_0033,RFC 8198,Aggressive Use of DNSSEC-Validated Cache,non_queryable,0.0,none,true,2026-05-01T00:00:00,2017-07-01T00:00:00,241.223.102.in-addr.arpa,afrinic,,,,resolver_synthesised_nxdomain,0.0,1.0,0.0,0.0,0.0,0.0,0.0,0.0,0.0,trace_sig_0033_rfc8198,"RFC 8198 could not be evaluated against signal sig_0033: every required indicator (rfc8198_aggressive_nsec_use) depends on fields the OpenINTEL corpus does not export, so no verdict is possible in either direction. The observation on 2026-05-01 is 3226 days after RFC 8198's publication on 2017-07-01, so the timestamp is valid. This is a corpus limitation, not a statement about the observation."
sig_0033,RFC 8624,Algorithm Implementation Requirements and Usage Guidance for DNSSEC,partial_match,0.0,none,true,2026-05-01T00:00:00,2019-06-01T00:00:00,241.223.102.in-addr.arpa,afrinic,rfc8624_avoids_deprecated_algorithm,rfc8624_recommended_signing_algorithm,algorithm,rr_type; validator_algorithm_support,0.0,0.75,0.0,1.5,3.0,0.0,2.0,0.0,0.0,trace_sig_0033_rfc8624,"RFC 8624 partially matches signal sig_0033: the optional indicator rfc8624_avoids_deprecated_algorithm passed because algorithm is present (observed 8) and algorithm=8 differs from 1 as required. The required indicator rfc8624_recommended_signing_algorithm was not satisfied: algorithm=8 is not in [13, 15]. The observation on 2026-05-01 is 2526 days after RFC 8624's publication on 2019-06-01, so the timestamp is valid. Score 0.0 (none): the penalties leave a raw total of -3.5, which is clamped to 0 before the 0.75 low specificity multiplier."
sig_0033,RFC 9077,NSEC and NSEC3: TTLs and Aggressive Use,no_match,0.0,none,true,2026-05-01T00:00:00,2021-07-01T00:00:00,241.223.102.in-addr.arpa,afrinic,,rfc9077_nsec_ttl_bounded,,record_ttl,0.0,1.25,0.0,0.0,3.0,0.0,0.0,0.0,0.0,trace_sig_0033_rfc9077,"RFC 9077 does not explain signal sig_0033: the required indicator rfc9077_nsec_ttl_bounded failed because rr_type=DS is not in [NSEC, NSEC3]. The observation on 2026-05-01 is 1765 days after RFC 9077's publication on 2021-07-01, so the timestamp is valid. Score 0.0 (none): no required indicator matched, so there is nothing to score."
sig_0033,RFC 9276,Guidance for NSEC3 Parameter Settings,no_match,0.0,none,true,2026-05-01T00:00:00,2022-08-01T00:00:00,241.223.102.in-addr.arpa,afrinic,,rfc9276_empty_nsec3_salt; rfc9276_zero_nsec3_iterations,,nsec3_iterations; nsec3_salt,0.0,1.5,0.0,0.0,3.0,0.0,0.0,0.0,0.0,trace_sig_0033_rfc9276,"RFC 9276 does not explain signal sig_0033: the required indicator rfc9276_zero_nsec3_iterations failed because rr_type=DS is not in [NSEC3, NSEC3PARAM]. The observation on 2026-05-01 is 1369 days after RFC 9276's publication on 2022-08-01, so the timestamp is valid. Score 0.0 (none): no required indicator matched, so there is nothing to score."
sig_0033,RFC 9364,DNS Security Extensions (DNSSEC),non_queryable,0.0,none,true,2026-05-01T00:00:00,2023-02-01T00:00:00,241.223.102.in-addr.arpa,afrinic,,,,declared_standards_profile,0.0,0.75,0.0,0.0,0.0,0.0,0.0,0.0,0.0,trace_sig_0033_rfc9364,"RFC 9364 could not be evaluated against signal sig_0033: every required indicator (rfc9364_bcp_profile_declared) depends on fields the OpenINTEL corpus does not export, so no verdict is possible in either direction. The observation on 2026-05-01 is 1185 days after RFC 9364's publication on 2023-02-01, so the timestamp is valid. This is a corpus limitation, not a statement about the observation."
sig_0033,RFC 9558,Use of GOST 2012 Signature Algorithms in DNSKEY and RRSIG Resource Records for DNSSEC,no_match,0.0,none,true,2026-05-01T00:00:00,2024-04-01T00:00:00,241.223.102.in-addr.arpa,afrinic,,rfc9558_gost2012_algorithm; rfc9558_gost2012_ds_digest,,,0.0,1.5,0.0,0.0,3.0,0.0,0.0,0.0,0.0,trace_sig_0033_rfc9558,"RFC 9558 does not explain signal sig_0033: the required indicator rfc9558_gost2012_algorithm failed because algorithm=8 does not equal the expected value 23. The observation on 2026-05-01 is 760 days after RFC 9558's publication on 2024-04-01, so the timestamp is valid. Score 0.0 (none): no required indicator matched, so there is nothing to score."
sig_0033,RFC 9563,SM2 Digital Signature Algorithm for DNSSEC,no_match,0.0,none,true,2026-05-01T00:00:00,2024-12-01T00:00:00,241.223.102.in-addr.arpa,afrinic,,rfc9563_sm2sm3_algorithm; rfc9563_sm3_ds_digest,,,0.0,1.5,0.0,0.0,3.0,0.0,0.0,0.0,0.0,trace_sig_0033_rfc9563,"RFC 9563 does not explain signal sig_0033: the required indicator rfc9563_sm2sm3_algorithm failed because algorithm=8 does not equal the expected value 17. The observation on 2026-05-01 is 516 days after RFC 9563's publication on 2024-12-01, so the timestamp is valid. Score 0.0 (none): no required indicator matched, so there is nothing to score."
sig_0033,RFC 9615,Automatic DNSSEC Bootstrapping Using Authenticated Signals from the Zone's Operator,non_queryable,0.0,none,true,2026-05-01T00:00:00,2024-07-01T00:00:00,241.223.102.in-addr.arpa,afrinic,,,,domain; rr_type,0.0,1.5,0.0,0.0,0.0,0.0,0.0,0.0,0.0,trace_sig_0033_rfc9615,"RFC 9615 could not be evaluated against signal sig_0033: every required indicator (rfc9615_bootstrap_signal_label) depends on fields the OpenINTEL corpus does not export, so no verdict is possible in either direction. The observation on 2026-05-01 is 669 days after RFC 9615's publication on 2024-07-01, so the timestamp is valid. This is a corpus limitation, not a statement about the observation."
sig_0033,RFC 9904,DNSSEC Cryptographic Algorithm Recommendation Update Process,non_queryable,0.0,none,true,2026-05-01T00:00:00,2025-11-01T00:00:00,241.223.102.in-addr.arpa,afrinic,,,,guidance_source_registry,0.0,0.75,0.0,0.0,0.0,0.0,0.0,0.0,0.0,trace_sig_0033_rfc9904,"RFC 9904 could not be evaluated against signal sig_0033: every required indicator (rfc9904_algorithm_guidance_process) depends on fields the OpenINTEL corpus does not export, so no verdict is possible in either direction. The observation on 2026-05-01 is 181 days after RFC 9904's publication on 2025-11-01, so the timestamp is valid. This is a corpus limitation, not a statement about the observation."
sig_0033,RFC 9905,Deprecating the Use of SHA-1 in DNSSEC Signature Algorithms,no_match,0.0,none,true,2026-05-01T00:00:00,2025-11-01T00:00:00,241.223.102.in-addr.arpa,afrinic,,rfc9905_deprecated_sha1_in_delegation; rfc9905_deprecated_sha1_signature_still_published,,,0.0,1.25,0.0,0.0,3.0,0.0,0.0,0.0,0.0,trace_sig_0033_rfc9905,"RFC 9905 does not explain signal sig_0033: the required indicator rfc9905_deprecated_sha1_signature_still_published failed because rr_type=DS is not in [DNSKEY, RRSIG, CDNSKEY]. The observation on 2026-05-01 is 181 days after RFC 9905's publication on 2025-11-01, so the timestamp is valid. Score 0.0 (none): no required indicator matched, so there is nothing to score."
sig_0033,RFC 9906,Deprecate Usage of ECC-GOST within DNSSEC,partial_match,0.0,none,true,2026-05-01T00:00:00,2025-11-01T00:00:00,241.223.102.in-addr.arpa,afrinic,rfc9906_deprecated_gost_digest_still_published,rfc9906_deprecated_ecc_gost_still_published,digest_type; rr_type,,0.0,1.5,0.0,2.0,3.0,0.0,0.0,0.0,0.0,trace_sig_0033_rfc9906,"RFC 9906 partially matches signal sig_0033: the optional indicator rfc9906_deprecated_gost_digest_still_published passed because rr_type=DS is in [DS, CDS] and digest_type=3 equals the expected value 3. The required indicator rfc9906_deprecated_ecc_gost_still_published was not satisfied: algorithm=8 does not equal the expected value 12. The observation on 2026-05-01 is 181 days after RFC 9906's publication on 2025-11-01, so the timestamp is valid. Score 0.0 (none): the penalties leave a raw total of -1.0, which is clamped to 0 before the 1.5 very_high specificity multiplier."
sig_0034,RFC 3110,RSA/SHA-1 SIGs and RSA KEYs in the Domain Name System (DNS),valid_match,11.25,high,true,2026-06-01T00:00:00,2001-05-01T00:00:00,218.171.104.in-addr.arpa,arin,rfc3110_rsasha1_algorithm,rfc3110_rsasha1_on_key_or_signature,algorithm,,9.0,1.25,0.0,0.0,0.0,0.0,0.0,0.0,11.25,trace_sig_0034_rfc3110,"RFC 3110 matched signal sig_0034: the required indicator rfc3110_rsasha1_algorithm passed because algorithm=5 equals the expected value 5. Indicator rfc3110_rsasha1_on_key_or_signature did not match: rr_type=DS is not in [DNSKEY, RRSIG, CDNSKEY]. The observation on 2026-06-01 is 9162 days after RFC 3110's publication on 2001-05-01, so the timestamp is valid. Score 11.25 (high) = (9.0 required) x 1.25 high specificity."
sig_0034,RFC 4509,Use of SHA-256 in DNSSEC Delegation Signer (DS) Resource Records,valid_match,11.25,high,true,2026-06-01T00:00:00,2006-05-01T00:00:00,218.171.104.in-addr.arpa,arin,rfc4509_ds_sha256_digest,,digest_type; rr_type,,9.0,1.25,0.0,0.0,0.0,0.0,0.0,0.0,11.25,trace_sig_0034_rfc4509,"RFC 4509 matched signal sig_0034: the required indicator rfc4509_ds_sha256_digest passed because rr_type=DS is in [DS, CDS] and digest_type=2 equals the expected value 2. The observation on 2026-06-01 is 7336 days after RFC 4509's publication on 2006-05-01, so the timestamp is valid. Score 11.25 (high) = (9.0 required) x 1.25 high specificity."
sig_0034,RFC 4033,DNS Security Introduction and Requirements (DNSSEC base: RFC 4033/4034/4035),valid_match,3.75,low,true,2026-06-01T00:00:00,2005-03-01T00:00:00,218.171.104.in-addr.arpa,arin,rfc4033_base_dnssec_record_present; rfc4033_dnssec_algorithm_present,rfc4033_dnssec_ok_negotiated,algorithm; rr_type,dnssec_ok_flag,4.0,0.75,0.0,1.0,0.0,0.0,0.0,0.0,3.75,trace_sig_0034_rfc4033,"RFC 4033 matched signal sig_0034: the required indicator rfc4033_base_dnssec_record_present passed because rr_type=DS is in [DNSKEY, DS, RRSIG, NSEC]. Corroborating indicators also matched: rfc4033_dnssec_algorithm_present. Indicator rfc4033_dnssec_ok_negotiated did not match: field 'dnssec_ok_flag' is absent from this observation, so the condition 'dnssec_ok_flag must equal true' could not be satisfied (absence is not evidence). The observation on 2026-06-01 is 7762 days after RFC 4033's publication on 2005-03-01, so the timestamp is valid. Score 3.75 (low) = (4.0 required + 1.0 optional) x 0.75 low specificity."
sig_0034,RFC 4034,Resource Records for the DNS Security Extensions,valid_match,3.0,low,true,2026-06-01T00:00:00,2005-03-01T00:00:00,218.171.104.in-addr.arpa,arin,rfc4034_core_record_present,rfc4034_dnskey_protocol_is_three; rfc4034_rrsig_type_covered_present,rr_type,dnskey_protocol; rrsig_type_covered,3.0,1.0,0.0,0.0,0.0,0.0,0.0,0.0,3.0,trace_sig_0034_rfc4034,"RFC 4034 matched signal sig_0034: the required indicator rfc4034_core_record_present passed because rr_type=DS is in [DNSKEY, DS, RRSIG, NSEC]. Indicator rfc4034_dnskey_protocol_is_three did not match: rr_type=DS is not in [DNSKEY, CDNSKEY]. The observation on 2026-06-01 is 7762 days after RFC 4034's publication on 2005-03-01, so the timestamp is valid. Score 3.0 (low) = (3.0 required) x 1.0 medium specificity."
sig_0034,RFC 4035,Protocol Modifications for the DNS Security Extensions,non_queryable,0.0,none,true,2026-06-01T00:00:00,2005-03-01T00:00:00,218.171.104.in-addr.arpa,arin,,,,dnssec_ok_flag,0.0,0.75,0.0,0.0,0.0,0.0,0.0,0.0,0.0,trace_sig_0034_rfc4035,"RFC 4035 could not be evaluated against signal sig_0034: every required indicator (rfc4035_dnssec_ok_negotiated) depends on fields the OpenINTEL corpus does not export, so no verdict is possible in either direction. The observation on 2026-06-01 is 7762 days after RFC 4035's publication on 2005-03-01, so the timestamp is valid. This is a corpus limitation, not a statement about the observation."
sig_0034,RFC 5011,Automated Updates of DNS Security (DNSSEC) Trust Anchors,no_match,0.0,none,true,2026-06-01T00:00:00,2007-09-01T00:00:00,218.171.104.in-addr.arpa,arin,,rfc5011_revoked_key_published,,flags,0.0,1.25,0.0,0.0,3.0,0.0,0.0,0.0,0.0,trace_sig_0034_rfc5011,"RFC 5011 does not explain signal sig_0034: the required indicator rfc5011_revoked_key_published failed because rr_type=DS does not equal the expected value DNSKEY. The observation on 2026-06-01 is 6848 days after RFC 5011's publication on 2007-09-01, so the timestamp is valid. Score 0.0 (none): no required indicator matched, so there is nothing to score."
sig_0034,RFC 5155,DNS Security (DNSSEC) Hashed Authenticated Denial of Existence,no_match,0.0,none,true,2026-06-01T00:00:00,2008-03-01T00:00:00,218.171.104.in-addr.arpa,arin,,rfc5155_nsec3_hash_algorithm; rfc5155_nsec3_record_present,,,0.0,1.5,0.0,0.0,3.0,0.0,0.0,0.0,0.0,trace_sig_0034_rfc5155,"RFC 5155 does not explain signal sig_0034: the required indicator rfc5155_nsec3_record_present failed because rr_type=DS is not in [NSEC3, NSEC3PARAM]. The observation on 2026-06-01 is 6666 days after RFC 5155's publication on 2008-03-01, so the timestamp is valid. Score 0.0 (none): no required indicator matched, so there is nothing to score."
sig_0034,RFC 5702,Use of SHA-2 Algorithms with RSA in DNSKEY and RRSIG Resource Records for DNSSEC,no_match,0.0,none,true,2026-06-01T00:00:00,2009-10-01T00:00:00,218.171.104.in-addr.arpa,arin,,rfc5702_rsa_sha2_algorithm; rfc5702_rsa_sha2_on_dnssec_record,,,0.0,1.25,0.0,0.0,3.0,0.0,0.0,0.0,0.0,trace_sig_0034_rfc5702,"RFC 5702 does not explain signal sig_0034: the required indicator rfc5702_rsa_sha2_algorithm failed because algorithm=5 is not in [8, 10]. The observation on 2026-06-01 is 6087 days after RFC 5702's publication on 2009-10-01, so the timestamp is valid. Score 0.0 (none): no required indicator matched, so there is nothing to score."
sig_0034,RFC 5933,Use of GOST Signature Algorithms in DNSKEY and RRSIG Resource Records for DNSSEC,no_match,0.0,none,true,2026-06-01T00:00:00,2010-07-01T00:00:00,218.171.104.in-addr.arpa,arin,,rfc5933_ecc_gost_algorithm; rfc5933_gost_ds_digest,,,0.0,1.5,0.0,0.0,3.0,0.0,0.0,0.0,0.0,trace_sig_0034_rfc5933,"RFC 5933 does not explain signal sig_0034: the required indicator rfc5933_ecc_gost_algorithm failed because algorithm=5 does not equal the expected value 12. The observation on 2026-06-01 is 5814 days after RFC 5933's publication on 2010-07-01, so the timestamp is valid. Score 0.0 (none): no required indicator matched, so there is nothing to score."
sig_0034,RFC 6605,Elliptic Curve Digital Signature Algorithm (DSA) for DNSSEC,no_match,0.0,none,true,2026-06-01T00:00:00,2012-04-01T00:00:00,218.171.104.in-addr.arpa,arin,,rfc6605_ecdsa_algorithm; rfc6605_ecdsa_on_key_or_signature,,,0.0,1.25,0.0,0.0,3.0,0.0,0.0,0.0,0.0,trace_sig_0034_rfc6605,"RFC 6605 does not explain signal sig_0034: the required indicator rfc6605_ecdsa_algorithm failed because algorithm=5 is not in [13, 14]. The observation on 2026-06-01 is 5174 days after RFC 6605's publication on 2012-04-01, so the timestamp is valid. Score 0.0 (none): no required indicator matched, so there is nothing to score."
sig_0034,RFC 6698,The DNS-Based Authentication of Named Entities (DANE) Transport Layer Security (TLS) Protocol: TLSA,no_match,0.0,none,true,2026-06-01T00:00:00,2012-08-01T00:00:00,218.171.104.in-addr.arpa,arin,,rfc6698_tlsa_fields_well_formed; rfc6698_tlsa_record_present,,tlsa_matchtype; tlsa_usage,0.0,1.5,0.0,0.0,3.0,0.0,0.0,0.0,0.0,trace_sig_0034_rfc6698,"RFC 6698 does not explain signal sig_0034: the required indicator rfc6698_tlsa_record_present failed because rr_type=DS does not equal the expected value TLSA. The observation on 2026-06-01 is 5052 days after RFC 6698's publication on 2012-08-01, so the timestamp is valid. Score 0.0 (none): no required indicator matched, so there is nothing to score."
sig_0034,RFC 6781,"DNSSEC Operational Practices, Version 2",no_match,0.0,none,true,2026-06-01T00:00:00,2012-12-01T00:00:00,218.171.104.in-addr.arpa,arin,,rfc6781_ksk_zsk_separation,,flags,0.0,0.75,0.0,0.0,3.0,0.0,0.0,0.0,0.0,trace_sig_0034_rfc6781,"RFC 6781 does not explain signal sig_0034: the required indicator rfc6781_ksk_zsk_separation failed because rr_type=DS does not equal the expected value DNSKEY. The observation on 2026-06-01 is 4930 days after RFC 6781's publication on 2012-12-01, so the timestamp is valid. Score 0.0 (none): no required indicator matched, so there is nothing to score."
sig_0034,RFC 6840,Clarifications and Implementation Notes for DNS Security (DNSSEC),non_queryable,0.0,none,true,2026-06-01T00:00:00,2013-02-01T00:00:00,218.171.104.in-addr.arpa,arin,,,,name_algorithm_set_consistency,0.0,0.75,0.0,0.0,0.0,0.0,0.0,0.0,0.0,trace_sig_0034_rfc6840,"RFC 6840 could not be evaluated against signal sig_0034: every required indicator (rfc6840_mandatory_algorithm_rules) depends on fields the OpenINTEL corpus does not export, so no verdict is possible in either direction. The observation on 2026-06-01 is 4868 days after RFC 6840's publication on 2013-02-01, so the timestamp is valid. This is a corpus limitation, not a statement about the observation."
sig_0034,RFC 7344,Automating DNSSEC Delegation Trust Maintenance,no_match,0.0,none,true,2026-06-01T00:00:00,2014-09-01T00:00:00,218.171.104.in-addr.arpa,arin,,rfc7344_cds_cdnskey_present; rfc7344_cds_publishes_digest,,,0.0,1.25,0.0,0.0,3.0,0.0,0.0,0.0,0.0,trace_sig_0034_rfc7344,"RFC 7344 does not explain signal sig_0034: the required indicator rfc7344_cds_cdnskey_present failed because rr_type=DS is not in [CDS, CDNSKEY]. The observation on 2026-06-01 is 4291 days after RFC 7344's publication on 2014-09-01, so the timestamp is valid. Score 0.0 (none): no required indicator matched, so there is nothing to score."
sig_0034,RFC 7583,DNSSEC Key Rollover Timing Considerations,non_queryable,0.0,none,true,2026-06-01T00:00:00,2015-10-01T00:00:00,218.171.104.in-addr.arpa,arin,,,,key_rollover_phase,0.0,0.75,0.0,0.0,0.0,0.0,0.0,0.0,0.0,trace_sig_0034_rfc7583,"RFC 7583 could not be evaluated against signal sig_0034: every required indicator (rfc7583_rollover_timing_observed) depends on fields the OpenINTEL corpus does not export, so no verdict is possible in either direction. The observation on 2026-06-01 is 3896 days after RFC 7583's publication on 2015-10-01, so the timestamp is valid. This is a corpus limitation, not a statement about the observation."
sig_0034,RFC 7671,The DNS-Based Authentication of Named Entities (DANE) Protocol: Updates and Operational Guidance,no_match,0.0,none,true,2026-06-01T00:00:00,2015-10-01T00:00:00,218.171.104.in-addr.arpa,arin,,rfc7671_dane_usage_preferred,,tlsa_usage,0.0,1.25,0.0,0.0,3.0,0.0,0.0,0.0,0.0,trace_sig_0034_rfc7671,"RFC 7671 does not explain signal sig_0034: the required indicator rfc7671_dane_usage_preferred failed because rr_type=DS does not equal the expected value TLSA. The observation on 2026-06-01 is 3896 days after RFC 7671's publication on 2015-10-01, so the timestamp is valid. Score 0.0 (none): no required indicator matched, so there is nothing to score."
sig_0034,RFC 7672,SMTP Security via Opportunistic DNS-Based Authentication of Named Entities (DANE) Transport Layer Security (TLS),no_match,0.0,none,true,2026-06-01T00:00:00,2015-10-01T00:00:00,218.171.104.in-addr.arpa,arin,,rfc7672_smtp_dane_tlsa,,domain,0.0,1.5,0.0,0.0,3.0,0.0,0.0,0.0,0.0,trace_sig_0034_rfc7672,"RFC 7672 does not explain signal sig_0034: the required indicator rfc7672_smtp_dane_tlsa failed because rr_type=DS does not equal the expected value TLSA. The observation on 2026-06-01 is 3896 days after RFC 7672's publication on 2015-10-01, so the timestamp is valid. Score 0.0 (none): no required indicator matched, so there is nothing to score."
sig_0034,RFC 8078,Managing DS Records from the Parent via CDS/CDNSKEY,no_match,0.0,none,true,2026-06-01T00:00:00,2017-03-01T00:00:00,218.171.104.in-addr.arpa,arin,,rfc8078_cds_cdnskey_algorithm_zero; rfc8078_delete_signal_digest_zero,,,0.0,1.5,0.0,0.0,3.0,0.0,0.0,0.0,0.0,trace_sig_0034_rfc8078,"RFC 8078 does not explain signal sig_0034: the required indicator rfc8078_cds_cdnskey_algorithm_zero failed because rr_type=DS is not in [CDS, CDNSKEY]. The observation on 2026-06-01 is 3379 days after RFC 8078's publication on 2017-03-01, so the timestamp is valid. Score 0.0 (none): no required indicator matched, so there is nothing to score."
sig_0034,RFC 8080,Edwards-Curve Digital Security Algorithm (EdDSA) for DNSSEC,no_match,0.0,none,true,2026-06-01T00:00:00,2017-02-01T00:00:00,218.171.104.in-addr.arpa,arin,,rfc8080_eddsa_algorithm; rfc8080_eddsa_on_key_or_signature,,,0.0,1.5,0.0,0.0,3.0,0.0,0.0,0.0,0.0,trace_sig_0034_rfc8080,"RFC 8080 does not explain signal sig_0034: the required indicator rfc8080_eddsa_algorithm failed because algorithm=5 is not in [15, 16]. The observation on 2026-06-01 is 3407 days after RFC 8080's publication on 2017-02-01, so the timestamp is valid. Score 0.0 (none): no required indicator matched, so there is nothing to score."
sig_0034,RFC 8198,Aggressive Use of DNSSEC-Validated Cache,non_queryable,0.0,none,true,2026-06-01T00:00:00,2017-07-01T00:00:00,218.171.104.in-addr.arpa,arin,,,,resolver_synthesised_nxdomain,0.0,1.0,0.0,0.0,0.0,0.0,0.0,0.0,0.0,trace_sig_0034_rfc8198,"RFC 8198 could not be evaluated against signal sig_0034: every required indicator (rfc8198_aggressive_nsec_use) depends on fields the OpenINTEL corpus does not export, so no verdict is possible in either direction. The observation on 2026-06-01 is 3257 days after RFC 8198's publication on 2017-07-01, so the timestamp is valid. This is a corpus limitation, not a statement about the observation."
sig_0034,RFC 8624,Algorithm Implementation Requirements and Usage Guidance for DNSSEC,partial_match,0.0,none,true,2026-06-01T00:00:00,2019-06-01T00:00:00,218.171.104.in-addr.arpa,arin,rfc8624_avoids_deprecated_algorithm,rfc8624_recommended_signing_algorithm,algorithm,rr_type; validator_algorithm_support,0.0,0.75,0.0,1.5,3.0,0.0,2.0,0.0,0.0,trace_sig_0034_rfc8624,"RFC 8624 partially matches signal sig_0034: the optional indicator rfc8624_avoids_deprecated_algorithm passed because algorithm is present (observed 5) and algorithm=5 differs from 1 as required. The required indicator rfc8624_recommended_signing_algorithm was not satisfied: algorithm=5 is not in [13, 15]. The observation on 2026-06-01 is 2557 days after RFC 8624's publication on 2019-06-01, so the timestamp is valid. Score 0.0 (none): the penalties leave a raw total of -3.5, which is clamped to 0 before the 0.75 low specificity multiplier."
sig_0034,RFC 9077,NSEC and NSEC3: TTLs and Aggressive Use,no_match,0.0,none,true,2026-06-01T00:00:00,2021-07-01T00:00:00,218.171.104.in-addr.arpa,arin,,rfc9077_nsec_ttl_bounded,,record_ttl,0.0,1.25,0.0,0.0,3.0,0.0,0.0,0.0,0.0,trace_sig_0034_rfc9077,"RFC 9077 does not explain signal sig_0034: the required indicator rfc9077_nsec_ttl_bounded failed because rr_type=DS is not in [NSEC, NSEC3]. The observation on 2026-06-01 is 1796 days after RFC 9077's publication on 2021-07-01, so the timestamp is valid. Score 0.0 (none): no required indicator matched, so there is nothing to score."
sig_0034,RFC 9276,Guidance for NSEC3 Parameter Settings,no_match,0.0,none,true,2026-06-01T00:00:00,2022-08-01T00:00:00,218.171.104.in-addr.arpa,arin,,rfc9276_empty_nsec3_salt; rfc9276_zero_nsec3_iterations,,nsec3_iterations; nsec3_salt,0.0,1.5,0.0,0.0,3.0,0.0,0.0,0.0,0.0,trace_sig_0034_rfc9276,"RFC 9276 does not explain signal sig_0034: the required indicator rfc9276_zero_nsec3_iterations failed because rr_type=DS is not in [NSEC3, NSEC3PARAM]. The observation on 2026-06-01 is 1400 days after RFC 9276's publication on 2022-08-01, so the timestamp is valid. Score 0.0 (none): no required indicator matched, so there is nothing to score."
sig_0034,RFC 9364,DNS Security Extensions (DNSSEC),non_queryable,0.0,none,true,2026-06-01T00:00:00,2023-02-01T00:00:00,218.171.104.in-addr.arpa,arin,,,,declared_standards_profile,0.0,0.75,0.0,0.0,0.0,0.0,0.0,0.0,0.0,trace_sig_0034_rfc9364,"RFC 9364 could not be evaluated against signal sig_0034: every required indicator (rfc9364_bcp_profile_declared) depends on fields the OpenINTEL corpus does not export, so no verdict is possible in either direction. The observation on 2026-06-01 is 1216 days after RFC 9364's publication on 2023-02-01, so the timestamp is valid. This is a corpus limitation, not a statement about the observation."
sig_0034,RFC 9558,Use of GOST 2012 Signature Algorithms in DNSKEY and RRSIG Resource Records for DNSSEC,no_match,0.0,none,true,2026-06-01T00:00:00,2024-04-01T00:00:00,218.171.104.in-addr.arpa,arin,,rfc9558_gost2012_algorithm; rfc9558_gost2012_ds_digest,,,0.0,1.5,0.0,0.0,3.0,0.0,0.0,0.0,0.0,trace_sig_0034_rfc9558,"RFC 9558 does not explain signal sig_0034: the required indicator rfc9558_gost2012_algorithm failed because algorithm=5 does not equal the expected value 23. The observation on 2026-06-01 is 791 days after RFC 9558's publication on 2024-04-01, so the timestamp is valid. Score 0.0 (none): no required indicator matched, so there is nothing to score."
sig_0034,RFC 9563,SM2 Digital Signature Algorithm for DNSSEC,no_match,0.0,none,true,2026-06-01T00:00:00,2024-12-01T00:00:00,218.171.104.in-addr.arpa,arin,,rfc9563_sm2sm3_algorithm; rfc9563_sm3_ds_digest,,,0.0,1.5,0.0,0.0,3.0,0.0,0.0,0.0,0.0,trace_sig_0034_rfc9563,"RFC 9563 does not explain signal sig_0034: the required indicator rfc9563_sm2sm3_algorithm failed because algorithm=5 does not equal the expected value 17. The observation on 2026-06-01 is 547 days after RFC 9563's publication on 2024-12-01, so the timestamp is valid. Score 0.0 (none): no required indicator matched, so there is nothing to score."
sig_0034,RFC 9615,Automatic DNSSEC Bootstrapping Using Authenticated Signals from the Zone's Operator,non_queryable,0.0,none,true,2026-06-01T00:00:00,2024-07-01T00:00:00,218.171.104.in-addr.arpa,arin,,,,domain; rr_type,0.0,1.5,0.0,0.0,0.0,0.0,0.0,0.0,0.0,trace_sig_0034_rfc9615,"RFC 9615 could not be evaluated against signal sig_0034: every required indicator (rfc9615_bootstrap_signal_label) depends on fields the OpenINTEL corpus does not export, so no verdict is possible in either direction. The observation on 2026-06-01 is 700 days after RFC 9615's publication on 2024-07-01, so the timestamp is valid. This is a corpus limitation, not a statement about the observation."
sig_0034,RFC 9904,DNSSEC Cryptographic Algorithm Recommendation Update Process,non_queryable,0.0,none,true,2026-06-01T00:00:00,2025-11-01T00:00:00,218.171.104.in-addr.arpa,arin,,,,guidance_source_registry,0.0,0.75,0.0,0.0,0.0,0.0,0.0,0.0,0.0,trace_sig_0034_rfc9904,"RFC 9904 could not be evaluated against signal sig_0034: every required indicator (rfc9904_algorithm_guidance_process) depends on fields the OpenINTEL corpus does not export, so no verdict is possible in either direction. The observation on 2026-06-01 is 212 days after RFC 9904's publication on 2025-11-01, so the timestamp is valid. This is a corpus limitation, not a statement about the observation."
sig_0034,RFC 9905,Deprecating the Use of SHA-1 in DNSSEC Signature Algorithms,partial_match,0.0,none,true,2026-06-01T00:00:00,2025-11-01T00:00:00,218.171.104.in-addr.arpa,arin,rfc9905_deprecated_sha1_in_delegation,rfc9905_deprecated_sha1_signature_still_published,algorithm; rr_type,,0.0,1.25,0.0,2.0,3.0,0.0,0.0,0.0,0.0,trace_sig_0034_rfc9905,"RFC 9905 partially matches signal sig_0034: the optional indicator rfc9905_deprecated_sha1_in_delegation passed because rr_type=DS is in [DS, CDS] and algorithm=5 is in [5, 7]. The required indicator rfc9905_deprecated_sha1_signature_still_published was not satisfied: rr_type=DS is not in [DNSKEY, RRSIG, CDNSKEY]. The observation on 2026-06-01 is 212 days after RFC 9905's publication on 2025-11-01, so the timestamp is valid. Score 0.0 (none): the penalties leave a raw total of -1.0, which is clamped to 0 before the 1.25 high specificity multiplier."
sig_0034,RFC 9906,Deprecate Usage of ECC-GOST within DNSSEC,no_match,0.0,none,true,2026-06-01T00:00:00,2025-11-01T00:00:00,218.171.104.in-addr.arpa,arin,,rfc9906_deprecated_ecc_gost_still_published; rfc9906_deprecated_gost_digest_still_published,,,0.0,1.5,0.0,0.0,3.0,0.0,0.0,0.0,0.0,trace_sig_0034_rfc9906,"RFC 9906 does not explain signal sig_0034: the required indicator rfc9906_deprecated_ecc_gost_still_published failed because algorithm=5 does not equal the expected value 12. The observation on 2026-06-01 is 212 days after RFC 9906's publication on 2025-11-01, so the timestamp is valid. Score 0.0 (none): no required indicator matched, so there is nothing to score."
sig_0035,RFC 4509,Use of SHA-256 in DNSSEC Delegation Signer (DS) Resource Records,valid_match,11.25,high,true,2026-06-01T00:00:00,2006-05-01T00:00:00,232.159.169.in-addr.arpa,afrinic,rfc4509_ds_sha256_digest,,digest_type; rr_type,,9.0,1.25,0.0,0.0,0.0,0.0,0.0,0.0,11.25,trace_sig_0035_rfc4509,"RFC 4509 matched signal sig_0035: the required indicator rfc4509_ds_sha256_digest passed because rr_type=DS is in [DS, CDS] and digest_type=2 equals the expected value 2. The observation on 2026-06-01 is 7336 days after RFC 4509's publication on 2006-05-01, so the timestamp is valid. Score 11.25 (high) = (9.0 required) x 1.25 high specificity."
sig_0035,RFC 4033,DNS Security Introduction and Requirements (DNSSEC base: RFC 4033/4034/4035),valid_match,3.75,low,true,2026-06-01T00:00:00,2005-03-01T00:00:00,232.159.169.in-addr.arpa,afrinic,rfc4033_base_dnssec_record_present; rfc4033_dnssec_algorithm_present,rfc4033_dnssec_ok_negotiated,algorithm; rr_type,dnssec_ok_flag,4.0,0.75,0.0,1.0,0.0,0.0,0.0,0.0,3.75,trace_sig_0035_rfc4033,"RFC 4033 matched signal sig_0035: the required indicator rfc4033_base_dnssec_record_present passed because rr_type=DS is in [DNSKEY, DS, RRSIG, NSEC]. Corroborating indicators also matched: rfc4033_dnssec_algorithm_present. Indicator rfc4033_dnssec_ok_negotiated did not match: field 'dnssec_ok_flag' is absent from this observation, so the condition 'dnssec_ok_flag must equal true' could not be satisfied (absence is not evidence). The observation on 2026-06-01 is 7762 days after RFC 4033's publication on 2005-03-01, so the timestamp is valid. Score 3.75 (low) = (4.0 required + 1.0 optional) x 0.75 low specificity."
sig_0035,RFC 4034,Resource Records for the DNS Security Extensions,valid_match,3.0,low,true,2026-06-01T00:00:00,2005-03-01T00:00:00,232.159.169.in-addr.arpa,afrinic,rfc4034_core_record_present,rfc4034_dnskey_protocol_is_three; rfc4034_rrsig_type_covered_present,rr_type,dnskey_protocol; rrsig_type_covered,3.0,1.0,0.0,0.0,0.0,0.0,0.0,0.0,3.0,trace_sig_0035_rfc4034,"RFC 4034 matched signal sig_0035: the required indicator rfc4034_core_record_present passed because rr_type=DS is in [DNSKEY, DS, RRSIG, NSEC]. Indicator rfc4034_dnskey_protocol_is_three did not match: rr_type=DS is not in [DNSKEY, CDNSKEY]. The observation on 2026-06-01 is 7762 days after RFC 4034's publication on 2005-03-01, so the timestamp is valid. Score 3.0 (low) = (3.0 required) x 1.0 medium specificity."
sig_0035,RFC 3110,RSA/SHA-1 SIGs and RSA KEYs in the Domain Name System (DNS),no_match,0.0,none,true,2026-06-01T00:00:00,2001-05-01T00:00:00,232.159.169.in-addr.arpa,afrinic,,rfc3110_rsasha1_algorithm; rfc3110_rsasha1_on_key_or_signature,,,0.0,1.25,0.0,0.0,3.0,0.0,0.0,0.0,0.0,trace_sig_0035_rfc3110,"RFC 3110 does not explain signal sig_0035: the required indicator rfc3110_rsasha1_algorithm failed because algorithm=7 does not equal the expected value 5. The observation on 2026-06-01 is 9162 days after RFC 3110's publication on 2001-05-01, so the timestamp is valid. Score 0.0 (none): no required indicator matched, so there is nothing to score."
sig_0035,RFC 4035,Protocol Modifications for the DNS Security Extensions,non_queryable,0.0,none,true,2026-06-01T00:00:00,2005-03-01T00:00:00,232.159.169.in-addr.arpa,afrinic,,,,dnssec_ok_flag,0.0,0.75,0.0,0.0,0.0,0.0,0.0,0.0,0.0,trace_sig_0035_rfc4035,"RFC 4035 could not be evaluated against signal sig_0035: every required indicator (rfc4035_dnssec_ok_negotiated) depends on fields the OpenINTEL corpus does not export, so no verdict is possible in either direction. The observation on 2026-06-01 is 7762 days after RFC 4035's publication on 2005-03-01, so the timestamp is valid. This is a corpus limitation, not a statement about the observation."
sig_0035,RFC 5011,Automated Updates of DNS Security (DNSSEC) Trust Anchors,no_match,0.0,none,true,2026-06-01T00:00:00,2007-09-01T00:00:00,232.159.169.in-addr.arpa,afrinic,,rfc5011_revoked_key_published,,flags,0.0,1.25,0.0,0.0,3.0,0.0,0.0,0.0,0.0,trace_sig_0035_rfc5011,"RFC 5011 does not explain signal sig_0035: the required indicator rfc5011_revoked_key_published failed because rr_type=DS does not equal the expected value DNSKEY. The observation on 2026-06-01 is 6848 days after RFC 5011's publication on 2007-09-01, so the timestamp is valid. Score 0.0 (none): no required indicator matched, so there is nothing to score."
sig_0035,RFC 5155,DNS Security (DNSSEC) Hashed Authenticated Denial of Existence,no_match,0.0,none,true,2026-06-01T00:00:00,2008-03-01T00:00:00,232.159.169.in-addr.arpa,afrinic,,rfc5155_nsec3_hash_algorithm; rfc5155_nsec3_record_present,,,0.0,1.5,0.0,0.0,3.0,0.0,0.0,0.0,0.0,trace_sig_0035_rfc5155,"RFC 5155 does not explain signal sig_0035: the required indicator rfc5155_nsec3_record_present failed because rr_type=DS is not in [NSEC3, NSEC3PARAM]. The observation on 2026-06-01 is 6666 days after RFC 5155's publication on 2008-03-01, so the timestamp is valid. Score 0.0 (none): no required indicator matched, so there is nothing to score."
sig_0035,RFC 5702,Use of SHA-2 Algorithms with RSA in DNSKEY and RRSIG Resource Records for DNSSEC,no_match,0.0,none,true,2026-06-01T00:00:00,2009-10-01T00:00:00,232.159.169.in-addr.arpa,afrinic,,rfc5702_rsa_sha2_algorithm; rfc5702_rsa_sha2_on_dnssec_record,,,0.0,1.25,0.0,0.0,3.0,0.0,0.0,0.0,0.0,trace_sig_0035_rfc5702,"RFC 5702 does not explain signal sig_0035: the required indicator rfc5702_rsa_sha2_algorithm failed because algorithm=7 is not in [8, 10]. The observation on 2026-06-01 is 6087 days after RFC 5702's publication on 2009-10-01, so the timestamp is valid. Score 0.0 (none): no required indicator matched, so there is nothing to score."
sig_0035,RFC 5933,Use of GOST Signature Algorithms in DNSKEY and RRSIG Resource Records for DNSSEC,no_match,0.0,none,true,2026-06-01T00:00:00,2010-07-01T00:00:00,232.159.169.in-addr.arpa,afrinic,,rfc5933_ecc_gost_algorithm; rfc5933_gost_ds_digest,,,0.0,1.5,0.0,0.0,3.0,0.0,0.0,0.0,0.0,trace_sig_0035_rfc5933,"RFC 5933 does not explain signal sig_0035: the required indicator rfc5933_ecc_gost_algorithm failed because algorithm=7 does not equal the expected value 12. The observation on 2026-06-01 is 5814 days after RFC 5933's publication on 2010-07-01, so the timestamp is valid. Score 0.0 (none): no required indicator matched, so there is nothing to score."
sig_0035,RFC 6605,Elliptic Curve Digital Signature Algorithm (DSA) for DNSSEC,no_match,0.0,none,true,2026-06-01T00:00:00,2012-04-01T00:00:00,232.159.169.in-addr.arpa,afrinic,,rfc6605_ecdsa_algorithm; rfc6605_ecdsa_on_key_or_signature,,,0.0,1.25,0.0,0.0,3.0,0.0,0.0,0.0,0.0,trace_sig_0035_rfc6605,"RFC 6605 does not explain signal sig_0035: the required indicator rfc6605_ecdsa_algorithm failed because algorithm=7 is not in [13, 14]. The observation on 2026-06-01 is 5174 days after RFC 6605's publication on 2012-04-01, so the timestamp is valid. Score 0.0 (none): no required indicator matched, so there is nothing to score."
sig_0035,RFC 6698,The DNS-Based Authentication of Named Entities (DANE) Transport Layer Security (TLS) Protocol: TLSA,no_match,0.0,none,true,2026-06-01T00:00:00,2012-08-01T00:00:00,232.159.169.in-addr.arpa,afrinic,,rfc6698_tlsa_fields_well_formed; rfc6698_tlsa_record_present,,tlsa_matchtype; tlsa_usage,0.0,1.5,0.0,0.0,3.0,0.0,0.0,0.0,0.0,trace_sig_0035_rfc6698,"RFC 6698 does not explain signal sig_0035: the required indicator rfc6698_tlsa_record_present failed because rr_type=DS does not equal the expected value TLSA. The observation on 2026-06-01 is 5052 days after RFC 6698's publication on 2012-08-01, so the timestamp is valid. Score 0.0 (none): no required indicator matched, so there is nothing to score."
sig_0035,RFC 6781,"DNSSEC Operational Practices, Version 2",no_match,0.0,none,true,2026-06-01T00:00:00,2012-12-01T00:00:00,232.159.169.in-addr.arpa,afrinic,,rfc6781_ksk_zsk_separation,,flags,0.0,0.75,0.0,0.0,3.0,0.0,0.0,0.0,0.0,trace_sig_0035_rfc6781,"RFC 6781 does not explain signal sig_0035: the required indicator rfc6781_ksk_zsk_separation failed because rr_type=DS does not equal the expected value DNSKEY. The observation on 2026-06-01 is 4930 days after RFC 6781's publication on 2012-12-01, so the timestamp is valid. Score 0.0 (none): no required indicator matched, so there is nothing to score."
sig_0035,RFC 6840,Clarifications and Implementation Notes for DNS Security (DNSSEC),non_queryable,0.0,none,true,2026-06-01T00:00:00,2013-02-01T00:00:00,232.159.169.in-addr.arpa,afrinic,,,,name_algorithm_set_consistency,0.0,0.75,0.0,0.0,0.0,0.0,0.0,0.0,0.0,trace_sig_0035_rfc6840,"RFC 6840 could not be evaluated against signal sig_0035: every required indicator (rfc6840_mandatory_algorithm_rules) depends on fields the OpenINTEL corpus does not export, so no verdict is possible in either direction. The observation on 2026-06-01 is 4868 days after RFC 6840's publication on 2013-02-01, so the timestamp is valid. This is a corpus limitation, not a statement about the observation."
sig_0035,RFC 7344,Automating DNSSEC Delegation Trust Maintenance,no_match,0.0,none,true,2026-06-01T00:00:00,2014-09-01T00:00:00,232.159.169.in-addr.arpa,afrinic,,rfc7344_cds_cdnskey_present; rfc7344_cds_publishes_digest,,,0.0,1.25,0.0,0.0,3.0,0.0,0.0,0.0,0.0,trace_sig_0035_rfc7344,"RFC 7344 does not explain signal sig_0035: the required indicator rfc7344_cds_cdnskey_present failed because rr_type=DS is not in [CDS, CDNSKEY]. The observation on 2026-06-01 is 4291 days after RFC 7344's publication on 2014-09-01, so the timestamp is valid. Score 0.0 (none): no required indicator matched, so there is nothing to score."
sig_0035,RFC 7583,DNSSEC Key Rollover Timing Considerations,non_queryable,0.0,none,true,2026-06-01T00:00:00,2015-10-01T00:00:00,232.159.169.in-addr.arpa,afrinic,,,,key_rollover_phase,0.0,0.75,0.0,0.0,0.0,0.0,0.0,0.0,0.0,trace_sig_0035_rfc7583,"RFC 7583 could not be evaluated against signal sig_0035: every required indicator (rfc7583_rollover_timing_observed) depends on fields the OpenINTEL corpus does not export, so no verdict is possible in either direction. The observation on 2026-06-01 is 3896 days after RFC 7583's publication on 2015-10-01, so the timestamp is valid. This is a corpus limitation, not a statement about the observation."
sig_0035,RFC 7671,The DNS-Based Authentication of Named Entities (DANE) Protocol: Updates and Operational Guidance,no_match,0.0,none,true,2026-06-01T00:00:00,2015-10-01T00:00:00,232.159.169.in-addr.arpa,afrinic,,rfc7671_dane_usage_preferred,,tlsa_usage,0.0,1.25,0.0,0.0,3.0,0.0,0.0,0.0,0.0,trace_sig_0035_rfc7671,"RFC 7671 does not explain signal sig_0035: the required indicator rfc7671_dane_usage_preferred failed because rr_type=DS does not equal the expected value TLSA. The observation on 2026-06-01 is 3896 days after RFC 7671's publication on 2015-10-01, so the timestamp is valid. Score 0.0 (none): no required indicator matched, so there is nothing to score."
sig_0035,RFC 7672,SMTP Security via Opportunistic DNS-Based Authentication of Named Entities (DANE) Transport Layer Security (TLS),no_match,0.0,none,true,2026-06-01T00:00:00,2015-10-01T00:00:00,232.159.169.in-addr.arpa,afrinic,,rfc7672_smtp_dane_tlsa,,domain,0.0,1.5,0.0,0.0,3.0,0.0,0.0,0.0,0.0,trace_sig_0035_rfc7672,"RFC 7672 does not explain signal sig_0035: the required indicator rfc7672_smtp_dane_tlsa failed because rr_type=DS does not equal the expected value TLSA. The observation on 2026-06-01 is 3896 days after RFC 7672's publication on 2015-10-01, so the timestamp is valid. Score 0.0 (none): no required indicator matched, so there is nothing to score."
sig_0035,RFC 8078,Managing DS Records from the Parent via CDS/CDNSKEY,no_match,0.0,none,true,2026-06-01T00:00:00,2017-03-01T00:00:00,232.159.169.in-addr.arpa,afrinic,,rfc8078_cds_cdnskey_algorithm_zero; rfc8078_delete_signal_digest_zero,,,0.0,1.5,0.0,0.0,3.0,0.0,0.0,0.0,0.0,trace_sig_0035_rfc8078,"RFC 8078 does not explain signal sig_0035: the required indicator rfc8078_cds_cdnskey_algorithm_zero failed because rr_type=DS is not in [CDS, CDNSKEY]. The observation on 2026-06-01 is 3379 days after RFC 8078's publication on 2017-03-01, so the timestamp is valid. Score 0.0 (none): no required indicator matched, so there is nothing to score."
sig_0035,RFC 8080,Edwards-Curve Digital Security Algorithm (EdDSA) for DNSSEC,no_match,0.0,none,true,2026-06-01T00:00:00,2017-02-01T00:00:00,232.159.169.in-addr.arpa,afrinic,,rfc8080_eddsa_algorithm; rfc8080_eddsa_on_key_or_signature,,,0.0,1.5,0.0,0.0,3.0,0.0,0.0,0.0,0.0,trace_sig_0035_rfc8080,"RFC 8080 does not explain signal sig_0035: the required indicator rfc8080_eddsa_algorithm failed because algorithm=7 is not in [15, 16]. The observation on 2026-06-01 is 3407 days after RFC 8080's publication on 2017-02-01, so the timestamp is valid. Score 0.0 (none): no required indicator matched, so there is nothing to score."
sig_0035,RFC 8198,Aggressive Use of DNSSEC-Validated Cache,non_queryable,0.0,none,true,2026-06-01T00:00:00,2017-07-01T00:00:00,232.159.169.in-addr.arpa,afrinic,,,,resolver_synthesised_nxdomain,0.0,1.0,0.0,0.0,0.0,0.0,0.0,0.0,0.0,trace_sig_0035_rfc8198,"RFC 8198 could not be evaluated against signal sig_0035: every required indicator (rfc8198_aggressive_nsec_use) depends on fields the OpenINTEL corpus does not export, so no verdict is possible in either direction. The observation on 2026-06-01 is 3257 days after RFC 8198's publication on 2017-07-01, so the timestamp is valid. This is a corpus limitation, not a statement about the observation."
sig_0035,RFC 8624,Algorithm Implementation Requirements and Usage Guidance for DNSSEC,partial_match,0.0,none,true,2026-06-01T00:00:00,2019-06-01T00:00:00,232.159.169.in-addr.arpa,afrinic,rfc8624_avoids_deprecated_algorithm,rfc8624_recommended_signing_algorithm,algorithm,rr_type; validator_algorithm_support,0.0,0.75,0.0,1.5,3.0,0.0,2.0,0.0,0.0,trace_sig_0035_rfc8624,"RFC 8624 partially matches signal sig_0035: the optional indicator rfc8624_avoids_deprecated_algorithm passed because algorithm is present (observed 7) and algorithm=7 differs from 1 as required. The required indicator rfc8624_recommended_signing_algorithm was not satisfied: algorithm=7 is not in [13, 15]. The observation on 2026-06-01 is 2557 days after RFC 8624's publication on 2019-06-01, so the timestamp is valid. Score 0.0 (none): the penalties leave a raw total of -3.5, which is clamped to 0 before the 0.75 low specificity multiplier."
sig_0035,RFC 9077,NSEC and NSEC3: TTLs and Aggressive Use,no_match,0.0,none,true,2026-06-01T00:00:00,2021-07-01T00:00:00,232.159.169.in-addr.arpa,afrinic,,rfc9077_nsec_ttl_bounded,,record_ttl,0.0,1.25,0.0,0.0,3.0,0.0,0.0,0.0,0.0,trace_sig_0035_rfc9077,"RFC 9077 does not explain signal sig_0035: the required indicator rfc9077_nsec_ttl_bounded failed because rr_type=DS is not in [NSEC, NSEC3]. The observation on 2026-06-01 is 1796 days after RFC 9077's publication on 2021-07-01, so the timestamp is valid. Score 0.0 (none): no required indicator matched, so there is nothing to score."
sig_0035,RFC 9276,Guidance for NSEC3 Parameter Settings,no_match,0.0,none,true,2026-06-01T00:00:00,2022-08-01T00:00:00,232.159.169.in-addr.arpa,afrinic,,rfc9276_empty_nsec3_salt; rfc9276_zero_nsec3_iterations,,nsec3_iterations; nsec3_salt,0.0,1.5,0.0,0.0,3.0,0.0,0.0,0.0,0.0,trace_sig_0035_rfc9276,"RFC 9276 does not explain signal sig_0035: the required indicator rfc9276_zero_nsec3_iterations failed because rr_type=DS is not in [NSEC3, NSEC3PARAM]. The observation on 2026-06-01 is 1400 days after RFC 9276's publication on 2022-08-01, so the timestamp is valid. Score 0.0 (none): no required indicator matched, so there is nothing to score."
sig_0035,RFC 9364,DNS Security Extensions (DNSSEC),non_queryable,0.0,none,true,2026-06-01T00:00:00,2023-02-01T00:00:00,232.159.169.in-addr.arpa,afrinic,,,,declared_standards_profile,0.0,0.75,0.0,0.0,0.0,0.0,0.0,0.0,0.0,trace_sig_0035_rfc9364,"RFC 9364 could not be evaluated against signal sig_0035: every required indicator (rfc9364_bcp_profile_declared) depends on fields the OpenINTEL corpus does not export, so no verdict is possible in either direction. The observation on 2026-06-01 is 1216 days after RFC 9364's publication on 2023-02-01, so the timestamp is valid. This is a corpus limitation, not a statement about the observation."
sig_0035,RFC 9558,Use of GOST 2012 Signature Algorithms in DNSKEY and RRSIG Resource Records for DNSSEC,no_match,0.0,none,true,2026-06-01T00:00:00,2024-04-01T00:00:00,232.159.169.in-addr.arpa,afrinic,,rfc9558_gost2012_algorithm; rfc9558_gost2012_ds_digest,,,0.0,1.5,0.0,0.0,3.0,0.0,0.0,0.0,0.0,trace_sig_0035_rfc9558,"RFC 9558 does not explain signal sig_0035: the required indicator rfc9558_gost2012_algorithm failed because algorithm=7 does not equal the expected value 23. The observation on 2026-06-01 is 791 days after RFC 9558's publication on 2024-04-01, so the timestamp is valid. Score 0.0 (none): no required indicator matched, so there is nothing to score."
sig_0035,RFC 9563,SM2 Digital Signature Algorithm for DNSSEC,no_match,0.0,none,true,2026-06-01T00:00:00,2024-12-01T00:00:00,232.159.169.in-addr.arpa,afrinic,,rfc9563_sm2sm3_algorithm; rfc9563_sm3_ds_digest,,,0.0,1.5,0.0,0.0,3.0,0.0,0.0,0.0,0.0,trace_sig_0035_rfc9563,"RFC 9563 does not explain signal sig_0035: the required indicator rfc9563_sm2sm3_algorithm failed because algorithm=7 does not equal the expected value 17. The observation on 2026-06-01 is 547 days after RFC 9563's publication on 2024-12-01, so the timestamp is valid. Score 0.0 (none): no required indicator matched, so there is nothing to score."
sig_0035,RFC 9615,Automatic DNSSEC Bootstrapping Using Authenticated Signals from the Zone's Operator,non_queryable,0.0,none,true,2026-06-01T00:00:00,2024-07-01T00:00:00,232.159.169.in-addr.arpa,afrinic,,,,domain; rr_type,0.0,1.5,0.0,0.0,0.0,0.0,0.0,0.0,0.0,trace_sig_0035_rfc9615,"RFC 9615 could not be evaluated against signal sig_0035: every required indicator (rfc9615_bootstrap_signal_label) depends on fields the OpenINTEL corpus does not export, so no verdict is possible in either direction. The observation on 2026-06-01 is 700 days after RFC 9615's publication on 2024-07-01, so the timestamp is valid. This is a corpus limitation, not a statement about the observation."
sig_0035,RFC 9904,DNSSEC Cryptographic Algorithm Recommendation Update Process,non_queryable,0.0,none,true,2026-06-01T00:00:00,2025-11-01T00:00:00,232.159.169.in-addr.arpa,afrinic,,,,guidance_source_registry,0.0,0.75,0.0,0.0,0.0,0.0,0.0,0.0,0.0,trace_sig_0035_rfc9904,"RFC 9904 could not be evaluated against signal sig_0035: every required indicator (rfc9904_algorithm_guidance_process) depends on fields the OpenINTEL corpus does not export, so no verdict is possible in either direction. The observation on 2026-06-01 is 212 days after RFC 9904's publication on 2025-11-01, so the timestamp is valid. This is a corpus limitation, not a statement about the observation."
sig_0035,RFC 9905,Deprecating the Use of SHA-1 in DNSSEC Signature Algorithms,partial_match,0.0,none,true,2026-06-01T00:00:00,2025-11-01T00:00:00,232.159.169.in-addr.arpa,afrinic,rfc9905_deprecated_sha1_in_delegation,rfc9905_deprecated_sha1_signature_still_published,algorithm; rr_type,,0.0,1.25,0.0,2.0,3.0,0.0,0.0,0.0,0.0,trace_sig_0035_rfc9905,"RFC 9905 partially matches signal sig_0035: the optional indicator rfc9905_deprecated_sha1_in_delegation passed because rr_type=DS is in [DS, CDS] and algorithm=7 is in [5, 7]. The required indicator rfc9905_deprecated_sha1_signature_still_published was not satisfied: rr_type=DS is not in [DNSKEY, RRSIG, CDNSKEY]. The observation on 2026-06-01 is 212 days after RFC 9905's publication on 2025-11-01, so the timestamp is valid. Score 0.0 (none): the penalties leave a raw total of -1.0, which is clamped to 0 before the 1.25 high specificity multiplier."
sig_0035,RFC 9906,Deprecate Usage of ECC-GOST within DNSSEC,no_match,0.0,none,true,2026-06-01T00:00:00,2025-11-01T00:00:00,232.159.169.in-addr.arpa,afrinic,,rfc9906_deprecated_ecc_gost_still_published; rfc9906_deprecated_gost_digest_still_published,,,0.0,1.5,0.0,0.0,3.0,0.0,0.0,0.0,0.0,trace_sig_0035_rfc9906,"RFC 9906 does not explain signal sig_0035: the required indicator rfc9906_deprecated_ecc_gost_still_published failed because algorithm=7 does not equal the expected value 12. The observation on 2026-06-01 is 212 days after RFC 9906's publication on 2025-11-01, so the timestamp is valid. Score 0.0 (none): no required indicator matched, so there is nothing to score."
sig_0036,RFC 5702,Use of SHA-2 Algorithms with RSA in DNSKEY and RRSIG Resource Records for DNSSEC,valid_match,13.125,very_high,true,2026-06-01T00:00:00,2009-10-01T00:00:00,234.217.102.in-addr.arpa,afrinic,rfc5702_rsa_sha2_algorithm; rfc5702_rsa_sha2_on_dnssec_record,,algorithm; rr_type,,9.0,1.25,0.0,1.5,0.0,0.0,0.0,0.0,13.125,trace_sig_0036_rfc5702,"RFC 5702 matched signal sig_0036: the required indicator rfc5702_rsa_sha2_algorithm passed because algorithm=8 is in [8, 10]. Corroborating indicators also matched: rfc5702_rsa_sha2_on_dnssec_record. The observation on 2026-06-01 is 6087 days after RFC 5702's publication on 2009-10-01, so the timestamp is valid. Score 13.125 (very_high) = (9.0 required + 1.5 optional) x 1.25 high specificity."
sig_0036,RFC 4033,DNS Security Introduction and Requirements (DNSSEC base: RFC 4033/4034/4035),valid_match,3.75,low,true,2026-06-01T00:00:00,2005-03-01T00:00:00,234.217.102.in-addr.arpa,afrinic,rfc4033_base_dnssec_record_present; rfc4033_dnssec_algorithm_present,rfc4033_dnssec_ok_negotiated,algorithm; rr_type,dnssec_ok_flag,4.0,0.75,0.0,1.0,0.0,0.0,0.0,0.0,3.75,trace_sig_0036_rfc4033,"RFC 4033 matched signal sig_0036: the required indicator rfc4033_base_dnssec_record_present passed because rr_type=DS is in [DNSKEY, DS, RRSIG, NSEC]. Corroborating indicators also matched: rfc4033_dnssec_algorithm_present. Indicator rfc4033_dnssec_ok_negotiated did not match: field 'dnssec_ok_flag' is absent from this observation, so the condition 'dnssec_ok_flag must equal true' could not be satisfied (absence is not evidence). The observation on 2026-06-01 is 7762 days after RFC 4033's publication on 2005-03-01, so the timestamp is valid. Score 3.75 (low) = (4.0 required + 1.0 optional) x 0.75 low specificity."
sig_0036,RFC 4034,Resource Records for the DNS Security Extensions,valid_match,3.0,low,true,2026-06-01T00:00:00,2005-03-01T00:00:00,234.217.102.in-addr.arpa,afrinic,rfc4034_core_record_present,rfc4034_dnskey_protocol_is_three; rfc4034_rrsig_type_covered_present,rr_type,dnskey_protocol; rrsig_type_covered,3.0,1.0,0.0,0.0,0.0,0.0,0.0,0.0,3.0,trace_sig_0036_rfc4034,"RFC 4034 matched signal sig_0036: the required indicator rfc4034_core_record_present passed because rr_type=DS is in [DNSKEY, DS, RRSIG, NSEC]. Indicator rfc4034_dnskey_protocol_is_three did not match: rr_type=DS is not in [DNSKEY, CDNSKEY]. The observation on 2026-06-01 is 7762 days after RFC 4034's publication on 2005-03-01, so the timestamp is valid. Score 3.0 (low) = (3.0 required) x 1.0 medium specificity."
sig_0036,RFC 3110,RSA/SHA-1 SIGs and RSA KEYs in the Domain Name System (DNS),no_match,0.0,none,true,2026-06-01T00:00:00,2001-05-01T00:00:00,234.217.102.in-addr.arpa,afrinic,,rfc3110_rsasha1_algorithm; rfc3110_rsasha1_on_key_or_signature,,,0.0,1.25,0.0,0.0,3.0,0.0,0.0,0.0,0.0,trace_sig_0036_rfc3110,"RFC 3110 does not explain signal sig_0036: the required indicator rfc3110_rsasha1_algorithm failed because algorithm=8 does not equal the expected value 5. The observation on 2026-06-01 is 9162 days after RFC 3110's publication on 2001-05-01, so the timestamp is valid. Score 0.0 (none): no required indicator matched, so there is nothing to score."
sig_0036,RFC 4035,Protocol Modifications for the DNS Security Extensions,non_queryable,0.0,none,true,2026-06-01T00:00:00,2005-03-01T00:00:00,234.217.102.in-addr.arpa,afrinic,,,,dnssec_ok_flag,0.0,0.75,0.0,0.0,0.0,0.0,0.0,0.0,0.0,trace_sig_0036_rfc4035,"RFC 4035 could not be evaluated against signal sig_0036: every required indicator (rfc4035_dnssec_ok_negotiated) depends on fields the OpenINTEL corpus does not export, so no verdict is possible in either direction. The observation on 2026-06-01 is 7762 days after RFC 4035's publication on 2005-03-01, so the timestamp is valid. This is a corpus limitation, not a statement about the observation."
sig_0036,RFC 4509,Use of SHA-256 in DNSSEC Delegation Signer (DS) Resource Records,no_match,0.0,none,true,2026-06-01T00:00:00,2006-05-01T00:00:00,234.217.102.in-addr.arpa,afrinic,,rfc4509_ds_sha256_digest,,,0.0,1.25,0.0,0.0,3.0,0.0,0.0,0.0,0.0,trace_sig_0036_rfc4509,"RFC 4509 does not explain signal sig_0036: the required indicator rfc4509_ds_sha256_digest failed because digest_type=3 does not equal the expected value 2. The observation on 2026-06-01 is 7336 days after RFC 4509's publication on 2006-05-01, so the timestamp is valid. Score 0.0 (none): no required indicator matched, so there is nothing to score."
sig_0036,RFC 5011,Automated Updates of DNS Security (DNSSEC) Trust Anchors,no_match,0.0,none,true,2026-06-01T00:00:00,2007-09-01T00:00:00,234.217.102.in-addr.arpa,afrinic,,rfc5011_revoked_key_published,,flags,0.0,1.25,0.0,0.0,3.0,0.0,0.0,0.0,0.0,trace_sig_0036_rfc5011,"RFC 5011 does not explain signal sig_0036: the required indicator rfc5011_revoked_key_published failed because rr_type=DS does not equal the expected value DNSKEY. The observation on 2026-06-01 is 6848 days after RFC 5011's publication on 2007-09-01, so the timestamp is valid. Score 0.0 (none): no required indicator matched, so there is nothing to score."
sig_0036,RFC 5155,DNS Security (DNSSEC) Hashed Authenticated Denial of Existence,no_match,0.0,none,true,2026-06-01T00:00:00,2008-03-01T00:00:00,234.217.102.in-addr.arpa,afrinic,,rfc5155_nsec3_hash_algorithm; rfc5155_nsec3_record_present,,,0.0,1.5,0.0,0.0,3.0,0.0,0.0,0.0,0.0,trace_sig_0036_rfc5155,"RFC 5155 does not explain signal sig_0036: the required indicator rfc5155_nsec3_record_present failed because rr_type=DS is not in [NSEC3, NSEC3PARAM]. The observation on 2026-06-01 is 6666 days after RFC 5155's publication on 2008-03-01, so the timestamp is valid. Score 0.0 (none): no required indicator matched, so there is nothing to score."
sig_0036,RFC 5933,Use of GOST Signature Algorithms in DNSKEY and RRSIG Resource Records for DNSSEC,partial_match,0.0,none,true,2026-06-01T00:00:00,2010-07-01T00:00:00,234.217.102.in-addr.arpa,afrinic,rfc5933_gost_ds_digest,rfc5933_ecc_gost_algorithm,digest_type; rr_type,,0.0,1.5,0.0,2.0,3.0,0.0,0.0,0.0,0.0,trace_sig_0036_rfc5933,"RFC 5933 partially matches signal sig_0036: the optional indicator rfc5933_gost_ds_digest passed because rr_type=DS is in [DS, CDS] and digest_type=3 equals the expected value 3. The required indicator rfc5933_ecc_gost_algorithm was not satisfied: algorithm=8 does not equal the expected value 12. The observation on 2026-06-01 is 5814 days after RFC 5933's publication on 2010-07-01, so the timestamp is valid. Score 0.0 (none): the penalties leave a raw total of -1.0, which is clamped to 0 before the 1.5 very_high specificity multiplier."
sig_0036,RFC 6605,Elliptic Curve Digital Signature Algorithm (DSA) for DNSSEC,no_match,0.0,none,true,2026-06-01T00:00:00,2012-04-01T00:00:00,234.217.102.in-addr.arpa,afrinic,,rfc6605_ecdsa_algorithm; rfc6605_ecdsa_on_key_or_signature,,,0.0,1.25,0.0,0.0,3.0,0.0,0.0,0.0,0.0,trace_sig_0036_rfc6605,"RFC 6605 does not explain signal sig_0036: the required indicator rfc6605_ecdsa_algorithm failed because algorithm=8 is not in [13, 14]. The observation on 2026-06-01 is 5174 days after RFC 6605's publication on 2012-04-01, so the timestamp is valid. Score 0.0 (none): no required indicator matched, so there is nothing to score."
sig_0036,RFC 6698,The DNS-Based Authentication of Named Entities (DANE) Transport Layer Security (TLS) Protocol: TLSA,no_match,0.0,none,true,2026-06-01T00:00:00,2012-08-01T00:00:00,234.217.102.in-addr.arpa,afrinic,,rfc6698_tlsa_fields_well_formed; rfc6698_tlsa_record_present,,tlsa_matchtype; tlsa_usage,0.0,1.5,0.0,0.0,3.0,0.0,0.0,0.0,0.0,trace_sig_0036_rfc6698,"RFC 6698 does not explain signal sig_0036: the required indicator rfc6698_tlsa_record_present failed because rr_type=DS does not equal the expected value TLSA. The observation on 2026-06-01 is 5052 days after RFC 6698's publication on 2012-08-01, so the timestamp is valid. Score 0.0 (none): no required indicator matched, so there is nothing to score."
sig_0036,RFC 6781,"DNSSEC Operational Practices, Version 2",no_match,0.0,none,true,2026-06-01T00:00:00,2012-12-01T00:00:00,234.217.102.in-addr.arpa,afrinic,,rfc6781_ksk_zsk_separation,,flags,0.0,0.75,0.0,0.0,3.0,0.0,0.0,0.0,0.0,trace_sig_0036_rfc6781,"RFC 6781 does not explain signal sig_0036: the required indicator rfc6781_ksk_zsk_separation failed because rr_type=DS does not equal the expected value DNSKEY. The observation on 2026-06-01 is 4930 days after RFC 6781's publication on 2012-12-01, so the timestamp is valid. Score 0.0 (none): no required indicator matched, so there is nothing to score."
sig_0036,RFC 6840,Clarifications and Implementation Notes for DNS Security (DNSSEC),non_queryable,0.0,none,true,2026-06-01T00:00:00,2013-02-01T00:00:00,234.217.102.in-addr.arpa,afrinic,,,,name_algorithm_set_consistency,0.0,0.75,0.0,0.0,0.0,0.0,0.0,0.0,0.0,trace_sig_0036_rfc6840,"RFC 6840 could not be evaluated against signal sig_0036: every required indicator (rfc6840_mandatory_algorithm_rules) depends on fields the OpenINTEL corpus does not export, so no verdict is possible in either direction. The observation on 2026-06-01 is 4868 days after RFC 6840's publication on 2013-02-01, so the timestamp is valid. This is a corpus limitation, not a statement about the observation."
sig_0036,RFC 7344,Automating DNSSEC Delegation Trust Maintenance,no_match,0.0,none,true,2026-06-01T00:00:00,2014-09-01T00:00:00,234.217.102.in-addr.arpa,afrinic,,rfc7344_cds_cdnskey_present; rfc7344_cds_publishes_digest,,,0.0,1.25,0.0,0.0,3.0,0.0,0.0,0.0,0.0,trace_sig_0036_rfc7344,"RFC 7344 does not explain signal sig_0036: the required indicator rfc7344_cds_cdnskey_present failed because rr_type=DS is not in [CDS, CDNSKEY]. The observation on 2026-06-01 is 4291 days after RFC 7344's publication on 2014-09-01, so the timestamp is valid. Score 0.0 (none): no required indicator matched, so there is nothing to score."
sig_0036,RFC 7583,DNSSEC Key Rollover Timing Considerations,non_queryable,0.0,none,true,2026-06-01T00:00:00,2015-10-01T00:00:00,234.217.102.in-addr.arpa,afrinic,,,,key_rollover_phase,0.0,0.75,0.0,0.0,0.0,0.0,0.0,0.0,0.0,trace_sig_0036_rfc7583,"RFC 7583 could not be evaluated against signal sig_0036: every required indicator (rfc7583_rollover_timing_observed) depends on fields the OpenINTEL corpus does not export, so no verdict is possible in either direction. The observation on 2026-06-01 is 3896 days after RFC 7583's publication on 2015-10-01, so the timestamp is valid. This is a corpus limitation, not a statement about the observation."
sig_0036,RFC 7671,The DNS-Based Authentication of Named Entities (DANE) Protocol: Updates and Operational Guidance,no_match,0.0,none,true,2026-06-01T00:00:00,2015-10-01T00:00:00,234.217.102.in-addr.arpa,afrinic,,rfc7671_dane_usage_preferred,,tlsa_usage,0.0,1.25,0.0,0.0,3.0,0.0,0.0,0.0,0.0,trace_sig_0036_rfc7671,"RFC 7671 does not explain signal sig_0036: the required indicator rfc7671_dane_usage_preferred failed because rr_type=DS does not equal the expected value TLSA. The observation on 2026-06-01 is 3896 days after RFC 7671's publication on 2015-10-01, so the timestamp is valid. Score 0.0 (none): no required indicator matched, so there is nothing to score."
sig_0036,RFC 7672,SMTP Security via Opportunistic DNS-Based Authentication of Named Entities (DANE) Transport Layer Security (TLS),no_match,0.0,none,true,2026-06-01T00:00:00,2015-10-01T00:00:00,234.217.102.in-addr.arpa,afrinic,,rfc7672_smtp_dane_tlsa,,domain,0.0,1.5,0.0,0.0,3.0,0.0,0.0,0.0,0.0,trace_sig_0036_rfc7672,"RFC 7672 does not explain signal sig_0036: the required indicator rfc7672_smtp_dane_tlsa failed because rr_type=DS does not equal the expected value TLSA. The observation on 2026-06-01 is 3896 days after RFC 7672's publication on 2015-10-01, so the timestamp is valid. Score 0.0 (none): no required indicator matched, so there is nothing to score."
sig_0036,RFC 8078,Managing DS Records from the Parent via CDS/CDNSKEY,no_match,0.0,none,true,2026-06-01T00:00:00,2017-03-01T00:00:00,234.217.102.in-addr.arpa,afrinic,,rfc8078_cds_cdnskey_algorithm_zero; rfc8078_delete_signal_digest_zero,,,0.0,1.5,0.0,0.0,3.0,0.0,0.0,0.0,0.0,trace_sig_0036_rfc8078,"RFC 8078 does not explain signal sig_0036: the required indicator rfc8078_cds_cdnskey_algorithm_zero failed because rr_type=DS is not in [CDS, CDNSKEY]. The observation on 2026-06-01 is 3379 days after RFC 8078's publication on 2017-03-01, so the timestamp is valid. Score 0.0 (none): no required indicator matched, so there is nothing to score."
sig_0036,RFC 8080,Edwards-Curve Digital Security Algorithm (EdDSA) for DNSSEC,no_match,0.0,none,true,2026-06-01T00:00:00,2017-02-01T00:00:00,234.217.102.in-addr.arpa,afrinic,,rfc8080_eddsa_algorithm; rfc8080_eddsa_on_key_or_signature,,,0.0,1.5,0.0,0.0,3.0,0.0,0.0,0.0,0.0,trace_sig_0036_rfc8080,"RFC 8080 does not explain signal sig_0036: the required indicator rfc8080_eddsa_algorithm failed because algorithm=8 is not in [15, 16]. The observation on 2026-06-01 is 3407 days after RFC 8080's publication on 2017-02-01, so the timestamp is valid. Score 0.0 (none): no required indicator matched, so there is nothing to score."
sig_0036,RFC 8198,Aggressive Use of DNSSEC-Validated Cache,non_queryable,0.0,none,true,2026-06-01T00:00:00,2017-07-01T00:00:00,234.217.102.in-addr.arpa,afrinic,,,,resolver_synthesised_nxdomain,0.0,1.0,0.0,0.0,0.0,0.0,0.0,0.0,0.0,trace_sig_0036_rfc8198,"RFC 8198 could not be evaluated against signal sig_0036: every required indicator (rfc8198_aggressive_nsec_use) depends on fields the OpenINTEL corpus does not export, so no verdict is possible in either direction. The observation on 2026-06-01 is 3257 days after RFC 8198's publication on 2017-07-01, so the timestamp is valid. This is a corpus limitation, not a statement about the observation."
sig_0036,RFC 8624,Algorithm Implementation Requirements and Usage Guidance for DNSSEC,partial_match,0.0,none,true,2026-06-01T00:00:00,2019-06-01T00:00:00,234.217.102.in-addr.arpa,afrinic,rfc8624_avoids_deprecated_algorithm,rfc8624_recommended_signing_algorithm,algorithm,rr_type; validator_algorithm_support,0.0,0.75,0.0,1.5,3.0,0.0,2.0,0.0,0.0,trace_sig_0036_rfc8624,"RFC 8624 partially matches signal sig_0036: the optional indicator rfc8624_avoids_deprecated_algorithm passed because algorithm is present (observed 8) and algorithm=8 differs from 1 as required. The required indicator rfc8624_recommended_signing_algorithm was not satisfied: algorithm=8 is not in [13, 15]. The observation on 2026-06-01 is 2557 days after RFC 8624's publication on 2019-06-01, so the timestamp is valid. Score 0.0 (none): the penalties leave a raw total of -3.5, which is clamped to 0 before the 0.75 low specificity multiplier."
sig_0036,RFC 9077,NSEC and NSEC3: TTLs and Aggressive Use,no_match,0.0,none,true,2026-06-01T00:00:00,2021-07-01T00:00:00,234.217.102.in-addr.arpa,afrinic,,rfc9077_nsec_ttl_bounded,,record_ttl,0.0,1.25,0.0,0.0,3.0,0.0,0.0,0.0,0.0,trace_sig_0036_rfc9077,"RFC 9077 does not explain signal sig_0036: the required indicator rfc9077_nsec_ttl_bounded failed because rr_type=DS is not in [NSEC, NSEC3]. The observation on 2026-06-01 is 1796 days after RFC 9077's publication on 2021-07-01, so the timestamp is valid. Score 0.0 (none): no required indicator matched, so there is nothing to score."
sig_0036,RFC 9276,Guidance for NSEC3 Parameter Settings,no_match,0.0,none,true,2026-06-01T00:00:00,2022-08-01T00:00:00,234.217.102.in-addr.arpa,afrinic,,rfc9276_empty_nsec3_salt; rfc9276_zero_nsec3_iterations,,nsec3_iterations; nsec3_salt,0.0,1.5,0.0,0.0,3.0,0.0,0.0,0.0,0.0,trace_sig_0036_rfc9276,"RFC 9276 does not explain signal sig_0036: the required indicator rfc9276_zero_nsec3_iterations failed because rr_type=DS is not in [NSEC3, NSEC3PARAM]. The observation on 2026-06-01 is 1400 days after RFC 9276's publication on 2022-08-01, so the timestamp is valid. Score 0.0 (none): no required indicator matched, so there is nothing to score."
sig_0036,RFC 9364,DNS Security Extensions (DNSSEC),non_queryable,0.0,none,true,2026-06-01T00:00:00,2023-02-01T00:00:00,234.217.102.in-addr.arpa,afrinic,,,,declared_standards_profile,0.0,0.75,0.0,0.0,0.0,0.0,0.0,0.0,0.0,trace_sig_0036_rfc9364,"RFC 9364 could not be evaluated against signal sig_0036: every required indicator (rfc9364_bcp_profile_declared) depends on fields the OpenINTEL corpus does not export, so no verdict is possible in either direction. The observation on 2026-06-01 is 1216 days after RFC 9364's publication on 2023-02-01, so the timestamp is valid. This is a corpus limitation, not a statement about the observation."
sig_0036,RFC 9558,Use of GOST 2012 Signature Algorithms in DNSKEY and RRSIG Resource Records for DNSSEC,no_match,0.0,none,true,2026-06-01T00:00:00,2024-04-01T00:00:00,234.217.102.in-addr.arpa,afrinic,,rfc9558_gost2012_algorithm; rfc9558_gost2012_ds_digest,,,0.0,1.5,0.0,0.0,3.0,0.0,0.0,0.0,0.0,trace_sig_0036_rfc9558,"RFC 9558 does not explain signal sig_0036: the required indicator rfc9558_gost2012_algorithm failed because algorithm=8 does not equal the expected value 23. The observation on 2026-06-01 is 791 days after RFC 9558's publication on 2024-04-01, so the timestamp is valid. Score 0.0 (none): no required indicator matched, so there is nothing to score."
sig_0036,RFC 9563,SM2 Digital Signature Algorithm for DNSSEC,no_match,0.0,none,true,2026-06-01T00:00:00,2024-12-01T00:00:00,234.217.102.in-addr.arpa,afrinic,,rfc9563_sm2sm3_algorithm; rfc9563_sm3_ds_digest,,,0.0,1.5,0.0,0.0,3.0,0.0,0.0,0.0,0.0,trace_sig_0036_rfc9563,"RFC 9563 does not explain signal sig_0036: the required indicator rfc9563_sm2sm3_algorithm failed because algorithm=8 does not equal the expected value 17. The observation on 2026-06-01 is 547 days after RFC 9563's publication on 2024-12-01, so the timestamp is valid. Score 0.0 (none): no required indicator matched, so there is nothing to score."
sig_0036,RFC 9615,Automatic DNSSEC Bootstrapping Using Authenticated Signals from the Zone's Operator,non_queryable,0.0,none,true,2026-06-01T00:00:00,2024-07-01T00:00:00,234.217.102.in-addr.arpa,afrinic,,,,domain; rr_type,0.0,1.5,0.0,0.0,0.0,0.0,0.0,0.0,0.0,trace_sig_0036_rfc9615,"RFC 9615 could not be evaluated against signal sig_0036: every required indicator (rfc9615_bootstrap_signal_label) depends on fields the OpenINTEL corpus does not export, so no verdict is possible in either direction. The observation on 2026-06-01 is 700 days after RFC 9615's publication on 2024-07-01, so the timestamp is valid. This is a corpus limitation, not a statement about the observation."
sig_0036,RFC 9904,DNSSEC Cryptographic Algorithm Recommendation Update Process,non_queryable,0.0,none,true,2026-06-01T00:00:00,2025-11-01T00:00:00,234.217.102.in-addr.arpa,afrinic,,,,guidance_source_registry,0.0,0.75,0.0,0.0,0.0,0.0,0.0,0.0,0.0,trace_sig_0036_rfc9904,"RFC 9904 could not be evaluated against signal sig_0036: every required indicator (rfc9904_algorithm_guidance_process) depends on fields the OpenINTEL corpus does not export, so no verdict is possible in either direction. The observation on 2026-06-01 is 212 days after RFC 9904's publication on 2025-11-01, so the timestamp is valid. This is a corpus limitation, not a statement about the observation."
sig_0036,RFC 9905,Deprecating the Use of SHA-1 in DNSSEC Signature Algorithms,no_match,0.0,none,true,2026-06-01T00:00:00,2025-11-01T00:00:00,234.217.102.in-addr.arpa,afrinic,,rfc9905_deprecated_sha1_in_delegation; rfc9905_deprecated_sha1_signature_still_published,,,0.0,1.25,0.0,0.0,3.0,0.0,0.0,0.0,0.0,trace_sig_0036_rfc9905,"RFC 9905 does not explain signal sig_0036: the required indicator rfc9905_deprecated_sha1_signature_still_published failed because rr_type=DS is not in [DNSKEY, RRSIG, CDNSKEY]. The observation on 2026-06-01 is 212 days after RFC 9905's publication on 2025-11-01, so the timestamp is valid. Score 0.0 (none): no required indicator matched, so there is nothing to score."
sig_0036,RFC 9906,Deprecate Usage of ECC-GOST within DNSSEC,partial_match,0.0,none,true,2026-06-01T00:00:00,2025-11-01T00:00:00,234.217.102.in-addr.arpa,afrinic,rfc9906_deprecated_gost_digest_still_published,rfc9906_deprecated_ecc_gost_still_published,digest_type; rr_type,,0.0,1.5,0.0,2.0,3.0,0.0,0.0,0.0,0.0,trace_sig_0036_rfc9906,"RFC 9906 partially matches signal sig_0036: the optional indicator rfc9906_deprecated_gost_digest_still_published passed because rr_type=DS is in [DS, CDS] and digest_type=3 equals the expected value 3. The required indicator rfc9906_deprecated_ecc_gost_still_published was not satisfied: algorithm=8 does not equal the expected value 12. The observation on 2026-06-01 is 212 days after RFC 9906's publication on 2025-11-01, so the timestamp is valid. Score 0.0 (none): the penalties leave a raw total of -1.0, which is clamped to 0 before the 1.5 very_high specificity multiplier."
sig_0037,RFC 5702,Use of SHA-2 Algorithms with RSA in DNSKEY and RRSIG Resource Records for DNSSEC,valid_match,13.125,very_high,true,2026-08-01T00:00:00,2009-10-01T00:00:00,244.159.134.in-addr.arpa,arin,rfc5702_rsa_sha2_algorithm; rfc5702_rsa_sha2_on_dnssec_record,,algorithm; rr_type,,9.0,1.25,0.0,1.5,0.0,0.0,0.0,0.0,13.125,trace_sig_0037_rfc5702,"RFC 5702 matched signal sig_0037: the required indicator rfc5702_rsa_sha2_algorithm passed because algorithm=8 is in [8, 10]. Corroborating indicators also matched: rfc5702_rsa_sha2_on_dnssec_record. The observation on 2026-08-01 is 6148 days after RFC 5702's publication on 2009-10-01, so the timestamp is valid. Score 13.125 (very_high) = (9.0 required + 1.5 optional) x 1.25 high specificity."
sig_0037,RFC 4033,DNS Security Introduction and Requirements (DNSSEC base: RFC 4033/4034/4035),valid_match,3.75,low,true,2026-08-01T00:00:00,2005-03-01T00:00:00,244.159.134.in-addr.arpa,arin,rfc4033_base_dnssec_record_present; rfc4033_dnssec_algorithm_present,rfc4033_dnssec_ok_negotiated,algorithm; rr_type,dnssec_ok_flag,4.0,0.75,0.0,1.0,0.0,0.0,0.0,0.0,3.75,trace_sig_0037_rfc4033,"RFC 4033 matched signal sig_0037: the required indicator rfc4033_base_dnssec_record_present passed because rr_type=DS is in [DNSKEY, DS, RRSIG, NSEC]. Corroborating indicators also matched: rfc4033_dnssec_algorithm_present. Indicator rfc4033_dnssec_ok_negotiated did not match: field 'dnssec_ok_flag' is absent from this observation, so the condition 'dnssec_ok_flag must equal true' could not be satisfied (absence is not evidence). The observation on 2026-08-01 is 7823 days after RFC 4033's publication on 2005-03-01, so the timestamp is valid. Score 3.75 (low) = (4.0 required + 1.0 optional) x 0.75 low specificity."
sig_0037,RFC 4034,Resource Records for the DNS Security Extensions,valid_match,3.0,low,true,2026-08-01T00:00:00,2005-03-01T00:00:00,244.159.134.in-addr.arpa,arin,rfc4034_core_record_present,rfc4034_dnskey_protocol_is_three; rfc4034_rrsig_type_covered_present,rr_type,dnskey_protocol; rrsig_type_covered,3.0,1.0,0.0,0.0,0.0,0.0,0.0,0.0,3.0,trace_sig_0037_rfc4034,"RFC 4034 matched signal sig_0037: the required indicator rfc4034_core_record_present passed because rr_type=DS is in [DNSKEY, DS, RRSIG, NSEC]. Indicator rfc4034_dnskey_protocol_is_three did not match: rr_type=DS is not in [DNSKEY, CDNSKEY]. The observation on 2026-08-01 is 7823 days after RFC 4034's publication on 2005-03-01, so the timestamp is valid. Score 3.0 (low) = (3.0 required) x 1.0 medium specificity."
sig_0037,RFC 3110,RSA/SHA-1 SIGs and RSA KEYs in the Domain Name System (DNS),no_match,0.0,none,true,2026-08-01T00:00:00,2001-05-01T00:00:00,244.159.134.in-addr.arpa,arin,,rfc3110_rsasha1_algorithm; rfc3110_rsasha1_on_key_or_signature,,,0.0,1.25,0.0,0.0,3.0,0.0,0.0,0.0,0.0,trace_sig_0037_rfc3110,"RFC 3110 does not explain signal sig_0037: the required indicator rfc3110_rsasha1_algorithm failed because algorithm=8 does not equal the expected value 5. The observation on 2026-08-01 is 9223 days after RFC 3110's publication on 2001-05-01, so the timestamp is valid. Score 0.0 (none): no required indicator matched, so there is nothing to score."
sig_0037,RFC 4035,Protocol Modifications for the DNS Security Extensions,non_queryable,0.0,none,true,2026-08-01T00:00:00,2005-03-01T00:00:00,244.159.134.in-addr.arpa,arin,,,,dnssec_ok_flag,0.0,0.75,0.0,0.0,0.0,0.0,0.0,0.0,0.0,trace_sig_0037_rfc4035,"RFC 4035 could not be evaluated against signal sig_0037: every required indicator (rfc4035_dnssec_ok_negotiated) depends on fields the OpenINTEL corpus does not export, so no verdict is possible in either direction. The observation on 2026-08-01 is 7823 days after RFC 4035's publication on 2005-03-01, so the timestamp is valid. This is a corpus limitation, not a statement about the observation."
sig_0037,RFC 4509,Use of SHA-256 in DNSSEC Delegation Signer (DS) Resource Records,no_match,0.0,none,true,2026-08-01T00:00:00,2006-05-01T00:00:00,244.159.134.in-addr.arpa,arin,,rfc4509_ds_sha256_digest,,,0.0,1.25,0.0,0.0,3.0,0.0,0.0,0.0,0.0,trace_sig_0037_rfc4509,"RFC 4509 does not explain signal sig_0037: the required indicator rfc4509_ds_sha256_digest failed because digest_type=1 does not equal the expected value 2. The observation on 2026-08-01 is 7397 days after RFC 4509's publication on 2006-05-01, so the timestamp is valid. Score 0.0 (none): no required indicator matched, so there is nothing to score."
sig_0037,RFC 5011,Automated Updates of DNS Security (DNSSEC) Trust Anchors,no_match,0.0,none,true,2026-08-01T00:00:00,2007-09-01T00:00:00,244.159.134.in-addr.arpa,arin,,rfc5011_revoked_key_published,,flags,0.0,1.25,0.0,0.0,3.0,0.0,0.0,0.0,0.0,trace_sig_0037_rfc5011,"RFC 5011 does not explain signal sig_0037: the required indicator rfc5011_revoked_key_published failed because rr_type=DS does not equal the expected value DNSKEY. The observation on 2026-08-01 is 6909 days after RFC 5011's publication on 2007-09-01, so the timestamp is valid. Score 0.0 (none): no required indicator matched, so there is nothing to score."
sig_0037,RFC 5155,DNS Security (DNSSEC) Hashed Authenticated Denial of Existence,no_match,0.0,none,true,2026-08-01T00:00:00,2008-03-01T00:00:00,244.159.134.in-addr.arpa,arin,,rfc5155_nsec3_hash_algorithm; rfc5155_nsec3_record_present,,,0.0,1.5,0.0,0.0,3.0,0.0,0.0,0.0,0.0,trace_sig_0037_rfc5155,"RFC 5155 does not explain signal sig_0037: the required indicator rfc5155_nsec3_record_present failed because rr_type=DS is not in [NSEC3, NSEC3PARAM]. The observation on 2026-08-01 is 6727 days after RFC 5155's publication on 2008-03-01, so the timestamp is valid. Score 0.0 (none): no required indicator matched, so there is nothing to score."
sig_0037,RFC 5933,Use of GOST Signature Algorithms in DNSKEY and RRSIG Resource Records for DNSSEC,no_match,0.0,none,true,2026-08-01T00:00:00,2010-07-01T00:00:00,244.159.134.in-addr.arpa,arin,,rfc5933_ecc_gost_algorithm; rfc5933_gost_ds_digest,,,0.0,1.5,0.0,0.0,3.0,0.0,0.0,0.0,0.0,trace_sig_0037_rfc5933,"RFC 5933 does not explain signal sig_0037: the required indicator rfc5933_ecc_gost_algorithm failed because algorithm=8 does not equal the expected value 12. The observation on 2026-08-01 is 5875 days after RFC 5933's publication on 2010-07-01, so the timestamp is valid. Score 0.0 (none): no required indicator matched, so there is nothing to score."
sig_0037,RFC 6605,Elliptic Curve Digital Signature Algorithm (DSA) for DNSSEC,no_match,0.0,none,true,2026-08-01T00:00:00,2012-04-01T00:00:00,244.159.134.in-addr.arpa,arin,,rfc6605_ecdsa_algorithm; rfc6605_ecdsa_on_key_or_signature,,,0.0,1.25,0.0,0.0,3.0,0.0,0.0,0.0,0.0,trace_sig_0037_rfc6605,"RFC 6605 does not explain signal sig_0037: the required indicator rfc6605_ecdsa_algorithm failed because algorithm=8 is not in [13, 14]. The observation on 2026-08-01 is 5235 days after RFC 6605's publication on 2012-04-01, so the timestamp is valid. Score 0.0 (none): no required indicator matched, so there is nothing to score."
sig_0037,RFC 6698,The DNS-Based Authentication of Named Entities (DANE) Transport Layer Security (TLS) Protocol: TLSA,no_match,0.0,none,true,2026-08-01T00:00:00,2012-08-01T00:00:00,244.159.134.in-addr.arpa,arin,,rfc6698_tlsa_fields_well_formed; rfc6698_tlsa_record_present,,tlsa_matchtype; tlsa_usage,0.0,1.5,0.0,0.0,3.0,0.0,0.0,0.0,0.0,trace_sig_0037_rfc6698,"RFC 6698 does not explain signal sig_0037: the required indicator rfc6698_tlsa_record_present failed because rr_type=DS does not equal the expected value TLSA. The observation on 2026-08-01 is 5113 days after RFC 6698's publication on 2012-08-01, so the timestamp is valid. Score 0.0 (none): no required indicator matched, so there is nothing to score."
sig_0037,RFC 6781,"DNSSEC Operational Practices, Version 2",no_match,0.0,none,true,2026-08-01T00:00:00,2012-12-01T00:00:00,244.159.134.in-addr.arpa,arin,,rfc6781_ksk_zsk_separation,,flags,0.0,0.75,0.0,0.0,3.0,0.0,0.0,0.0,0.0,trace_sig_0037_rfc6781,"RFC 6781 does not explain signal sig_0037: the required indicator rfc6781_ksk_zsk_separation failed because rr_type=DS does not equal the expected value DNSKEY. The observation on 2026-08-01 is 4991 days after RFC 6781's publication on 2012-12-01, so the timestamp is valid. Score 0.0 (none): no required indicator matched, so there is nothing to score."
sig_0037,RFC 6840,Clarifications and Implementation Notes for DNS Security (DNSSEC),non_queryable,0.0,none,true,2026-08-01T00:00:00,2013-02-01T00:00:00,244.159.134.in-addr.arpa,arin,,,,name_algorithm_set_consistency,0.0,0.75,0.0,0.0,0.0,0.0,0.0,0.0,0.0,trace_sig_0037_rfc6840,"RFC 6840 could not be evaluated against signal sig_0037: every required indicator (rfc6840_mandatory_algorithm_rules) depends on fields the OpenINTEL corpus does not export, so no verdict is possible in either direction. The observation on 2026-08-01 is 4929 days after RFC 6840's publication on 2013-02-01, so the timestamp is valid. This is a corpus limitation, not a statement about the observation."
sig_0037,RFC 7344,Automating DNSSEC Delegation Trust Maintenance,no_match,0.0,none,true,2026-08-01T00:00:00,2014-09-01T00:00:00,244.159.134.in-addr.arpa,arin,,rfc7344_cds_cdnskey_present; rfc7344_cds_publishes_digest,,,0.0,1.25,0.0,0.0,3.0,0.0,0.0,0.0,0.0,trace_sig_0037_rfc7344,"RFC 7344 does not explain signal sig_0037: the required indicator rfc7344_cds_cdnskey_present failed because rr_type=DS is not in [CDS, CDNSKEY]. The observation on 2026-08-01 is 4352 days after RFC 7344's publication on 2014-09-01, so the timestamp is valid. Score 0.0 (none): no required indicator matched, so there is nothing to score."
sig_0037,RFC 7583,DNSSEC Key Rollover Timing Considerations,non_queryable,0.0,none,true,2026-08-01T00:00:00,2015-10-01T00:00:00,244.159.134.in-addr.arpa,arin,,,,key_rollover_phase,0.0,0.75,0.0,0.0,0.0,0.0,0.0,0.0,0.0,trace_sig_0037_rfc7583,"RFC 7583 could not be evaluated against signal sig_0037: every required indicator (rfc7583_rollover_timing_observed) depends on fields the OpenINTEL corpus does not export, so no verdict is possible in either direction. The observation on 2026-08-01 is 3957 days after RFC 7583's publication on 2015-10-01, so the timestamp is valid. This is a corpus limitation, not a statement about the observation."
sig_0037,RFC 7671,The DNS-Based Authentication of Named Entities (DANE) Protocol: Updates and Operational Guidance,no_match,0.0,none,true,2026-08-01T00:00:00,2015-10-01T00:00:00,244.159.134.in-addr.arpa,arin,,rfc7671_dane_usage_preferred,,tlsa_usage,0.0,1.25,0.0,0.0,3.0,0.0,0.0,0.0,0.0,trace_sig_0037_rfc7671,"RFC 7671 does not explain signal sig_0037: the required indicator rfc7671_dane_usage_preferred failed because rr_type=DS does not equal the expected value TLSA. The observation on 2026-08-01 is 3957 days after RFC 7671's publication on 2015-10-01, so the timestamp is valid. Score 0.0 (none): no required indicator matched, so there is nothing to score."
sig_0037,RFC 7672,SMTP Security via Opportunistic DNS-Based Authentication of Named Entities (DANE) Transport Layer Security (TLS),no_match,0.0,none,true,2026-08-01T00:00:00,2015-10-01T00:00:00,244.159.134.in-addr.arpa,arin,,rfc7672_smtp_dane_tlsa,,domain,0.0,1.5,0.0,0.0,3.0,0.0,0.0,0.0,0.0,trace_sig_0037_rfc7672,"RFC 7672 does not explain signal sig_0037: the required indicator rfc7672_smtp_dane_tlsa failed because rr_type=DS does not equal the expected value TLSA. The observation on 2026-08-01 is 3957 days after RFC 7672's publication on 2015-10-01, so the timestamp is valid. Score 0.0 (none): no required indicator matched, so there is nothing to score."
sig_0037,RFC 8078,Managing DS Records from the Parent via CDS/CDNSKEY,no_match,0.0,none,true,2026-08-01T00:00:00,2017-03-01T00:00:00,244.159.134.in-addr.arpa,arin,,rfc8078_cds_cdnskey_algorithm_zero; rfc8078_delete_signal_digest_zero,,,0.0,1.5,0.0,0.0,3.0,0.0,0.0,0.0,0.0,trace_sig_0037_rfc8078,"RFC 8078 does not explain signal sig_0037: the required indicator rfc8078_cds_cdnskey_algorithm_zero failed because rr_type=DS is not in [CDS, CDNSKEY]. The observation on 2026-08-01 is 3440 days after RFC 8078's publication on 2017-03-01, so the timestamp is valid. Score 0.0 (none): no required indicator matched, so there is nothing to score."
sig_0037,RFC 8080,Edwards-Curve Digital Security Algorithm (EdDSA) for DNSSEC,no_match,0.0,none,true,2026-08-01T00:00:00,2017-02-01T00:00:00,244.159.134.in-addr.arpa,arin,,rfc8080_eddsa_algorithm; rfc8080_eddsa_on_key_or_signature,,,0.0,1.5,0.0,0.0,3.0,0.0,0.0,0.0,0.0,trace_sig_0037_rfc8080,"RFC 8080 does not explain signal sig_0037: the required indicator rfc8080_eddsa_algorithm failed because algorithm=8 is not in [15, 16]. The observation on 2026-08-01 is 3468 days after RFC 8080's publication on 2017-02-01, so the timestamp is valid. Score 0.0 (none): no required indicator matched, so there is nothing to score."
sig_0037,RFC 8198,Aggressive Use of DNSSEC-Validated Cache,non_queryable,0.0,none,true,2026-08-01T00:00:00,2017-07-01T00:00:00,244.159.134.in-addr.arpa,arin,,,,resolver_synthesised_nxdomain,0.0,1.0,0.0,0.0,0.0,0.0,0.0,0.0,0.0,trace_sig_0037_rfc8198,"RFC 8198 could not be evaluated against signal sig_0037: every required indicator (rfc8198_aggressive_nsec_use) depends on fields the OpenINTEL corpus does not export, so no verdict is possible in either direction. The observation on 2026-08-01 is 3318 days after RFC 8198's publication on 2017-07-01, so the timestamp is valid. This is a corpus limitation, not a statement about the observation."
sig_0037,RFC 8624,Algorithm Implementation Requirements and Usage Guidance for DNSSEC,partial_match,0.0,none,true,2026-08-01T00:00:00,2019-06-01T00:00:00,244.159.134.in-addr.arpa,arin,rfc8624_avoids_deprecated_algorithm,rfc8624_recommended_signing_algorithm,algorithm,rr_type; validator_algorithm_support,0.0,0.75,0.0,1.5,3.0,0.0,2.0,0.0,0.0,trace_sig_0037_rfc8624,"RFC 8624 partially matches signal sig_0037: the optional indicator rfc8624_avoids_deprecated_algorithm passed because algorithm is present (observed 8) and algorithm=8 differs from 1 as required. The required indicator rfc8624_recommended_signing_algorithm was not satisfied: algorithm=8 is not in [13, 15]. The observation on 2026-08-01 is 2618 days after RFC 8624's publication on 2019-06-01, so the timestamp is valid. Score 0.0 (none): the penalties leave a raw total of -3.5, which is clamped to 0 before the 0.75 low specificity multiplier."
sig_0037,RFC 9077,NSEC and NSEC3: TTLs and Aggressive Use,no_match,0.0,none,true,2026-08-01T00:00:00,2021-07-01T00:00:00,244.159.134.in-addr.arpa,arin,,rfc9077_nsec_ttl_bounded,,record_ttl,0.0,1.25,0.0,0.0,3.0,0.0,0.0,0.0,0.0,trace_sig_0037_rfc9077,"RFC 9077 does not explain signal sig_0037: the required indicator rfc9077_nsec_ttl_bounded failed because rr_type=DS is not in [NSEC, NSEC3]. The observation on 2026-08-01 is 1857 days after RFC 9077's publication on 2021-07-01, so the timestamp is valid. Score 0.0 (none): no required indicator matched, so there is nothing to score."
sig_0037,RFC 9276,Guidance for NSEC3 Parameter Settings,no_match,0.0,none,true,2026-08-01T00:00:00,2022-08-01T00:00:00,244.159.134.in-addr.arpa,arin,,rfc9276_empty_nsec3_salt; rfc9276_zero_nsec3_iterations,,nsec3_iterations; nsec3_salt,0.0,1.5,0.0,0.0,3.0,0.0,0.0,0.0,0.0,trace_sig_0037_rfc9276,"RFC 9276 does not explain signal sig_0037: the required indicator rfc9276_zero_nsec3_iterations failed because rr_type=DS is not in [NSEC3, NSEC3PARAM]. The observation on 2026-08-01 is 1461 days after RFC 9276's publication on 2022-08-01, so the timestamp is valid. Score 0.0 (none): no required indicator matched, so there is nothing to score."
sig_0037,RFC 9364,DNS Security Extensions (DNSSEC),non_queryable,0.0,none,true,2026-08-01T00:00:00,2023-02-01T00:00:00,244.159.134.in-addr.arpa,arin,,,,declared_standards_profile,0.0,0.75,0.0,0.0,0.0,0.0,0.0,0.0,0.0,trace_sig_0037_rfc9364,"RFC 9364 could not be evaluated against signal sig_0037: every required indicator (rfc9364_bcp_profile_declared) depends on fields the OpenINTEL corpus does not export, so no verdict is possible in either direction. The observation on 2026-08-01 is 1277 days after RFC 9364's publication on 2023-02-01, so the timestamp is valid. This is a corpus limitation, not a statement about the observation."
sig_0037,RFC 9558,Use of GOST 2012 Signature Algorithms in DNSKEY and RRSIG Resource Records for DNSSEC,no_match,0.0,none,true,2026-08-01T00:00:00,2024-04-01T00:00:00,244.159.134.in-addr.arpa,arin,,rfc9558_gost2012_algorithm; rfc9558_gost2012_ds_digest,,,0.0,1.5,0.0,0.0,3.0,0.0,0.0,0.0,0.0,trace_sig_0037_rfc9558,"RFC 9558 does not explain signal sig_0037: the required indicator rfc9558_gost2012_algorithm failed because algorithm=8 does not equal the expected value 23. The observation on 2026-08-01 is 852 days after RFC 9558's publication on 2024-04-01, so the timestamp is valid. Score 0.0 (none): no required indicator matched, so there is nothing to score."
sig_0037,RFC 9563,SM2 Digital Signature Algorithm for DNSSEC,no_match,0.0,none,true,2026-08-01T00:00:00,2024-12-01T00:00:00,244.159.134.in-addr.arpa,arin,,rfc9563_sm2sm3_algorithm; rfc9563_sm3_ds_digest,,,0.0,1.5,0.0,0.0,3.0,0.0,0.0,0.0,0.0,trace_sig_0037_rfc9563,"RFC 9563 does not explain signal sig_0037: the required indicator rfc9563_sm2sm3_algorithm failed because algorithm=8 does not equal the expected value 17. The observation on 2026-08-01 is 608 days after RFC 9563's publication on 2024-12-01, so the timestamp is valid. Score 0.0 (none): no required indicator matched, so there is nothing to score."
sig_0037,RFC 9615,Automatic DNSSEC Bootstrapping Using Authenticated Signals from the Zone's Operator,non_queryable,0.0,none,true,2026-08-01T00:00:00,2024-07-01T00:00:00,244.159.134.in-addr.arpa,arin,,,,domain; rr_type,0.0,1.5,0.0,0.0,0.0,0.0,0.0,0.0,0.0,trace_sig_0037_rfc9615,"RFC 9615 could not be evaluated against signal sig_0037: every required indicator (rfc9615_bootstrap_signal_label) depends on fields the OpenINTEL corpus does not export, so no verdict is possible in either direction. The observation on 2026-08-01 is 761 days after RFC 9615's publication on 2024-07-01, so the timestamp is valid. This is a corpus limitation, not a statement about the observation."
sig_0037,RFC 9904,DNSSEC Cryptographic Algorithm Recommendation Update Process,non_queryable,0.0,none,true,2026-08-01T00:00:00,2025-11-01T00:00:00,244.159.134.in-addr.arpa,arin,,,,guidance_source_registry,0.0,0.75,0.0,0.0,0.0,0.0,0.0,0.0,0.0,trace_sig_0037_rfc9904,"RFC 9904 could not be evaluated against signal sig_0037: every required indicator (rfc9904_algorithm_guidance_process) depends on fields the OpenINTEL corpus does not export, so no verdict is possible in either direction. The observation on 2026-08-01 is 273 days after RFC 9904's publication on 2025-11-01, so the timestamp is valid. This is a corpus limitation, not a statement about the observation."
sig_0037,RFC 9905,Deprecating the Use of SHA-1 in DNSSEC Signature Algorithms,no_match,0.0,none,true,2026-08-01T00:00:00,2025-11-01T00:00:00,244.159.134.in-addr.arpa,arin,,rfc9905_deprecated_sha1_in_delegation; rfc9905_deprecated_sha1_signature_still_published,,,0.0,1.25,0.0,0.0,3.0,0.0,0.0,0.0,0.0,trace_sig_0037_rfc9905,"RFC 9905 does not explain signal sig_0037: the required indicator rfc9905_deprecated_sha1_signature_still_published failed because rr_type=DS is not in [DNSKEY, RRSIG, CDNSKEY]. The observation on 2026-08-01 is 273 days after RFC 9905's publication on 2025-11-01, so the timestamp is valid. Score 0.0 (none): no required indicator matched, so there is nothing to score."
sig_0037,RFC 9906,Deprecate Usage of ECC-GOST within DNSSEC,no_match,0.0,none,true,2026-08-01T00:00:00,2025-11-01T00:00:00,244.159.134.in-addr.arpa,arin,,rfc9906_deprecated_ecc_gost_still_published; rfc9906_deprecated_gost_digest_still_published,,,0.0,1.5,0.0,0.0,3.0,0.0,0.0,0.0,0.0,trace_sig_0037_rfc9906,"RFC 9906 does not explain signal sig_0037: the required indicator rfc9906_deprecated_ecc_gost_still_published failed because algorithm=8 does not equal the expected value 12. The observation on 2026-08-01 is 273 days after RFC 9906's publication on 2025-11-01, so the timestamp is valid. Score 0.0 (none): no required indicator matched, so there is nothing to score."
sig_0038,RFC 4509,Use of SHA-256 in DNSSEC Delegation Signer (DS) Resource Records,valid_match,11.25,high,true,2026-08-01T00:00:00,2006-05-01T00:00:00,4.191.64.in-addr.arpa,arin,rfc4509_ds_sha256_digest,,digest_type; rr_type,,9.0,1.25,0.0,0.0,0.0,0.0,0.0,0.0,11.25,trace_sig_0038_rfc4509,"RFC 4509 matched signal sig_0038: the required indicator rfc4509_ds_sha256_digest passed because rr_type=DS is in [DS, CDS] and digest_type=2 equals the expected value 2. The observation on 2026-08-01 is 7397 days after RFC 4509's publication on 2006-05-01, so the timestamp is valid. Score 11.25 (high) = (9.0 required) x 1.25 high specificity."
sig_0038,RFC 4033,DNS Security Introduction and Requirements (DNSSEC base: RFC 4033/4034/4035),valid_match,3.75,low,true,2026-08-01T00:00:00,2005-03-01T00:00:00,4.191.64.in-addr.arpa,arin,rfc4033_base_dnssec_record_present; rfc4033_dnssec_algorithm_present,rfc4033_dnssec_ok_negotiated,algorithm; rr_type,dnssec_ok_flag,4.0,0.75,0.0,1.0,0.0,0.0,0.0,0.0,3.75,trace_sig_0038_rfc4033,"RFC 4033 matched signal sig_0038: the required indicator rfc4033_base_dnssec_record_present passed because rr_type=DS is in [DNSKEY, DS, RRSIG, NSEC]. Corroborating indicators also matched: rfc4033_dnssec_algorithm_present. Indicator rfc4033_dnssec_ok_negotiated did not match: field 'dnssec_ok_flag' is absent from this observation, so the condition 'dnssec_ok_flag must equal true' could not be satisfied (absence is not evidence). The observation on 2026-08-01 is 7823 days after RFC 4033's publication on 2005-03-01, so the timestamp is valid. Score 3.75 (low) = (4.0 required + 1.0 optional) x 0.75 low specificity."
sig_0038,RFC 4034,Resource Records for the DNS Security Extensions,valid_match,3.0,low,true,2026-08-01T00:00:00,2005-03-01T00:00:00,4.191.64.in-addr.arpa,arin,rfc4034_core_record_present,rfc4034_dnskey_protocol_is_three; rfc4034_rrsig_type_covered_present,rr_type,dnskey_protocol; rrsig_type_covered,3.0,1.0,0.0,0.0,0.0,0.0,0.0,0.0,3.0,trace_sig_0038_rfc4034,"RFC 4034 matched signal sig_0038: the required indicator rfc4034_core_record_present passed because rr_type=DS is in [DNSKEY, DS, RRSIG, NSEC]. Indicator rfc4034_dnskey_protocol_is_three did not match: rr_type=DS is not in [DNSKEY, CDNSKEY]. The observation on 2026-08-01 is 7823 days after RFC 4034's publication on 2005-03-01, so the timestamp is valid. Score 3.0 (low) = (3.0 required) x 1.0 medium specificity."
sig_0038,RFC 3110,RSA/SHA-1 SIGs and RSA KEYs in the Domain Name System (DNS),no_match,0.0,none,true,2026-08-01T00:00:00,2001-05-01T00:00:00,4.191.64.in-addr.arpa,arin,,rfc3110_rsasha1_algorithm; rfc3110_rsasha1_on_key_or_signature,,,0.0,1.25,0.0,0.0,3.0,0.0,0.0,0.0,0.0,trace_sig_0038_rfc3110,"RFC 3110 does not explain signal sig_0038: the required indicator rfc3110_rsasha1_algorithm failed because algorithm=7 does not equal the expected value 5. The observation on 2026-08-01 is 9223 days after RFC 3110's publication on 2001-05-01, so the timestamp is valid. Score 0.0 (none): no required indicator matched, so there is nothing to score."
sig_0038,RFC 4035,Protocol Modifications for the DNS Security Extensions,non_queryable,0.0,none,true,2026-08-01T00:00:00,2005-03-01T00:00:00,4.191.64.in-addr.arpa,arin,,,,dnssec_ok_flag,0.0,0.75,0.0,0.0,0.0,0.0,0.0,0.0,0.0,trace_sig_0038_rfc4035,"RFC 4035 could not be evaluated against signal sig_0038: every required indicator (rfc4035_dnssec_ok_negotiated) depends on fields the OpenINTEL corpus does not export, so no verdict is possible in either direction. The observation on 2026-08-01 is 7823 days after RFC 4035's publication on 2005-03-01, so the timestamp is valid. This is a corpus limitation, not a statement about the observation."
sig_0038,RFC 5011,Automated Updates of DNS Security (DNSSEC) Trust Anchors,no_match,0.0,none,true,2026-08-01T00:00:00,2007-09-01T00:00:00,4.191.64.in-addr.arpa,arin,,rfc5011_revoked_key_published,,flags,0.0,1.25,0.0,0.0,3.0,0.0,0.0,0.0,0.0,trace_sig_0038_rfc5011,"RFC 5011 does not explain signal sig_0038: the required indicator rfc5011_revoked_key_published failed because rr_type=DS does not equal the expected value DNSKEY. The observation on 2026-08-01 is 6909 days after RFC 5011's publication on 2007-09-01, so the timestamp is valid. Score 0.0 (none): no required indicator matched, so there is nothing to score."
sig_0038,RFC 5155,DNS Security (DNSSEC) Hashed Authenticated Denial of Existence,no_match,0.0,none,true,2026-08-01T00:00:00,2008-03-01T00:00:00,4.191.64.in-addr.arpa,arin,,rfc5155_nsec3_hash_algorithm; rfc5155_nsec3_record_present,,,0.0,1.5,0.0,0.0,3.0,0.0,0.0,0.0,0.0,trace_sig_0038_rfc5155,"RFC 5155 does not explain signal sig_0038: the required indicator rfc5155_nsec3_record_present failed because rr_type=DS is not in [NSEC3, NSEC3PARAM]. The observation on 2026-08-01 is 6727 days after RFC 5155's publication on 2008-03-01, so the timestamp is valid. Score 0.0 (none): no required indicator matched, so there is nothing to score."
sig_0038,RFC 5702,Use of SHA-2 Algorithms with RSA in DNSKEY and RRSIG Resource Records for DNSSEC,no_match,0.0,none,true,2026-08-01T00:00:00,2009-10-01T00:00:00,4.191.64.in-addr.arpa,arin,,rfc5702_rsa_sha2_algorithm; rfc5702_rsa_sha2_on_dnssec_record,,,0.0,1.25,0.0,0.0,3.0,0.0,0.0,0.0,0.0,trace_sig_0038_rfc5702,"RFC 5702 does not explain signal sig_0038: the required indicator rfc5702_rsa_sha2_algorithm failed because algorithm=7 is not in [8, 10]. The observation on 2026-08-01 is 6148 days after RFC 5702's publication on 2009-10-01, so the timestamp is valid. Score 0.0 (none): no required indicator matched, so there is nothing to score."
sig_0038,RFC 5933,Use of GOST Signature Algorithms in DNSKEY and RRSIG Resource Records for DNSSEC,no_match,0.0,none,true,2026-08-01T00:00:00,2010-07-01T00:00:00,4.191.64.in-addr.arpa,arin,,rfc5933_ecc_gost_algorithm; rfc5933_gost_ds_digest,,,0.0,1.5,0.0,0.0,3.0,0.0,0.0,0.0,0.0,trace_sig_0038_rfc5933,"RFC 5933 does not explain signal sig_0038: the required indicator rfc5933_ecc_gost_algorithm failed because algorithm=7 does not equal the expected value 12. The observation on 2026-08-01 is 5875 days after RFC 5933's publication on 2010-07-01, so the timestamp is valid. Score 0.0 (none): no required indicator matched, so there is nothing to score."
sig_0038,RFC 6605,Elliptic Curve Digital Signature Algorithm (DSA) for DNSSEC,no_match,0.0,none,true,2026-08-01T00:00:00,2012-04-01T00:00:00,4.191.64.in-addr.arpa,arin,,rfc6605_ecdsa_algorithm; rfc6605_ecdsa_on_key_or_signature,,,0.0,1.25,0.0,0.0,3.0,0.0,0.0,0.0,0.0,trace_sig_0038_rfc6605,"RFC 6605 does not explain signal sig_0038: the required indicator rfc6605_ecdsa_algorithm failed because algorithm=7 is not in [13, 14]. The observation on 2026-08-01 is 5235 days after RFC 6605's publication on 2012-04-01, so the timestamp is valid. Score 0.0 (none): no required indicator matched, so there is nothing to score."
sig_0038,RFC 6698,The DNS-Based Authentication of Named Entities (DANE) Transport Layer Security (TLS) Protocol: TLSA,no_match,0.0,none,true,2026-08-01T00:00:00,2012-08-01T00:00:00,4.191.64.in-addr.arpa,arin,,rfc6698_tlsa_fields_well_formed; rfc6698_tlsa_record_present,,tlsa_matchtype; tlsa_usage,0.0,1.5,0.0,0.0,3.0,0.0,0.0,0.0,0.0,trace_sig_0038_rfc6698,"RFC 6698 does not explain signal sig_0038: the required indicator rfc6698_tlsa_record_present failed because rr_type=DS does not equal the expected value TLSA. The observation on 2026-08-01 is 5113 days after RFC 6698's publication on 2012-08-01, so the timestamp is valid. Score 0.0 (none): no required indicator matched, so there is nothing to score."
sig_0038,RFC 6781,"DNSSEC Operational Practices, Version 2",no_match,0.0,none,true,2026-08-01T00:00:00,2012-12-01T00:00:00,4.191.64.in-addr.arpa,arin,,rfc6781_ksk_zsk_separation,,flags,0.0,0.75,0.0,0.0,3.0,0.0,0.0,0.0,0.0,trace_sig_0038_rfc6781,"RFC 6781 does not explain signal sig_0038: the required indicator rfc6781_ksk_zsk_separation failed because rr_type=DS does not equal the expected value DNSKEY. The observation on 2026-08-01 is 4991 days after RFC 6781's publication on 2012-12-01, so the timestamp is valid. Score 0.0 (none): no required indicator matched, so there is nothing to score."
sig_0038,RFC 6840,Clarifications and Implementation Notes for DNS Security (DNSSEC),non_queryable,0.0,none,true,2026-08-01T00:00:00,2013-02-01T00:00:00,4.191.64.in-addr.arpa,arin,,,,name_algorithm_set_consistency,0.0,0.75,0.0,0.0,0.0,0.0,0.0,0.0,0.0,trace_sig_0038_rfc6840,"RFC 6840 could not be evaluated against signal sig_0038: every required indicator (rfc6840_mandatory_algorithm_rules) depends on fields the OpenINTEL corpus does not export, so no verdict is possible in either direction. The observation on 2026-08-01 is 4929 days after RFC 6840's publication on 2013-02-01, so the timestamp is valid. This is a corpus limitation, not a statement about the observation."
sig_0038,RFC 7344,Automating DNSSEC Delegation Trust Maintenance,no_match,0.0,none,true,2026-08-01T00:00:00,2014-09-01T00:00:00,4.191.64.in-addr.arpa,arin,,rfc7344_cds_cdnskey_present; rfc7344_cds_publishes_digest,,,0.0,1.25,0.0,0.0,3.0,0.0,0.0,0.0,0.0,trace_sig_0038_rfc7344,"RFC 7344 does not explain signal sig_0038: the required indicator rfc7344_cds_cdnskey_present failed because rr_type=DS is not in [CDS, CDNSKEY]. The observation on 2026-08-01 is 4352 days after RFC 7344's publication on 2014-09-01, so the timestamp is valid. Score 0.0 (none): no required indicator matched, so there is nothing to score."
sig_0038,RFC 7583,DNSSEC Key Rollover Timing Considerations,non_queryable,0.0,none,true,2026-08-01T00:00:00,2015-10-01T00:00:00,4.191.64.in-addr.arpa,arin,,,,key_rollover_phase,0.0,0.75,0.0,0.0,0.0,0.0,0.0,0.0,0.0,trace_sig_0038_rfc7583,"RFC 7583 could not be evaluated against signal sig_0038: every required indicator (rfc7583_rollover_timing_observed) depends on fields the OpenINTEL corpus does not export, so no verdict is possible in either direction. The observation on 2026-08-01 is 3957 days after RFC 7583's publication on 2015-10-01, so the timestamp is valid. This is a corpus limitation, not a statement about the observation."
sig_0038,RFC 7671,The DNS-Based Authentication of Named Entities (DANE) Protocol: Updates and Operational Guidance,no_match,0.0,none,true,2026-08-01T00:00:00,2015-10-01T00:00:00,4.191.64.in-addr.arpa,arin,,rfc7671_dane_usage_preferred,,tlsa_usage,0.0,1.25,0.0,0.0,3.0,0.0,0.0,0.0,0.0,trace_sig_0038_rfc7671,"RFC 7671 does not explain signal sig_0038: the required indicator rfc7671_dane_usage_preferred failed because rr_type=DS does not equal the expected value TLSA. The observation on 2026-08-01 is 3957 days after RFC 7671's publication on 2015-10-01, so the timestamp is valid. Score 0.0 (none): no required indicator matched, so there is nothing to score."
sig_0038,RFC 7672,SMTP Security via Opportunistic DNS-Based Authentication of Named Entities (DANE) Transport Layer Security (TLS),no_match,0.0,none,true,2026-08-01T00:00:00,2015-10-01T00:00:00,4.191.64.in-addr.arpa,arin,,rfc7672_smtp_dane_tlsa,,domain,0.0,1.5,0.0,0.0,3.0,0.0,0.0,0.0,0.0,trace_sig_0038_rfc7672,"RFC 7672 does not explain signal sig_0038: the required indicator rfc7672_smtp_dane_tlsa failed because rr_type=DS does not equal the expected value TLSA. The observation on 2026-08-01 is 3957 days after RFC 7672's publication on 2015-10-01, so the timestamp is valid. Score 0.0 (none): no required indicator matched, so there is nothing to score."
sig_0038,RFC 8078,Managing DS Records from the Parent via CDS/CDNSKEY,no_match,0.0,none,true,2026-08-01T00:00:00,2017-03-01T00:00:00,4.191.64.in-addr.arpa,arin,,rfc8078_cds_cdnskey_algorithm_zero; rfc8078_delete_signal_digest_zero,,,0.0,1.5,0.0,0.0,3.0,0.0,0.0,0.0,0.0,trace_sig_0038_rfc8078,"RFC 8078 does not explain signal sig_0038: the required indicator rfc8078_cds_cdnskey_algorithm_zero failed because rr_type=DS is not in [CDS, CDNSKEY]. The observation on 2026-08-01 is 3440 days after RFC 8078's publication on 2017-03-01, so the timestamp is valid. Score 0.0 (none): no required indicator matched, so there is nothing to score."
sig_0038,RFC 8080,Edwards-Curve Digital Security Algorithm (EdDSA) for DNSSEC,no_match,0.0,none,true,2026-08-01T00:00:00,2017-02-01T00:00:00,4.191.64.in-addr.arpa,arin,,rfc8080_eddsa_algorithm; rfc8080_eddsa_on_key_or_signature,,,0.0,1.5,0.0,0.0,3.0,0.0,0.0,0.0,0.0,trace_sig_0038_rfc8080,"RFC 8080 does not explain signal sig_0038: the required indicator rfc8080_eddsa_algorithm failed because algorithm=7 is not in [15, 16]. The observation on 2026-08-01 is 3468 days after RFC 8080's publication on 2017-02-01, so the timestamp is valid. Score 0.0 (none): no required indicator matched, so there is nothing to score."
sig_0038,RFC 8198,Aggressive Use of DNSSEC-Validated Cache,non_queryable,0.0,none,true,2026-08-01T00:00:00,2017-07-01T00:00:00,4.191.64.in-addr.arpa,arin,,,,resolver_synthesised_nxdomain,0.0,1.0,0.0,0.0,0.0,0.0,0.0,0.0,0.0,trace_sig_0038_rfc8198,"RFC 8198 could not be evaluated against signal sig_0038: every required indicator (rfc8198_aggressive_nsec_use) depends on fields the OpenINTEL corpus does not export, so no verdict is possible in either direction. The observation on 2026-08-01 is 3318 days after RFC 8198's publication on 2017-07-01, so the timestamp is valid. This is a corpus limitation, not a statement about the observation."
sig_0038,RFC 8624,Algorithm Implementation Requirements and Usage Guidance for DNSSEC,partial_match,0.0,none,true,2026-08-01T00:00:00,2019-06-01T00:00:00,4.191.64.in-addr.arpa,arin,rfc8624_avoids_deprecated_algorithm,rfc8624_recommended_signing_algorithm,algorithm,rr_type; validator_algorithm_support,0.0,0.75,0.0,1.5,3.0,0.0,2.0,0.0,0.0,trace_sig_0038_rfc8624,"RFC 8624 partially matches signal sig_0038: the optional indicator rfc8624_avoids_deprecated_algorithm passed because algorithm is present (observed 7) and algorithm=7 differs from 1 as required. The required indicator rfc8624_recommended_signing_algorithm was not satisfied: algorithm=7 is not in [13, 15]. The observation on 2026-08-01 is 2618 days after RFC 8624's publication on 2019-06-01, so the timestamp is valid. Score 0.0 (none): the penalties leave a raw total of -3.5, which is clamped to 0 before the 0.75 low specificity multiplier."
sig_0038,RFC 9077,NSEC and NSEC3: TTLs and Aggressive Use,no_match,0.0,none,true,2026-08-01T00:00:00,2021-07-01T00:00:00,4.191.64.in-addr.arpa,arin,,rfc9077_nsec_ttl_bounded,,record_ttl,0.0,1.25,0.0,0.0,3.0,0.0,0.0,0.0,0.0,trace_sig_0038_rfc9077,"RFC 9077 does not explain signal sig_0038: the required indicator rfc9077_nsec_ttl_bounded failed because rr_type=DS is not in [NSEC, NSEC3]. The observation on 2026-08-01 is 1857 days after RFC 9077's publication on 2021-07-01, so the timestamp is valid. Score 0.0 (none): no required indicator matched, so there is nothing to score."
sig_0038,RFC 9276,Guidance for NSEC3 Parameter Settings,no_match,0.0,none,true,2026-08-01T00:00:00,2022-08-01T00:00:00,4.191.64.in-addr.arpa,arin,,rfc9276_empty_nsec3_salt; rfc9276_zero_nsec3_iterations,,nsec3_iterations; nsec3_salt,0.0,1.5,0.0,0.0,3.0,0.0,0.0,0.0,0.0,trace_sig_0038_rfc9276,"RFC 9276 does not explain signal sig_0038: the required indicator rfc9276_zero_nsec3_iterations failed because rr_type=DS is not in [NSEC3, NSEC3PARAM]. The observation on 2026-08-01 is 1461 days after RFC 9276's publication on 2022-08-01, so the timestamp is valid. Score 0.0 (none): no required indicator matched, so there is nothing to score."
sig_0038,RFC 9364,DNS Security Extensions (DNSSEC),non_queryable,0.0,none,true,2026-08-01T00:00:00,2023-02-01T00:00:00,4.191.64.in-addr.arpa,arin,,,,declared_standards_profile,0.0,0.75,0.0,0.0,0.0,0.0,0.0,0.0,0.0,trace_sig_0038_rfc9364,"RFC 9364 could not be evaluated against signal sig_0038: every required indicator (rfc9364_bcp_profile_declared) depends on fields the OpenINTEL corpus does not export, so no verdict is possible in either direction. The observation on 2026-08-01 is 1277 days after RFC 9364's publication on 2023-02-01, so the timestamp is valid. This is a corpus limitation, not a statement about the observation."
sig_0038,RFC 9558,Use of GOST 2012 Signature Algorithms in DNSKEY and RRSIG Resource Records for DNSSEC,no_match,0.0,none,true,2026-08-01T00:00:00,2024-04-01T00:00:00,4.191.64.in-addr.arpa,arin,,rfc9558_gost2012_algorithm; rfc9558_gost2012_ds_digest,,,0.0,1.5,0.0,0.0,3.0,0.0,0.0,0.0,0.0,trace_sig_0038_rfc9558,"RFC 9558 does not explain signal sig_0038: the required indicator rfc9558_gost2012_algorithm failed because algorithm=7 does not equal the expected value 23. The observation on 2026-08-01 is 852 days after RFC 9558's publication on 2024-04-01, so the timestamp is valid. Score 0.0 (none): no required indicator matched, so there is nothing to score."
sig_0038,RFC 9563,SM2 Digital Signature Algorithm for DNSSEC,no_match,0.0,none,true,2026-08-01T00:00:00,2024-12-01T00:00:00,4.191.64.in-addr.arpa,arin,,rfc9563_sm2sm3_algorithm; rfc9563_sm3_ds_digest,,,0.0,1.5,0.0,0.0,3.0,0.0,0.0,0.0,0.0,trace_sig_0038_rfc9563,"RFC 9563 does not explain signal sig_0038: the required indicator rfc9563_sm2sm3_algorithm failed because algorithm=7 does not equal the expected value 17. The observation on 2026-08-01 is 608 days after RFC 9563's publication on 2024-12-01, so the timestamp is valid. Score 0.0 (none): no required indicator matched, so there is nothing to score."
sig_0038,RFC 9615,Automatic DNSSEC Bootstrapping Using Authenticated Signals from the Zone's Operator,non_queryable,0.0,none,true,2026-08-01T00:00:00,2024-07-01T00:00:00,4.191.64.in-addr.arpa,arin,,,,domain; rr_type,0.0,1.5,0.0,0.0,0.0,0.0,0.0,0.0,0.0,trace_sig_0038_rfc9615,"RFC 9615 could not be evaluated against signal sig_0038: every required indicator (rfc9615_bootstrap_signal_label) depends on fields the OpenINTEL corpus does not export, so no verdict is possible in either direction. The observation on 2026-08-01 is 761 days after RFC 9615's publication on 2024-07-01, so the timestamp is valid. This is a corpus limitation, not a statement about the observation."
sig_0038,RFC 9904,DNSSEC Cryptographic Algorithm Recommendation Update Process,non_queryable,0.0,none,true,2026-08-01T00:00:00,2025-11-01T00:00:00,4.191.64.in-addr.arpa,arin,,,,guidance_source_registry,0.0,0.75,0.0,0.0,0.0,0.0,0.0,0.0,0.0,trace_sig_0038_rfc9904,"RFC 9904 could not be evaluated against signal sig_0038: every required indicator (rfc9904_algorithm_guidance_process) depends on fields the OpenINTEL corpus does not export, so no verdict is possible in either direction. The observation on 2026-08-01 is 273 days after RFC 9904's publication on 2025-11-01, so the timestamp is valid. This is a corpus limitation, not a statement about the observation."
sig_0038,RFC 9905,Deprecating the Use of SHA-1 in DNSSEC Signature Algorithms,partial_match,0.0,none,true,2026-08-01T00:00:00,2025-11-01T00:00:00,4.191.64.in-addr.arpa,arin,rfc9905_deprecated_sha1_in_delegation,rfc9905_deprecated_sha1_signature_still_published,algorithm; rr_type,,0.0,1.25,0.0,2.0,3.0,0.0,0.0,0.0,0.0,trace_sig_0038_rfc9905,"RFC 9905 partially matches signal sig_0038: the optional indicator rfc9905_deprecated_sha1_in_delegation passed because rr_type=DS is in [DS, CDS] and algorithm=7 is in [5, 7]. The required indicator rfc9905_deprecated_sha1_signature_still_published was not satisfied: rr_type=DS is not in [DNSKEY, RRSIG, CDNSKEY]. The observation on 2026-08-01 is 273 days after RFC 9905's publication on 2025-11-01, so the timestamp is valid. Score 0.0 (none): the penalties leave a raw total of -1.0, which is clamped to 0 before the 1.25 high specificity multiplier."
sig_0038,RFC 9906,Deprecate Usage of ECC-GOST within DNSSEC,no_match,0.0,none,true,2026-08-01T00:00:00,2025-11-01T00:00:00,4.191.64.in-addr.arpa,arin,,rfc9906_deprecated_ecc_gost_still_published; rfc9906_deprecated_gost_digest_still_published,,,0.0,1.5,0.0,0.0,3.0,0.0,0.0,0.0,0.0,trace_sig_0038_rfc9906,"RFC 9906 does not explain signal sig_0038: the required indicator rfc9906_deprecated_ecc_gost_still_published failed because algorithm=7 does not equal the expected value 12. The observation on 2026-08-01 is 273 days after RFC 9906's publication on 2025-11-01, so the timestamp is valid. Score 0.0 (none): no required indicator matched, so there is nothing to score."
